#pragma once

#include <array>
#include <cstdint>

namespace armor_icon_assets
{
inline constexpr std::uint32_t width = 48;
inline constexpr std::uint32_t height = 48;
inline constexpr std::array<std::uint8_t, 9216> flak_helmet = {
    0x00, 0x00, 0x00, 0x00, 0x00, 0x00, 0x00, 0x00, 0x00, 0x00, 0x00, 0x00, 0x00, 0x00, 0x00, 0x00, 0x00, 0x00, 0x00, 0x00, 0x00, 0x00, 0x00, 0x00,
    0x00, 0x00, 0x00, 0x00, 0x00, 0x00, 0x00, 0x00, 0x00, 0x00, 0x00, 0x00, 0x00, 0x00, 0x00, 0x00, 0x00, 0x00, 0x00, 0x00, 0x00, 0x00, 0x00, 0x00,
    0x00, 0x00, 0x00, 0x00, 0x00, 0x00, 0x00, 0x00, 0x00, 0x00, 0x00, 0x00, 0x00, 0x00, 0x00, 0x00, 0x00, 0x00, 0x00, 0x00, 0x00, 0x00, 0x00, 0x00,
    0x00, 0x00, 0x00, 0x00, 0x00, 0x00, 0x00, 0x00, 0x00, 0x00, 0x00, 0x00, 0x00, 0x00, 0x00, 0x00, 0x00, 0x00, 0x00, 0x00, 0x00, 0x00, 0x00, 0x00,
    0x00, 0x00, 0x00, 0x00, 0x00, 0x00, 0x00, 0x00, 0x00, 0x00, 0x00, 0x00, 0x00, 0x00, 0x00, 0x00, 0x00, 0x00, 0x00, 0x00, 0x00, 0x00, 0x00, 0x00,
    0x00, 0x00, 0x00, 0x00, 0x00, 0x00, 0x00, 0x00, 0x00, 0x00, 0x00, 0x00, 0x00, 0x00, 0x00, 0x00, 0x00, 0x00, 0x00, 0x00, 0x00, 0x00, 0x00, 0x00,
    0x00, 0x00, 0x00, 0x00, 0x00, 0x00, 0x00, 0x00, 0x00, 0x00, 0x00, 0x00, 0x00, 0x00, 0x00, 0x00, 0x00, 0x00, 0x00, 0x00, 0x00, 0x00, 0x00, 0x00,
    0x00, 0x00, 0x00, 0x00, 0x00, 0x00, 0x00, 0x00, 0x00, 0x00, 0x00, 0x00, 0x00, 0x00, 0x00, 0x00, 0x00, 0x00, 0x00, 0x00, 0x00, 0x00, 0x00, 0x00,
    0x00, 0x00, 0x00, 0x00, 0x00, 0x00, 0x00, 0x00, 0x00, 0x00, 0x00, 0x00, 0x00, 0x00, 0x00, 0x00, 0x00, 0x00, 0x00, 0x00, 0x00, 0x00, 0x00, 0x00,
    0x00, 0x00, 0x00, 0x00, 0x00, 0x00, 0x00, 0x00, 0x00, 0x00, 0x00, 0x00, 0x00, 0x00, 0x00, 0x00, 0x00, 0x00, 0x00, 0x00, 0x00, 0x00, 0x00, 0x00,
    0x00, 0x00, 0x00, 0x00, 0x00, 0x00, 0x00, 0x00, 0x00, 0x00, 0x00, 0x00, 0x00, 0x00, 0x00, 0x00, 0x00, 0x00, 0x00, 0x00, 0x00, 0x00, 0x00, 0x00,
    0x00, 0x00, 0x00, 0x00, 0x00, 0x00, 0x00, 0x00, 0x00, 0x00, 0x00, 0x00, 0x00, 0x00, 0x00, 0x00, 0x00, 0x00, 0x00, 0x00, 0x00, 0x00, 0x00, 0x00,
    0x00, 0x00, 0x00, 0x00, 0x00, 0x00, 0x00, 0x00, 0x00, 0x00, 0x00, 0x00, 0x00, 0x00, 0x00, 0x00, 0x00, 0x00, 0x00, 0x00, 0x00, 0x00, 0x00, 0x00,
    0x00, 0x00, 0x00, 0x00, 0x00, 0x00, 0x00, 0x00, 0x00, 0x00, 0x00, 0x00, 0x00, 0x00, 0x00, 0x00, 0x00, 0x00, 0x00, 0x00, 0x00, 0x00, 0x00, 0x00,
    0x00, 0x00, 0x00, 0x00, 0x00, 0x00, 0x00, 0x00, 0x00, 0x00, 0x00, 0x00, 0x00, 0x00, 0x00, 0x00, 0x00, 0x00, 0x00, 0x00, 0x00, 0x00, 0x00, 0x00,
    0x00, 0x00, 0x00, 0x00, 0x00, 0x00, 0x00, 0x00, 0x00, 0x00, 0x00, 0x00, 0x00, 0x00, 0x00, 0x00, 0x00, 0x00, 0x00, 0x00, 0x00, 0x00, 0x00, 0x00,
    0x00, 0x00, 0x00, 0x00, 0x00, 0x00, 0x00, 0x00, 0x00, 0x00, 0x00, 0x00, 0x00, 0x00, 0x00, 0x00, 0x00, 0x00, 0x00, 0x00, 0x00, 0x00, 0x00, 0x00,
    0x00, 0x00, 0x00, 0x00, 0x00, 0x00, 0x00, 0x00, 0x00, 0x00, 0x00, 0x00, 0x00, 0x00, 0x00, 0x00, 0x00, 0x00, 0x00, 0x00, 0x00, 0x00, 0x00, 0x00,
    0x00, 0x00, 0x00, 0x00, 0x00, 0x00, 0x00, 0x00, 0x00, 0x00, 0x00, 0x00, 0x00, 0x00, 0x00, 0x00, 0x00, 0x00, 0x00, 0x00, 0x00, 0x00, 0x00, 0x00,
    0x00, 0x00, 0x00, 0x00, 0x00, 0x00, 0x00, 0x00, 0x00, 0x00, 0x00, 0x00, 0x00, 0x00, 0x00, 0x00, 0x00, 0x00, 0x00, 0x00, 0x00, 0x00, 0x00, 0x00,
    0x00, 0x00, 0x00, 0x00, 0x00, 0x00, 0x00, 0x00, 0x00, 0x00, 0x00, 0x00, 0x00, 0x00, 0x00, 0x00, 0x00, 0x00, 0x00, 0x00, 0x00, 0x00, 0x00, 0x00,
    0x00, 0x00, 0x00, 0x00, 0x00, 0x00, 0x00, 0x00, 0x00, 0x00, 0x00, 0x00, 0x00, 0x00, 0x00, 0x00, 0x00, 0x00, 0x00, 0x00, 0x00, 0x00, 0x00, 0x00,
    0x00, 0x00, 0x00, 0x00, 0x00, 0x00, 0x00, 0x00, 0x00, 0x00, 0x00, 0x00, 0x00, 0x00, 0x00, 0x00, 0x00, 0x00, 0x00, 0x00, 0x00, 0x00, 0x00, 0x00,
    0x00, 0x00, 0x00, 0x00, 0x00, 0x00, 0x00, 0x00, 0x00, 0x00, 0x00, 0x00, 0x00, 0x00, 0x00, 0x00, 0x00, 0x00, 0x00, 0x00, 0x00, 0x00, 0x00, 0x00,
    0x00, 0x00, 0x00, 0x00, 0x00, 0x00, 0x00, 0x00, 0x00, 0x00, 0x00, 0x00, 0x00, 0x00, 0x00, 0x00, 0x00, 0x00, 0x00, 0x00, 0x00, 0x00, 0x00, 0x00,
    0x00, 0x00, 0x00, 0x00, 0x00, 0x00, 0x00, 0x00, 0x00, 0x00, 0x00, 0x00, 0x00, 0x00, 0x00, 0x00, 0x00, 0x00, 0x00, 0x00, 0x00, 0x00, 0x00, 0x00,
    0x00, 0x00, 0x00, 0x00, 0x00, 0x00, 0x00, 0x00, 0x00, 0x00, 0x00, 0x00, 0x00, 0x00, 0x00, 0x00, 0x00, 0x00, 0x00, 0x00, 0x00, 0x00, 0x00, 0x00,
    0x55, 0x55, 0xAA, 0x03, 0x00, 0x00, 0x55, 0x03, 0x00, 0x00, 0x00, 0x00, 0x00, 0x00, 0x00, 0x00, 0x00, 0x00, 0x00, 0x00, 0x00, 0x00, 0x00, 0x00,
    0x00, 0x00, 0x00, 0x00, 0x00, 0x00, 0x00, 0x00, 0x00, 0x00, 0x00, 0x00, 0x3F, 0x7F, 0x7F, 0x04, 0xFF, 0xFF, 0xFF, 0x01, 0x00, 0x00, 0x00, 0x00,
    0x00, 0x00, 0x00, 0x00, 0x00, 0x00, 0x00, 0x00, 0x00, 0x00, 0x00, 0x00, 0x00, 0x00, 0x00, 0x00, 0x00, 0x00, 0x00, 0x00, 0x00, 0x00, 0x00, 0x00,
    0x00, 0x00, 0x00, 0x00, 0x00, 0x00, 0x00, 0x00, 0x00, 0x00, 0x00, 0x00, 0x00, 0x00, 0x00, 0x00, 0x00, 0x00, 0x00, 0x00, 0x00, 0x00, 0x00, 0x00,
    0x00, 0x00, 0x00, 0x00, 0x00, 0x00, 0x00, 0x00, 0x00, 0x00, 0x00, 0x00, 0x00, 0x00, 0x00, 0x00, 0x00, 0x00, 0x00, 0x00, 0x00, 0x00, 0x00, 0x00,
    0x00, 0x00, 0x00, 0x00, 0x00, 0x00, 0x00, 0x00, 0x00, 0x00, 0x00, 0x00, 0x00, 0x00, 0x00, 0x00, 0x00, 0x00, 0x00, 0x00, 0x00, 0x00, 0x00, 0x00,
    0x00, 0x00, 0x00, 0x00, 0x00, 0x00, 0x00, 0x00, 0x00, 0x00, 0x00, 0x00, 0x00, 0x00, 0x00, 0x00, 0x00, 0x00, 0x00, 0x00, 0x00, 0x00, 0x00, 0x00,
    0x00, 0x00, 0x00, 0x00, 0x00, 0x00, 0x00, 0x00, 0x00, 0x00, 0x00, 0x00, 0x00, 0x00, 0x00, 0x00, 0x7F, 0x7F, 0x7F, 0x02, 0x00, 0x00, 0x00, 0x01,
    0x00, 0x00, 0x00, 0x00, 0x00, 0x00, 0x00, 0x00, 0x73, 0x7F, 0x7F, 0x16, 0x1D, 0x23, 0x2D, 0x4E, 0x17, 0x1D, 0x28, 0x8C, 0x1D, 0x24, 0x2F, 0xC6,
    0x2E, 0x36, 0x43, 0xBC, 0x3E, 0x43, 0x54, 0x5E, 0x7F, 0x7F, 0x99, 0x0A, 0x00, 0x00, 0x00, 0x00, 0x00, 0x00, 0x00, 0x00, 0x55, 0xAA, 0xAA, 0x03,
    0xFF, 0xFF, 0xFF, 0x01, 0x00, 0x00, 0x00, 0x00, 0x00, 0x00, 0x00, 0x00, 0x00, 0x00, 0x00, 0x00, 0x00, 0x00, 0x00, 0x00, 0x00, 0x00, 0x00, 0x00,
    0x00, 0x00, 0x00, 0x00, 0x00, 0x00, 0x00, 0x00, 0x00, 0x00, 0x00, 0x00, 0x00, 0x00, 0x00, 0x00, 0x00, 0x00, 0x00, 0x00, 0x00, 0x00, 0x00, 0x00,
    0x00, 0x00, 0x00, 0x00, 0x00, 0x00, 0x00, 0x00, 0x00, 0x00, 0x00, 0x00, 0x00, 0x00, 0x00, 0x00, 0x00, 0x00, 0x00, 0x00, 0x00, 0x00, 0x00, 0x00,
    0x00, 0x00, 0x00, 0x00, 0x00, 0x00, 0x00, 0x00, 0x00, 0x00, 0x00, 0x00, 0x00, 0x00, 0x00, 0x00, 0x00, 0x00, 0x00, 0x00, 0x00, 0x00, 0x00, 0x00,
    0x00, 0x00, 0x00, 0x00, 0x00, 0x00, 0x00, 0x00, 0x00, 0x00, 0x00, 0x00, 0x00, 0x00, 0x00, 0x00, 0x00, 0x00, 0x00, 0x00, 0x00, 0x00, 0x00, 0x00,
    0x00, 0x00, 0x00, 0x00, 0x00, 0x00, 0x00, 0x00, 0x00, 0x00, 0x00, 0x00, 0x00, 0x00, 0x00, 0x03, 0x00, 0x00, 0x00, 0x00, 0x00, 0x00, 0x00, 0x00,
    0x98, 0x9C, 0xA8, 0x3E, 0x64, 0x69, 0x74, 0x9D, 0x3A, 0x41, 0x4C, 0xEA, 0x22, 0x29, 0x36, 0xFF, 0x23, 0x2A, 0x3A, 0xFF, 0x1E, 0x27, 0x36, 0xFF,
    0x40, 0x49, 0x59, 0xFF, 0x37, 0x40, 0x55, 0xFF, 0x4D, 0x58, 0x70, 0xD8, 0x62, 0x6E, 0x84, 0x6A, 0x8C, 0x8C, 0xA5, 0x14, 0x00, 0x00, 0x00, 0x00,
    0x00, 0x00, 0x00, 0x00, 0x7F, 0xFF, 0xFF, 0x02, 0x00, 0x00, 0x00, 0x00, 0x00, 0x00, 0x00, 0x00, 0x00, 0x00, 0x00, 0x00, 0x00, 0x00, 0x00, 0x00,
    0x00, 0x00, 0x00, 0x00, 0x00, 0x00, 0x00, 0x00, 0x00, 0x00, 0x00, 0x00, 0x00, 0x00, 0x00, 0x00, 0x00, 0x00, 0x00, 0x00, 0x00, 0x00, 0x00, 0x00,
    0x00, 0x00, 0x00, 0x00, 0x00, 0x00, 0x00, 0x00, 0x00, 0x00, 0x00, 0x00, 0x00, 0x00, 0x00, 0x00, 0x00, 0x00, 0x00, 0x00, 0x00, 0x00, 0x00, 0x00,
    0x00, 0x00, 0x00, 0x00, 0x00, 0x00, 0x00, 0x00, 0x00, 0x00, 0x00, 0x00, 0x00, 0x00, 0x00, 0x00, 0x00, 0x00, 0x00, 0x00, 0x00, 0x00, 0x00, 0x00,
    0x00, 0x00, 0x00, 0x00, 0x00, 0x00, 0x00, 0x00, 0x00, 0x00, 0x00, 0x00, 0x00, 0x00, 0x00, 0x00, 0x00, 0x00, 0x00, 0x00, 0x00, 0x00, 0x00, 0x00,
    0x00, 0x00, 0x00, 0x00, 0x00, 0x00, 0x00, 0x00, 0x00, 0x00, 0x00, 0x00, 0x00, 0x00, 0x00, 0x00, 0x88, 0x8E, 0x8E, 0x2B, 0x5E, 0x61, 0x6B, 0xB2,
    0x48, 0x4B, 0x58, 0xFF, 0x34, 0x39, 0x47, 0xFF, 0x2B, 0x30, 0x3F, 0xFF, 0x28, 0x2E, 0x3C, 0xFC, 0x29, 0x32, 0x43, 0xFB, 0x24, 0x2D, 0x43, 0xFD,
    0x2F, 0x3A, 0x51, 0xFC, 0x3F, 0x4B, 0x64, 0xFC, 0x44, 0x51, 0x69, 0xFF, 0x5F, 0x6A, 0x85, 0xFF, 0x6F, 0x77, 0x8A, 0xE8, 0x8E, 0x96, 0xA4, 0x84,
    0xFF, 0xFF, 0xFF, 0x10, 0x00, 0x00, 0x00, 0x00, 0x55, 0x55, 0xAA, 0x03, 0x00, 0x00, 0x00, 0x00, 0x00, 0x00, 0x00, 0x00, 0x00, 0x00, 0x00, 0x00,
    0x00, 0x00, 0x00, 0x00, 0x00, 0x00, 0x00, 0x00, 0x00, 0x00, 0x00, 0x00, 0x00, 0x00, 0x00, 0x00, 0x00, 0x00, 0x00, 0x00, 0x00, 0x00, 0x00, 0x00,
    0x00, 0x00, 0x00, 0x00, 0x00, 0x00, 0x00, 0x00, 0x00, 0x00, 0x00, 0x00, 0x00, 0x00, 0x00, 0x00, 0x00, 0x00, 0x00, 0x00, 0x00, 0x00, 0x00, 0x00,
    0x00, 0x00, 0x00, 0x00, 0x00, 0x00, 0x00, 0x00, 0x00, 0x00, 0x00, 0x00, 0x00, 0x00, 0x00, 0x00, 0x00, 0x00, 0x00, 0x00, 0x00, 0x00, 0x00, 0x00,
    0x00, 0x00, 0x00, 0x00, 0x00, 0x00, 0x00, 0x00, 0x00, 0x00, 0x00, 0x00, 0x00, 0x00, 0x00, 0x00, 0x00, 0x00, 0x00, 0x00, 0x00, 0x00, 0x00, 0x00,
    0x00, 0x00, 0x00, 0x01, 0x00, 0x00, 0x00, 0x01, 0x33, 0x33, 0x33, 0x05, 0x24, 0x26, 0x2E, 0x7E, 0x34, 0x36, 0x3F, 0xF4, 0x24, 0x27, 0x30, 0xFF,
    0x28, 0x2C, 0x37, 0xFE, 0x42, 0x47, 0x55, 0xFC, 0x3E, 0x43, 0x53, 0xFE, 0x33, 0x38, 0x49, 0xFF, 0x30, 0x39, 0x4B, 0xFF, 0x2C, 0x38, 0x4E, 0xFF,
    0x2B, 0x37, 0x50, 0xFF, 0x4E, 0x5A, 0x72, 0xFF, 0x43, 0x4F, 0x67, 0xFD, 0x5C, 0x67, 0x80, 0xFC, 0x65, 0x6F, 0x85, 0xFF, 0x66, 0x71, 0x86, 0xFF,
    0x82, 0x8C, 0x9F, 0xDB, 0xB6, 0xBE, 0xCE, 0x3F, 0x00, 0x00, 0x00, 0x00, 0x7F, 0x7F, 0x7F, 0x02, 0x00, 0x00, 0x00, 0x00, 0x00, 0x00, 0x00, 0x00,
    0x00, 0x00, 0x00, 0x00, 0x00, 0x00, 0x00, 0x00, 0x00, 0x00, 0x00, 0x00, 0x00, 0x00, 0x00, 0x00, 0x00, 0x00, 0x00, 0x00, 0x00, 0x00, 0x00, 0x00,
    0x00, 0x00, 0x00, 0x00, 0x00, 0x00, 0x00, 0x00, 0x00, 0x00, 0x00, 0x00, 0x00, 0x00, 0x00, 0x00, 0x00, 0x00, 0x00, 0x00, 0x00, 0x00, 0x00, 0x00,
    0x00, 0x00, 0x00, 0x00, 0x00, 0x00, 0x00, 0x00, 0x00, 0x00, 0x00, 0x00, 0x00, 0x00, 0x00, 0x00, 0x00, 0x00, 0x00, 0x00, 0x00, 0x00, 0x00, 0x00,
    0x00, 0x00, 0x00, 0x00, 0x00, 0x00, 0x00, 0x00, 0x00, 0x00, 0x00, 0x00, 0x00, 0x00, 0x00, 0x00, 0x00, 0x00, 0x00, 0x00, 0x00, 0x00, 0x00, 0x00,
    0x00, 0x00, 0x00, 0x03, 0x00, 0x00, 0x00, 0x00, 0x0E, 0x0E, 0x12, 0x6C, 0x16, 0x17, 0x21, 0xFF, 0x1E, 0x22, 0x2E, 0xFE, 0x27, 0x2B, 0x37, 0xFC,
    0x2C, 0x30, 0x3D, 0xFF, 0x44, 0x4A, 0x59, 0xFF, 0x51, 0x56, 0x67, 0xFF, 0x46, 0x4C, 0x5E, 0xFF, 0x37, 0x3F, 0x53, 0xFF, 0x37, 0x41, 0x59, 0xFF,
    0x2D, 0x37, 0x51, 0xFF, 0x57, 0x61, 0x7D, 0xFF, 0x4F, 0x5B, 0x74, 0xFF, 0x5F, 0x6A, 0x82, 0xFF, 0x7B, 0x87, 0x9F, 0xFE, 0x67, 0x72, 0x8A, 0xFB,
    0x56, 0x62, 0x78, 0xFF, 0x7C, 0x86, 0x96, 0xF2, 0xBC, 0xC2, 0xD2, 0x2E, 0x00, 0x00, 0x00, 0x00, 0x7F, 0x7F, 0x7F, 0x02, 0x00, 0x00, 0x00, 0x00,
    0x00, 0x00, 0x00, 0x00, 0x00, 0x00, 0x00, 0x00, 0x00, 0x00, 0x00, 0x00, 0x00, 0x00, 0x00, 0x00, 0x00, 0x00, 0x00, 0x00, 0x00, 0x00, 0x00, 0x00,
    0x00, 0x00, 0x00, 0x00, 0x00, 0x00, 0x00, 0x00, 0x00, 0x00, 0x00, 0x00, 0x00, 0x00, 0x00, 0x00, 0x00, 0x00, 0x00, 0x00, 0x00, 0x00, 0x00, 0x00,
    0x00, 0x00, 0x00, 0x00, 0x00, 0x00, 0x00, 0x00, 0x00, 0x00, 0x00, 0x00, 0x00, 0x00, 0x00, 0x00, 0x00, 0x00, 0x00, 0x00, 0x00, 0x00, 0x00, 0x00,
    0x00, 0x00, 0x00, 0x00, 0x00, 0x00, 0x00, 0x00, 0x00, 0x00, 0x00, 0x00, 0x00, 0x00, 0x00, 0x00, 0x00, 0x00, 0x00, 0x00, 0x00, 0x00, 0x00, 0x00,
    0x00, 0x00, 0x00, 0x01, 0x00, 0x00, 0x00, 0x00, 0x06, 0x06, 0x0A, 0xBE, 0x14, 0x15, 0x1D, 0xFC, 0x22, 0x27, 0x36, 0xFB, 0x2F, 0x38, 0x47, 0xFF,
    0x2F, 0x36, 0x47, 0xFF, 0x3C, 0x44, 0x56, 0xFF, 0x56, 0x5E, 0x6F, 0xFF, 0x50, 0x5A, 0x6B, 0xFF, 0x3F, 0x49, 0x5E, 0xFF, 0x41, 0x4A, 0x63, 0xFF,
    0x34, 0x3D, 0x58, 0xFF, 0x62, 0x6C, 0x89, 0xFF, 0x5F, 0x6B, 0x85, 0xFF, 0x5C, 0x68, 0x7F, 0xFF, 0x84, 0x91, 0xA6, 0xFF, 0x85, 0x90, 0xA5, 0xFF,
    0x5F, 0x6A, 0x7F, 0xFA, 0x5E, 0x67, 0x7D, 0xFF, 0x90, 0x96, 0xA9, 0xB9, 0xFF, 0xFF, 0xFF, 0x01, 0x7F, 0x7F, 0x7F, 0x02, 0x00, 0x00, 0x00, 0x00,
    0x00, 0x00, 0x00, 0x00, 0x00, 0x00, 0x00, 0x00, 0x00, 0x00, 0x00, 0x00, 0x00, 0x00, 0x00, 0x00, 0x00, 0x00, 0x00, 0x00, 0x00, 0x00, 0x00, 0x00,
    0x00, 0x00, 0x00, 0x00, 0x00, 0x00, 0x00, 0x00, 0x00, 0x00, 0x00, 0x00, 0x00, 0x00, 0x00, 0x00, 0x00, 0x00, 0x00, 0x00, 0x00, 0x00, 0x00, 0x00,
    0x00, 0x00, 0x00, 0x00, 0x00, 0x00, 0x00, 0x00, 0x00, 0x00, 0x00, 0x00, 0x00, 0x00, 0x00, 0x00, 0x00, 0x00, 0x00, 0x00, 0x00, 0x00, 0x00, 0x00,
    0x00, 0x00, 0x00, 0x00, 0x00, 0x00, 0x00, 0x00, 0x00, 0x00, 0x00, 0x00, 0x00, 0x00, 0x00, 0x00, 0x00, 0x00, 0x00, 0x00, 0x00, 0x00, 0x00, 0x01,
    0x00, 0x00, 0x00, 0x00, 0x00, 0x00, 0x00, 0x08, 0x05, 0x05, 0x03, 0xD6, 0x17, 0x18, 0x1E, 0xFF, 0x23, 0x27, 0x3C, 0xFD, 0x2B, 0x33, 0x49, 0xFF,
    0x37, 0x3F, 0x54, 0xFF, 0x3C, 0x47, 0x5B, 0xFF, 0x56, 0x61, 0x75, 0xFF, 0x56, 0x62, 0x77, 0xFF, 0x47, 0x53, 0x69, 0xFF, 0x3E, 0x4B, 0x63, 0xFF,
    0x3D, 0x48, 0x66, 0xFF, 0x41, 0x4C, 0x6C, 0xFF, 0x61, 0x6C, 0x89, 0xFF, 0x74, 0x80, 0x97, 0xFF, 0x91, 0x9F, 0xB1, 0xFF, 0x98, 0xA4, 0xB6, 0xFF,
    0x7B, 0x83, 0x96, 0xFE, 0x5A, 0x62, 0x77, 0xFE, 0x6F, 0x75, 0x87, 0xF7, 0xB7, 0xB7, 0xBF, 0x20, 0x00, 0x00, 0x00, 0x00, 0x7F, 0x7F, 0x7F, 0x02,
    0x00, 0x00, 0x00, 0x00, 0x00, 0x00, 0x00, 0x00, 0x00, 0x00, 0x00, 0x00, 0x00, 0x00, 0x00, 0x00, 0x00, 0x00, 0x00, 0x00, 0x00, 0x00, 0x00, 0x00,
    0x00, 0x00, 0x00, 0x00, 0x00, 0x00, 0x00, 0x00, 0x00, 0x00, 0x00, 0x00, 0x00, 0x00, 0x00, 0x00, 0x00, 0x00, 0x00, 0x00, 0x00, 0x00, 0x00, 0x00,
    0x00, 0x00, 0x00, 0x00, 0x00, 0x00, 0x00, 0x00, 0x00, 0x00, 0x00, 0x00, 0x00, 0x00, 0x00, 0x00, 0x00, 0x00, 0x00, 0x00, 0x00, 0x00, 0x00, 0x00,
    0x00, 0x00, 0x00, 0x00, 0x00, 0x00, 0x00, 0x00, 0x00, 0x00, 0x00, 0x00, 0x00, 0x00, 0x00, 0x00, 0x00, 0x00, 0x00, 0x00, 0x00, 0x00, 0x00, 0x02,
    0x00, 0x00, 0x00, 0x00, 0x08, 0x11, 0x11, 0x1D, 0x10, 0x16, 0x18, 0xF2, 0x15, 0x18, 0x1C, 0xFF, 0x33, 0x39, 0x49, 0xFE, 0x22, 0x29, 0x3F, 0xFF,
    0x38, 0x40, 0x55, 0xFF, 0x3D, 0x46, 0x5C, 0xFF, 0x55, 0x60, 0x76, 0xFF, 0x5F, 0x6A, 0x82, 0xFF, 0x51, 0x5D, 0x74, 0xFF, 0x42, 0x4E, 0x68, 0xFF,
    0x44, 0x51, 0x70, 0xFF, 0x41, 0x4E, 0x70, 0xFF, 0x6D, 0x77, 0x98, 0xFF, 0x89, 0x93, 0xAB, 0xFF, 0x93, 0x9F, 0xAE, 0xFF, 0x99, 0xA5, 0xB2, 0xFF,
    0x97, 0xA2, 0xAF, 0xFF, 0x68, 0x72, 0x83, 0xFD, 0x60, 0x69, 0x7E, 0xFF, 0x6E, 0x76, 0x88, 0x58, 0x00, 0x00, 0x00, 0x01, 0x55, 0xAA, 0xAA, 0x03,
    0x00, 0x00, 0x00, 0x00, 0x00, 0x00, 0x00, 0x00, 0x00, 0x00, 0x00, 0x00, 0x00, 0x00, 0x00, 0x00, 0x00, 0x00, 0x00, 0x00, 0x00, 0x00, 0x00, 0x00,
    0x00, 0x00, 0x00, 0x00, 0x00, 0x00, 0x00, 0x00, 0x00, 0x00, 0x00, 0x00, 0x00, 0x00, 0x00, 0x00, 0x00, 0x00, 0x00, 0x00, 0x00, 0x00, 0x00, 0x00,
    0x00, 0x00, 0x00, 0x00, 0x00, 0x00, 0x00, 0x00, 0x00, 0x00, 0x00, 0x00, 0x00, 0x00, 0x00, 0x00, 0x00, 0x00, 0x00, 0x00, 0x00, 0x00, 0x00, 0x00,
    0x00, 0x00, 0x00, 0x00, 0x00, 0x00, 0x00, 0x00, 0x00, 0x00, 0x00, 0x00, 0x00, 0x00, 0x00, 0x00, 0x00, 0x00, 0x00, 0x00, 0x00, 0x00, 0x00, 0x03,
    0x00, 0x00, 0x00, 0x00, 0x20, 0x23, 0x27, 0x47, 0x2F, 0x36, 0x42, 0xFF, 0x14, 0x1B, 0x23, 0xFD, 0x43, 0x49, 0x54, 0xFF, 0x29, 0x30, 0x44, 0xFF,
    0x2F, 0x36, 0x4B, 0xFF, 0x3D, 0x45, 0x5B, 0xFF, 0x4A, 0x52, 0x69, 0xFF, 0x5F, 0x68, 0x7F, 0xFF, 0x5A, 0x64, 0x7C, 0xFF, 0x48, 0x52, 0x6E, 0xFF,
    0x42, 0x4E, 0x6F, 0xFF, 0x40, 0x4D, 0x70, 0xFF, 0x6B, 0x75, 0x96, 0xFF, 0x8C, 0x95, 0xAC, 0xFF, 0x9E, 0xA9, 0xB7, 0xFF, 0xA0, 0xAC, 0xB7, 0xFF,
    0xA1, 0xAC, 0xB8, 0xFF, 0x89, 0x94, 0xA4, 0xFB, 0x67, 0x72, 0x8A, 0xFF, 0x61, 0x6B, 0x7E, 0x95, 0x00, 0x00, 0x00, 0x00, 0x55, 0xAA, 0xAA, 0x03,
    0x00, 0x00, 0x00, 0x00, 0x00, 0x00, 0x00, 0x00, 0x00, 0x00, 0x00, 0x00, 0x00, 0x00, 0x00, 0x00, 0x00, 0x00, 0x00, 0x00, 0x00, 0x00, 0x00, 0x00,
    0x00, 0x00, 0x00, 0x00, 0x00, 0x00, 0x00, 0x00, 0x00, 0x00, 0x00, 0x00, 0x00, 0x00, 0x00, 0x00, 0x00, 0x00, 0x00, 0x00, 0x00, 0x00, 0x00, 0x00,
    0x00, 0x00, 0x00, 0x00, 0x00, 0x00, 0x00, 0x00, 0x00, 0x00, 0x00, 0x00, 0x00, 0x00, 0x00, 0x00, 0x00, 0x00, 0x00, 0x00, 0x00, 0x00, 0x00, 0x00,
    0x00, 0x00, 0x00, 0x00, 0x00, 0x00, 0x00, 0x00, 0x00, 0x00, 0x00, 0x00, 0x00, 0x00, 0x00, 0x00, 0x00, 0x00, 0x00, 0x00, 0x7F, 0x7F, 0x7F, 0x04,
    0x00, 0x00, 0x00, 0x00, 0x45, 0x47, 0x54, 0x7C, 0x39, 0x41, 0x54, 0xFF, 0x14, 0x1E, 0x2E, 0xFB, 0x33, 0x3D, 0x48, 0xFF, 0x37, 0x3E, 0x50, 0xFF,
    0x25, 0x2A, 0x40, 0xFF, 0x36, 0x3F, 0x52, 0xFF, 0x3B, 0x42, 0x57, 0xFF, 0x51, 0x5A, 0x6E, 0xFF, 0x57, 0x61, 0x76, 0xFF, 0x46, 0x51, 0x6C, 0xFF,
    0x3B, 0x47, 0x67, 0xFF, 0x39, 0x47, 0x68, 0xFF, 0x7B, 0x88, 0xA1, 0xFF, 0x95, 0xA0, 0xB1, 0xFF, 0xA3, 0xAF, 0xBA, 0xFF, 0xAA, 0xB5, 0xC1, 0xFF,
    0xAC, 0xB5, 0xC1, 0xFF, 0xA0, 0xAB, 0xBA, 0xFD, 0x71, 0x7B, 0x91, 0xFF, 0x6E, 0x78, 0x8A, 0xD7, 0xE2, 0xFF, 0xFF, 0x09, 0x00, 0x00, 0x00, 0x01,
    0xFF, 0xFF, 0xFF, 0x01, 0x00, 0x00, 0x00, 0x00, 0x00, 0x00, 0x00, 0x00, 0x00, 0x00, 0x00, 0x00, 0x00, 0x00, 0x00, 0x00, 0x00, 0x00, 0x00, 0x00,
    0x00, 0x00, 0x00, 0x00, 0x00, 0x00, 0x00, 0x00, 0x00, 0x00, 0x00, 0x00, 0x00, 0x00, 0x00, 0x00, 0x00, 0x00, 0x00, 0x00, 0x00, 0x00, 0x00, 0x00,
    0x00, 0x00, 0x00, 0x00, 0x00, 0x00, 0x00, 0x00, 0x00, 0x00, 0x00, 0x00, 0x00, 0x00, 0x00, 0x00, 0x00, 0x00, 0x00, 0x00, 0x00, 0x00, 0x00, 0x00,
    0x00, 0x00, 0x00, 0x00, 0x00, 0x00, 0x00, 0x00, 0x00, 0x00, 0x00, 0x00, 0x00, 0x00, 0x00, 0x00, 0x00, 0x00, 0x00, 0x00, 0xFF, 0xFF, 0xFF, 0x01,
    0x00, 0x00, 0x00, 0x00, 0x58, 0x59, 0x6B, 0xC4, 0x25, 0x2C, 0x41, 0xFF, 0x1D, 0x24, 0x37, 0xFC, 0x25, 0x2D, 0x40, 0xFF, 0x2B, 0x32, 0x45, 0xFF,
    0x20, 0x28, 0x3C, 0xFF, 0x2E, 0x36, 0x4B, 0xFF, 0x3A, 0x43, 0x58, 0xFF, 0x44, 0x4E, 0x63, 0xFF, 0x4A, 0x54, 0x69, 0xFF, 0x40, 0x4B, 0x62, 0xFF,
    0x2E, 0x38, 0x50, 0xFF, 0x2B, 0x37, 0x51, 0xFF, 0x79, 0x85, 0x9D, 0xFF, 0x91, 0x9C, 0xAF, 0xFF, 0xA9, 0xB5, 0xC1, 0xFF, 0xB0, 0xBA, 0xC6, 0xFF,
    0xB2, 0xBB, 0xC8, 0xFF, 0xA9, 0xB3, 0xC1, 0xFF, 0x7C, 0x84, 0x9A, 0xFD, 0x88, 0x91, 0xA3, 0xFF, 0xAD, 0xB7, 0xBE, 0x4B, 0x00, 0x00, 0x00, 0x00,
    0xAA, 0xAA, 0xFF, 0x03, 0x00, 0x00, 0x00, 0x00, 0x00, 0x00, 0x00, 0x00, 0x00, 0x00, 0x00, 0x00, 0x00, 0x00, 0x00, 0x00, 0x00, 0x00, 0x00, 0x00,
    0x00, 0x00, 0x00, 0x00, 0x00, 0x00, 0x00, 0x00, 0x00, 0x00, 0x00, 0x00, 0x00, 0x00, 0x00, 0x00, 0x00, 0x00, 0x00, 0x00, 0x00, 0x00, 0x00, 0x00,
    0x00, 0x00, 0x00, 0x00, 0x00, 0x00, 0x00, 0x00, 0x00, 0x00, 0x00, 0x00, 0x00, 0x00, 0x00, 0x00, 0x00, 0x00, 0x00, 0x00, 0x00, 0x00, 0x00, 0x00,
    0x00, 0x00, 0x00, 0x00, 0x00, 0x00, 0x00, 0x00, 0x00, 0x00, 0x00, 0x00, 0x00, 0x00, 0x00, 0x00, 0x00, 0x00, 0x00, 0x00, 0x00, 0x00, 0x00, 0x00,
    0x7D, 0x81, 0x86, 0x35, 0x3F, 0x42, 0x52, 0xFD, 0x1C, 0x22, 0x36, 0xFE, 0x22, 0x28, 0x3B, 0xFF, 0x25, 0x2A, 0x3F, 0xFF, 0x29, 0x31, 0x45, 0xFF,
    0x20, 0x29, 0x3E, 0xFF, 0x2C, 0x34, 0x4B, 0xFF, 0x36, 0x40, 0x56, 0xFF, 0x3B, 0x45, 0x5B, 0xFF, 0x3B, 0x45, 0x5B, 0xFF, 0x3A, 0x44, 0x59, 0xFF,
    0x31, 0x3B, 0x50, 0xFF, 0x21, 0x2C, 0x44, 0xFF, 0x6C, 0x78, 0x8F, 0xFF, 0x9D, 0xA8, 0xBC, 0xFF, 0xA9, 0xB4, 0xC1, 0xFF, 0xB2, 0xBD, 0xC9, 0xFF,
    0xB0, 0xBA, 0xC6, 0xFF, 0xAC, 0xB4, 0xC2, 0xFF, 0x90, 0x98, 0xAC, 0xFB, 0x90, 0x99, 0xAD, 0xFE, 0x94, 0x9E, 0xAA, 0x97, 0x00, 0x00, 0x00, 0x00,
    0xBF, 0xBF, 0xBF, 0x04, 0x00, 0x00, 0x00, 0x00, 0x00, 0x00, 0x00, 0x00, 0x00, 0x00, 0x00, 0x00, 0x00, 0x00, 0x00, 0x00, 0x00, 0x00, 0x00, 0x00,
    0x00, 0x00, 0x00, 0x00, 0x00, 0x00, 0x00, 0x00, 0x00, 0x00, 0x00, 0x00, 0x00, 0x00, 0x00, 0x00, 0x00, 0x00, 0x00, 0x00, 0x00, 0x00, 0x00, 0x00,
    0x00, 0x00, 0x00, 0x00, 0x00, 0x00, 0x00, 0x00, 0x00, 0x00, 0x00, 0x00, 0x00, 0x00, 0x00, 0x00, 0x00, 0x00, 0x00, 0x00, 0x00, 0x00, 0x00, 0x00,
    0x00, 0x00, 0x00, 0x00, 0x00, 0x00, 0x00, 0x00, 0x00, 0x00, 0x00, 0x00, 0x00, 0x00, 0x00, 0x00, 0x00, 0x00, 0x00, 0x00, 0x00, 0x00, 0x00, 0x00,
    0x1D, 0x1F, 0x23, 0x7A, 0x24, 0x29, 0x36, 0xFF, 0x1D, 0x23, 0x36, 0xFC, 0x21, 0x27, 0x3A, 0xFF, 0x23, 0x2A, 0x3E, 0xFF, 0x39, 0x42, 0x55, 0xFF,
    0x1F, 0x27, 0x3B, 0xFF, 0x25, 0x2E, 0x43, 0xFF, 0x32, 0x3C, 0x52, 0xFF, 0x35, 0x3F, 0x55, 0xFF, 0x2F, 0x39, 0x4F, 0xFF, 0x2E, 0x38, 0x4F, 0xFF,
    0x2F, 0x39, 0x4F, 0xFF, 0x1F, 0x2A, 0x43, 0xFF, 0x61, 0x6D, 0x86, 0xFF, 0x9C, 0xA6, 0xB8, 0xFF, 0xA8, 0xB2, 0xC0, 0xFF, 0xB2, 0xBE, 0xC9, 0xFF,
    0xB0, 0xBA, 0xC6, 0xFF, 0xB1, 0xBA, 0xC7, 0xFF, 0xA7, 0xAF, 0xC2, 0xFB, 0x92, 0x9A, 0xAF, 0xFF, 0x9A, 0xA3, 0xAF, 0x9E, 0xFF, 0xFF, 0xFF, 0x01,
    0xBF, 0xBF, 0xBF, 0x04, 0x00, 0x00, 0x00, 0x00, 0x00, 0x00, 0x00, 0x00, 0x00, 0x00, 0x00, 0x00, 0x00, 0x00, 0x00, 0x00, 0x00, 0x00, 0x00, 0x00,
    0x00, 0x00, 0x00, 0x00, 0x00, 0x00, 0x00, 0x00, 0x00, 0x00, 0x00, 0x00, 0x00, 0x00, 0x00, 0x00, 0x00, 0x00, 0x00, 0x00, 0x00, 0x00, 0x00, 0x00,
    0x00, 0x00, 0x00, 0x00, 0x00, 0x00, 0x00, 0x00, 0x00, 0x00, 0x00, 0x00, 0x00, 0x00, 0x00, 0x00, 0x00, 0x00, 0x00, 0x00, 0x00, 0x00, 0x00, 0x00,
    0x00, 0x00, 0x00, 0x00, 0x00, 0x00, 0x00, 0x00, 0x00, 0x00, 0x00, 0x00, 0x00, 0x00, 0x00, 0x00, 0x00, 0x00, 0x00, 0x00, 0x00, 0x00, 0x00, 0x00,
    0x00, 0x00, 0x00, 0x6B, 0x0A, 0x0E, 0x10, 0xFF, 0x1B, 0x1F, 0x2E, 0xFD, 0x1E, 0x22, 0x33, 0xFF, 0x1D, 0x25, 0x37, 0xFF, 0x40, 0x48, 0x5B, 0xFF,
    0x23, 0x2B, 0x3E, 0xFF, 0x20, 0x29, 0x3E, 0xFF, 0x2B, 0x34, 0x4D, 0xFF, 0x2D, 0x37, 0x4C, 0xFF, 0x2B, 0x35, 0x4A, 0xFF, 0x2D, 0x37, 0x51, 0xFF,
    0x2C, 0x36, 0x50, 0xFF, 0x21, 0x2C, 0x47, 0xFF, 0x5E, 0x68, 0x80, 0xFF, 0xAB, 0xB4, 0xC1, 0xFF, 0xAA, 0xB3, 0xC1, 0xFF, 0xB4, 0xBD, 0xCA, 0xFF,
    0xAF, 0xB8, 0xC6, 0xFF, 0xB1, 0xBA, 0xC7, 0xFF, 0xB0, 0xB9, 0xC7, 0xFC, 0x91, 0x9A, 0xAB, 0xFF, 0x72, 0x7C, 0x8E, 0xBF, 0x00, 0x00, 0x00, 0x00,
    0xFF, 0xFF, 0xFF, 0x01, 0x00, 0x00, 0x00, 0x00, 0x00, 0x00, 0x00, 0x00, 0x00, 0x00, 0x00, 0x00, 0x00, 0x00, 0x00, 0x00, 0x00, 0x00, 0x00, 0x00,
    0x00, 0x00, 0x00, 0x00, 0x00, 0x00, 0x00, 0x00, 0x00, 0x00, 0x00, 0x00, 0x00, 0x00, 0x00, 0x00, 0x00, 0x00, 0x00, 0x00, 0x00, 0x00, 0x00, 0x00,
    0x00, 0x00, 0x00, 0x00, 0x00, 0x00, 0x00, 0x00, 0x00, 0x00, 0x00, 0x00, 0x00, 0x00, 0x00, 0x00, 0x00, 0x00, 0x00, 0x00, 0x00, 0x00, 0x00, 0x00,
    0x00, 0x00, 0x00, 0x00, 0x00, 0x00, 0x00, 0x00, 0x00, 0x00, 0x00, 0x00, 0x00, 0x00, 0x00, 0x00, 0x00, 0x00, 0x00, 0x00, 0x00, 0x00, 0x00, 0x00,
    0x04, 0x04, 0x04, 0x3D, 0x07, 0x0C, 0x0C, 0xFD, 0x0F, 0x14, 0x1B, 0xFF, 0x18, 0x1C, 0x28, 0xFE, 0x16, 0x1E, 0x2D, 0xFF, 0x36, 0x3F, 0x4F, 0xFF,
    0x28, 0x31, 0x41, 0xFF, 0x1C, 0x25, 0x37, 0xFF, 0x24, 0x2E, 0x43, 0xFF, 0x25, 0x30, 0x45, 0xFF, 0x28, 0x32, 0x49, 0xFF, 0x2A, 0x34, 0x4E, 0xFF,
    0x30, 0x39, 0x53, 0xFF, 0x28, 0x33, 0x4F, 0xFF, 0x53, 0x5D, 0x75, 0xFF, 0xB5, 0xBF, 0xCA, 0xFF, 0xAE, 0xB8, 0xC5, 0xFF, 0xB1, 0xBB, 0xC7, 0xFF,
    0xAB, 0xB4, 0xC1, 0xFF, 0xB2, 0xBB, 0xC8, 0xFF, 0xB1, 0xBA, 0xC7, 0xFE, 0x96, 0x9F, 0xAD, 0xFE, 0x7D, 0x85, 0x96, 0xF8, 0x8F, 0x96, 0xA3, 0x27,
    0x00, 0x00, 0x00, 0x00, 0x00, 0x00, 0x00, 0x00, 0x00, 0x00, 0x00, 0x00, 0x00, 0x00, 0x00, 0x00, 0x00, 0x00, 0x00, 0x00, 0x00, 0x00, 0x00, 0x00,
    0x00, 0x00, 0x00, 0x00, 0x00, 0x00, 0x00, 0x00, 0x00, 0x00, 0x00, 0x00, 0x00, 0x00, 0x00, 0x00, 0x00, 0x00, 0x00, 0x00, 0x00, 0x00, 0x00, 0x00,
    0x00, 0x00, 0x00, 0x00, 0x00, 0x00, 0x00, 0x00, 0x00, 0x00, 0x00, 0x00, 0x00, 0x00, 0x00, 0x00, 0x00, 0x00, 0x00, 0x00, 0x00, 0x00, 0x00, 0x00,
    0x00, 0x00, 0x00, 0x00, 0x00, 0x00, 0x00, 0x00, 0x00, 0x00, 0x00, 0x00, 0x00, 0x00, 0x00, 0x00, 0x00, 0x00, 0x00, 0x00, 0x00, 0x00, 0x00, 0x00,
    0x00, 0x05, 0x05, 0x30, 0x14, 0x17, 0x1C, 0xFD, 0x0E, 0x12, 0x18, 0xFF, 0x12, 0x15, 0x1E, 0xFE, 0x16, 0x1D, 0x29, 0xFF, 0x21, 0x2A, 0x38, 0xFF,
    0x22, 0x2B, 0x3B, 0xFF, 0x1D, 0x26, 0x38, 0xFF, 0x24, 0x2F, 0x42, 0xFF, 0x26, 0x30, 0x47, 0xFF, 0x29, 0x33, 0x4D, 0xFF, 0x29, 0x33, 0x4D, 0xFF,
    0x2C, 0x36, 0x4F, 0xFF, 0x28, 0x33, 0x4F, 0xFF, 0x3F, 0x48, 0x62, 0xFF, 0xAC, 0xB5, 0xC4, 0xFF, 0xAF, 0xB8, 0xC6, 0xFF, 0xB5, 0xBF, 0xCB, 0xFF,
    0xB0, 0xB9, 0xC6, 0xFF, 0xB9, 0xC2, 0xCF, 0xFF, 0xB3, 0xBD, 0xCA, 0xFF, 0xB7, 0xC1, 0xCD, 0xFC, 0x9E, 0xA8, 0xB6, 0xFF, 0x81, 0x8A, 0x98, 0x90,
    0x00, 0x00, 0x00, 0x00, 0x00, 0x00, 0x00, 0x00, 0x00, 0x00, 0x00, 0x00, 0x00, 0x00, 0x00, 0x00, 0x00, 0x00, 0x00, 0x00, 0x00, 0x00, 0x00, 0x00,
    0x00, 0x00, 0x00, 0x00, 0x00, 0x00, 0x00, 0x00, 0x00, 0x00, 0x00, 0x00, 0x00, 0x00, 0x00, 0x00, 0x00, 0x00, 0x00, 0x00, 0x00, 0x00, 0x00, 0x00,
    0x00, 0x00, 0x00, 0x00, 0x00, 0x00, 0x00, 0x00, 0x00, 0x00, 0x00, 0x00, 0x00, 0x00, 0x00, 0x00, 0x00, 0x00, 0x00, 0x00, 0x00, 0x00, 0x00, 0x00,
    0x00, 0x00, 0x00, 0x00, 0x00, 0x00, 0x00, 0x00, 0x00, 0x00, 0x00, 0x00, 0x00, 0x00, 0x00, 0x00, 0x00, 0x00, 0x00, 0x00, 0x00, 0x00, 0x00, 0x00,
    0x04, 0x04, 0x08, 0x3A, 0x0F, 0x12, 0x16, 0xFF, 0x0E, 0x11, 0x17, 0xFF, 0x0E, 0x12, 0x1B, 0xFF, 0x14, 0x19, 0x25, 0xFF, 0x16, 0x1D, 0x2B, 0xFF,
    0x19, 0x20, 0x30, 0xFF, 0x22, 0x2A, 0x3D, 0xFF, 0x28, 0x2F, 0x45, 0xFF, 0x26, 0x2F, 0x49, 0xFF, 0x2A, 0x34, 0x4E, 0xFF, 0x28, 0x34, 0x4D, 0xFF,
    0x28, 0x34, 0x4E, 0xFF, 0x2A, 0x34, 0x52, 0xFF, 0x32, 0x3B, 0x58, 0xFF, 0x82, 0x8A, 0xA3, 0xFF, 0xAB, 0xB4, 0xC4, 0xFF, 0xAF, 0xB8, 0xC5, 0xFF,
    0xB0, 0xB9, 0xC6, 0xFF, 0xB4, 0xBD, 0xCA, 0xFF, 0xB1, 0xBA, 0xC7, 0xFF, 0xB0, 0xB9, 0xC4, 0xFD, 0x9D, 0xA7, 0xB2, 0xFF, 0x67, 0x70, 0x7D, 0xCF,
    0x00, 0x00, 0x00, 0x01, 0x00, 0x00, 0x00, 0x00, 0x00, 0x00, 0x00, 0x00, 0x00, 0x00, 0x00, 0x00, 0x00, 0x00, 0x00, 0x00, 0x00, 0x00, 0x00, 0x00,
    0x00, 0x00, 0x00, 0x00, 0x00, 0x00, 0x00, 0x00, 0x00, 0x00, 0x00, 0x00, 0x00, 0x00, 0x00, 0x00, 0x00, 0x00, 0x00, 0x00, 0x00, 0x00, 0x00, 0x00,
    0x00, 0x00, 0x00, 0x00, 0x00, 0x00, 0x00, 0x00, 0x00, 0x00, 0x00, 0x00, 0x00, 0x00, 0x00, 0x00, 0x00, 0x00, 0x00, 0x00, 0x00, 0x00, 0x00, 0x00,
    0x00, 0x00, 0x00, 0x00, 0x00, 0x00, 0x00, 0x00, 0x00, 0x00, 0x00, 0x00, 0x00, 0x00, 0x00, 0x00, 0x00, 0x00, 0x00, 0x00, 0x00, 0x00, 0x00, 0x00,
    0x07, 0x0A, 0x0A, 0x46, 0x0E, 0x12, 0x15, 0xFE, 0x0F, 0x10, 0x17, 0xFE, 0x0F, 0x11, 0x1B, 0xFF, 0x12, 0x16, 0x23, 0xFF, 0x17, 0x1E, 0x2A, 0xFF,
    0x17, 0x1F, 0x2D, 0xFF, 0x1F, 0x28, 0x3B, 0xFF, 0x27, 0x2F, 0x46, 0xFF, 0x26, 0x2F, 0x49, 0xFF, 0x29, 0x33, 0x4D, 0xFF, 0x29, 0x35, 0x4F, 0xFF,
    0x27, 0x33, 0x4C, 0xFF, 0x27, 0x31, 0x4D, 0xFF, 0x2C, 0x35, 0x51, 0xFF, 0x5D, 0x67, 0x81, 0xFF, 0x9E, 0xA6, 0xB8, 0xFF, 0xAA, 0xB3, 0xC0, 0xFF,
    0xAC, 0xB6, 0xC2, 0xFF, 0xA8, 0xB1, 0xBE, 0xFF, 0xA0, 0xA9, 0xB6, 0xFF, 0x9F, 0xA8, 0xB5, 0xFC, 0xA9, 0xB3, 0xC0, 0xFF, 0x4F, 0x58, 0x65, 0x8D,
    0x00, 0x00, 0x00, 0x00, 0x00, 0x00, 0x00, 0x00, 0x00, 0x00, 0x00, 0x00, 0x00, 0x00, 0x00, 0x00, 0x00, 0x00, 0x00, 0x00, 0x00, 0x00, 0x00, 0x00,
    0x00, 0x00, 0x00, 0x00, 0x00, 0x00, 0x00, 0x00, 0x00, 0x00, 0x00, 0x00, 0x00, 0x00, 0x00, 0x00, 0x00, 0x00, 0x00, 0x00, 0x00, 0x00, 0x00, 0x00,
    0x00, 0x00, 0x00, 0x00, 0x00, 0x00, 0x00, 0x00, 0x00, 0x00, 0x00, 0x00, 0x00, 0x00, 0x00, 0x00, 0x00, 0x00, 0x00, 0x00, 0x00, 0x00, 0x00, 0x00,
    0x00, 0x00, 0x00, 0x00, 0x00, 0x00, 0x00, 0x00, 0x00, 0x00, 0x00, 0x00, 0x00, 0x00, 0x00, 0x00, 0x00, 0x00, 0x00, 0x00, 0x00, 0x00, 0x00, 0x00,
    0x05, 0x05, 0x0A, 0x5E, 0x0F, 0x11, 0x16, 0xFF, 0x0F, 0x12, 0x18, 0xFD, 0x0E, 0x11, 0x19, 0xFF, 0x12, 0x16, 0x22, 0xFF, 0x18, 0x1D, 0x2C, 0xFF,
    0x17, 0x1E, 0x2F, 0xFF, 0x19, 0x20, 0x34, 0xFF, 0x24, 0x2B, 0x42, 0xFF, 0x25, 0x2C, 0x47, 0xFF, 0x26, 0x2F, 0x4A, 0xFF, 0x29, 0x35, 0x4E, 0xFF,
    0x27, 0x33, 0x4C, 0xFF, 0x31, 0x3C, 0x55, 0xFF, 0x3A, 0x44, 0x5E, 0xFF, 0x57, 0x61, 0x7B, 0xFF, 0x97, 0xA0, 0xB3, 0xFF, 0xA2, 0xAC, 0xBA, 0xFF,
    0xA7, 0xB1, 0xC1, 0xFF, 0x9F, 0xAB, 0xB9, 0xFF, 0x97, 0xA3, 0xB0, 0xFF, 0xA8, 0xB1, 0xBB, 0xFB, 0x65, 0x6C, 0x7A, 0xFF, 0x47, 0x4F, 0x5F, 0x76,
    0x00, 0x00, 0x00, 0x00, 0x00, 0x00, 0x00, 0x00, 0x00, 0x00, 0x00, 0x00, 0x00, 0x00, 0x00, 0x00, 0x00, 0x00, 0x00, 0x00, 0x00, 0x00, 0x00, 0x00,
    0x00, 0x00, 0x00, 0x00, 0x00, 0x00, 0x00, 0x00, 0x00, 0x00, 0x00, 0x00, 0x00, 0x00, 0x00, 0x00, 0x00, 0x00, 0x00, 0x00, 0x00, 0x00, 0x00, 0x00,
    0x00, 0x00, 0x00, 0x00, 0x00, 0x00, 0x00, 0x00, 0x00, 0x00, 0x00, 0x00, 0x00, 0x00, 0x00, 0x00, 0x00, 0x00, 0x00, 0x00, 0x00, 0x00, 0x00, 0x00,
    0x00, 0x00, 0x00, 0x00, 0x00, 0x00, 0x00, 0x00, 0x00, 0x00, 0x00, 0x00, 0x00, 0x00, 0x00, 0x00, 0x00, 0x00, 0x00, 0x00, 0x00, 0x00, 0x00, 0x00,
    0x00, 0x00, 0x03, 0x50, 0x0B, 0x0A, 0x0F, 0xF2, 0x11, 0x11, 0x15, 0xFF, 0x09, 0x0A, 0x0D, 0xFE, 0x09, 0x09, 0x0F, 0xFF, 0x28, 0x2A, 0x35, 0xFF,
    0x40, 0x45, 0x55, 0xFF, 0x2C, 0x33, 0x48, 0xFF, 0x27, 0x2F, 0x4A, 0xFF, 0x28, 0x32, 0x4F, 0xFF, 0x2A, 0x37, 0x52, 0xFF, 0x2A, 0x36, 0x50, 0xFF,
    0x2C, 0x37, 0x52, 0xFF, 0x37, 0x42, 0x5D, 0xFF, 0x5A, 0x65, 0x7F, 0xFF, 0x73, 0x7F, 0x95, 0xFF, 0x8D, 0x98, 0xAC, 0xFF, 0x93, 0x9D, 0xB1, 0xFF,
    0x9A, 0xA6, 0xB9, 0xFF, 0x95, 0xA3, 0xB1, 0xFF, 0xA8, 0xB5, 0xBF, 0xFF, 0x4A, 0x4F, 0x56, 0xFB, 0x34, 0x38, 0x45, 0xFF, 0x6B, 0x73, 0x88, 0x87,
    0x00, 0x00, 0x00, 0x00, 0x00, 0x00, 0x00, 0x00, 0x00, 0x00, 0x00, 0x00, 0x00, 0x00, 0x00, 0x00, 0x00, 0x00, 0x00, 0x00, 0x00, 0x00, 0x00, 0x00,
    0x00, 0x00, 0x00, 0x00, 0x00, 0x00, 0x00, 0x00, 0x00, 0x00, 0x00, 0x00, 0x00, 0x00, 0x00, 0x00, 0x00, 0x00, 0x00, 0x00, 0x00, 0x00, 0x00, 0x00,
    0x00, 0x00, 0x00, 0x00, 0x00, 0x00, 0x00, 0x00, 0x00, 0x00, 0x00, 0x00, 0x00, 0x00, 0x00, 0x00, 0x00, 0x00, 0x00, 0x00, 0x00, 0x00, 0x00, 0x00,
    0x00, 0x00, 0x00, 0x00, 0x00, 0x00, 0x00, 0x00, 0x00, 0x00, 0x00, 0x00, 0x00, 0x00, 0x00, 0x00, 0x00, 0x00, 0x00, 0x00, 0x00, 0x00, 0x00, 0x01,
    0x00, 0x00, 0x00, 0x07, 0x03, 0x03, 0x04, 0xA1, 0x0D, 0x0D, 0x13, 0xFF, 0x0B, 0x0C, 0x12, 0xFE, 0x03, 0x05, 0x07, 0xFF, 0x07, 0x09, 0x08, 0xFF,
    0x21, 0x23, 0x26, 0xFF, 0x35, 0x3B, 0x43, 0xFF, 0x2C, 0x35, 0x48, 0xFF, 0x30, 0x3B, 0x55, 0xFF, 0x2C, 0x38, 0x55, 0xFF, 0x25, 0x31, 0x4A, 0xFF,
    0x28, 0x32, 0x4B, 0xFF, 0x2A, 0x35, 0x50, 0xFF, 0x40, 0x4B, 0x66, 0xFF, 0x64, 0x6E, 0x85, 0xFF, 0x87, 0x91, 0xA5, 0xFF, 0x8E, 0x98, 0xAD, 0xFF,
    0x88, 0x93, 0xA4, 0xFF, 0x9B, 0xA5, 0xB1, 0xFF, 0x5A, 0x61, 0x68, 0xFF, 0x00, 0x00, 0x00, 0xFD, 0x66, 0x6F, 0x7B, 0xFF, 0x4A, 0x53, 0x5F, 0xD2,
    0x00, 0x00, 0x00, 0x05, 0x00, 0x00, 0x00, 0x00, 0x00, 0x00, 0x00, 0x00, 0x00, 0x00, 0x00, 0x00, 0x00, 0x00, 0x00, 0x00, 0x00, 0x00, 0x00, 0x00,
    0x00, 0x00, 0x00, 0x00, 0x00, 0x00, 0x00, 0x00, 0x00, 0x00, 0x00, 0x00, 0x00, 0x00, 0x00, 0x00, 0x00, 0x00, 0x00, 0x00, 0x00, 0x00, 0x00, 0x00,
    0x00, 0x00, 0x00, 0x00, 0x00, 0x00, 0x00, 0x00, 0x00, 0x00, 0x00, 0x00, 0x00, 0x00, 0x00, 0x00, 0x00, 0x00, 0x00, 0x00, 0x00, 0x00, 0x00, 0x00,
    0x00, 0x00, 0x00, 0x00, 0x00, 0x00, 0x00, 0x00, 0x00, 0x00, 0x00, 0x00, 0x00, 0x00, 0x00, 0x00, 0x00, 0x00, 0x00, 0x00, 0x00, 0x00, 0x00, 0x04,
    0x00, 0x00, 0x00, 0x00, 0x02, 0x02, 0x02, 0x5C, 0x0C, 0x0E, 0x16, 0xFF, 0x12, 0x15, 0x1F, 0xFD, 0x08, 0x0D, 0x12, 0xFF, 0x00, 0x03, 0x04, 0xFF,
    0x00, 0x01, 0x01, 0xFF, 0x00, 0x00, 0x02, 0xFF, 0x05, 0x04, 0x07, 0xFF, 0x25, 0x26, 0x2F, 0xFF, 0x4A, 0x50, 0x5E, 0xFF, 0x40, 0x48, 0x5F, 0xFF,
    0x2B, 0x34, 0x4D, 0xFF, 0x21, 0x2A, 0x43, 0xFF, 0x35, 0x3F, 0x56, 0xFF, 0x66, 0x70, 0x87, 0xFF, 0x8A, 0x94, 0xA9, 0xFF, 0x8C, 0x96, 0xAD, 0xFF,
    0x8F, 0x9B, 0xAA, 0xFF, 0x6A, 0x6E, 0x71, 0xFF, 0x00, 0x00, 0x00, 0xFF, 0x2E, 0x33, 0x37, 0xFD, 0x90, 0x99, 0xA6, 0xFF, 0x51, 0x59, 0x64, 0xCE,
    0x00, 0x00, 0x00, 0x05, 0x00, 0x00, 0x00, 0x00, 0x00, 0x00, 0x00, 0x00, 0x00, 0x00, 0x00, 0x00, 0x00, 0x00, 0x00, 0x00, 0x00, 0x00, 0x00, 0x00,
    0x00, 0x00, 0x00, 0x00, 0x00, 0x00, 0x00, 0x00, 0x00, 0x00, 0x00, 0x00, 0x00, 0x00, 0x00, 0x00, 0x00, 0x00, 0x00, 0x00, 0x00, 0x00, 0x00, 0x00,
    0x00, 0x00, 0x00, 0x00, 0x00, 0x00, 0x00, 0x00, 0x00, 0x00, 0x00, 0x00, 0x00, 0x00, 0x00, 0x00, 0x00, 0x00, 0x00, 0x00, 0x00, 0x00, 0x00, 0x00,
    0x00, 0x00, 0x00, 0x00, 0x00, 0x00, 0x00, 0x00, 0x00, 0x00, 0x00, 0x00, 0x00, 0x00, 0x00, 0x00, 0x00, 0x00, 0x00, 0x00, 0x00, 0x00, 0x00, 0x04,
    0x00, 0x00, 0x00, 0x00, 0x02, 0x02, 0x02, 0x67, 0x09, 0x0B, 0x0F, 0xFF, 0x13, 0x15, 0x1B, 0xFE, 0x13, 0x16, 0x1B, 0xFE, 0x12, 0x16, 0x1A, 0xFF,
    0x04, 0x04, 0x08, 0xFF, 0x08, 0x05, 0x09, 0xFF, 0x0A, 0x06, 0x07, 0xFF, 0x05, 0x03, 0x03, 0xFF, 0x0F, 0x10, 0x10, 0xFF, 0x25, 0x29, 0x2C, 0xFF,
    0x46, 0x4C, 0x57, 0xFF, 0x34, 0x3A, 0x49, 0xFF, 0x34, 0x3B, 0x4B, 0xFF, 0x4F, 0x59, 0x68, 0xFF, 0x62, 0x6C, 0x7F, 0xFF, 0x6A, 0x74, 0x8C, 0xFF,
    0x59, 0x62, 0x72, 0xFF, 0x00, 0x00, 0x00, 0xFF, 0x29, 0x2B, 0x31, 0xFF, 0x83, 0x8A, 0x95, 0xFB, 0x83, 0x8A, 0x99, 0xFF, 0x72, 0x76, 0x85, 0x88,
    0x00, 0x00, 0x00, 0x00, 0x00, 0x00, 0x00, 0x00, 0x00, 0x00, 0x00, 0x00, 0x00, 0x00, 0x00, 0x00, 0x00, 0x00, 0x00, 0x00, 0x00, 0x00, 0x00, 0x00,
    0x00, 0x00, 0x00, 0x00, 0x00, 0x00, 0x00, 0x00, 0x00, 0x00, 0x00, 0x00, 0x00, 0x00, 0x00, 0x00, 0x00, 0x00, 0x00, 0x00, 0x00, 0x00, 0x00, 0x00,
    0x00, 0x00, 0x00, 0x00, 0x00, 0x00, 0x00, 0x00, 0x00, 0x00, 0x00, 0x00, 0x00, 0x00, 0x00, 0x00, 0x00, 0x00, 0x00, 0x00, 0x00, 0x00, 0x00, 0x00,
    0x00, 0x00, 0x00, 0x00, 0x00, 0x00, 0x00, 0x00, 0x00, 0x00, 0x00, 0x00, 0x00, 0x00, 0x00, 0x00, 0x00, 0x00, 0x00, 0x00, 0x00, 0x00, 0x00, 0x02,
    0x00, 0x00, 0x00, 0x00, 0x00, 0x00, 0x00, 0x2C, 0x03, 0x04, 0x07, 0xD2, 0x0D, 0x0E, 0x14, 0xFF, 0x12, 0x13, 0x1E, 0xFE, 0x23, 0x28, 0x34, 0xFF,
    0x2B, 0x2E, 0x36, 0xFF, 0x00, 0x01, 0x02, 0xFF, 0x00, 0x00, 0x00, 0xFF, 0x01, 0x00, 0x01, 0xFF, 0x02, 0x00, 0x00, 0xFF, 0x00, 0x00, 0x00, 0xFF,
    0x00, 0x00, 0x02, 0xFF, 0x16, 0x19, 0x24, 0xFF, 0x1A, 0x20, 0x32, 0xFF, 0x36, 0x3C, 0x50, 0xFF, 0x78, 0x82, 0x96, 0xFF, 0x51, 0x5B, 0x72, 0xFF,
    0x3E, 0x48, 0x57, 0xFF, 0x40, 0x45, 0x4F, 0xFF, 0x84, 0x8C, 0x9B, 0xFF, 0x72, 0x7B, 0x8D, 0xFB, 0x6D, 0x75, 0x86, 0xFF, 0x7B, 0x81, 0x8D, 0x90,
    0x00, 0x00, 0x00, 0x00, 0x00, 0x00, 0x00, 0x00, 0x00, 0x00, 0x00, 0x00, 0x00, 0x00, 0x00, 0x00, 0x00, 0x00, 0x00, 0x00, 0x00, 0x00, 0x00, 0x00,
    0x00, 0x00, 0x00, 0x00, 0x00, 0x00, 0x00, 0x00, 0x00, 0x00, 0x00, 0x00, 0x00, 0x00, 0x00, 0x00, 0x00, 0x00, 0x00, 0x00, 0x00, 0x00, 0x00, 0x00,
    0x00, 0x00, 0x00, 0x00, 0x00, 0x00, 0x00, 0x00, 0x00, 0x00, 0x00, 0x00, 0x00, 0x00, 0x00, 0x00, 0x00, 0x00, 0x00, 0x00, 0x00, 0x00, 0x00, 0x00,
    0x00, 0x00, 0x00, 0x00, 0x00, 0x00, 0x00, 0x00, 0x00, 0x00, 0x00, 0x00, 0x00, 0x00, 0x00, 0x00, 0x00, 0x00, 0x00, 0x00, 0x00, 0x00, 0x00, 0x00,
    0x00, 0x00, 0x00, 0x03, 0x00, 0x00, 0x00, 0x00, 0x05, 0x05, 0x09, 0x80, 0x05, 0x06, 0x0A, 0xFF, 0x11, 0x13, 0x1B, 0xFC, 0x16, 0x1C, 0x2C, 0xFF,
    0x38, 0x3F, 0x50, 0xFF, 0x3C, 0x41, 0x4E, 0xFF, 0x2E, 0x31, 0x34, 0xFF, 0x20, 0x22, 0x26, 0xFF, 0x17, 0x16, 0x1A, 0xFF, 0x0D, 0x0E, 0x13, 0xFF,
    0x16, 0x1A, 0x1F, 0xFF, 0x20, 0x25, 0x34, 0xFF, 0x22, 0x27, 0x3D, 0xFF, 0x35, 0x3C, 0x52, 0xFF, 0x80, 0x8A, 0x9F, 0xFF, 0x5C, 0x66, 0x7C, 0xFF,
    0x60, 0x6B, 0x7D, 0xFF, 0x6C, 0x76, 0x88, 0xFF, 0x6A, 0x74, 0x87, 0xFF, 0x62, 0x6D, 0x81, 0xFB, 0x68, 0x70, 0x81, 0xFF, 0x71, 0x76, 0x83, 0x8E,
    0x00, 0x00, 0x00, 0x00, 0x00, 0x00, 0x00, 0x00, 0x00, 0x00, 0x00, 0x00, 0x00, 0x00, 0x00, 0x00, 0x00, 0x00, 0x00, 0x00, 0x00, 0x00, 0x00, 0x00,
    0x00, 0x00, 0x00, 0x00, 0x00, 0x00, 0x00, 0x00, 0x00, 0x00, 0x00, 0x00, 0x00, 0x00, 0x00, 0x00, 0x00, 0x00, 0x00, 0x00, 0x00, 0x00, 0x00, 0x00,
    0x00, 0x00, 0x00, 0x00, 0x00, 0x00, 0x00, 0x00, 0x00, 0x00, 0x00, 0x00, 0x00, 0x00, 0x00, 0x00, 0x00, 0x00, 0x00, 0x00, 0x00, 0x00, 0x00, 0x00,
    0x00, 0x00, 0x00, 0x00, 0x00, 0x00, 0x00, 0x00, 0x00, 0x00, 0x00, 0x00, 0x00, 0x00, 0x00, 0x00, 0x00, 0x00, 0x00, 0x00, 0x00, 0x00, 0x00, 0x00,
    0x00, 0x00, 0x00, 0x04, 0x00, 0x00, 0x00, 0x01, 0x08, 0x0A, 0x0C, 0x7B, 0x04, 0x05, 0x06, 0xFF, 0x10, 0x11, 0x17, 0xFB, 0x1F, 0x25, 0x36, 0xFF,
    0x23, 0x2C, 0x3E, 0xFF, 0x3A, 0x43, 0x53, 0xFF, 0x49, 0x53, 0x63, 0xFF, 0x4E, 0x57, 0x68, 0xFF, 0x52, 0x5A, 0x6B, 0xFF, 0x49, 0x4F, 0x61, 0xFF,
    0x45, 0x4C, 0x5E, 0xFF, 0x25, 0x2C, 0x40, 0xFF, 0x1C, 0x23, 0x38, 0xFF, 0x2D, 0x34, 0x4B, 0xFF, 0x79, 0x83, 0x99, 0xFF, 0x6A, 0x75, 0x88, 0xFF,
    0x65, 0x70, 0x83, 0xFF, 0x5F, 0x6A, 0x7D, 0xFF, 0x61, 0x6B, 0x7F, 0xFE, 0x5C, 0x66, 0x78, 0xFE, 0x3E, 0x46, 0x55, 0xF7, 0x29, 0x29, 0x35, 0x2B,
    0x00, 0x00, 0x00, 0x00, 0x00, 0x00, 0x00, 0x00, 0x00, 0x00, 0x00, 0x00, 0x00, 0x00, 0x00, 0x00, 0x00, 0x00, 0x00, 0x00, 0x00, 0x00, 0x00, 0x00,
    0x00, 0x00, 0x00, 0x00, 0x00, 0x00, 0x00, 0x00, 0x00, 0x00, 0x00, 0x00, 0x00, 0x00, 0x00, 0x00, 0x00, 0x00, 0x00, 0x00, 0x00, 0x00, 0x00, 0x00,
    0x00, 0x00, 0x00, 0x00, 0x00, 0x00, 0x00, 0x00, 0x00, 0x00, 0x00, 0x00, 0x00, 0x00, 0x00, 0x00, 0x00, 0x00, 0x00, 0x00, 0x00, 0x00, 0x00, 0x00,
    0x00, 0x00, 0x00, 0x00, 0x00, 0x00, 0x00, 0x00, 0x00, 0x00, 0x00, 0x00, 0x00, 0x00, 0x00, 0x00, 0x00, 0x00, 0x00, 0x00, 0x00, 0x00, 0x00, 0x00,
    0x00, 0x00, 0x00, 0x03, 0x00, 0x00, 0x00, 0x01, 0x06, 0x08, 0x08, 0x94, 0x06, 0x06, 0x06, 0xFC, 0x0B, 0x0A, 0x10, 0xFD, 0x1A, 0x20, 0x31, 0xFF,
    0x29, 0x32, 0x44, 0xFF, 0x33, 0x3B, 0x4D, 0xFF, 0x38, 0x3E, 0x52, 0xFF, 0x39, 0x40, 0x55, 0xFF, 0x3D, 0x45, 0x5A, 0xFF, 0x3A, 0x42, 0x57, 0xFF,
    0x28, 0x32, 0x48, 0xFF, 0x22, 0x2A, 0x40, 0xFF, 0x25, 0x2C, 0x41, 0xFF, 0x29, 0x31, 0x49, 0xFF, 0x6C, 0x74, 0x8A, 0xFF, 0x72, 0x7C, 0x8F, 0xFF,
    0x56, 0x62, 0x75, 0xFF, 0x60, 0x6A, 0x7B, 0xFF, 0x59, 0x63, 0x75, 0xFE, 0x21, 0x29, 0x3B, 0xFF, 0x26, 0x2B, 0x39, 0xEE, 0x21, 0x21, 0x37, 0x17,
    0x00, 0x00, 0x00, 0x00, 0x00, 0x00, 0x00, 0x00, 0x00, 0x00, 0x00, 0x00, 0x00, 0x00, 0x00, 0x00, 0x00, 0x00, 0x00, 0x00, 0x00, 0x00, 0x00, 0x00,
    0x00, 0x00, 0x00, 0x00, 0x00, 0x00, 0x00, 0x00, 0x00, 0x00, 0x00, 0x00, 0x00, 0x00, 0x00, 0x00, 0x00, 0x00, 0x00, 0x00, 0x00, 0x00, 0x00, 0x00,
    0x00, 0x00, 0x00, 0x00, 0x00, 0x00, 0x00, 0x00, 0x00, 0x00, 0x00, 0x00, 0x00, 0x00, 0x00, 0x00, 0x00, 0x00, 0x00, 0x00, 0x00, 0x00, 0x00, 0x00,
    0x00, 0x00, 0x00, 0x00, 0x00, 0x00, 0x00, 0x00, 0x00, 0x00, 0x00, 0x00, 0x00, 0x00, 0x00, 0x00, 0x00, 0x00, 0x00, 0x00, 0x00, 0x00, 0x00, 0x00,
    0x00, 0x00, 0x00, 0x02, 0x00, 0x00, 0x00, 0x00, 0x09, 0x09, 0x0B, 0xB6, 0x06, 0x05, 0x06, 0xFF, 0x07, 0x08, 0x09, 0xF4, 0x18, 0x1D, 0x2B, 0xFF,
    0x20, 0x26, 0x3B, 0xFF, 0x2F, 0x34, 0x48, 0xFF, 0x39, 0x3E, 0x51, 0xFF, 0x41, 0x45, 0x58, 0xFF, 0x45, 0x4C, 0x5F, 0xFF, 0x44, 0x4E, 0x5F, 0xFF,
    0x32, 0x3B, 0x4F, 0xFF, 0x24, 0x2A, 0x3F, 0xFF, 0x28, 0x2E, 0x44, 0xFF, 0x25, 0x2E, 0x47, 0xFF, 0x61, 0x69, 0x80, 0xFF, 0x6E, 0x76, 0x8F, 0xFF,
    0x59, 0x63, 0x78, 0xFF, 0x5D, 0x66, 0x76, 0xFF, 0x25, 0x2D, 0x3D, 0xFE, 0x19, 0x1F, 0x2F, 0xFF, 0x3D, 0x42, 0x4E, 0xF6, 0x1B, 0x22, 0x29, 0x25,
    0x00, 0x00, 0x00, 0x00, 0x00, 0x00, 0x00, 0x00, 0x00, 0x00, 0x00, 0x00, 0x00, 0x00, 0x00, 0x00, 0x00, 0x00, 0x00, 0x00, 0x00, 0x00, 0x00, 0x00,
    0x00, 0x00, 0x00, 0x00, 0x00, 0x00, 0x00, 0x00, 0x00, 0x00, 0x00, 0x00, 0x00, 0x00, 0x00, 0x00, 0x00, 0x00, 0x00, 0x00, 0x00, 0x00, 0x00, 0x00,
    0x00, 0x00, 0x00, 0x00, 0x00, 0x00, 0x00, 0x00, 0x00, 0x00, 0x00, 0x00, 0x00, 0x00, 0x00, 0x00, 0x00, 0x00, 0x00, 0x00, 0x00, 0x00, 0x00, 0x00,
    0x00, 0x00, 0x00, 0x00, 0x00, 0x00, 0x00, 0x00, 0x00, 0x00, 0x00, 0x00, 0x00, 0x00, 0x00, 0x00, 0x00, 0x00, 0x00, 0x00, 0x00, 0x00, 0x00, 0x01,
    0x00, 0x00, 0x00, 0x00, 0x00, 0x00, 0x00, 0x19, 0x06, 0x06, 0x06, 0xC6, 0x01, 0x01, 0x03, 0x83, 0x05, 0x06, 0x05, 0x99, 0x14, 0x17, 0x20, 0xFF,
    0x16, 0x19, 0x27, 0xFE, 0x19, 0x1C, 0x2A, 0xFF, 0x20, 0x25, 0x33, 0xFF, 0x2A, 0x2F, 0x3D, 0xFF, 0x34, 0x3B, 0x4B, 0xFF, 0x31, 0x3D, 0x4F, 0xFF,
    0x28, 0x33, 0x45, 0xFF, 0x23, 0x2B, 0x3C, 0xFF, 0x2C, 0x31, 0x44, 0xFF, 0x29, 0x32, 0x4D, 0xFF, 0x62, 0x6D, 0x88, 0xFF, 0x7C, 0x85, 0x9F, 0xFF,
    0x4E, 0x57, 0x6A, 0xFF, 0x24, 0x2E, 0x3F, 0xFF, 0x32, 0x3A, 0x4D, 0xFE, 0x32, 0x39, 0x4B, 0xFF, 0x46, 0x4C, 0x57, 0xFE, 0x00, 0x05, 0x05, 0x2F,
    0x00, 0x00, 0x00, 0x00, 0x00, 0x00, 0x00, 0x00, 0x00, 0x00, 0x00, 0x00, 0x00, 0x00, 0x00, 0x00, 0x00, 0x00, 0x00, 0x00, 0x00, 0x00, 0x00, 0x00,
    0x00, 0x00, 0x00, 0x00, 0x00, 0x00, 0x00, 0x00, 0x00, 0x00, 0x00, 0x00, 0x00, 0x00, 0x00, 0x00, 0x00, 0x00, 0x00, 0x00, 0x00, 0x00, 0x00, 0x00,
    0x00, 0x00, 0x00, 0x00, 0x00, 0x00, 0x00, 0x00, 0x00, 0x00, 0x00, 0x00, 0x00, 0x00, 0x00, 0x00, 0x00, 0x00, 0x00, 0x00, 0x00, 0x00, 0x00, 0x00,
    0x00, 0x00, 0x00, 0x00, 0x00, 0x00, 0x00, 0x00, 0x00, 0x00, 0x00, 0x00, 0x00, 0x00, 0x00, 0x00, 0x00, 0x00, 0x00, 0x00, 0x00, 0x00, 0x00, 0x01,
    0x00, 0x00, 0x00, 0x00, 0x00, 0x00, 0x00, 0x12, 0x00, 0x00, 0x00, 0x1C, 0x00, 0x00, 0x00, 0x00, 0x03, 0x03, 0x03, 0x4C, 0x0B, 0x0C, 0x11, 0xFE,
    0x05, 0x07, 0x0C, 0xF2, 0x02, 0x04, 0x09, 0xF9, 0x03, 0x03, 0x08, 0xFF, 0x07, 0x06, 0x0C, 0xFF, 0x0C, 0x0D, 0x11, 0xFF, 0x0A, 0x0D, 0x11, 0xFF,
    0x0C, 0x10, 0x14, 0xFF, 0x10, 0x14, 0x17, 0xFF, 0x18, 0x1E, 0x25, 0xFF, 0x22, 0x28, 0x3D, 0xFF, 0x55, 0x61, 0x7B, 0xFF, 0x48, 0x53, 0x60, 0xFF,
    0x11, 0x1B, 0x24, 0xFF, 0x45, 0x50, 0x62, 0xFF, 0x42, 0x4B, 0x62, 0xFF, 0x4E, 0x55, 0x68, 0xFE, 0x38, 0x3F, 0x45, 0xFF, 0x03, 0x07, 0x0A, 0x46,
    0x00, 0x00, 0x00, 0x00, 0x00, 0x00, 0x00, 0x00, 0x00, 0x00, 0x00, 0x00, 0x00, 0x00, 0x00, 0x00, 0x00, 0x00, 0x00, 0x00, 0x00, 0x00, 0x00, 0x00,
    0x00, 0x00, 0x00, 0x00, 0x00, 0x00, 0x00, 0x00, 0x00, 0x00, 0x00, 0x00, 0x00, 0x00, 0x00, 0x00, 0x00, 0x00, 0x00, 0x00, 0x00, 0x00, 0x00, 0x00,
    0x00, 0x00, 0x00, 0x00, 0x00, 0x00, 0x00, 0x00, 0x00, 0x00, 0x00, 0x00, 0x00, 0x00, 0x00, 0x00, 0x00, 0x00, 0x00, 0x00, 0x00, 0x00, 0x00, 0x00,
    0x00, 0x00, 0x00, 0x00, 0x00, 0x00, 0x00, 0x00, 0x00, 0x00, 0x00, 0x00, 0x00, 0x00, 0x00, 0x00, 0x00, 0x00, 0x00, 0x00, 0x00, 0x00, 0x00, 0x00,
    0x00, 0x00, 0x00, 0x00, 0x00, 0x00, 0x00, 0x00, 0x00, 0x00, 0x00, 0x00, 0x00, 0x00, 0x00, 0x03, 0x00, 0x00, 0x00, 0x20, 0x08, 0x0A, 0x09, 0xE8,
    0x04, 0x07, 0x06, 0xF1, 0x05, 0x07, 0x06, 0xEA, 0x06, 0x06, 0x06, 0xFF, 0x05, 0x05, 0x05, 0xFE, 0x05, 0x04, 0x04, 0xFF, 0x06, 0x06, 0x05, 0xFF,
    0x06, 0x05, 0x05, 0xFF, 0x05, 0x05, 0x06, 0xFF, 0x06, 0x0B, 0x0E, 0xFF, 0x0C, 0x13, 0x1E, 0xFF, 0x34, 0x3F, 0x51, 0xFF, 0x46, 0x51, 0x64, 0xFF,
    0x23, 0x2D, 0x3E, 0xFF, 0x5C, 0x64, 0x79, 0xFE, 0x40, 0x47, 0x61, 0xFF, 0x55, 0x5A, 0x6E, 0xE3, 0x15, 0x1B, 0x1B, 0xD2, 0x03, 0x07, 0x07, 0x47,
    0x00, 0x00, 0x00, 0x00, 0x00, 0x00, 0x00, 0x00, 0x00, 0x00, 0x00, 0x00, 0x00, 0x00, 0x00, 0x00, 0x00, 0x00, 0x00, 0x00, 0x00, 0x00, 0x00, 0x00,
    0x00, 0x00, 0x00, 0x00, 0x00, 0x00, 0x00, 0x00, 0x00, 0x00, 0x00, 0x00, 0x00, 0x00, 0x00, 0x00, 0x00, 0x00, 0x00, 0x00, 0x00, 0x00, 0x00, 0x00,
    0x00, 0x00, 0x00, 0x00, 0x00, 0x00, 0x00, 0x00, 0x00, 0x00, 0x00, 0x00, 0x00, 0x00, 0x00, 0x00, 0x00, 0x00, 0x00, 0x00, 0x00, 0x00, 0x00, 0x00,
    0x00, 0x00, 0x00, 0x00, 0x00, 0x00, 0x00, 0x00, 0x00, 0x00, 0x00, 0x00, 0x00, 0x00, 0x00, 0x00, 0x00, 0x00, 0x00, 0x00, 0x00, 0x00, 0x00, 0x00,
    0x00, 0x00, 0x00, 0x00, 0x00, 0x00, 0x00, 0x01, 0x00, 0x00, 0x00, 0x02, 0x00, 0x00, 0x00, 0x00, 0x00, 0x00, 0x00, 0x03, 0x05, 0x07, 0x06, 0xC3,
    0x05, 0x07, 0x07, 0xE5, 0x02, 0x04, 0x04, 0xBD, 0x06, 0x06, 0x06, 0xFF, 0x05, 0x06, 0x05, 0xFE, 0x05, 0x05, 0x05, 0xFF, 0x05, 0x05, 0x06, 0xFF,
    0x05, 0x05, 0x05, 0xFF, 0x07, 0x07, 0x0D, 0xFF, 0x0D, 0x10, 0x1E, 0xFF, 0x15, 0x1B, 0x2F, 0xFF, 0x3C, 0x43, 0x59, 0xFF, 0x5D, 0x65, 0x7A, 0xFF,
    0x29, 0x32, 0x44, 0xFF, 0x55, 0x5D, 0x72, 0xFC, 0x42, 0x49, 0x63, 0xFF, 0x5A, 0x60, 0x74, 0x99, 0x00, 0x00, 0x00, 0x36, 0x00, 0x00, 0x19, 0x0A,
    0x00, 0x00, 0x00, 0x00, 0x00, 0x00, 0x00, 0x00, 0x00, 0x00, 0x00, 0x00, 0x00, 0x00, 0x00, 0x00, 0x00, 0x00, 0x00, 0x00, 0x00, 0x00, 0x00, 0x00,
    0x00, 0x00, 0x00, 0x00, 0x00, 0x00, 0x00, 0x00, 0x00, 0x00, 0x00, 0x00, 0x00, 0x00, 0x00, 0x00, 0x00, 0x00, 0x00, 0x00, 0x00, 0x00, 0x00, 0x00,
    0x00, 0x00, 0x00, 0x00, 0x00, 0x00, 0x00, 0x00, 0x00, 0x00, 0x00, 0x00, 0x00, 0x00, 0x00, 0x00, 0x00, 0x00, 0x00, 0x00, 0x00, 0x00, 0x00, 0x00,
    0x00, 0x00, 0x00, 0x00, 0x00, 0x00, 0x00, 0x00, 0x00, 0x00, 0x00, 0x00, 0x00, 0x00, 0x00, 0x00, 0x00, 0x00, 0x00, 0x00, 0x00, 0x00, 0x00, 0x01,
    0x00, 0x00, 0x00, 0x00, 0x00, 0x00, 0x00, 0x00, 0x00, 0x00, 0x00, 0x00, 0x00, 0x00, 0x00, 0x03, 0x00, 0x00, 0x00, 0x00, 0x05, 0x06, 0x06, 0x96,
    0x07, 0x0A, 0x09, 0xE0, 0x00, 0x00, 0x00, 0x5B, 0x04, 0x04, 0x04, 0xEE, 0x05, 0x05, 0x05, 0xFF, 0x05, 0x05, 0x05, 0xFE, 0x06, 0x04, 0x05, 0xFF,
    0x05, 0x04, 0x04, 0xFF, 0x06, 0x06, 0x0B, 0xFF, 0x10, 0x12, 0x1E, 0xFF, 0x13, 0x18, 0x2A, 0xFF, 0x2C, 0x33, 0x47, 0xFF, 0x4A, 0x52, 0x65, 0xFF,
    0x30, 0x38, 0x4B, 0xFF, 0x3C, 0x45, 0x5A, 0xFD, 0x3E, 0x47, 0x5D, 0xFF, 0x50, 0x5A, 0x6C, 0x49, 0x00, 0x00, 0x00, 0x00, 0x7F, 0x7F, 0x7F, 0x02,
    0x00, 0x00, 0x00, 0x00, 0x00, 0x00, 0x00, 0x00, 0x00, 0x00, 0x00, 0x00, 0x00, 0x00, 0x00, 0x00, 0x00, 0x00, 0x00, 0x00, 0x00, 0x00, 0x00, 0x00,
    0x00, 0x00, 0x00, 0x00, 0x00, 0x00, 0x00, 0x00, 0x00, 0x00, 0x00, 0x00, 0x00, 0x00, 0x00, 0x00, 0x00, 0x00, 0x00, 0x00, 0x00, 0x00, 0x00, 0x00,
    0x00, 0x00, 0x00, 0x00, 0x00, 0x00, 0x00, 0x00, 0x00, 0x00, 0x00, 0x00, 0x00, 0x00, 0x00, 0x00, 0x00, 0x00, 0x00, 0x00, 0x00, 0x00, 0x00, 0x00,
    0x00, 0x00, 0x00, 0x00, 0x00, 0x00, 0x00, 0x00, 0x00, 0x00, 0x00, 0x00, 0x00, 0x00, 0x00, 0x00, 0x00, 0x00, 0x00, 0x00, 0x00, 0x00, 0x00, 0x01,
    0x00, 0x00, 0x00, 0x00, 0x00, 0x00, 0x00, 0x00, 0x00, 0x00, 0x00, 0x00, 0x00, 0x00, 0x00, 0x03, 0x00, 0x00, 0x00, 0x00, 0x02, 0x02, 0x02, 0x59,
    0x08, 0x07, 0x08, 0xF5, 0x07, 0x07, 0x07, 0x21, 0x01, 0x01, 0x01, 0x97, 0x05, 0x05, 0x05, 0xFF, 0x06, 0x04, 0x05, 0xFE, 0x08, 0x03, 0x05, 0xFF,
    0x06, 0x04, 0x05, 0xFF, 0x05, 0x06, 0x0A, 0xFF, 0x0E, 0x11, 0x1C, 0xFF, 0x12, 0x16, 0x26, 0xFF, 0x23, 0x29, 0x3A, 0xFF, 0x40, 0x48, 0x58, 0xFF,
    0x2D, 0x34, 0x46, 0xFD, 0x2E, 0x37, 0x49, 0xFE, 0x3E, 0x45, 0x55, 0xE2, 0x45, 0x45, 0x45, 0x0B, 0x00, 0x00, 0x00, 0x02, 0x00, 0x00, 0x00, 0x01,
    0x00, 0x00, 0x00, 0x00, 0x00, 0x00, 0x00, 0x00, 0x00, 0x00, 0x00, 0x00, 0x00, 0x00, 0x00, 0x00, 0x00, 0x00, 0x00, 0x00, 0x00, 0x00, 0x00, 0x00,
    0x00, 0x00, 0x00, 0x00, 0x00, 0x00, 0x00, 0x00, 0x00, 0x00, 0x00, 0x00, 0x00, 0x00, 0x00, 0x00, 0x00, 0x00, 0x00, 0x00, 0x00, 0x00, 0x00, 0x00,
    0x00, 0x00, 0x00, 0x00, 0x00, 0x00, 0x00, 0x00, 0x00, 0x00, 0x00, 0x00, 0x00, 0x00, 0x00, 0x00, 0x00, 0x00, 0x00, 0x00, 0x00, 0x00, 0x00, 0x00,
    0x00, 0x00, 0x00, 0x00, 0x00, 0x00, 0x00, 0x00, 0x00, 0x00, 0x00, 0x00, 0x00, 0x00, 0x00, 0x00, 0x00, 0x00, 0x00, 0x00, 0x00, 0x00, 0x00, 0x00,
    0x00, 0x00, 0x00, 0x00, 0x00, 0x00, 0x00, 0x00, 0x00, 0x00, 0x00, 0x00, 0x00, 0x00, 0x00, 0x02, 0x00, 0x00, 0x00, 0x00, 0x00, 0x00, 0x00, 0x24,
    0x04, 0x04, 0x04, 0xED, 0x09, 0x09, 0x09, 0x36, 0x00, 0x00, 0x00, 0x1D, 0x02, 0x03, 0x03, 0xD8, 0x06, 0x04, 0x05, 0xFF, 0x08, 0x03, 0x05, 0xFE,
    0x07, 0x04, 0x06, 0xFF, 0x05, 0x06, 0x09, 0xFF, 0x0C, 0x10, 0x17, 0xFF, 0x0E, 0x12, 0x1D, 0xFF, 0x1D, 0x22, 0x2F, 0xFF, 0x3B, 0x40, 0x4D, 0xFF,
    0x24, 0x29, 0x36, 0xFC, 0x31, 0x35, 0x46, 0xFF, 0x5A, 0x5D, 0x6D, 0x85, 0x00, 0x00, 0x00, 0x00, 0x55, 0x55, 0x55, 0x03, 0x00, 0x00, 0x00, 0x00,
    0x00, 0x00, 0x00, 0x00, 0x00, 0x00, 0x00, 0x00, 0x00, 0x00, 0x00, 0x00, 0x00, 0x00, 0x00, 0x00, 0x00, 0x00, 0x00, 0x00, 0x00, 0x00, 0x00, 0x00,
    0x00, 0x00, 0x00, 0x00, 0x00, 0x00, 0x00, 0x00, 0x00, 0x00, 0x00, 0x00, 0x00, 0x00, 0x00, 0x00, 0x00, 0x00, 0x00, 0x00, 0x00, 0x00, 0x00, 0x00,
    0x00, 0x00, 0x00, 0x00, 0x00, 0x00, 0x00, 0x00, 0x00, 0x00, 0x00, 0x00, 0x00, 0x00, 0x00, 0x00, 0x00, 0x00, 0x00, 0x00, 0x00, 0x00, 0x00, 0x00,
    0x00, 0x00, 0x00, 0x00, 0x00, 0x00, 0x00, 0x00, 0x00, 0x00, 0x00, 0x00, 0x00, 0x00, 0x00, 0x00, 0x00, 0x00, 0x00, 0x00, 0x00, 0x00, 0x00, 0x00,
    0x00, 0x00, 0x00, 0x00, 0x00, 0x00, 0x00, 0x00, 0x00, 0x00, 0x00, 0x00, 0x00, 0x00, 0x00, 0x01, 0x00, 0x00, 0x00, 0x00, 0x00, 0x00, 0x00, 0x0A,
    0x01, 0x01, 0x01, 0x87, 0x00, 0x00, 0x00, 0x19, 0x00, 0x00, 0x00, 0x00, 0x00, 0x00, 0x00, 0x5F, 0x04, 0x03, 0x03, 0xEF, 0x07, 0x04, 0x05, 0xFF,
    0x05, 0x05, 0x06, 0xFD, 0x04, 0x07, 0x09, 0xFF, 0x0C, 0x0E, 0x14, 0xFF, 0x0B, 0x0E, 0x15, 0xFF, 0x13, 0x16, 0x21, 0xFF, 0x39, 0x3D, 0x4A, 0xFD,
    0x1F, 0x24, 0x30, 0xFE, 0x36, 0x39, 0x44, 0xE2, 0x7F, 0x7F, 0x8D, 0x12, 0x00, 0x00, 0x00, 0x01, 0x00, 0x00, 0x00, 0x01, 0x00, 0x00, 0x00, 0x00,
    0x00, 0x00, 0x00, 0x00, 0x00, 0x00, 0x00, 0x00, 0x00, 0x00, 0x00, 0x00, 0x00, 0x00, 0x00, 0x00, 0x00, 0x00, 0x00, 0x00, 0x00, 0x00, 0x00, 0x00,
    0x00, 0x00, 0x00, 0x00, 0x00, 0x00, 0x00, 0x00, 0x00, 0x00, 0x00, 0x00, 0x00, 0x00, 0x00, 0x00, 0x00, 0x00, 0x00, 0x00, 0x00, 0x00, 0x00, 0x00,
    0x00, 0x00, 0x00, 0x00, 0x00, 0x00, 0x00, 0x00, 0x00, 0x00, 0x00, 0x00, 0x00, 0x00, 0x00, 0x00, 0x00, 0x00, 0x00, 0x00, 0x00, 0x00, 0x00, 0x00,
    0x00, 0x00, 0x00, 0x00, 0x00, 0x00, 0x00, 0x00, 0x00, 0x00, 0x00, 0x00, 0x00, 0x00, 0x00, 0x00, 0x00, 0x00, 0x00, 0x00, 0x00, 0x00, 0x00, 0x00,
    0x00, 0x00, 0x00, 0x00, 0x00, 0x00, 0x00, 0x00, 0x00, 0x00, 0x00, 0x00, 0x00, 0x00, 0x00, 0x00, 0x00, 0x00, 0x00, 0x00, 0x00, 0x00, 0x00, 0x00,
    0x00, 0x00, 0x00, 0x03, 0x00, 0x00, 0x00, 0x00, 0x00, 0x00, 0x00, 0x03, 0x00, 0x00, 0x00, 0x02, 0x00, 0x00, 0x00, 0x8D, 0x04, 0x04, 0x04, 0xFB,
    0x04, 0x06, 0x07, 0xFF, 0x04, 0x06, 0x08, 0xFF, 0x0C, 0x0D, 0x0F, 0xFE, 0x0B, 0x0E, 0x11, 0xFE, 0x0E, 0x12, 0x19, 0xFF, 0x39, 0x3E, 0x48, 0xFB,
    0x28, 0x2E, 0x37, 0xFF, 0x31, 0x37, 0x3C, 0x5C, 0x00, 0x00, 0x00, 0x00, 0x55, 0x55, 0x55, 0x03, 0x00, 0x00, 0x00, 0x00, 0x00, 0x00, 0x00, 0x00,
    0x00, 0x00, 0x00, 0x00, 0x00, 0x00, 0x00, 0x00, 0x00, 0x00, 0x00, 0x00, 0x00, 0x00, 0x00, 0x00, 0x00, 0x00, 0x00, 0x00, 0x00, 0x00, 0x00, 0x00,
    0x00, 0x00, 0x00, 0x00, 0x00, 0x00, 0x00, 0x00, 0x00, 0x00, 0x00, 0x00, 0x00, 0x00, 0x00, 0x00, 0x00, 0x00, 0x00, 0x00, 0x00, 0x00, 0x00, 0x00,
    0x00, 0x00, 0x00, 0x00, 0x00, 0x00, 0x00, 0x00, 0x00, 0x00, 0x00, 0x00, 0x00, 0x00, 0x00, 0x00, 0x00, 0x00, 0x00, 0x00, 0x00, 0x00, 0x00, 0x00,
    0x00, 0x00, 0x00, 0x00, 0x00, 0x00, 0x00, 0x00, 0x00, 0x00, 0x00, 0x00, 0x00, 0x00, 0x00, 0x00, 0x00, 0x00, 0x00, 0x00, 0x00, 0x00, 0x00, 0x00,
    0x00, 0x00, 0x00, 0x00, 0x00, 0x00, 0x00, 0x00, 0x00, 0x00, 0x00, 0x00, 0x00, 0x00, 0x00, 0x00, 0x00, 0x00, 0x00, 0x00, 0x00, 0x00, 0x00, 0x00,
    0x00, 0x00, 0x00, 0x00, 0x00, 0x00, 0x00, 0x00, 0x00, 0x00, 0x00, 0x01, 0x00, 0x00, 0x00, 0x01, 0x00, 0x00, 0x00, 0x11, 0x01, 0x00, 0x01, 0x9B,
    0x02, 0x04, 0x03, 0xE6, 0x03, 0x05, 0x05, 0xFC, 0x06, 0x08, 0x09, 0xFF, 0x08, 0x0C, 0x0E, 0xFF, 0x0B, 0x0F, 0x11, 0xFB, 0x32, 0x36, 0x39, 0xFF,
    0x27, 0x2B, 0x2F, 0xB7, 0x00, 0x00, 0x00, 0x00, 0x55, 0x55, 0x55, 0x03, 0x00, 0x00, 0x00, 0x01, 0x00, 0x00, 0x00, 0x00, 0x00, 0x00, 0x00, 0x00,
    0x00, 0x00, 0x00, 0x00, 0x00, 0x00, 0x00, 0x00, 0x00, 0x00, 0x00, 0x00, 0x00, 0x00, 0x00, 0x00, 0x00, 0x00, 0x00, 0x00, 0x00, 0x00, 0x00, 0x00,
    0x00, 0x00, 0x00, 0x00, 0x00, 0x00, 0x00, 0x00, 0x00, 0x00, 0x00, 0x00, 0x00, 0x00, 0x00, 0x00, 0x00, 0x00, 0x00, 0x00, 0x00, 0x00, 0x00, 0x00,
    0x00, 0x00, 0x00, 0x00, 0x00, 0x00, 0x00, 0x00, 0x00, 0x00, 0x00, 0x00, 0x00, 0x00, 0x00, 0x00, 0x00, 0x00, 0x00, 0x00, 0x00, 0x00, 0x00, 0x00,
    0x00, 0x00, 0x00, 0x00, 0x00, 0x00, 0x00, 0x00, 0x00, 0x00, 0x00, 0x00, 0x00, 0x00, 0x00, 0x00, 0x00, 0x00, 0x00, 0x00, 0x00, 0x00, 0x00, 0x00,
    0x00, 0x00, 0x00, 0x00, 0x00, 0x00, 0x00, 0x00, 0x00, 0x00, 0x00, 0x00, 0x00, 0x00, 0x00, 0x00, 0x00, 0x00, 0x00, 0x00, 0x00, 0x00, 0x00, 0x00,
    0x00, 0x00, 0x00, 0x00, 0x00, 0x00, 0x00, 0x00, 0x00, 0x00, 0x00, 0x00, 0x00, 0x00, 0x00, 0x01, 0x00, 0x00, 0x00, 0x00, 0x00, 0x00, 0x00, 0x03,
    0x00, 0x00, 0x00, 0x46, 0x00, 0x01, 0x01, 0xAA, 0x02, 0x03, 0x03, 0xE6, 0x05, 0x05, 0x05, 0xF9, 0x09, 0x09, 0x09, 0xFF, 0x21, 0x21, 0x22, 0xE3,
    0x1F, 0x1F, 0x1F, 0x18, 0x00, 0x00, 0x00, 0x01, 0x00, 0x00, 0x00, 0x02, 0x00, 0x00, 0x00, 0x00, 0x00, 0x00, 0x00, 0x00, 0x00, 0x00, 0x00, 0x00,
    0x00, 0x00, 0x00, 0x00, 0x00, 0x00, 0x00, 0x00, 0x00, 0x00, 0x00, 0x00, 0x00, 0x00, 0x00, 0x00, 0x00, 0x00, 0x00, 0x00, 0x00, 0x00, 0x00, 0x00,
    0x00, 0x00, 0x00, 0x00, 0x00, 0x00, 0x00, 0x00, 0x00, 0x00, 0x00, 0x00, 0x00, 0x00, 0x00, 0x00, 0x00, 0x00, 0x00, 0x00, 0x00, 0x00, 0x00, 0x00,
    0x00, 0x00, 0x00, 0x00, 0x00, 0x00, 0x00, 0x00, 0x00, 0x00, 0x00, 0x00, 0x00, 0x00, 0x00, 0x00, 0x00, 0x00, 0x00, 0x00, 0x00, 0x00, 0x00, 0x00,
    0x00, 0x00, 0x00, 0x00, 0x00, 0x00, 0x00, 0x00, 0x00, 0x00, 0x00, 0x00, 0x00, 0x00, 0x00, 0x00, 0x00, 0x00, 0x00, 0x00, 0x00, 0x00, 0x00, 0x00,
    0x00, 0x00, 0x00, 0x00, 0x00, 0x00, 0x00, 0x00, 0x00, 0x00, 0x00, 0x00, 0x00, 0x00, 0x00, 0x00, 0x00, 0x00, 0x00, 0x00, 0x00, 0x00, 0x00, 0x00,
    0x00, 0x00, 0x00, 0x00, 0x00, 0x00, 0x00, 0x00, 0x00, 0x00, 0x00, 0x00, 0x00, 0x00, 0x00, 0x00, 0x00, 0x00, 0x00, 0x01, 0x00, 0x00, 0x00, 0x00,
    0x00, 0x00, 0x00, 0x00, 0x00, 0x00, 0x00, 0x08, 0x00, 0x00, 0x00, 0x3E, 0x02, 0x00, 0x00, 0x7B, 0x06, 0x06, 0x06, 0xBB, 0x18, 0x18, 0x18, 0x3E,
    0x00, 0x00, 0x00, 0x00, 0x00, 0x00, 0x00, 0x03, 0x00, 0x00, 0x00, 0x00, 0x00, 0x00, 0x00, 0x00, 0x00, 0x00, 0x00, 0x00, 0x00, 0x00, 0x00, 0x00,
    0x00, 0x00, 0x00, 0x00, 0x00, 0x00, 0x00, 0x00, 0x00, 0x00, 0x00, 0x00, 0x00, 0x00, 0x00, 0x00, 0x00, 0x00, 0x00, 0x00, 0x00, 0x00, 0x00, 0x00,
    0x00, 0x00, 0x00, 0x00, 0x00, 0x00, 0x00, 0x00, 0x00, 0x00, 0x00, 0x00, 0x00, 0x00, 0x00, 0x00, 0x00, 0x00, 0x00, 0x00, 0x00, 0x00, 0x00, 0x00,
    0x00, 0x00, 0x00, 0x00, 0x00, 0x00, 0x00, 0x00, 0x00, 0x00, 0x00, 0x00, 0x00, 0x00, 0x00, 0x00, 0x00, 0x00, 0x00, 0x00, 0x00, 0x00, 0x00, 0x00,
    0x00, 0x00, 0x00, 0x00, 0x00, 0x00, 0x00, 0x00, 0x00, 0x00, 0x00, 0x00, 0x00, 0x00, 0x00, 0x00, 0x00, 0x00, 0x00, 0x00, 0x00, 0x00, 0x00, 0x00,
    0x00, 0x00, 0x00, 0x00, 0x00, 0x00, 0x00, 0x00, 0x00, 0x00, 0x00, 0x00, 0x00, 0x00, 0x00, 0x00, 0x00, 0x00, 0x00, 0x00, 0x00, 0x00, 0x00, 0x00,
    0x00, 0x00, 0x00, 0x00, 0x00, 0x00, 0x00, 0x00, 0x00, 0x00, 0x00, 0x00, 0x00, 0x00, 0x00, 0x00, 0x00, 0x00, 0x00, 0x00, 0x00, 0x00, 0x00, 0x01,
    0x00, 0x00, 0x00, 0x03, 0x00, 0x00, 0x00, 0x00, 0x00, 0x00, 0x00, 0x00, 0x00, 0x00, 0x00, 0x00, 0x00, 0x00, 0x00, 0x09, 0x00, 0x00, 0x00, 0x00,
    0x00, 0x00, 0x00, 0x01, 0x00, 0x00, 0x00, 0x00, 0x00, 0x00, 0x00, 0x00, 0x00, 0x00, 0x00, 0x00, 0x00, 0x00, 0x00, 0x00, 0x00, 0x00, 0x00, 0x00,
    0x00, 0x00, 0x00, 0x00, 0x00, 0x00, 0x00, 0x00, 0x00, 0x00, 0x00, 0x00, 0x00, 0x00, 0x00, 0x00, 0x00, 0x00, 0x00, 0x00, 0x00, 0x00, 0x00, 0x00,
    0x00, 0x00, 0x00, 0x00, 0x00, 0x00, 0x00, 0x00, 0x00, 0x00, 0x00, 0x00, 0x00, 0x00, 0x00, 0x00, 0x00, 0x00, 0x00, 0x00, 0x00, 0x00, 0x00, 0x00,
    0x00, 0x00, 0x00, 0x00, 0x00, 0x00, 0x00, 0x00, 0x00, 0x00, 0x00, 0x00, 0x00, 0x00, 0x00, 0x00, 0x00, 0x00, 0x00, 0x00, 0x00, 0x00, 0x00, 0x00,
    0x00, 0x00, 0x00, 0x00, 0x00, 0x00, 0x00, 0x00, 0x00, 0x00, 0x00, 0x00, 0x00, 0x00, 0x00, 0x00, 0x00, 0x00, 0x00, 0x00, 0x00, 0x00, 0x00, 0x00,
    0x00, 0x00, 0x00, 0x00, 0x00, 0x00, 0x00, 0x00, 0x00, 0x00, 0x00, 0x00, 0x00, 0x00, 0x00, 0x00, 0x00, 0x00, 0x00, 0x00, 0x00, 0x00, 0x00, 0x00,
    0x00, 0x00, 0x00, 0x00, 0x00, 0x00, 0x00, 0x00, 0x00, 0x00, 0x00, 0x00, 0x00, 0x00, 0x00, 0x00, 0x00, 0x00, 0x00, 0x00, 0x00, 0x00, 0x00, 0x00,
    0x00, 0x00, 0x00, 0x00, 0x00, 0x00, 0x00, 0x00, 0x00, 0x00, 0x00, 0x00, 0x00, 0x00, 0x00, 0x00, 0x00, 0x00, 0x00, 0x00, 0x00, 0x00, 0x00, 0x00,
    0x00, 0x00, 0x00, 0x00, 0x00, 0x00, 0x00, 0x00, 0x00, 0x00, 0x00, 0x00, 0x00, 0x00, 0x00, 0x00, 0x00, 0x00, 0x00, 0x00, 0x00, 0x00, 0x00, 0x00,
    0x00, 0x00, 0x00, 0x00, 0x00, 0x00, 0x00, 0x00, 0x00, 0x00, 0x00, 0x00, 0x00, 0x00, 0x00, 0x00, 0x00, 0x00, 0x00, 0x00, 0x00, 0x00, 0x00, 0x00,
    0x00, 0x00, 0x00, 0x00, 0x00, 0x00, 0x00, 0x00, 0x00, 0x00, 0x00, 0x00, 0x00, 0x00, 0x00, 0x00, 0x00, 0x00, 0x00, 0x00, 0x00, 0x00, 0x00, 0x00,
    0x00, 0x00, 0x00, 0x00, 0x00, 0x00, 0x00, 0x00, 0x00, 0x00, 0x00, 0x00, 0x00, 0x00, 0x00, 0x00, 0x00, 0x00, 0x00, 0x00, 0x00, 0x00, 0x00, 0x00,
    0x00, 0x00, 0x00, 0x00, 0x00, 0x00, 0x00, 0x00, 0x00, 0x00, 0x00, 0x00, 0x00, 0x00, 0x00, 0x00, 0x00, 0x00, 0x00, 0x00, 0x00, 0x00, 0x00, 0x00,
    0x00, 0x00, 0x00, 0x00, 0x00, 0x00, 0x00, 0x00, 0x00, 0x00, 0x00, 0x00, 0x00, 0x00, 0x00, 0x00, 0x00, 0x00, 0x00, 0x00, 0x00, 0x00, 0x00, 0x00,
    0x00, 0x00, 0x00, 0x00, 0x00, 0x00, 0x00, 0x00, 0x00, 0x00, 0x00, 0x00, 0x00, 0x00, 0x00, 0x00, 0x00, 0x00, 0x00, 0x00, 0x00, 0x00, 0x00, 0x00,
    0x00, 0x00, 0x00, 0x00, 0x00, 0x00, 0x00, 0x00, 0x00, 0x00, 0x00, 0x00, 0x00, 0x00, 0x00, 0x00, 0x00, 0x00, 0x00, 0x00, 0x00, 0x00, 0x00, 0x00,
    0x00, 0x00, 0x00, 0x00, 0x00, 0x00, 0x00, 0x00, 0x00, 0x00, 0x00, 0x00, 0x00, 0x00, 0x00, 0x00, 0x00, 0x00, 0x00, 0x00, 0x00, 0x00, 0x00, 0x00,
    0x00, 0x00, 0x00, 0x00, 0x00, 0x00, 0x00, 0x00, 0x00, 0x00, 0x00, 0x00, 0x00, 0x00, 0x00, 0x00, 0x00, 0x00, 0x00, 0x00, 0x00, 0x00, 0x00, 0x00,
    0x00, 0x00, 0x00, 0x00, 0x00, 0x00, 0x00, 0x00, 0x00, 0x00, 0x00, 0x00, 0x00, 0x00, 0x00, 0x00, 0x00, 0x00, 0x00, 0x00, 0x00, 0x00, 0x00, 0x00,
    0x00, 0x00, 0x00, 0x00, 0x00, 0x00, 0x00, 0x00, 0x00, 0x00, 0x00, 0x00, 0x00, 0x00, 0x00, 0x00, 0x00, 0x00, 0x00, 0x00, 0x00, 0x00, 0x00, 0x00,
    0x00, 0x00, 0x00, 0x00, 0x00, 0x00, 0x00, 0x00, 0x00, 0x00, 0x00, 0x00, 0x00, 0x00, 0x00, 0x00, 0x00, 0x00, 0x00, 0x00, 0x00, 0x00, 0x00, 0x00,
    0x00, 0x00, 0x00, 0x00, 0x00, 0x00, 0x00, 0x00, 0x00, 0x00, 0x00, 0x00, 0x00, 0x00, 0x00, 0x00, 0x00, 0x00, 0x00, 0x00, 0x00, 0x00, 0x00, 0x00,
    0x00, 0x00, 0x00, 0x00, 0x00, 0x00, 0x00, 0x00, 0x00, 0x00, 0x00, 0x00, 0x00, 0x00, 0x00, 0x00, 0x00, 0x00, 0x00, 0x00, 0x00, 0x00, 0x00, 0x00,
    0x00, 0x00, 0x00, 0x00, 0x00, 0x00, 0x00, 0x00, 0x00, 0x00, 0x00, 0x00, 0x00, 0x00, 0x00, 0x00, 0x00, 0x00, 0x00, 0x00, 0x00, 0x00, 0x00, 0x00,
    0x00, 0x00, 0x00, 0x00, 0x00, 0x00, 0x00, 0x00, 0x00, 0x00, 0x00, 0x00, 0x00, 0x00, 0x00, 0x00, 0x00, 0x00, 0x00, 0x00, 0x00, 0x00, 0x00, 0x00,
    0x00, 0x00, 0x00, 0x00, 0x00, 0x00, 0x00, 0x00, 0x00, 0x00, 0x00, 0x00, 0x00, 0x00, 0x00, 0x00, 0x00, 0x00, 0x00, 0x00, 0x00, 0x00, 0x00, 0x00,
    0x00, 0x00, 0x00, 0x00, 0x00, 0x00, 0x00, 0x00, 0x00, 0x00, 0x00, 0x00, 0x00, 0x00, 0x00, 0x00, 0x00, 0x00, 0x00, 0x00, 0x00, 0x00, 0x00, 0x00,
};
inline constexpr std::array<std::uint8_t, 9216> flak_chestpiece = {
    0x00, 0x00, 0x00, 0x00, 0x00, 0x00, 0x00, 0x00, 0x00, 0x00, 0x00, 0x00, 0x00, 0x00, 0x00, 0x00, 0x00, 0x00, 0x00, 0x00, 0x00, 0x00, 0x00, 0x00,
    0x00, 0x00, 0x00, 0x00, 0x00, 0x00, 0x00, 0x00, 0x00, 0x00, 0x00, 0x00, 0x00, 0x00, 0x00, 0x00, 0x00, 0x00, 0x00, 0x00, 0x00, 0x00, 0x00, 0x00,
    0x00, 0x00, 0x00, 0x00, 0x00, 0x00, 0x00, 0x00, 0x00, 0x00, 0x00, 0x00, 0x00, 0x00, 0x00, 0x00, 0x00, 0x00, 0x00, 0x00, 0x00, 0x00, 0x00, 0x00,
    0x00, 0x00, 0x00, 0x00, 0x00, 0x00, 0x00, 0x00, 0x00, 0x00, 0x00, 0x00, 0x00, 0x00, 0x00, 0x00, 0x00, 0x00, 0x00, 0x00, 0x00, 0x00, 0x00, 0x00,
    0x00, 0x00, 0x00, 0x00, 0x00, 0x00, 0x00, 0x00, 0x00, 0x00, 0x00, 0x00, 0x00, 0x00, 0x00, 0x00, 0x00, 0x00, 0x00, 0x00, 0x00, 0x00, 0x00, 0x00,
    0x00, 0x00, 0x00, 0x00, 0x00, 0x00, 0x00, 0x00, 0x00, 0x00, 0x00, 0x00, 0x00, 0x00, 0x00, 0x00, 0x00, 0x00, 0x00, 0x00, 0x00, 0x00, 0x00, 0x00,
    0x00, 0x00, 0x00, 0x00, 0x00, 0x00, 0x00, 0x00, 0x00, 0x00, 0x00, 0x00, 0x00, 0x00, 0x00, 0x00, 0x00, 0x00, 0x00, 0x00, 0x00, 0x00, 0x00, 0x00,
    0x00, 0x00, 0x00, 0x00, 0x00, 0x00, 0x00, 0x00, 0x00, 0x00, 0x00, 0x00, 0x00, 0x00, 0x00, 0x00, 0x00, 0x00, 0x00, 0x00, 0x00, 0x00, 0x00, 0x00,
    0x00, 0x00, 0x00, 0x00, 0x00, 0x00, 0x00, 0x00, 0x00, 0x00, 0x00, 0x00, 0x00, 0x00, 0x00, 0x00, 0x00, 0x00, 0x00, 0x00, 0x00, 0x00, 0x00, 0x00,
    0x00, 0x00, 0x00, 0x00, 0x00, 0x00, 0x00, 0x00, 0x00, 0x00, 0x00, 0x00, 0x00, 0x00, 0x00, 0x00, 0x00, 0x00, 0x00, 0x00, 0x00, 0x00, 0x00, 0x00,
    0x00, 0x00, 0x00, 0x00, 0x00, 0x00, 0x00, 0x00, 0x00, 0x00, 0x00, 0x00, 0x00, 0x00, 0x00, 0x00, 0x00, 0x00, 0x00, 0x00, 0x00, 0x00, 0x00, 0x00,
    0x00, 0x00, 0x00, 0x00, 0x00, 0x00, 0x00, 0x00, 0x00, 0x00, 0x00, 0x00, 0x00, 0x00, 0x00, 0x00, 0x00, 0x00, 0x00, 0x00, 0x00, 0x00, 0x00, 0x00,
    0x00, 0x00, 0x00, 0x00, 0x00, 0x00, 0x00, 0x00, 0x00, 0x00, 0x00, 0x00, 0x00, 0x00, 0x00, 0x00, 0x00, 0x00, 0x00, 0x00, 0x00, 0x00, 0x00, 0x00,
    0x00, 0x00, 0x00, 0x00, 0x00, 0x00, 0x00, 0x00, 0x00, 0x00, 0x00, 0x00, 0x00, 0x00, 0x00, 0x00, 0x00, 0x00, 0x00, 0x00, 0x00, 0x00, 0x00, 0x00,
    0x00, 0x00, 0x00, 0x00, 0x00, 0x00, 0x00, 0x00, 0x00, 0x00, 0x00, 0x00, 0x00, 0x00, 0x00, 0x00, 0x00, 0x00, 0x00, 0x00, 0x00, 0x00, 0x00, 0x00,
    0x00, 0x00, 0x00, 0x00, 0x00, 0x00, 0x00, 0x00, 0x00, 0x00, 0x00, 0x00, 0x00, 0x00, 0x00, 0x00, 0x00, 0x00, 0x00, 0x00, 0x00, 0x00, 0x00, 0x00,
    0x00, 0x00, 0x00, 0x00, 0x00, 0x00, 0x00, 0x00, 0x00, 0x00, 0x00, 0x00, 0x00, 0x00, 0x00, 0x00, 0x00, 0x00, 0x00, 0x00, 0x00, 0x00, 0x00, 0x00,
    0x00, 0x00, 0x00, 0x00, 0x00, 0x00, 0x00, 0x00, 0x00, 0x00, 0x00, 0x00, 0x00, 0x00, 0x00, 0x00, 0x00, 0x00, 0x00, 0x00, 0x00, 0x00, 0x00, 0x00,
    0x00, 0x00, 0x00, 0x00, 0x00, 0x00, 0x00, 0x00, 0x00, 0x00, 0x00, 0x00, 0x00, 0x00, 0x00, 0x00, 0x00, 0x00, 0x00, 0x00, 0x00, 0x00, 0x00, 0x00,
    0x00, 0x00, 0x00, 0x00, 0x00, 0x00, 0x00, 0x00, 0x00, 0x00, 0x00, 0x00, 0x00, 0x00, 0x00, 0x00, 0x00, 0x00, 0x00, 0x00, 0x00, 0x00, 0x00, 0x00,
    0x00, 0x00, 0x00, 0x00, 0x00, 0x00, 0x00, 0x00, 0x00, 0x00, 0x00, 0x00, 0x00, 0x00, 0x00, 0x00, 0x00, 0x00, 0x00, 0x00, 0x00, 0x00, 0x00, 0x00,
    0x00, 0x00, 0x00, 0x00, 0x00, 0x00, 0x00, 0x00, 0x00, 0x00, 0x00, 0x00, 0x00, 0x00, 0x00, 0x00, 0x00, 0x00, 0x00, 0x00, 0x00, 0x00, 0x00, 0x00,
    0x00, 0x00, 0x00, 0x00, 0x00, 0x00, 0x00, 0x00, 0x00, 0x00, 0x00, 0x00, 0x00, 0x00, 0x00, 0x00, 0x00, 0x00, 0x00, 0x00, 0x00, 0x00, 0x00, 0x00,
    0x00, 0x00, 0x00, 0x00, 0x00, 0x00, 0x00, 0x00, 0x00, 0x00, 0x00, 0x00, 0x00, 0x00, 0x00, 0x00, 0x00, 0x00, 0x00, 0x00, 0x00, 0x00, 0x00, 0x00,
    0x00, 0x00, 0x00, 0x00, 0x00, 0x00, 0x00, 0x00, 0x00, 0x00, 0x00, 0x00, 0x00, 0x00, 0x00, 0x00, 0x00, 0x00, 0x00, 0x00, 0x00, 0x00, 0x00, 0x00,
    0x00, 0x00, 0x00, 0x00, 0x00, 0x00, 0x00, 0x00, 0x00, 0x00, 0x00, 0x00, 0x00, 0x00, 0x00, 0x00, 0x00, 0x00, 0x00, 0x00, 0x00, 0x00, 0x00, 0x00,
    0x00, 0x00, 0x00, 0x00, 0x00, 0x00, 0x00, 0x00, 0x00, 0x00, 0x00, 0x00, 0x00, 0x00, 0x00, 0x00, 0x00, 0x00, 0x00, 0x00, 0x00, 0x00, 0x00, 0x00,
    0x00, 0x00, 0x00, 0x00, 0x00, 0x00, 0x00, 0x00, 0x00, 0x00, 0x00, 0x00, 0x00, 0x00, 0x00, 0x00, 0x00, 0x00, 0x00, 0x00, 0x00, 0x00, 0x00, 0x00,
    0x00, 0x00, 0x00, 0x00, 0x00, 0x00, 0x00, 0x00, 0x00, 0x00, 0x00, 0x00, 0x00, 0x00, 0x00, 0x00, 0x00, 0x00, 0x00, 0x00, 0x00, 0x00, 0x00, 0x00,
    0x00, 0x00, 0x00, 0x00, 0x00, 0x00, 0x00, 0x00, 0x00, 0x00, 0x00, 0x00, 0x00, 0x00, 0x00, 0x00, 0x00, 0x00, 0x00, 0x00, 0x00, 0x00, 0x00, 0x00,
    0x00, 0x00, 0x00, 0x00, 0x00, 0x00, 0x00, 0x00, 0x00, 0x00, 0x00, 0x00, 0x00, 0x00, 0x00, 0x00, 0x00, 0x00, 0x00, 0x00, 0x00, 0x00, 0x00, 0x00,
    0x00, 0x00, 0x00, 0x00, 0x00, 0x00, 0x00, 0x00, 0x00, 0x00, 0x00, 0x00, 0x00, 0x00, 0x00, 0x00, 0x00, 0x00, 0x00, 0x00, 0x00, 0x00, 0x00, 0x00,
    0x00, 0x00, 0x00, 0x00, 0x00, 0x00, 0x00, 0x00, 0x00, 0x00, 0x00, 0x00, 0x00, 0x00, 0x00, 0x00, 0x00, 0x00, 0x00, 0x00, 0x00, 0x00, 0x00, 0x00,
    0x00, 0x00, 0x00, 0x00, 0x00, 0x00, 0x00, 0x00, 0x00, 0x00, 0x00, 0x00, 0x00, 0x00, 0x00, 0x00, 0x00, 0x00, 0x00, 0x00, 0x00, 0x00, 0x00, 0x00,
    0x00, 0x00, 0x00, 0x00, 0x00, 0x00, 0x00, 0x00, 0x00, 0x00, 0x00, 0x00, 0x00, 0x00, 0x00, 0x00, 0x00, 0x00, 0x00, 0x00, 0x00, 0x00, 0x00, 0x00,
    0x00, 0x00, 0x00, 0x00, 0x00, 0x00, 0x00, 0x00, 0x00, 0x00, 0x00, 0x00, 0x00, 0x00, 0x00, 0x00, 0x00, 0x00, 0x00, 0x00, 0x00, 0x00, 0x00, 0x00,
    0x00, 0x00, 0x00, 0x00, 0x00, 0x00, 0x00, 0x00, 0x00, 0x00, 0x00, 0x00, 0x00, 0x00, 0x00, 0x00, 0x00, 0x00, 0x00, 0x00, 0x00, 0x00, 0x00, 0x00,
    0x00, 0x00, 0x00, 0x00, 0x00, 0x00, 0x00, 0x00, 0x00, 0x00, 0x00, 0x00, 0x00, 0x00, 0x00, 0x00, 0x00, 0x00, 0x00, 0x00, 0x00, 0x00, 0x00, 0x00,
    0x00, 0x00, 0x00, 0x00, 0x00, 0x00, 0x00, 0x00, 0x00, 0x00, 0x00, 0x00, 0x00, 0x00, 0x00, 0x00, 0x00, 0x00, 0x00, 0x00, 0x00, 0x00, 0x00, 0x00,
    0x00, 0x00, 0x00, 0x00, 0x00, 0x00, 0x00, 0x00, 0x00, 0x00, 0x00, 0x00, 0x00, 0x00, 0x00, 0x00, 0x00, 0x00, 0x00, 0x00, 0x00, 0x00, 0x00, 0x00,
    0x00, 0x00, 0x00, 0x00, 0x00, 0x00, 0x00, 0x00, 0x00, 0x00, 0x00, 0x00, 0x00, 0x00, 0x00, 0x00, 0x00, 0x00, 0x00, 0x00, 0x00, 0x00, 0x00, 0x00,
    0x00, 0x00, 0x00, 0x00, 0x00, 0x00, 0x00, 0x00, 0x00, 0x00, 0x00, 0x00, 0x00, 0x00, 0x00, 0x00, 0x00, 0x00, 0x00, 0x00, 0x00, 0x00, 0x00, 0x00,
    0x00, 0x00, 0x00, 0x00, 0x00, 0x00, 0x00, 0x00, 0x00, 0x00, 0x00, 0x00, 0x00, 0x00, 0x00, 0x00, 0x00, 0x00, 0x00, 0x00, 0x00, 0x00, 0x00, 0x00,
    0x00, 0x00, 0x00, 0x00, 0x00, 0x00, 0x00, 0x00, 0x00, 0x00, 0x00, 0x00, 0x00, 0x00, 0x00, 0x00, 0x00, 0x00, 0x00, 0x00, 0x00, 0x00, 0x00, 0x00,
    0x00, 0x00, 0x00, 0x00, 0x00, 0x00, 0x00, 0x00, 0x00, 0x00, 0x00, 0x00, 0x00, 0x00, 0x00, 0x00, 0x00, 0x00, 0x00, 0x00, 0x00, 0x00, 0x00, 0x00,
    0x00, 0x00, 0x00, 0x00, 0x00, 0x00, 0x00, 0x00, 0x00, 0x00, 0x00, 0x00, 0x00, 0x00, 0x00, 0x00, 0x00, 0x00, 0x00, 0x00, 0x00, 0x00, 0x00, 0x00,
    0x00, 0x00, 0x00, 0x00, 0x00, 0x00, 0x00, 0x00, 0x00, 0x00, 0x00, 0x00, 0x00, 0x00, 0x00, 0x00, 0x00, 0x00, 0x00, 0x00, 0x00, 0x00, 0x00, 0x00,
    0x00, 0x00, 0x00, 0x00, 0x00, 0x00, 0x00, 0x00, 0x00, 0x00, 0x00, 0x00, 0x00, 0x00, 0x00, 0x00, 0x00, 0x00, 0x00, 0x00, 0x00, 0x00, 0x00, 0x00,
    0x00, 0x00, 0x00, 0x00, 0x00, 0x00, 0x00, 0x00, 0x00, 0x00, 0x00, 0x00, 0x00, 0x00, 0x00, 0x00, 0x00, 0x00, 0x00, 0x00, 0x00, 0x00, 0x00, 0x00,
    0x00, 0x00, 0x00, 0x00, 0x00, 0x00, 0x00, 0x00, 0x00, 0x00, 0x00, 0x00, 0x00, 0x00, 0x00, 0x00, 0x00, 0x00, 0x00, 0x00, 0x00, 0x00, 0x00, 0x00,
    0x00, 0x00, 0x00, 0x00, 0x00, 0x00, 0x00, 0x00, 0x00, 0x00, 0x00, 0x00, 0x00, 0x00, 0x00, 0x01, 0x55, 0x55, 0x55, 0x03, 0x3F, 0x3F, 0x3F, 0x04,
    0x00, 0x00, 0x00, 0x01, 0x00, 0x00, 0x00, 0x00, 0x00, 0x00, 0x00, 0x00, 0x00, 0x00, 0x00, 0x00, 0x1C, 0x1C, 0x1C, 0x09, 0x00, 0x13, 0x13, 0x0D,
    0x00, 0x00, 0x00, 0x00, 0x00, 0x00, 0x00, 0x00, 0x00, 0x00, 0x00, 0x00, 0x00, 0x00, 0x00, 0x00, 0x00, 0x00, 0x00, 0x00, 0x00, 0x00, 0x00, 0x00,
    0x00, 0x00, 0x00, 0x00, 0x00, 0x00, 0x00, 0x00, 0x00, 0x3F, 0x3F, 0x04, 0x00, 0x00, 0x00, 0x03, 0x00, 0x00, 0x00, 0x00, 0x00, 0x00, 0x00, 0x00,
    0x00, 0x00, 0x00, 0x00, 0x00, 0x00, 0x00, 0x00, 0x00, 0x00, 0x00, 0x00, 0x00, 0x00, 0x00, 0x00, 0x00, 0x00, 0x00, 0x00, 0x00, 0x00, 0x00, 0x00,
    0x00, 0x00, 0x00, 0x00, 0x00, 0x00, 0x00, 0x00, 0x00, 0x00, 0x00, 0x00, 0x00, 0x00, 0x00, 0x00, 0x00, 0x00, 0x00, 0x00, 0x00, 0x00, 0x00, 0x00,
    0x00, 0x00, 0x00, 0x00, 0x00, 0x00, 0x00, 0x00, 0x00, 0x00, 0x00, 0x00, 0x00, 0x00, 0x00, 0x00, 0x00, 0x00, 0x00, 0x00, 0x00, 0x00, 0x00, 0x00,
    0x00, 0x00, 0x00, 0x00, 0x00, 0x00, 0x00, 0x00, 0x00, 0x00, 0x00, 0x00, 0x00, 0x00, 0x00, 0x00, 0x00, 0x00, 0x00, 0x00, 0x00, 0x00, 0x00, 0x00,
    0x00, 0x00, 0x00, 0x00, 0x00, 0x00, 0x00, 0x00, 0x7F, 0x7F, 0x7F, 0x02, 0x00, 0x00, 0x00, 0x00, 0x00, 0x00, 0x00, 0x00, 0x00, 0x00, 0x00, 0x00,
    0x00, 0x00, 0x00, 0x00, 0x00, 0x03, 0x03, 0x49, 0x00, 0x00, 0x00, 0x65, 0x05, 0x07, 0x0C, 0x63, 0x0C, 0x11, 0x14, 0xCF, 0x12, 0x15, 0x1B, 0xDF,
    0x21, 0x22, 0x28, 0xB8, 0x3A, 0x3D, 0x46, 0x99, 0x50, 0x54, 0x60, 0x7F, 0x51, 0x55, 0x5F, 0x6E, 0x56, 0x5B, 0x60, 0x64, 0x6A, 0x70, 0x78, 0x5D,
    0x72, 0x74, 0x7F, 0x60, 0x5D, 0x5D, 0x6B, 0x26, 0x00, 0x00, 0x00, 0x00, 0x00, 0x00, 0x00, 0x00, 0x55, 0x55, 0x55, 0x03, 0x7F, 0x7F, 0x7F, 0x02,
    0x00, 0x00, 0x00, 0x00, 0x00, 0x00, 0x00, 0x00, 0x00, 0x00, 0x00, 0x00, 0x00, 0x00, 0x00, 0x00, 0x00, 0x00, 0x00, 0x00, 0x00, 0x00, 0x00, 0x00,
    0x00, 0x00, 0x00, 0x00, 0x00, 0x00, 0x00, 0x00, 0x00, 0x00, 0x00, 0x00, 0x00, 0x00, 0x00, 0x00, 0x00, 0x00, 0x00, 0x00, 0x00, 0x00, 0x00, 0x00,
    0x00, 0x00, 0x00, 0x00, 0x00, 0x00, 0x00, 0x00, 0x00, 0x00, 0x00, 0x00, 0x00, 0x00, 0x00, 0x00, 0x00, 0x00, 0x00, 0x00, 0x00, 0x00, 0x00, 0x00,
    0x00, 0x00, 0x00, 0x00, 0x00, 0x00, 0x00, 0x00, 0x00, 0x00, 0x00, 0x00, 0x00, 0x00, 0x00, 0x00, 0x00, 0x00, 0x00, 0x00, 0x00, 0x00, 0x00, 0x00,
    0x00, 0x00, 0x00, 0x00, 0x00, 0x55, 0x55, 0x03, 0x00, 0x00, 0x00, 0x00, 0xFF, 0xFF, 0xFF, 0x01, 0x60, 0x68, 0x7A, 0x47, 0x50, 0x55, 0x65, 0x99,
    0x30, 0x34, 0x3D, 0xBC, 0x15, 0x16, 0x17, 0xFF, 0x2C, 0x2C, 0x29, 0xFF, 0x1A, 0x16, 0x19, 0xFF, 0x24, 0x26, 0x26, 0xFF, 0x15, 0x1A, 0x1F, 0xFF,
    0x23, 0x25, 0x31, 0xFF, 0x30, 0x34, 0x45, 0xFF, 0x34, 0x3B, 0x4B, 0xFF, 0x45, 0x4F, 0x62, 0xFF, 0x69, 0x73, 0x86, 0xFF, 0x95, 0x9E, 0xAE, 0xFF,
    0x87, 0x8F, 0x9F, 0xFF, 0x50, 0x57, 0x68, 0xDB, 0x11, 0x15, 0x19, 0x78, 0x00, 0x00, 0x00, 0x46, 0x00, 0x00, 0x00, 0x00, 0x00, 0x00, 0x00, 0x00,
    0x55, 0x55, 0xAA, 0x03, 0xFF, 0xFF, 0xFF, 0x01, 0x00, 0x00, 0x00, 0x00, 0x00, 0x00, 0x00, 0x00, 0x00, 0x00, 0x00, 0x00, 0x00, 0x00, 0x00, 0x00,
    0x00, 0x00, 0x00, 0x00, 0x00, 0x00, 0x00, 0x00, 0x00, 0x00, 0x00, 0x00, 0x00, 0x00, 0x00, 0x00, 0x00, 0x00, 0x00, 0x00, 0x00, 0x00, 0x00, 0x00,
    0x00, 0x00, 0x00, 0x00, 0x00, 0x00, 0x00, 0x00, 0x00, 0x00, 0x00, 0x00, 0x00, 0x00, 0x00, 0x00, 0x00, 0x00, 0x00, 0x00, 0x00, 0x00, 0x00, 0x00,
    0x00, 0x00, 0x00, 0x00, 0x00, 0x00, 0x00, 0x00, 0x00, 0x00, 0x00, 0x00, 0x00, 0x00, 0x00, 0x00, 0x00, 0x00, 0x00, 0x00, 0x00, 0x00, 0x00, 0x00,
    0x00, 0x00, 0x7F, 0x02, 0x00, 0x00, 0x00, 0x00, 0x66, 0x6A, 0x7B, 0x3C, 0x4E, 0x57, 0x68, 0xC4, 0x48, 0x51, 0x68, 0xFF, 0x49, 0x50, 0x68, 0xFF,
    0x3B, 0x41, 0x53, 0xFF, 0x33, 0x38, 0x43, 0xFE, 0x39, 0x3B, 0x42, 0xFC, 0x2C, 0x28, 0x26, 0xFC, 0x1A, 0x1B, 0x19, 0xFD, 0x12, 0x19, 0x1F, 0xFE,
    0x1B, 0x1E, 0x2B, 0xFC, 0x26, 0x26, 0x39, 0xFB, 0x34, 0x38, 0x4F, 0xFB, 0x3A, 0x43, 0x5D, 0xFC, 0x46, 0x50, 0x69, 0xFC, 0x6C, 0x77, 0x8B, 0xFC,
    0x70, 0x7B, 0x8C, 0xFC, 0x57, 0x61, 0x72, 0xFF, 0x3D, 0x44, 0x4C, 0xFF, 0x23, 0x24, 0x21, 0xFF, 0x55, 0x4F, 0x47, 0x93, 0x40, 0x45, 0x4A, 0x37,
    0x00, 0x00, 0x00, 0x00, 0x00, 0x00, 0x00, 0x00, 0x00, 0x00, 0x00, 0x01, 0x00, 0x00, 0x00, 0x00, 0x00, 0x00, 0x00, 0x00, 0x00, 0x00, 0x00, 0x00,
    0x00, 0x00, 0x00, 0x00, 0x00, 0x00, 0x00, 0x00, 0x00, 0x00, 0x00, 0x00, 0x00, 0x00, 0x00, 0x00, 0x00, 0x00, 0x00, 0x00, 0x00, 0x00, 0x00, 0x00,
    0x00, 0x00, 0x00, 0x00, 0x00, 0x00, 0x00, 0x00, 0x00, 0x00, 0x00, 0x00, 0x00, 0x00, 0x00, 0x00, 0x00, 0x00, 0x00, 0x00, 0x00, 0x00, 0x00, 0x00,
    0x00, 0x00, 0x00, 0x00, 0x00, 0x00, 0x00, 0x00, 0x00, 0x00, 0x00, 0x00, 0x00, 0x00, 0x00, 0x00, 0x00, 0x00, 0x00, 0x00, 0x7F, 0x7F, 0x7F, 0x02,
    0x00, 0x00, 0x00, 0x00, 0x3A, 0x3E, 0x4B, 0x4E, 0x3F, 0x45, 0x57, 0xFA, 0x4E, 0x58, 0x6E, 0xFF, 0x6D, 0x78, 0x91, 0xFD, 0x6C, 0x75, 0x8D, 0xFB,
    0x53, 0x5D, 0x73, 0xFC, 0x44, 0x4E, 0x61, 0xFF, 0x32, 0x39, 0x48, 0xFF, 0x1B, 0x1F, 0x28, 0xFF, 0x0F, 0x13, 0x1B, 0xFF, 0x0F, 0x14, 0x1E, 0xFF,
    0x0F, 0x15, 0x1D, 0xFF, 0x18, 0x1B, 0x2A, 0xFF, 0x24, 0x29, 0x3E, 0xFF, 0x32, 0x3B, 0x53, 0xFF, 0x3B, 0x45, 0x5D, 0xFF, 0x45, 0x50, 0x63, 0xFF,
    0x48, 0x53, 0x65, 0xFF, 0x30, 0x3A, 0x4C, 0xFE, 0x1D, 0x24, 0x33, 0xFB, 0x21, 0x23, 0x2A, 0xFE, 0x2F, 0x32, 0x33, 0xFF, 0x37, 0x3D, 0x4A, 0xFD,
    0x5C, 0x64, 0x71, 0xA0, 0x7F, 0x8F, 0x8F, 0x10, 0x00, 0x00, 0x00, 0x01, 0xFF, 0xFF, 0xFF, 0x01, 0x00, 0x00, 0x00, 0x00, 0x00, 0x00, 0x00, 0x00,
    0x00, 0x00, 0x00, 0x00, 0x00, 0x00, 0x00, 0x00, 0x00, 0x00, 0x00, 0x00, 0x00, 0x00, 0x00, 0x00, 0x00, 0x00, 0x00, 0x00, 0x00, 0x00, 0x00, 0x00,
    0x00, 0x00, 0x00, 0x00, 0x00, 0x00, 0x00, 0x00, 0x00, 0x00, 0x00, 0x00, 0x00, 0x00, 0x00, 0x00, 0x00, 0x00, 0x00, 0x00, 0x00, 0x00, 0x00, 0x00,
    0x00, 0x00, 0x00, 0x00, 0x00, 0x00, 0x00, 0x00, 0x00, 0x00, 0x00, 0x00, 0x00, 0x00, 0x00, 0x00, 0x00, 0x00, 0x00, 0x02, 0x00, 0x00, 0x00, 0x01,
    0x1B, 0x1B, 0x2C, 0x2E, 0x29, 0x2D, 0x3D, 0xF5, 0x3F, 0x45, 0x58, 0xFF, 0x5E, 0x67, 0x7C, 0xFB, 0x63, 0x71, 0x86, 0xFF, 0x65, 0x70, 0x84, 0xFF,
    0x57, 0x61, 0x78, 0xFF, 0x47, 0x52, 0x64, 0xFF, 0x27, 0x30, 0x3A, 0xFF, 0x1C, 0x21, 0x29, 0xFF, 0x13, 0x17, 0x20, 0xFF, 0x0E, 0x13, 0x1E, 0xFF,
    0x10, 0x17, 0x20, 0xFF, 0x1D, 0x24, 0x31, 0xFF, 0x32, 0x3A, 0x4C, 0xFF, 0x3B, 0x46, 0x5C, 0xFF, 0x38, 0x42, 0x5A, 0xFF, 0x3F, 0x49, 0x60, 0xFF,
    0x5C, 0x67, 0x7C, 0xFF, 0x59, 0x64, 0x79, 0xFF, 0x38, 0x41, 0x59, 0xFF, 0x1A, 0x25, 0x38, 0xFF, 0x10, 0x17, 0x24, 0xFB, 0x36, 0x3C, 0x4B, 0xFD,
    0x7E, 0x88, 0x9B, 0xFF, 0x92, 0x9A, 0xAE, 0xB5, 0x00, 0x00, 0x00, 0x02, 0x7F, 0x7F, 0x7F, 0x02, 0x00, 0x00, 0x00, 0x00, 0x00, 0x00, 0x00, 0x00,
    0x00, 0x00, 0x00, 0x00, 0x00, 0x00, 0x00, 0x00, 0x00, 0x00, 0x00, 0x00, 0x00, 0x00, 0x00, 0x00, 0x00, 0x00, 0x00, 0x00, 0x00, 0x00, 0x00, 0x00,
    0x00, 0x00, 0x00, 0x00, 0x00, 0x00, 0x00, 0x00, 0x00, 0x00, 0x00, 0x00, 0x00, 0x00, 0x00, 0x00, 0x00, 0x00, 0x00, 0x00, 0x00, 0x00, 0x00, 0x00,
    0x00, 0x00, 0x00, 0x00, 0x00, 0x00, 0x00, 0x00, 0x00, 0x00, 0x00, 0x00, 0x00, 0x00, 0x00, 0x00, 0x00, 0x00, 0x00, 0x02, 0x00, 0x00, 0x00, 0x00,
    0x11, 0x14, 0x1D, 0xAE, 0x24, 0x28, 0x36, 0xFF, 0x44, 0x49, 0x5A, 0xFB, 0x60, 0x68, 0x7B, 0xFF, 0x63, 0x70, 0x82, 0xFF, 0x69, 0x74, 0x87, 0xFF,
    0x5B, 0x64, 0x79, 0xFF, 0x52, 0x5B, 0x71, 0xFF, 0x57, 0x5C, 0x71, 0xFF, 0x10, 0x14, 0x16, 0xFF, 0x00, 0x00, 0x00, 0xFF, 0x0C, 0x10, 0x15, 0xFF,
    0x20, 0x27, 0x34, 0xFF, 0x34, 0x3C, 0x4A, 0xFF, 0x3A, 0x43, 0x54, 0xFF, 0x3E, 0x48, 0x5D, 0xFF, 0x49, 0x53, 0x68, 0xFF, 0x5D, 0x67, 0x7D, 0xFF,
    0x77, 0x81, 0x98, 0xFF, 0x5D, 0x69, 0x7F, 0xFF, 0x5E, 0x69, 0x83, 0xFF, 0x4B, 0x55, 0x6B, 0xFF, 0x23, 0x27, 0x2B, 0xFF, 0x13, 0x15, 0x1C, 0xFE,
    0x5C, 0x63, 0x7C, 0xFA, 0x8F, 0x9A, 0xB2, 0xFF, 0x7D, 0x87, 0x9B, 0x4D, 0x00, 0x00, 0x00, 0x00, 0xAA, 0xAA, 0xAA, 0x03, 0x00, 0x00, 0x00, 0x00,
    0x00, 0x00, 0x00, 0x00, 0x00, 0x00, 0x00, 0x00, 0x00, 0x00, 0x00, 0x00, 0x00, 0x00, 0x00, 0x00, 0x00, 0x00, 0x00, 0x00, 0x00, 0x00, 0x00, 0x00,
    0x00, 0x00, 0x00, 0x00, 0x00, 0x00, 0x00, 0x00, 0x00, 0x00, 0x00, 0x00, 0x00, 0x00, 0x00, 0x00, 0x00, 0x00, 0x00, 0x00, 0x00, 0x00, 0x00, 0x00,
    0x00, 0x00, 0x00, 0x00, 0x00, 0x00, 0x00, 0x00, 0x00, 0x00, 0x00, 0x00, 0x00, 0x00, 0x00, 0x02, 0x00, 0x00, 0x00, 0x00, 0x0D, 0x0D, 0x0D, 0x26,
    0x0D, 0x10, 0x14, 0xF8, 0x1E, 0x20, 0x2B, 0xFE, 0x3B, 0x40, 0x4E, 0xFE, 0x4E, 0x56, 0x67, 0xFF, 0x5B, 0x67, 0x77, 0xFF, 0x66, 0x72, 0x82, 0xFF,
    0x60, 0x6A, 0x7C, 0xFF, 0x5A, 0x64, 0x78, 0xFF, 0x54, 0x5B, 0x71, 0xFF, 0x1B, 0x1E, 0x28, 0xFF, 0x1A, 0x1C, 0x29, 0xFF, 0x22, 0x27, 0x37, 0xFF,
    0x1E, 0x25, 0x36, 0xFF, 0x27, 0x2F, 0x3F, 0xFF, 0x37, 0x40, 0x52, 0xFF, 0x5C, 0x66, 0x7A, 0xFF, 0x5C, 0x66, 0x78, 0xFF, 0x6D, 0x77, 0x89, 0xFF,
    0x7E, 0x89, 0x9C, 0xFF, 0x84, 0x8E, 0xA4, 0xFF, 0x70, 0x79, 0x92, 0xFF, 0x60, 0x6A, 0x83, 0xFF, 0x54, 0x5A, 0x6C, 0xFF, 0x31, 0x37, 0x40, 0xFF,
    0x43, 0x4E, 0x61, 0xFB, 0x69, 0x73, 0x8D, 0xFE, 0x6B, 0x74, 0x88, 0xA4, 0x00, 0x00, 0x00, 0x00, 0x55, 0x55, 0x55, 0x03, 0x00, 0x00, 0x00, 0x00,
    0x00, 0x00, 0x00, 0x00, 0x00, 0x00, 0x00, 0x00, 0x00, 0x00, 0x00, 0x00, 0x00, 0x00, 0x00, 0x00, 0x00, 0x00, 0x00, 0x00, 0x00, 0x00, 0x00, 0x00,
    0x00, 0x00, 0x00, 0x00, 0x00, 0x00, 0x00, 0x00, 0x00, 0x00, 0x00, 0x00, 0x00, 0x00, 0x00, 0x00, 0x00, 0x00, 0x00, 0x00, 0x00, 0x00, 0x00, 0x00,
    0x00, 0x00, 0x00, 0x00, 0x00, 0x00, 0x00, 0x00, 0x00, 0x00, 0x00, 0x00, 0x00, 0x00, 0x00, 0x04, 0x00, 0x00, 0x00, 0x00, 0x0E, 0x10, 0x10, 0x7B,
    0x0C, 0x0E, 0x10, 0xFF, 0x12, 0x15, 0x1D, 0xFB, 0x26, 0x2B, 0x3B, 0xFF, 0x3D, 0x43, 0x55, 0xFF, 0x4D, 0x56, 0x68, 0xFF, 0x5F, 0x6D, 0x7E, 0xFF,
    0x6C, 0x79, 0x8B, 0xFF, 0x65, 0x73, 0x85, 0xFF, 0x4A, 0x52, 0x62, 0xFF, 0x24, 0x28, 0x38, 0xFF, 0x20, 0x23, 0x3A, 0xFF, 0x1B, 0x1F, 0x34, 0xFF,
    0x23, 0x2A, 0x3A, 0xFF, 0x2A, 0x32, 0x43, 0xFF, 0x47, 0x50, 0x63, 0xFF, 0x5A, 0x65, 0x78, 0xFF, 0x6A, 0x74, 0x87, 0xFF, 0x72, 0x7D, 0x8F, 0xFF,
    0x89, 0x94, 0xA6, 0xFF, 0xAF, 0xBA, 0xCD, 0xFF, 0x91, 0x9B, 0xB0, 0xFF, 0x6F, 0x79, 0x90, 0xFF, 0x4C, 0x55, 0x6C, 0xFF, 0x43, 0x4B, 0x60, 0xFF,
    0x2C, 0x36, 0x49, 0xFD, 0x35, 0x3D, 0x51, 0xFF, 0x48, 0x50, 0x60, 0xDE, 0xB2, 0xB2, 0xB2, 0x0A, 0x00, 0x00, 0x00, 0x00, 0x00, 0x00, 0x00, 0x01,
    0x00, 0x00, 0x00, 0x00, 0x00, 0x00, 0x00, 0x00, 0x00, 0x00, 0x00, 0x00, 0x00, 0x00, 0x00, 0x00, 0x00, 0x00, 0x00, 0x00, 0x00, 0x00, 0x00, 0x00,
    0x00, 0x00, 0x00, 0x00, 0x00, 0x00, 0x00, 0x00, 0x00, 0x00, 0x00, 0x00, 0x00, 0x00, 0x00, 0x00, 0x00, 0x00, 0x00, 0x00, 0x00, 0x00, 0x00, 0x00,
    0x00, 0x00, 0x00, 0x00, 0x00, 0x00, 0x00, 0x00, 0x00, 0x00, 0x00, 0x00, 0x00, 0x00, 0x00, 0x01, 0x00, 0x00, 0x00, 0x01, 0x0D, 0x0E, 0x0E, 0xC2,
    0x0A, 0x0C, 0x0E, 0xFF, 0x0E, 0x10, 0x17, 0xFC, 0x15, 0x17, 0x23, 0xFF, 0x25, 0x26, 0x32, 0xFF, 0x38, 0x3B, 0x48, 0xFF, 0x4F, 0x59, 0x67, 0xFF,
    0x5F, 0x69, 0x76, 0xFF, 0x51, 0x59, 0x65, 0xFF, 0x2F, 0x35, 0x42, 0xFF, 0x1F, 0x24, 0x36, 0xFF, 0x19, 0x1D, 0x2D, 0xFF, 0x15, 0x1A, 0x28, 0xFF,
    0x1B, 0x22, 0x31, 0xFF, 0x2F, 0x36, 0x49, 0xFF, 0x42, 0x4B, 0x5F, 0xFF, 0x45, 0x50, 0x64, 0xFF, 0x66, 0x70, 0x85, 0xFF, 0x80, 0x8B, 0x9F, 0xFF,
    0x98, 0xA3, 0xB5, 0xFF, 0xB2, 0xBB, 0xCD, 0xFF, 0xA9, 0xB2, 0xC4, 0xFF, 0x86, 0x90, 0xA1, 0xFF, 0x65, 0x6D, 0x80, 0xFF, 0x4E, 0x55, 0x69, 0xFF,
    0x1C, 0x22, 0x30, 0xFE, 0x12, 0x19, 0x21, 0xFF, 0x24, 0x28, 0x31, 0xE7, 0x7F, 0x7F, 0x8F, 0x10, 0x00, 0x00, 0x00, 0x00, 0x00, 0x00, 0x00, 0x01,
    0x00, 0x00, 0x00, 0x00, 0x00, 0x00, 0x00, 0x00, 0x00, 0x00, 0x00, 0x00, 0x00, 0x00, 0x00, 0x00, 0x00, 0x00, 0x00, 0x00, 0x00, 0x00, 0x00, 0x00,
    0x00, 0x00, 0x00, 0x00, 0x00, 0x00, 0x00, 0x00, 0x00, 0x00, 0x00, 0x00, 0x00, 0x00, 0x00, 0x00, 0x00, 0x00, 0x00, 0x00, 0x00, 0x00, 0x00, 0x00,
    0x00, 0x00, 0x00, 0x00, 0x00, 0x00, 0x00, 0x00, 0x00, 0x00, 0x00, 0x01, 0x00, 0x00, 0x00, 0x00, 0x00, 0x00, 0x00, 0x0B, 0x08, 0x0A, 0x0A, 0xC8,
    0x06, 0x09, 0x0B, 0xFF, 0x05, 0x07, 0x0D, 0xFD, 0x0B, 0x09, 0x0E, 0xFF, 0x10, 0x0D, 0x12, 0xFF, 0x16, 0x14, 0x17, 0xFF, 0x1B, 0x1A, 0x1D, 0xFF,
    0x19, 0x19, 0x1B, 0xFF, 0x13, 0x13, 0x15, 0xFF, 0x19, 0x19, 0x24, 0xFF, 0x20, 0x22, 0x34, 0xFF, 0x0F, 0x15, 0x20, 0xFF, 0x12, 0x17, 0x22, 0xFF,
    0x15, 0x1A, 0x2A, 0xFF, 0x27, 0x2E, 0x41, 0xFF, 0x33, 0x3B, 0x4F, 0xFF, 0x41, 0x4B, 0x61, 0xFF, 0x5C, 0x66, 0x7B, 0xFF, 0x80, 0x8A, 0x9D, 0xFF,
    0xA2, 0xAD, 0xBC, 0xFF, 0xC1, 0xCA, 0xD8, 0xFF, 0xBF, 0xC8, 0xD5, 0xFF, 0xAA, 0xB3, 0xBF, 0xFF, 0x72, 0x78, 0x86, 0xFF, 0x46, 0x4A, 0x59, 0xFF,
    0x20, 0x24, 0x2B, 0xFD, 0x28, 0x2B, 0x2A, 0xFF, 0x28, 0x2A, 0x2B, 0xDA, 0x00, 0x00, 0x00, 0x08, 0x00, 0x00, 0x00, 0x02, 0x00, 0x00, 0x00, 0x02,
    0x00, 0x00, 0x00, 0x00, 0x00, 0x00, 0x00, 0x00, 0x00, 0x00, 0x00, 0x00, 0x00, 0x00, 0x00, 0x00, 0x00, 0x00, 0x00, 0x00, 0x00, 0x00, 0x00, 0x00,
    0x00, 0x00, 0x00, 0x00, 0x00, 0x00, 0x00, 0x00, 0x00, 0x00, 0x00, 0x00, 0x00, 0x00, 0x00, 0x00, 0x00, 0x00, 0x00, 0x00, 0x00, 0x00, 0x00, 0x00,
    0x00, 0x00, 0x00, 0x00, 0x00, 0x00, 0x00, 0x00, 0x00, 0x00, 0x00, 0x01, 0x00, 0x00, 0x7F, 0x02, 0x00, 0x00, 0x00, 0x00, 0x12, 0x14, 0x18, 0xC6,
    0x11, 0x13, 0x14, 0xFF, 0x14, 0x14, 0x17, 0xFD, 0x18, 0x13, 0x11, 0xFF, 0x30, 0x2B, 0x28, 0xFF, 0x2A, 0x23, 0x21, 0xFF, 0x24, 0x1F, 0x1C, 0xFF,
    0x23, 0x1F, 0x1B, 0xFF, 0x17, 0x15, 0x15, 0xFF, 0x1A, 0x17, 0x22, 0xFF, 0x13, 0x12, 0x1C, 0xFF, 0x0E, 0x11, 0x19, 0xFF, 0x0F, 0x11, 0x1D, 0xFF,
    0x16, 0x17, 0x25, 0xFF, 0x1D, 0x1F, 0x2D, 0xFF, 0x20, 0x24, 0x33, 0xFF, 0x3B, 0x41, 0x53, 0xFF, 0x5D, 0x64, 0x79, 0xFF, 0x7B, 0x83, 0x95, 0xFF,
    0x90, 0x98, 0xA7, 0xFF, 0x9A, 0xA3, 0xB0, 0xFF, 0x88, 0x91, 0x9C, 0xFF, 0x75, 0x7E, 0x89, 0xFF, 0x49, 0x50, 0x59, 0xFF, 0x1E, 0x20, 0x26, 0xFF,
    0x11, 0x0D, 0x11, 0xFF, 0x46, 0x41, 0x42, 0xFC, 0x46, 0x42, 0x43, 0xFF, 0x52, 0x50, 0x52, 0x8B, 0x00, 0x00, 0x00, 0x00, 0x00, 0x00, 0x00, 0x01,
    0x00, 0x00, 0x00, 0x01, 0x00, 0x00, 0x00, 0x00, 0x00, 0x00, 0x00, 0x00, 0x00, 0x00, 0x00, 0x00, 0x00, 0x00, 0x00, 0x00, 0x00, 0x00, 0x00, 0x00,
    0x00, 0x00, 0x00, 0x00, 0x00, 0x00, 0x00, 0x00, 0x00, 0x00, 0x00, 0x00, 0x00, 0x00, 0x00, 0x00, 0x00, 0x00, 0x00, 0x00, 0x00, 0x00, 0x00, 0x00,
    0x00, 0x00, 0x00, 0x00, 0x00, 0x00, 0x00, 0x00, 0x55, 0x55, 0x55, 0x03, 0x00, 0x00, 0x00, 0x00, 0x11, 0x13, 0x1E, 0x74, 0x16, 0x19, 0x22, 0xFD,
    0x2B, 0x2A, 0x27, 0xFD, 0x3A, 0x35, 0x2F, 0xFF, 0x33, 0x2D, 0x29, 0xFF, 0x40, 0x3A, 0x37, 0xFF, 0x4C, 0x46, 0x44, 0xFF, 0x3A, 0x35, 0x32, 0xFF,
    0x23, 0x20, 0x1C, 0xFE, 0x16, 0x14, 0x12, 0xFF, 0x0B, 0x09, 0x10, 0xFF, 0x05, 0x05, 0x0B, 0xFF, 0x07, 0x08, 0x0A, 0xFF, 0x09, 0x08, 0x0D, 0xFF,
    0x09, 0x08, 0x0D, 0xFF, 0x0A, 0x09, 0x0D, 0xFF, 0x0D, 0x0F, 0x13, 0xFF, 0x21, 0x26, 0x2B, 0xFF, 0x39, 0x3F, 0x4A, 0xFF, 0x49, 0x4E, 0x5C, 0xFF,
    0x4D, 0x52, 0x62, 0xFF, 0x51, 0x58, 0x69, 0xFF, 0x48, 0x50, 0x61, 0xFF, 0x3B, 0x44, 0x52, 0xFF, 0x2D, 0x33, 0x3C, 0xFF, 0x12, 0x14, 0x1A, 0xFF,
    0x0D, 0x0A, 0x0B, 0xFF, 0x28, 0x25, 0x21, 0xFF, 0x58, 0x53, 0x50, 0xFD, 0x52, 0x4E, 0x4E, 0xFF, 0x1B, 0x1A, 0x20, 0x9B, 0xDA, 0xDA, 0xFF, 0x07,
    0x00, 0x00, 0x00, 0x00, 0x00, 0x00, 0x00, 0x01, 0x00, 0x00, 0x00, 0x00, 0x00, 0x00, 0x00, 0x00, 0x00, 0x00, 0x00, 0x00, 0x00, 0x00, 0x00, 0x00,
    0x00, 0x00, 0x00, 0x00, 0x00, 0x00, 0x00, 0x00, 0x00, 0x00, 0x00, 0x00, 0x00, 0x00, 0x00, 0x00, 0x00, 0x00, 0x00, 0x00, 0x00, 0x00, 0x00, 0x00,
    0x00, 0x00, 0x00, 0x00, 0x00, 0x00, 0x55, 0x03, 0x00, 0x00, 0x00, 0x00, 0x24, 0x26, 0x33, 0x76, 0x14, 0x15, 0x1C, 0xFF, 0x17, 0x1B, 0x26, 0xFE,
    0x19, 0x1A, 0x17, 0xFE, 0x35, 0x2D, 0x23, 0xFF, 0x58, 0x51, 0x4C, 0xFF, 0x4C, 0x45, 0x42, 0xFF, 0x42, 0x3A, 0x38, 0xFF, 0x41, 0x3B, 0x37, 0xFE,
    0x21, 0x1C, 0x19, 0xFF, 0x12, 0x0F, 0x0C, 0xFA, 0x07, 0x06, 0x07, 0xFF, 0x28, 0x28, 0x29, 0xFF, 0x1D, 0x1D, 0x1B, 0xFF, 0x02, 0x01, 0x01, 0xFF,
    0x07, 0x05, 0x05, 0xFF, 0x06, 0x05, 0x03, 0xFF, 0x0C, 0x0D, 0x0B, 0xFF, 0x12, 0x14, 0x13, 0xFF, 0x1D, 0x21, 0x21, 0xFF, 0x29, 0x2D, 0x2F, 0xFF,
    0x33, 0x38, 0x40, 0xFF, 0x4E, 0x54, 0x68, 0xFF, 0x54, 0x5B, 0x72, 0xFF, 0x48, 0x4F, 0x62, 0xFF, 0x32, 0x35, 0x40, 0xFF, 0x15, 0x16, 0x1B, 0xFF,
    0x10, 0x0D, 0x0B, 0xFF, 0x1F, 0x1A, 0x15, 0xFF, 0x4A, 0x46, 0x3F, 0xFF, 0x3A, 0x34, 0x2E, 0xFD, 0x28, 0x24, 0x24, 0xFF, 0x27, 0x27, 0x2C, 0xAD,
    0x3F, 0x3F, 0x3F, 0x0C, 0x00, 0x00, 0x00, 0x02, 0x00, 0x00, 0x00, 0x01, 0x00, 0x00, 0x00, 0x00, 0x00, 0x00, 0x00, 0x00, 0x00, 0x00, 0x00, 0x00,
    0x00, 0x00, 0x00, 0x00, 0x00, 0x00, 0x00, 0x00, 0x00, 0x00, 0x00, 0x00, 0x00, 0x00, 0x00, 0x00, 0x00, 0x00, 0x00, 0x00, 0x00, 0x00, 0x00, 0x00,
    0x00, 0x00, 0x55, 0x03, 0x00, 0x00, 0x00, 0x00, 0x2E, 0x34, 0x49, 0x84, 0x3A, 0x3C, 0x4A, 0xFF, 0x0C, 0x0C, 0x0E, 0xFC, 0x1C, 0x20, 0x24, 0xFE,
    0x23, 0x23, 0x23, 0xFF, 0x2F, 0x26, 0x23, 0xFF, 0x4C, 0x43, 0x3F, 0xFF, 0x5D, 0x54, 0x50, 0xFF, 0x3A, 0x33, 0x2E, 0xFD, 0x2B, 0x26, 0x21, 0xFF,
    0x17, 0x12, 0x11, 0xA3, 0x18, 0x12, 0x0E, 0xE8, 0x3B, 0x36, 0x30, 0xFF, 0x55, 0x4F, 0x48, 0xFE, 0x47, 0x43, 0x41, 0xFF, 0x07, 0x05, 0x07, 0xFF,
    0x06, 0x04, 0x05, 0xFF, 0x05, 0x05, 0x05, 0xFF, 0x05, 0x05, 0x05, 0xFF, 0x0A, 0x09, 0x0A, 0xFF, 0x13, 0x13, 0x15, 0xFF, 0x14, 0x16, 0x17, 0xFF,
    0x19, 0x1E, 0x1E, 0xFF, 0x30, 0x35, 0x3D, 0xFF, 0x3D, 0x42, 0x53, 0xFF, 0x34, 0x3A, 0x47, 0xFF, 0x1D, 0x21, 0x28, 0xFF, 0x15, 0x14, 0x18, 0xFF,
    0x0C, 0x06, 0x08, 0xFF, 0x0E, 0x07, 0x07, 0xFF, 0x28, 0x21, 0x1D, 0xFF, 0x3C, 0x36, 0x2E, 0xFE, 0x38, 0x34, 0x2F, 0xFC, 0x19, 0x19, 0x19, 0xFF,
    0x00, 0x00, 0x00, 0x28, 0x00, 0x00, 0x00, 0x00, 0x00, 0x00, 0x00, 0x02, 0x00, 0x00, 0x00, 0x00, 0x00, 0x00, 0x00, 0x00, 0x00, 0x00, 0x00, 0x00,
    0x00, 0x00, 0x00, 0x00, 0x00, 0x00, 0x00, 0x00, 0x00, 0x00, 0x00, 0x00, 0x00, 0x00, 0x00, 0x00, 0x00, 0x00, 0x00, 0x00, 0x00, 0x00, 0x00, 0x03,
    0x00, 0x00, 0x00, 0x00, 0x2F, 0x33, 0x4C, 0x67, 0x32, 0x36, 0x41, 0xFF, 0x1C, 0x1A, 0x1D, 0xFB, 0x20, 0x1B, 0x19, 0xFE, 0x22, 0x1E, 0x1C, 0xFF,
    0x36, 0x2E, 0x2D, 0xFF, 0x44, 0x3B, 0x38, 0xFF, 0x36, 0x2F, 0x29, 0xFF, 0x39, 0x32, 0x2E, 0xFC, 0x2B, 0x27, 0x22, 0xFF, 0x05, 0x07, 0x02, 0xAB,
    0x00, 0x00, 0x00, 0x0D, 0x12, 0x10, 0x0B, 0xCA, 0x36, 0x32, 0x2C, 0xFF, 0x41, 0x3B, 0x33, 0xFE, 0x36, 0x32, 0x2F, 0xFF, 0x0D, 0x0B, 0x0B, 0xFF,
    0x04, 0x02, 0x03, 0xFF, 0x06, 0x05, 0x05, 0xFF, 0x05, 0x06, 0x05, 0xFF, 0x07, 0x07, 0x07, 0xFF, 0x01, 0x00, 0x02, 0xFF, 0x02, 0x02, 0x04, 0xFF,
    0x0C, 0x0D, 0x0F, 0xFF, 0x12, 0x13, 0x19, 0xFF, 0x0E, 0x10, 0x17, 0xFF, 0x05, 0x09, 0x0B, 0xFF, 0x0D, 0x0F, 0x10, 0xFF, 0x0A, 0x09, 0x0A, 0xFE,
    0x0E, 0x09, 0x0A, 0xFF, 0x16, 0x0F, 0x10, 0xFF, 0x2B, 0x23, 0x22, 0xFF, 0x3A, 0x32, 0x2D, 0xFF, 0x41, 0x3B, 0x37, 0xFD, 0x34, 0x32, 0x33, 0xFD,
    0x46, 0x46, 0x43, 0xA7, 0xFF, 0xFF, 0xFF, 0x02, 0x00, 0x00, 0x00, 0x02, 0x00, 0x00, 0x00, 0x00, 0x00, 0x00, 0x00, 0x00, 0x00, 0x00, 0x00, 0x00,
    0x00, 0x00, 0x00, 0x00, 0x00, 0x00, 0x00, 0x00, 0x00, 0x00, 0x00, 0x00, 0x00, 0x00, 0x00, 0x00, 0x00, 0x00, 0x00, 0x02, 0x00, 0x00, 0x00, 0x00,
    0x20, 0x29, 0x2E, 0x37, 0x11, 0x17, 0x1F, 0xF9, 0x0B, 0x0E, 0x0C, 0xFC, 0x19, 0x14, 0x13, 0xFE, 0x30, 0x29, 0x26, 0xFF, 0x43, 0x3A, 0x36, 0xFF,
    0x3E, 0x34, 0x31, 0xFF, 0x47, 0x3E, 0x3C, 0xFF, 0x40, 0x37, 0x35, 0xFE, 0x27, 0x1E, 0x1C, 0xFF, 0x11, 0x0C, 0x0A, 0xDB, 0x00, 0x00, 0x00, 0x1B,
    0x00, 0x00, 0x00, 0x00, 0x02, 0x02, 0x02, 0x74, 0x0D, 0x0D, 0x0C, 0xFF, 0x0F, 0x0F, 0x0E, 0xFD, 0x06, 0x04, 0x04, 0xFF, 0x06, 0x04, 0x04, 0xFF,
    0x06, 0x03, 0x05, 0xFF, 0x05, 0x02, 0x03, 0xFF, 0x05, 0x03, 0x03, 0xFF, 0x02, 0x02, 0x03, 0xFF, 0x1B, 0x1D, 0x24, 0xFF, 0x4B, 0x4F, 0x55, 0xFF,
    0x66, 0x6A, 0x72, 0xFF, 0x78, 0x7D, 0x89, 0xFF, 0x70, 0x74, 0x7E, 0xFE, 0x3B, 0x40, 0x42, 0xFF, 0x08, 0x0A, 0x09, 0xEA, 0x02, 0x02, 0x02, 0xB6,
    0x0A, 0x08, 0x0B, 0xFB, 0x18, 0x15, 0x16, 0xFE, 0x21, 0x1C, 0x1B, 0xFE, 0x38, 0x32, 0x2D, 0xFF, 0x3F, 0x39, 0x34, 0xFF, 0x4F, 0x49, 0x48, 0xFD,
    0x67, 0x66, 0x5F, 0xFF, 0x24, 0x28, 0x21, 0x4C, 0x00, 0x00, 0x00, 0x00, 0x00, 0x00, 0x00, 0x00, 0x00, 0x00, 0x00, 0x00, 0x00, 0x00, 0x00, 0x00,
    0x00, 0x00, 0x00, 0x00, 0x00, 0x00, 0x00, 0x00, 0x00, 0x00, 0x00, 0x00, 0x00, 0x00, 0x00, 0x01, 0x00, 0x00, 0x00, 0x01, 0x17, 0x17, 0x17, 0x0B,
    0x08, 0x0A, 0x10, 0xD6, 0x09, 0x0D, 0x15, 0xFF, 0x1F, 0x21, 0x2C, 0xFD, 0x28, 0x22, 0x25, 0xFF, 0x2A, 0x22, 0x1E, 0xFF, 0x37, 0x2E, 0x2C, 0xFF,
    0x3C, 0x32, 0x31, 0xFF, 0x36, 0x2E, 0x2C, 0xFE, 0x32, 0x2A, 0x28, 0xFE, 0x1E, 0x17, 0x14, 0xE7, 0x0E, 0x07, 0x07, 0x24, 0x00, 0x00, 0x00, 0x00,
    0x00, 0x00, 0x00, 0x01, 0x02, 0x02, 0x04, 0x70, 0x04, 0x04, 0x04, 0xFF, 0x02, 0x02, 0x02, 0xFD, 0x05, 0x03, 0x04, 0xFF, 0x04, 0x02, 0x03, 0xFF,
    0x07, 0x05, 0x06, 0xFF, 0x0D, 0x0C, 0x0D, 0xFF, 0x0F, 0x10, 0x15, 0xFF, 0x36, 0x3B, 0x44, 0xFF, 0x70, 0x78, 0x83, 0xFF, 0x96, 0x9E, 0xA9, 0xFF,
    0xA5, 0xAD, 0xB8, 0xFF, 0xA7, 0xAE, 0xB9, 0xFF, 0x99, 0xA0, 0xAD, 0xFF, 0x68, 0x6D, 0x7B, 0xFF, 0x34, 0x34, 0x3A, 0xF4, 0x1E, 0x1B, 0x1B, 0x54,
    0x01, 0x02, 0x02, 0xC3, 0x0A, 0x0A, 0x0A, 0xFF, 0x14, 0x11, 0x10, 0xFE, 0x1E, 0x1B, 0x16, 0xFE, 0x2F, 0x2B, 0x26, 0xFF, 0x4E, 0x48, 0x44, 0xFB,
    0x42, 0x3A, 0x36, 0xFC, 0x29, 0x23, 0x23, 0xD3, 0x00, 0x00, 0x00, 0x05, 0x00, 0x00, 0x00, 0x00, 0x00, 0x00, 0x00, 0x00, 0x00, 0x00, 0x00, 0x00,
    0x00, 0x00, 0x00, 0x00, 0x00, 0x00, 0x00, 0x00, 0x00, 0x00, 0x00, 0x00, 0x00, 0x00, 0x00, 0x04, 0x00, 0x00, 0x00, 0x00, 0x02, 0x02, 0x04, 0x6A,
    0x12, 0x11, 0x15, 0xFF, 0x20, 0x20, 0x27, 0xFC, 0x18, 0x19, 0x1F, 0xFF, 0x26, 0x20, 0x21, 0xFF, 0x44, 0x3C, 0x39, 0xFF, 0x40, 0x37, 0x35, 0xFF,
    0x41, 0x36, 0x36, 0xFF, 0x23, 0x1B, 0x1A, 0xFC, 0x1F, 0x17, 0x15, 0xFE, 0x0C, 0x09, 0x06, 0xC6, 0x00, 0x00, 0x00, 0x00, 0x00, 0x00, 0x00, 0x05,
    0x00, 0x00, 0x00, 0x00, 0x00, 0x00, 0x00, 0x55, 0x06, 0x06, 0x06, 0xFD, 0x09, 0x09, 0x08, 0xFF, 0x08, 0x06, 0x06, 0xFE, 0x0D, 0x0B, 0x0B, 0xFF,
    0x12, 0x12, 0x12, 0xFF, 0x11, 0x13, 0x15, 0xFF, 0x19, 0x1D, 0x24, 0xFF, 0x45, 0x4C, 0x56, 0xFF, 0x6F, 0x76, 0x81, 0xFF, 0x8A, 0x91, 0x9C, 0xFF,
    0x8E, 0x95, 0xA1, 0xFF, 0x85, 0x8C, 0x99, 0xFF, 0x6E, 0x75, 0x83, 0xFF, 0x47, 0x4C, 0x5A, 0xFE, 0x3D, 0x3D, 0x42, 0xFC, 0x4B, 0x44, 0x44, 0x25,
    0x00, 0x00, 0x00, 0x3D, 0x01, 0x01, 0x01, 0xCB, 0x04, 0x02, 0x02, 0xF9, 0x17, 0x15, 0x13, 0xFF, 0x2A, 0x28, 0x25, 0xFC, 0x2A, 0x26, 0x23, 0xFF,
    0x38, 0x32, 0x2E, 0xFF, 0x2F, 0x2B, 0x29, 0x7B, 0x00, 0x00, 0x00, 0x01, 0x00, 0x00, 0x00, 0x00, 0x00, 0x00, 0x00, 0x00, 0x00, 0x00, 0x00, 0x00,
    0x00, 0x00, 0x00, 0x00, 0x00, 0x00, 0x00, 0x00, 0x00, 0x00, 0x00, 0x00, 0x00, 0x00, 0x00, 0x02, 0x00, 0x00, 0x00, 0x00, 0x05, 0x04, 0x05, 0xAE,
    0x1D, 0x1A, 0x19, 0xFE, 0x32, 0x2D, 0x25, 0xFC, 0x35, 0x31, 0x26, 0xFF, 0x47, 0x42, 0x3C, 0xFF, 0x3A, 0x32, 0x31, 0xFF, 0x3D, 0x34, 0x32, 0xFF,
    0x3C, 0x33, 0x32, 0xFE, 0x1C, 0x16, 0x14, 0xFC, 0x0C, 0x0A, 0x09, 0xFF, 0x03, 0x03, 0x03, 0x4B, 0x00, 0x00, 0x00, 0x01, 0x00, 0x00, 0x00, 0x05,
    0x00, 0x00, 0x00, 0x00, 0x00, 0x00, 0x00, 0x28, 0x07, 0x05, 0x07, 0xF1, 0x1C, 0x1A, 0x1A, 0xFF, 0x40, 0x3E, 0x3B, 0xFE, 0x4C, 0x4C, 0x4A, 0xFF,
    0x2E, 0x2F, 0x2F, 0xFF, 0x07, 0x09, 0x0D, 0xFF, 0x14, 0x16, 0x1D, 0xFF, 0x35, 0x38, 0x42, 0xFF, 0x52, 0x57, 0x64, 0xFF, 0x5F, 0x63, 0x72, 0xFF,
    0x6F, 0x74, 0x82, 0xFF, 0x6E, 0x73, 0x81, 0xFF, 0x54, 0x59, 0x67, 0xFE, 0x45, 0x4A, 0x59, 0xFF, 0x21, 0x22, 0x2D, 0xED, 0x00, 0x00, 0x00, 0x1A,
    0x00, 0x00, 0x00, 0x00, 0x00, 0x00, 0x00, 0x26, 0x01, 0x01, 0x00, 0xB9, 0x07, 0x06, 0x05, 0xFA, 0x14, 0x12, 0x10, 0xFF, 0x1E, 0x1C, 0x1A, 0xE9,
    0x0E, 0x0E, 0x0B, 0x6B, 0x00, 0x00, 0x00, 0x00, 0x00, 0x00, 0x00, 0x01, 0x00, 0x00, 0x00, 0x00, 0x00, 0x00, 0x00, 0x00, 0x00, 0x00, 0x00, 0x00,
    0x00, 0x00, 0x00, 0x00, 0x00, 0x00, 0x00, 0x00, 0x00, 0x00, 0x00, 0x00, 0x00, 0x00, 0x00, 0x00, 0x00, 0x1C, 0x1C, 0x09, 0x0A, 0x09, 0x09, 0xD9,
    0x1C, 0x18, 0x15, 0xFE, 0x2F, 0x27, 0x20, 0xFD, 0x43, 0x3C, 0x35, 0xFF, 0x72, 0x6D, 0x67, 0xFF, 0x67, 0x5F, 0x5B, 0xFF, 0x38, 0x2E, 0x2D, 0xFE,
    0x1E, 0x16, 0x14, 0xFD, 0x13, 0x0F, 0x0D, 0xFF, 0x03, 0x03, 0x05, 0x83, 0x00, 0x00, 0x00, 0x00, 0x00, 0x00, 0x00, 0x02, 0x00, 0x00, 0x00, 0x02,
    0x00, 0x00, 0x00, 0x00, 0x00, 0x00, 0x00, 0x1D, 0x06, 0x04, 0x07, 0xEA, 0x09, 0x07, 0x06, 0xFF, 0x1D, 0x1B, 0x18, 0xFE, 0x20, 0x20, 0x1F, 0xFF,
    0x12, 0x13, 0x16, 0xFF, 0x0B, 0x0F, 0x14, 0xFF, 0x14, 0x17, 0x20, 0xFF, 0x2F, 0x32, 0x3F, 0xFF, 0x39, 0x3D, 0x4C, 0xFF, 0x48, 0x4C, 0x5B, 0xFF,
    0x63, 0x67, 0x76, 0xFF, 0x55, 0x5A, 0x69, 0xFF, 0x4C, 0x50, 0x5F, 0xFF, 0x39, 0x3E, 0x4D, 0xFE, 0x1D, 0x1E, 0x29, 0xFF, 0x31, 0x2D, 0x2D, 0x3E,
    0x00, 0x00, 0x00, 0x01, 0x00, 0x00, 0x00, 0x00, 0x00, 0x00, 0x00, 0x20, 0x02, 0x02, 0x01, 0xB2, 0x07, 0x06, 0x04, 0xA7, 0x00, 0x00, 0x00, 0x25,
    0x00, 0x00, 0x00, 0x00, 0x00, 0x00, 0x00, 0x01, 0x00, 0x00, 0x00, 0x00, 0x00, 0x00, 0x00, 0x00, 0x00, 0x00, 0x00, 0x00, 0x00, 0x00, 0x00, 0x00,
    0x00, 0x00, 0x00, 0x00, 0x00, 0x00, 0x00, 0x00, 0x00, 0x00, 0x00, 0x00, 0x00, 0x00, 0x00, 0x00, 0x0E, 0x0E, 0x0E, 0x7E, 0x1B, 0x19, 0x16, 0xFF,
    0x3B, 0x36, 0x32, 0xFC, 0x3F, 0x38, 0x36, 0xFE, 0x4F, 0x47, 0x46, 0xFE, 0x4C, 0x46, 0x42, 0xFF, 0x61, 0x59, 0x52, 0xFF, 0x6A, 0x61, 0x5D, 0xFD,
    0x31, 0x2A, 0x29, 0xFF, 0x06, 0x02, 0x02, 0x7C, 0x00, 0x00, 0x00, 0x00, 0x00, 0x00, 0x00, 0x03, 0x00, 0x00, 0x00, 0x01, 0x00, 0x00, 0x00, 0x01,
    0x00, 0x00, 0x00, 0x00, 0x00, 0x00, 0x00, 0x1A, 0x08, 0x06, 0x08, 0xEF, 0x12, 0x0F, 0x0C, 0xFF, 0x07, 0x04, 0x01, 0xFE, 0x02, 0x01, 0x02, 0xFF,
    0x03, 0x05, 0x0C, 0xFF, 0x0C, 0x10, 0x16, 0xFF, 0x0E, 0x11, 0x19, 0xFF, 0x1D, 0x20, 0x2B, 0xFF, 0x22, 0x26, 0x35, 0xFF, 0x34, 0x39, 0x47, 0xFF,
    0x4D, 0x51, 0x60, 0xFF, 0x46, 0x4A, 0x5B, 0xFF, 0x3B, 0x3F, 0x50, 0xFF, 0x22, 0x27, 0x38, 0xFD, 0x22, 0x24, 0x2B, 0xFF, 0x29, 0x24, 0x24, 0x62,
    0x00, 0x00, 0x00, 0x00, 0x00, 0x00, 0x00, 0x05, 0x00, 0x00, 0x00, 0x00, 0x00, 0x00, 0x00, 0x0A, 0x00, 0x00, 0x00, 0x00, 0x00, 0x00, 0x00, 0x00,
    0x00, 0x00, 0x00, 0x03, 0x00, 0x00, 0x00, 0x00, 0x00, 0x00, 0x00, 0x00, 0x00, 0x00, 0x00, 0x00, 0x00, 0x00, 0x00, 0x00, 0x00, 0x00, 0x00, 0x00,
    0x00, 0x00, 0x00, 0x00, 0x00, 0x00, 0x00, 0x00, 0x00, 0x00, 0x00, 0x00, 0x00, 0x00, 0x00, 0x0F, 0x04, 0x04, 0x04, 0xBC, 0x17, 0x15, 0x12, 0xF2,
    0x36, 0x32, 0x2D, 0xFE, 0x46, 0x3F, 0x3B, 0xFF, 0x4D, 0x45, 0x43, 0xFF, 0x39, 0x31, 0x2F, 0xFF, 0x36, 0x2D, 0x29, 0xFC, 0x51, 0x4B, 0x46, 0xFE,
    0x38, 0x34, 0x34, 0xEA, 0x00, 0x00, 0x00, 0x0C, 0x7F, 0x7F, 0x7F, 0x02, 0x00, 0x00, 0x00, 0x01, 0x00, 0x00, 0x00, 0x00, 0x00, 0x00, 0x00, 0x03,
    0x00, 0x00, 0x00, 0x00, 0x03, 0x03, 0x06, 0x49, 0x09, 0x09, 0x09, 0xFF, 0x19, 0x1A, 0x12, 0xFD, 0x3C, 0x39, 0x2F, 0xFF, 0x4E, 0x49, 0x4A, 0xFF,
    0x20, 0x21, 0x27, 0xFF, 0x0A, 0x0F, 0x14, 0xFF, 0x0D, 0x10, 0x16, 0xFF, 0x0F, 0x12, 0x1A, 0xFF, 0x13, 0x16, 0x22, 0xFF, 0x23, 0x25, 0x33, 0xFF,
    0x33, 0x36, 0x45, 0xFF, 0x2E, 0x33, 0x42, 0xFF, 0x23, 0x27, 0x37, 0xFF, 0x1A, 0x1D, 0x2F, 0xFC, 0x1D, 0x1E, 0x2D, 0xFF, 0x07, 0x09, 0x0C, 0xA1,
    0x00, 0x00, 0x00, 0x00, 0x00, 0x00, 0x00, 0x03, 0x00, 0x00, 0x00, 0x01, 0x00, 0x00, 0x00, 0x00, 0x00, 0x00, 0x00, 0x00, 0x00, 0x00, 0x00, 0x02,
    0x00, 0x00, 0x00, 0x00, 0x00, 0x00, 0x00, 0x00, 0x00, 0x00, 0x00, 0x00, 0x00, 0x00, 0x00, 0x00, 0x00, 0x00, 0x00, 0x00, 0x00, 0x00, 0x00, 0x00,
    0x00, 0x00, 0x00, 0x00, 0x00, 0x00, 0x00, 0x00, 0x00, 0x00, 0x00, 0x00, 0x00, 0x00, 0x00, 0x02, 0x00, 0x00, 0x00, 0x1E, 0x00, 0x00, 0x00, 0x58,
    0x03, 0x01, 0x01, 0x90, 0x14, 0x11, 0x10, 0xC8, 0x25, 0x21, 0x20, 0xF4, 0x33, 0x2E, 0x2C, 0xFE, 0x29, 0x24, 0x21, 0xFE, 0x11, 0x10, 0x0C, 0xFF,
    0x02, 0x02, 0x02, 0x60, 0x00, 0x00, 0x00, 0x00, 0x00, 0x00, 0x00, 0x03, 0x00, 0x00, 0x00, 0x00, 0x00, 0x00, 0x00, 0x00, 0x00, 0x00, 0x00, 0x03,
    0x00, 0x00, 0x00, 0x00, 0x03, 0x03, 0x03, 0x98, 0x07, 0x07, 0x06, 0xFF, 0x0B, 0x0B, 0x07, 0xFB, 0x29, 0x26, 0x23, 0xFF, 0x34, 0x31, 0x31, 0xFF,
    0x1E, 0x1C, 0x1F, 0xFF, 0x09, 0x0C, 0x11, 0xFF, 0x0C, 0x0F, 0x14, 0xFF, 0x0C, 0x0F, 0x15, 0xFF, 0x0E, 0x11, 0x1D, 0xFF, 0x18, 0x1A, 0x29, 0xFF,
    0x23, 0x25, 0x34, 0xFF, 0x20, 0x24, 0x32, 0xFF, 0x1B, 0x1F, 0x30, 0xFF, 0x17, 0x1C, 0x2A, 0xFD, 0x18, 0x1C, 0x24, 0xFF, 0x13, 0x15, 0x1A, 0xCD,
    0xFF, 0xFF, 0xFF, 0x03, 0x00, 0x00, 0x00, 0x01, 0x00, 0x00, 0x00, 0x00, 0x00, 0x00, 0x00, 0x01, 0x00, 0x00, 0x00, 0x00, 0x00, 0x00, 0x00, 0x00,
    0x00, 0x00, 0x00, 0x00, 0x00, 0x00, 0x00, 0x00, 0x00, 0x00, 0x00, 0x00, 0x00, 0x00, 0x00, 0x00, 0x00, 0x00, 0x00, 0x00, 0x00, 0x00, 0x00, 0x00,
    0x00, 0x00, 0x00, 0x00, 0x00, 0x00, 0x00, 0x00, 0x00, 0x00, 0x00, 0x00, 0x00, 0x00, 0x00, 0x00, 0x00, 0x00, 0x00, 0x00, 0x00, 0x00, 0x00, 0x00,
    0x00, 0x00, 0x00, 0x00, 0x00, 0x00, 0x00, 0x1D, 0x00, 0x00, 0x00, 0x67, 0x0B, 0x0A, 0x08, 0xAD, 0x0F, 0x0D, 0x0C, 0xEE, 0x00, 0x02, 0x00, 0x6E,
    0x00, 0x00, 0x00, 0x00, 0x00, 0x00, 0x00, 0x02, 0x00, 0x00, 0x00, 0x00, 0x00, 0x00, 0x00, 0x00, 0x00, 0x00, 0x00, 0x00, 0x00, 0x00, 0x00, 0x03,
    0x00, 0x00, 0x00, 0x00, 0x04, 0x06, 0x04, 0x9E, 0x04, 0x04, 0x05, 0xFF, 0x04, 0x03, 0x06, 0xFB, 0x00, 0x00, 0x02, 0xFE, 0x02, 0x01, 0x01, 0xFF,
    0x0C, 0x09, 0x0A, 0xFF, 0x10, 0x12, 0x16, 0xFF, 0x09, 0x0E, 0x13, 0xFF, 0x0E, 0x12, 0x18, 0xFF, 0x0F, 0x12, 0x1F, 0xFF, 0x15, 0x17, 0x26, 0xFF,
    0x1B, 0x1E, 0x2C, 0xFF, 0x13, 0x18, 0x23, 0xFF, 0x17, 0x1C, 0x29, 0xFF, 0x0A, 0x10, 0x1B, 0xFF, 0x16, 0x1B, 0x1F, 0xFE, 0x28, 0x2A, 0x2D, 0xFD,
    0x3C, 0x3C, 0x40, 0x37, 0x00, 0x00, 0x00, 0x01, 0x55, 0x55, 0x55, 0x03, 0x00, 0x00, 0x00, 0x00, 0x00, 0x00, 0x00, 0x00, 0x00, 0x00, 0x00, 0x00,
    0x00, 0x00, 0x00, 0x00, 0x00, 0x00, 0x00, 0x00, 0x00, 0x00, 0x00, 0x00, 0x00, 0x00, 0x00, 0x00, 0x00, 0x00, 0x00, 0x00, 0x00, 0x00, 0x00, 0x00,
    0x00, 0x00, 0x00, 0x00, 0x00, 0x00, 0x00, 0x00, 0x00, 0x00, 0x00, 0x00, 0x00, 0x00, 0x00, 0x00, 0x00, 0x00, 0x00, 0x01, 0x00, 0x00, 0x00, 0x03,
    0x00, 0x00, 0x00, 0x02, 0x00, 0x00, 0x00, 0x00, 0x00, 0x00, 0x00, 0x00, 0x00, 0x00, 0x00, 0x0D, 0x00, 0x00, 0x00, 0x41, 0x00, 0x00, 0x00, 0x00,
    0x00, 0x00, 0x00, 0x01, 0x00, 0x00, 0x00, 0x00, 0x00, 0x00, 0x00, 0x00, 0x00, 0x00, 0x00, 0x00, 0x00, 0x00, 0x00, 0x00, 0x00, 0x00, 0x00, 0x01,
    0x00, 0x00, 0x00, 0x00, 0x01, 0x04, 0x04, 0xBA, 0x11, 0x13, 0x18, 0xFF, 0x0D, 0x0C, 0x13, 0xFE, 0x04, 0x04, 0x07, 0xFF, 0x05, 0x04, 0x04, 0xFF,
    0x14, 0x13, 0x14, 0xFF, 0x1C, 0x1D, 0x21, 0xFF, 0x02, 0x02, 0x08, 0xFF, 0x06, 0x09, 0x0D, 0xFF, 0x15, 0x16, 0x1F, 0xFF, 0x10, 0x11, 0x1C, 0xFF,
    0x0E, 0x0F, 0x1B, 0xFF, 0x12, 0x16, 0x1D, 0xFF, 0x11, 0x18, 0x1A, 0xFF, 0x37, 0x3C, 0x47, 0xFF, 0x30, 0x34, 0x3E, 0xFB, 0x2A, 0x2C, 0x31, 0xFF,
    0x29, 0x2D, 0x30, 0x98, 0x00, 0x00, 0x00, 0x00, 0x00, 0x00, 0x00, 0x03, 0x00, 0x00, 0x00, 0x00, 0x00, 0x00, 0x00, 0x00, 0x00, 0x00, 0x00, 0x00,
    0x00, 0x00, 0x00, 0x00, 0x00, 0x00, 0x00, 0x00, 0x00, 0x00, 0x00, 0x00, 0x00, 0x00, 0x00, 0x00, 0x00, 0x00, 0x00, 0x00, 0x00, 0x00, 0x00, 0x00,
    0x00, 0x00, 0x00, 0x00, 0x00, 0x00, 0x00, 0x00, 0x00, 0x00, 0x00, 0x00, 0x00, 0x00, 0x00, 0x00, 0x00, 0x00, 0x00, 0x00, 0x00, 0x00, 0x00, 0x00,
    0x00, 0x00, 0x00, 0x00, 0x00, 0x00, 0x00, 0x01, 0x00, 0x00, 0x00, 0x03, 0x00, 0x00, 0x00, 0x00, 0x00, 0x00, 0x00, 0x00, 0x00, 0x00, 0x00, 0x02,
    0x00, 0x00, 0x00, 0x00, 0x00, 0x00, 0x00, 0x00, 0x00, 0x00, 0x00, 0x00, 0x00, 0x00, 0x00, 0x00, 0x00, 0x00, 0x00, 0x02, 0x00, 0x00, 0x00, 0x01,
    0x00, 0x00, 0x00, 0x20, 0x0A, 0x0D, 0x10, 0xF3, 0x39, 0x40, 0x4A, 0xFF, 0x1E, 0x20, 0x26, 0xE5, 0x01, 0x00, 0x01, 0xBE, 0x0B, 0x0B, 0x0D, 0xFD,
    0x09, 0x09, 0x0B, 0xFF, 0x11, 0x12, 0x15, 0xFF, 0x13, 0x16, 0x1B, 0xFF, 0x10, 0x12, 0x18, 0xFF, 0x11, 0x0F, 0x15, 0xFF, 0x35, 0x37, 0x40, 0xFF,
    0x55, 0x5D, 0x6B, 0xFF, 0x70, 0x78, 0x82, 0xFF, 0x2B, 0x35, 0x3B, 0xFF, 0x5A, 0x63, 0x6F, 0xFF, 0x44, 0x49, 0x56, 0xFD, 0x20, 0x21, 0x27, 0xFE,
    0x13, 0x13, 0x19, 0xE9, 0x79, 0x79, 0x85, 0x15, 0x00, 0x00, 0x00, 0x00, 0x00, 0x00, 0x00, 0x01, 0x00, 0x00, 0x00, 0x00, 0x00, 0x00, 0x00, 0x00,
    0x00, 0x00, 0x00, 0x00, 0x00, 0x00, 0x00, 0x00, 0x00, 0x00, 0x00, 0x00, 0x00, 0x00, 0x00, 0x00, 0x00, 0x00, 0x00, 0x00, 0x00, 0x00, 0x00, 0x00,
    0x00, 0x00, 0x00, 0x00, 0x00, 0x00, 0x00, 0x00, 0x00, 0x00, 0x00, 0x00, 0x00, 0x00, 0x00, 0x00, 0x00, 0x00, 0x00, 0x00, 0x00, 0x00, 0x00, 0x00,
    0x00, 0x00, 0x00, 0x00, 0x00, 0x00, 0x00, 0x00, 0x00, 0x00, 0x00, 0x00, 0x00, 0x00, 0x00, 0x01, 0x00, 0x00, 0x00, 0x02, 0x00, 0x00, 0x00, 0x00,
    0x00, 0x00, 0x00, 0x00, 0x00, 0x00, 0x00, 0x00, 0x00, 0x00, 0x00, 0x00, 0x00, 0x00, 0x00, 0x00, 0x00, 0x00, 0x00, 0x03, 0x00, 0x00, 0x00, 0x00,
    0x03, 0x03, 0x05, 0x84, 0x1C, 0x23, 0x2C, 0xFF, 0x43, 0x4C, 0x5D, 0xFF, 0x2D, 0x30, 0x3B, 0x8D, 0x00, 0x00, 0x00, 0x61, 0x0D, 0x0D, 0x12, 0xFF,
    0x15, 0x16, 0x1A, 0xFC, 0x24, 0x28, 0x31, 0xFF, 0x2C, 0x33, 0x3F, 0xFF, 0x31, 0x37, 0x41, 0xFF, 0x30, 0x34, 0x3D, 0xFF, 0x68, 0x70, 0x7B, 0xFF,
    0x80, 0x8D, 0x9B, 0xFF, 0x85, 0x92, 0x9D, 0xFF, 0x75, 0x82, 0x8A, 0xFF, 0x69, 0x73, 0x80, 0xFF, 0x3F, 0x45, 0x50, 0xFF, 0x10, 0x10, 0x16, 0x9C,
    0x01, 0x00, 0x03, 0xD4, 0x0E, 0x0E, 0x14, 0x57, 0x00, 0x00, 0x00, 0x00, 0x00, 0x00, 0x00, 0x03, 0x00, 0x00, 0x00, 0x00, 0x00, 0x00, 0x00, 0x00,
    0x00, 0x00, 0x00, 0x00, 0x00, 0x00, 0x00, 0x00, 0x00, 0x00, 0x00, 0x00, 0x00, 0x00, 0x00, 0x00, 0x00, 0x00, 0x00, 0x00, 0x00, 0x00, 0x00, 0x00,
    0x00, 0x00, 0x00, 0x00, 0x00, 0x00, 0x00, 0x00, 0x00, 0x00, 0x00, 0x00, 0x00, 0x00, 0x00, 0x00, 0x00, 0x00, 0x00, 0x00, 0x00, 0x00, 0x00, 0x00,
    0x00, 0x00, 0x00, 0x00, 0x00, 0x00, 0x00, 0x00, 0x00, 0x00, 0x00, 0x00, 0x00, 0x00, 0x00, 0x00, 0x00, 0x00, 0x00, 0x00, 0x00, 0x00, 0x00, 0x00,
    0x00, 0x00, 0x00, 0x00, 0x00, 0x00, 0x00, 0x00, 0x00, 0x00, 0x00, 0x00, 0x00, 0x00, 0x00, 0x01, 0x00, 0x00, 0x00, 0x00, 0x00, 0x00, 0x00, 0x12,
    0x07, 0x08, 0x0D, 0xE8, 0x2A, 0x33, 0x43, 0xFD, 0x4B, 0x54, 0x67, 0xFE, 0x3C, 0x3F, 0x49, 0x65, 0x00, 0x00, 0x00, 0x70, 0x0D, 0x0F, 0x13, 0xFF,
    0x14, 0x15, 0x1D, 0xFD, 0x2F, 0x32, 0x3D, 0xFE, 0x3B, 0x3E, 0x49, 0xFF, 0x3A, 0x3E, 0x4A, 0xFF, 0x53, 0x59, 0x66, 0xFF, 0x67, 0x6E, 0x7B, 0xFF,
    0x6C, 0x73, 0x80, 0xFF, 0x68, 0x72, 0x7C, 0xFF, 0x62, 0x6C, 0x76, 0xFE, 0x63, 0x6C, 0x77, 0xFE, 0x39, 0x3E, 0x48, 0xEC, 0x00, 0x00, 0x00, 0x0B,
    0x02, 0x02, 0x02, 0x5D, 0x04, 0x04, 0x04, 0x36, 0x00, 0x00, 0x00, 0x00, 0x00, 0x00, 0x00, 0x01, 0x00, 0x00, 0x00, 0x00, 0x00, 0x00, 0x00, 0x00,
    0x00, 0x00, 0x00, 0x00, 0x00, 0x00, 0x00, 0x00, 0x00, 0x00, 0x00, 0x00, 0x00, 0x00, 0x00, 0x00, 0x00, 0x00, 0x00, 0x00, 0x00, 0x00, 0x00, 0x00,
    0x00, 0x00, 0x00, 0x00, 0x00, 0x00, 0x00, 0x00, 0x00, 0x00, 0x00, 0x00, 0x00, 0x00, 0x00, 0x00, 0x00, 0x00, 0x00, 0x00, 0x00, 0x00, 0x00, 0x00,
    0x00, 0x00, 0x00, 0x00, 0x00, 0x00, 0x00, 0x00, 0x00, 0x00, 0x00, 0x00, 0x00, 0x00, 0x00, 0x00, 0x00, 0x00, 0x00, 0x00, 0x00, 0x00, 0x00, 0x00,
    0x00, 0x00, 0x00, 0x00, 0x00, 0x00, 0x00, 0x00, 0x00, 0x00, 0x00, 0x00, 0x00, 0x00, 0x00, 0x04, 0x00, 0x00, 0x00, 0x00, 0x02, 0x02, 0x04, 0x6B,
    0x0D, 0x0F, 0x13, 0xFF, 0x32, 0x3B, 0x4D, 0xF9, 0x56, 0x5F, 0x72, 0xFF, 0x53, 0x53, 0x5B, 0x40, 0x00, 0x00, 0x00, 0x20, 0x02, 0x02, 0x05, 0xBF,
    0x0B, 0x0A, 0x10, 0xF9, 0x19, 0x1B, 0x23, 0xFF, 0x25, 0x29, 0x30, 0xFE, 0x31, 0x35, 0x3E, 0xFF, 0x3E, 0x44, 0x51, 0xFF, 0x49, 0x50, 0x5E, 0xFF,
    0x4D, 0x55, 0x61, 0xFE, 0x4A, 0x54, 0x5E, 0xFE, 0x44, 0x4F, 0x5A, 0xF9, 0x38, 0x42, 0x4E, 0xFF, 0x1C, 0x23, 0x2D, 0x88, 0x00, 0x00, 0x00, 0x00,
    0x00, 0x2A, 0x2A, 0x06, 0x00, 0x00, 0x00, 0x00, 0x00, 0x00, 0x00, 0x00, 0x00, 0x00, 0x00, 0x00, 0x00, 0x00, 0x00, 0x00, 0x00, 0x00, 0x00, 0x00,
    0x00, 0x00, 0x00, 0x00, 0x00, 0x00, 0x00, 0x00, 0x00, 0x00, 0x00, 0x00, 0x00, 0x00, 0x00, 0x00, 0x00, 0x00, 0x00, 0x00, 0x00, 0x00, 0x00, 0x00,
    0x00, 0x00, 0x00, 0x00, 0x00, 0x00, 0x00, 0x00, 0x00, 0x00, 0x00, 0x00, 0x00, 0x00, 0x00, 0x00, 0x00, 0x00, 0x00, 0x00, 0x00, 0x00, 0x00, 0x00,
    0x00, 0x00, 0x00, 0x00, 0x00, 0x00, 0x00, 0x00, 0x00, 0x00, 0x00, 0x00, 0x00, 0x00, 0x00, 0x00, 0x00, 0x00, 0x00, 0x00, 0x00, 0x00, 0x00, 0x00,
    0x00, 0x00, 0x00, 0x00, 0x00, 0x00, 0x00, 0x00, 0x00, 0x00, 0x00, 0x00, 0x00, 0x00, 0x00, 0x01, 0x00, 0x00, 0x00, 0x02, 0x02, 0x02, 0x05, 0xC4,
    0x0C, 0x0D, 0x17, 0xFD, 0x43, 0x4B, 0x5E, 0xFF, 0x51, 0x5A, 0x67, 0xC3, 0x1C, 0x1C, 0x1C, 0x09, 0x00, 0x00, 0x00, 0x00, 0x00, 0x00, 0x00, 0x1F,
    0x00, 0x00, 0x01, 0xA7, 0x06, 0x08, 0x0C, 0xF5, 0x0F, 0x12, 0x17, 0xFF, 0x15, 0x19, 0x1D, 0xFE, 0x1F, 0x23, 0x2D, 0xFD, 0x26, 0x2A, 0x35, 0xFE,
    0x24, 0x28, 0x32, 0xFF, 0x1D, 0x22, 0x2A, 0xFF, 0x11, 0x17, 0x1F, 0xFF, 0x06, 0x0C, 0x13, 0xDD, 0x00, 0x00, 0x00, 0x13, 0x00, 0x00, 0x00, 0x02,
    0x00, 0x00, 0x00, 0x01, 0x00, 0x00, 0x00, 0x00, 0x00, 0x00, 0x00, 0x00, 0x00, 0x00, 0x00, 0x00, 0x00, 0x00, 0x00, 0x00, 0x00, 0x00, 0x00, 0x00,
    0x00, 0x00, 0x00, 0x00, 0x00, 0x00, 0x00, 0x00, 0x00, 0x00, 0x00, 0x01, 0x00, 0x00, 0x00, 0x00, 0x00, 0x00, 0x00, 0x00, 0x00, 0x00, 0x00, 0x00,
    0x00, 0x00, 0x00, 0x00, 0x00, 0x00, 0x00, 0x00, 0x00, 0x00, 0x00, 0x00, 0x00, 0x00, 0x00, 0x00, 0x00, 0x00, 0x00, 0x00, 0x00, 0x00, 0x00, 0x00,
    0x00, 0x00, 0x00, 0x00, 0x00, 0x00, 0x00, 0x00, 0x00, 0x00, 0x00, 0x00, 0x00, 0x00, 0x00, 0x00, 0x00, 0x00, 0x00, 0x00, 0x00, 0x00, 0x00, 0x00,
    0x00, 0x00, 0x00, 0x00, 0x00, 0x00, 0x00, 0x00, 0x00, 0x00, 0x00, 0x01, 0x00, 0x00, 0x00, 0x00, 0x00, 0x00, 0x00, 0x11, 0x02, 0x01, 0x03, 0xDA,
    0x11, 0x13, 0x1F, 0xFF, 0x2F, 0x35, 0x40, 0xD8, 0x1B, 0x24, 0x24, 0x1C, 0x00, 0x00, 0x00, 0x00, 0x00, 0x00, 0x00, 0x03, 0x00, 0x00, 0x00, 0x00,
    0x00, 0x00, 0x00, 0x0F, 0x00, 0x00, 0x01, 0x82, 0x03, 0x04, 0x05, 0xE1, 0x05, 0x09, 0x0A, 0xFF, 0x0B, 0x0C, 0x11, 0xFF, 0x09, 0x0A, 0x10, 0xFF,
    0x04, 0x06, 0x09, 0xF1, 0x03, 0x04, 0x06, 0xCD, 0x00, 0x01, 0x03, 0x9B, 0x00, 0x00, 0x00, 0x2E, 0x00, 0x00, 0x00, 0x00, 0x00, 0x00, 0x00, 0x02,
    0x00, 0x00, 0x00, 0x01, 0x00, 0x00, 0x00, 0x00, 0x00, 0x00, 0x00, 0x00, 0x00, 0x00, 0x00, 0x00, 0x00, 0x00, 0x00, 0x00, 0x00, 0x00, 0x00, 0x00,
    0x00, 0x00, 0x00, 0x00, 0x00, 0x00, 0x00, 0x00, 0x00, 0x00, 0x00, 0x01, 0x00, 0x00, 0x00, 0x00, 0x00, 0x00, 0x00, 0x00, 0x00, 0x00, 0x00, 0x00,
    0x00, 0x00, 0x00, 0x00, 0x00, 0x00, 0x00, 0x00, 0x00, 0x00, 0x00, 0x00, 0x00, 0x00, 0x00, 0x00, 0x00, 0x00, 0x00, 0x00, 0x00, 0x00, 0x00, 0x00,
    0x00, 0x00, 0x00, 0x00, 0x00, 0x00, 0x00, 0x00, 0x00, 0x00, 0x00, 0x00, 0x00, 0x00, 0x00, 0x00, 0x00, 0x00, 0x00, 0x00, 0x00, 0x00, 0x00, 0x00,
    0x00, 0x00, 0x00, 0x00, 0x00, 0x00, 0x00, 0x00, 0x00, 0x00, 0x00, 0x01, 0x00, 0x00, 0x00, 0x01, 0x00, 0x00, 0x00, 0x06, 0x00, 0x01, 0x01, 0xB5,
    0x10, 0x12, 0x16, 0xF7, 0x0F, 0x14, 0x1A, 0x31, 0x00, 0x00, 0x00, 0x00, 0x00, 0x00, 0x00, 0x03, 0x00, 0x00, 0x00, 0x00, 0x00, 0x00, 0x00, 0x02,
    0x00, 0x00, 0x00, 0x00, 0x00, 0x00, 0x00, 0x00, 0x00, 0x00, 0x00, 0x43, 0x01, 0x03, 0x01, 0xA6, 0x01, 0x01, 0x03, 0xA4, 0x00, 0x00, 0x00, 0x6E,
    0x00, 0x00, 0x00, 0x38, 0x00, 0x00, 0x00, 0x10, 0x00, 0x00, 0x00, 0x00, 0x00, 0x00, 0x00, 0x00, 0x00, 0x00, 0x00, 0x01, 0x00, 0x00, 0x00, 0x00,
    0x00, 0x00, 0x00, 0x00, 0x00, 0x00, 0x00, 0x00, 0x00, 0x00, 0x00, 0x00, 0x00, 0x00, 0x00, 0x00, 0x00, 0x00, 0x00, 0x00, 0x00, 0x00, 0x00, 0x00,
    0x00, 0x00, 0x00, 0x00, 0x00, 0x00, 0x00, 0x00, 0x00, 0x00, 0x00, 0x00, 0x00, 0x00, 0x00, 0x00, 0x00, 0x00, 0x00, 0x00, 0x00, 0x00, 0x00, 0x00,
    0x00, 0x00, 0x00, 0x00, 0x00, 0x00, 0x00, 0x00, 0x00, 0x00, 0x00, 0x00, 0x00, 0x00, 0x00, 0x00, 0x00, 0x00, 0x00, 0x00, 0x00, 0x00, 0x00, 0x00,
    0x00, 0x00, 0x00, 0x00, 0x00, 0x00, 0x00, 0x00, 0x00, 0x00, 0x00, 0x00, 0x00, 0x00, 0x00, 0x00, 0x00, 0x00, 0x00, 0x00, 0x00, 0x00, 0x00, 0x00,
    0x00, 0x00, 0x00, 0x00, 0x00, 0x00, 0x00, 0x00, 0x00, 0x00, 0x00, 0x00, 0x00, 0x00, 0x00, 0x02, 0x00, 0x00, 0x00, 0x00, 0x00, 0x00, 0x00, 0x42,
    0x00, 0x00, 0x00, 0x5B, 0x00, 0x00, 0x00, 0x00, 0x00, 0x00, 0x00, 0x03, 0x00, 0x00, 0x00, 0x00, 0x00, 0x00, 0x00, 0x00, 0x00, 0x00, 0x00, 0x00,
    0x00, 0x00, 0x00, 0x01, 0x00, 0x00, 0x00, 0x01, 0x00, 0x00, 0x00, 0x00, 0x00, 0x00, 0x00, 0x00, 0x00, 0x00, 0x00, 0x00, 0x00, 0x00, 0x00, 0x00,
    0x00, 0x00, 0x00, 0x00, 0x00, 0x00, 0x00, 0x00, 0x00, 0x00, 0x00, 0x02, 0x00, 0x00, 0x00, 0x03, 0x00, 0x00, 0x00, 0x00, 0x00, 0x00, 0x00, 0x00,
    0x00, 0x00, 0x00, 0x00, 0x00, 0x00, 0x00, 0x00, 0x00, 0x00, 0x00, 0x00, 0x00, 0x00, 0x00, 0x00, 0x00, 0x00, 0x00, 0x00, 0x00, 0x00, 0x00, 0x00,
    0x00, 0x00, 0x00, 0x00, 0x00, 0x00, 0x00, 0x00, 0x00, 0x00, 0x00, 0x00, 0x00, 0x00, 0x00, 0x00, 0x00, 0x00, 0x00, 0x00, 0x00, 0x00, 0x00, 0x00,
    0x00, 0x00, 0x00, 0x00, 0x00, 0x00, 0x00, 0x00, 0x00, 0x00, 0x00, 0x00, 0x00, 0x00, 0x00, 0x00, 0x00, 0x00, 0x00, 0x00, 0x00, 0x00, 0x00, 0x00,
    0x00, 0x00, 0x00, 0x00, 0x00, 0x00, 0x00, 0x00, 0x00, 0x00, 0x00, 0x00, 0x00, 0x00, 0x00, 0x00, 0x00, 0x00, 0x00, 0x00, 0x00, 0x00, 0x00, 0x00,
    0x00, 0x00, 0x00, 0x00, 0x00, 0x00, 0x00, 0x00, 0x00, 0x00, 0x00, 0x00, 0x00, 0x00, 0x00, 0x00, 0x00, 0x00, 0x00, 0x00, 0x00, 0x00, 0x00, 0x00,
    0x00, 0x00, 0x00, 0x00, 0x00, 0x00, 0x00, 0x01, 0x00, 0x00, 0x00, 0x00, 0x00, 0x00, 0x00, 0x00, 0x00, 0x00, 0x00, 0x00, 0x00, 0x00, 0x00, 0x00,
    0x00, 0x00, 0x00, 0x00, 0x00, 0x00, 0x00, 0x00, 0x00, 0x00, 0x00, 0x03, 0x00, 0x00, 0x00, 0x00, 0x00, 0x00, 0x00, 0x01, 0x00, 0x00, 0x00, 0x03,
    0x00, 0x00, 0x00, 0x02, 0x00, 0x00, 0x00, 0x01, 0x00, 0x00, 0x00, 0x00, 0x00, 0x00, 0x00, 0x00, 0x00, 0x00, 0x00, 0x00, 0x00, 0x00, 0x00, 0x00,
    0x00, 0x00, 0x00, 0x00, 0x00, 0x00, 0x00, 0x00, 0x00, 0x00, 0x00, 0x00, 0x00, 0x00, 0x00, 0x00, 0x00, 0x00, 0x00, 0x00, 0x00, 0x00, 0x00, 0x00,
    0x00, 0x00, 0x00, 0x00, 0x00, 0x00, 0x00, 0x00, 0x00, 0x00, 0x00, 0x00, 0x00, 0x00, 0x00, 0x00, 0x00, 0x00, 0x00, 0x00, 0x00, 0x00, 0x00, 0x00,
    0x00, 0x00, 0x00, 0x00, 0x00, 0x00, 0x00, 0x00, 0x00, 0x00, 0x00, 0x00, 0x00, 0x00, 0x00, 0x00, 0x00, 0x00, 0x00, 0x00, 0x00, 0x00, 0x00, 0x00,
    0x00, 0x00, 0x00, 0x00, 0x00, 0x00, 0x00, 0x00, 0x00, 0x00, 0x00, 0x00, 0x00, 0x00, 0x00, 0x00, 0x00, 0x00, 0x00, 0x00, 0x00, 0x00, 0x00, 0x00,
    0x00, 0x00, 0x00, 0x00, 0x00, 0x00, 0x00, 0x00, 0x00, 0x00, 0x00, 0x00, 0x00, 0x00, 0x00, 0x00, 0x00, 0x00, 0x00, 0x00, 0x00, 0x00, 0x00, 0x00,
    0x00, 0x00, 0x00, 0x00, 0x00, 0x00, 0x00, 0x00, 0x00, 0x00, 0x00, 0x00, 0x00, 0x00, 0x00, 0x00, 0x00, 0x00, 0x00, 0x00, 0x00, 0x00, 0x00, 0x00,
    0x00, 0x00, 0x00, 0x00, 0x00, 0x00, 0x00, 0x00, 0x00, 0x00, 0x00, 0x00, 0x00, 0x00, 0x00, 0x00, 0x00, 0x00, 0x00, 0x00, 0x00, 0x00, 0x00, 0x00,
    0x00, 0x00, 0x00, 0x00, 0x00, 0x00, 0x00, 0x00, 0x00, 0x00, 0x00, 0x00, 0x00, 0x00, 0x00, 0x00, 0x00, 0x00, 0x00, 0x00, 0x00, 0x00, 0x00, 0x00,
    0x00, 0x00, 0x00, 0x00, 0x00, 0x00, 0x00, 0x00, 0x00, 0x00, 0x00, 0x00, 0x00, 0x00, 0x00, 0x00, 0x00, 0x00, 0x00, 0x00, 0x00, 0x00, 0x00, 0x00,
    0x00, 0x00, 0x00, 0x00, 0x00, 0x00, 0x00, 0x00, 0x00, 0x00, 0x00, 0x00, 0x00, 0x00, 0x00, 0x00, 0x00, 0x00, 0x00, 0x00, 0x00, 0x00, 0x00, 0x00,
    0x00, 0x00, 0x00, 0x00, 0x00, 0x00, 0x00, 0x00, 0x00, 0x00, 0x00, 0x00, 0x00, 0x00, 0x00, 0x00, 0x00, 0x00, 0x00, 0x00, 0x00, 0x00, 0x00, 0x00,
    0x00, 0x00, 0x00, 0x00, 0x00, 0x00, 0x00, 0x00, 0x00, 0x00, 0x00, 0x00, 0x00, 0x00, 0x00, 0x00, 0x00, 0x00, 0x00, 0x00, 0x00, 0x00, 0x00, 0x00,
    0x00, 0x00, 0x00, 0x00, 0x00, 0x00, 0x00, 0x00, 0x00, 0x00, 0x00, 0x00, 0x00, 0x00, 0x00, 0x00, 0x00, 0x00, 0x00, 0x00, 0x00, 0x00, 0x00, 0x00,
    0x00, 0x00, 0x00, 0x00, 0x00, 0x00, 0x00, 0x00, 0x00, 0x00, 0x00, 0x00, 0x00, 0x00, 0x00, 0x00, 0x00, 0x00, 0x00, 0x00, 0x00, 0x00, 0x00, 0x00,
    0x00, 0x00, 0x00, 0x00, 0x00, 0x00, 0x00, 0x00, 0x00, 0x00, 0x00, 0x00, 0x00, 0x00, 0x00, 0x00, 0x00, 0x00, 0x00, 0x00, 0x00, 0x00, 0x00, 0x00,
    0x00, 0x00, 0x00, 0x00, 0x00, 0x00, 0x00, 0x00, 0x00, 0x00, 0x00, 0x00, 0x00, 0x00, 0x00, 0x00, 0x00, 0x00, 0x00, 0x00, 0x00, 0x00, 0x00, 0x00,
    0x00, 0x00, 0x00, 0x00, 0x00, 0x00, 0x00, 0x00, 0x00, 0x00, 0x00, 0x00, 0x00, 0x00, 0x00, 0x00, 0x00, 0x00, 0x00, 0x00, 0x00, 0x00, 0x00, 0x00,
    0x00, 0x00, 0x00, 0x00, 0x00, 0x00, 0x00, 0x00, 0x00, 0x00, 0x00, 0x00, 0x00, 0x00, 0x00, 0x00, 0x00, 0x00, 0x00, 0x00, 0x00, 0x00, 0x00, 0x00,
    0x00, 0x00, 0x00, 0x00, 0x00, 0x00, 0x00, 0x00, 0x00, 0x00, 0x00, 0x00, 0x00, 0x00, 0x00, 0x00, 0x00, 0x00, 0x00, 0x00, 0x00, 0x00, 0x00, 0x00,
    0x00, 0x00, 0x00, 0x00, 0x00, 0x00, 0x00, 0x00, 0x00, 0x00, 0x00, 0x00, 0x00, 0x00, 0x00, 0x00, 0x00, 0x00, 0x00, 0x00, 0x00, 0x00, 0x00, 0x00,
    0x00, 0x00, 0x00, 0x00, 0x00, 0x00, 0x00, 0x00, 0x00, 0x00, 0x00, 0x00, 0x00, 0x00, 0x00, 0x00, 0x00, 0x00, 0x00, 0x00, 0x00, 0x00, 0x00, 0x00,
    0x00, 0x00, 0x00, 0x00, 0x00, 0x00, 0x00, 0x00, 0x00, 0x00, 0x00, 0x00, 0x00, 0x00, 0x00, 0x00, 0x00, 0x00, 0x00, 0x00, 0x00, 0x00, 0x00, 0x00,
    0x00, 0x00, 0x00, 0x00, 0x00, 0x00, 0x00, 0x00, 0x00, 0x00, 0x00, 0x00, 0x00, 0x00, 0x00, 0x00, 0x00, 0x00, 0x00, 0x00, 0x00, 0x00, 0x00, 0x00,
    0x00, 0x00, 0x00, 0x00, 0x00, 0x00, 0x00, 0x00, 0x00, 0x00, 0x00, 0x00, 0x00, 0x00, 0x00, 0x00, 0x00, 0x00, 0x00, 0x00, 0x00, 0x00, 0x00, 0x00,
    0x00, 0x00, 0x00, 0x00, 0x00, 0x00, 0x00, 0x00, 0x00, 0x00, 0x00, 0x00, 0x00, 0x00, 0x00, 0x00, 0x00, 0x00, 0x00, 0x00, 0x00, 0x00, 0x00, 0x00,
    0x00, 0x00, 0x00, 0x00, 0x00, 0x00, 0x00, 0x00, 0x00, 0x00, 0x00, 0x00, 0x00, 0x00, 0x00, 0x00, 0x00, 0x00, 0x00, 0x00, 0x00, 0x00, 0x00, 0x00,
    0x00, 0x00, 0x00, 0x00, 0x00, 0x00, 0x00, 0x00, 0x00, 0x00, 0x00, 0x00, 0x00, 0x00, 0x00, 0x00, 0x00, 0x00, 0x00, 0x00, 0x00, 0x00, 0x00, 0x00,
    0x00, 0x00, 0x00, 0x00, 0x00, 0x00, 0x00, 0x00, 0x00, 0x00, 0x00, 0x00, 0x00, 0x00, 0x00, 0x00, 0x00, 0x00, 0x00, 0x00, 0x00, 0x00, 0x00, 0x00,
    0x00, 0x00, 0x00, 0x00, 0x00, 0x00, 0x00, 0x00, 0x00, 0x00, 0x00, 0x00, 0x00, 0x00, 0x00, 0x00, 0x00, 0x00, 0x00, 0x00, 0x00, 0x00, 0x00, 0x00,
    0x00, 0x00, 0x00, 0x00, 0x00, 0x00, 0x00, 0x00, 0x00, 0x00, 0x00, 0x00, 0x00, 0x00, 0x00, 0x00, 0x00, 0x00, 0x00, 0x00, 0x00, 0x00, 0x00, 0x00,
    0x00, 0x00, 0x00, 0x00, 0x00, 0x00, 0x00, 0x00, 0x00, 0x00, 0x00, 0x00, 0x00, 0x00, 0x00, 0x00, 0x00, 0x00, 0x00, 0x00, 0x00, 0x00, 0x00, 0x00,
    0x00, 0x00, 0x00, 0x00, 0x00, 0x00, 0x00, 0x00, 0x00, 0x00, 0x00, 0x00, 0x00, 0x00, 0x00, 0x00, 0x00, 0x00, 0x00, 0x00, 0x00, 0x00, 0x00, 0x00,
    0x00, 0x00, 0x00, 0x00, 0x00, 0x00, 0x00, 0x00, 0x00, 0x00, 0x00, 0x00, 0x00, 0x00, 0x00, 0x00, 0x00, 0x00, 0x00, 0x00, 0x00, 0x00, 0x00, 0x00,
    0x00, 0x00, 0x00, 0x00, 0x00, 0x00, 0x00, 0x00, 0x00, 0x00, 0x00, 0x00, 0x00, 0x00, 0x00, 0x00, 0x00, 0x00, 0x00, 0x00, 0x00, 0x00, 0x00, 0x00,
    0x00, 0x00, 0x00, 0x00, 0x00, 0x00, 0x00, 0x00, 0x00, 0x00, 0x00, 0x00, 0x00, 0x00, 0x00, 0x00, 0x00, 0x00, 0x00, 0x00, 0x00, 0x00, 0x00, 0x00,
    0x00, 0x00, 0x00, 0x00, 0x00, 0x00, 0x00, 0x00, 0x00, 0x00, 0x00, 0x00, 0x00, 0x00, 0x00, 0x00, 0x00, 0x00, 0x00, 0x00, 0x00, 0x00, 0x00, 0x00,
    0x00, 0x00, 0x00, 0x00, 0x00, 0x00, 0x00, 0x00, 0x00, 0x00, 0x00, 0x00, 0x00, 0x00, 0x00, 0x00, 0x00, 0x00, 0x00, 0x00, 0x00, 0x00, 0x00, 0x00,
    0x00, 0x00, 0x00, 0x00, 0x00, 0x00, 0x00, 0x00, 0x00, 0x00, 0x00, 0x00, 0x00, 0x00, 0x00, 0x00, 0x00, 0x00, 0x00, 0x00, 0x00, 0x00, 0x00, 0x00,
    0x00, 0x00, 0x00, 0x00, 0x00, 0x00, 0x00, 0x00, 0x00, 0x00, 0x00, 0x00, 0x00, 0x00, 0x00, 0x00, 0x00, 0x00, 0x00, 0x00, 0x00, 0x00, 0x00, 0x00,
    0x00, 0x00, 0x00, 0x00, 0x00, 0x00, 0x00, 0x00, 0x00, 0x00, 0x00, 0x00, 0x00, 0x00, 0x00, 0x00, 0x00, 0x00, 0x00, 0x00, 0x00, 0x00, 0x00, 0x00,
    0x00, 0x00, 0x00, 0x00, 0x00, 0x00, 0x00, 0x00, 0x00, 0x00, 0x00, 0x00, 0x00, 0x00, 0x00, 0x00, 0x00, 0x00, 0x00, 0x00, 0x00, 0x00, 0x00, 0x00,
    0x00, 0x00, 0x00, 0x00, 0x00, 0x00, 0x00, 0x00, 0x00, 0x00, 0x00, 0x00, 0x00, 0x00, 0x00, 0x00, 0x00, 0x00, 0x00, 0x00, 0x00, 0x00, 0x00, 0x00,
    0x00, 0x00, 0x00, 0x00, 0x00, 0x00, 0x00, 0x00, 0x00, 0x00, 0x00, 0x00, 0x00, 0x00, 0x00, 0x00, 0x00, 0x00, 0x00, 0x00, 0x00, 0x00, 0x00, 0x00,
    0x00, 0x00, 0x00, 0x00, 0x00, 0x00, 0x00, 0x00, 0x00, 0x00, 0x00, 0x00, 0x00, 0x00, 0x00, 0x00, 0x00, 0x00, 0x00, 0x00, 0x00, 0x00, 0x00, 0x00,
    0x00, 0x00, 0x00, 0x00, 0x00, 0x00, 0x00, 0x00, 0x00, 0x00, 0x00, 0x00, 0x00, 0x00, 0x00, 0x00, 0x00, 0x00, 0x00, 0x00, 0x00, 0x00, 0x00, 0x00,
    0x00, 0x00, 0x00, 0x00, 0x00, 0x00, 0x00, 0x00, 0x00, 0x00, 0x00, 0x00, 0x00, 0x00, 0x00, 0x00, 0x00, 0x00, 0x00, 0x00, 0x00, 0x00, 0x00, 0x00,
    0x00, 0x00, 0x00, 0x00, 0x00, 0x00, 0x00, 0x00, 0x00, 0x00, 0x00, 0x00, 0x00, 0x00, 0x00, 0x00, 0x00, 0x00, 0x00, 0x00, 0x00, 0x00, 0x00, 0x00,
    0x00, 0x00, 0x00, 0x00, 0x00, 0x00, 0x00, 0x00, 0x00, 0x00, 0x00, 0x00, 0x00, 0x00, 0x00, 0x00, 0x00, 0x00, 0x00, 0x00, 0x00, 0x00, 0x00, 0x00,
    0x00, 0x00, 0x00, 0x00, 0x00, 0x00, 0x00, 0x00, 0x00, 0x00, 0x00, 0x00, 0x00, 0x00, 0x00, 0x00, 0x00, 0x00, 0x00, 0x00, 0x00, 0x00, 0x00, 0x00,
    0x00, 0x00, 0x00, 0x00, 0x00, 0x00, 0x00, 0x00, 0x00, 0x00, 0x00, 0x00, 0x00, 0x00, 0x00, 0x00, 0x00, 0x00, 0x00, 0x00, 0x00, 0x00, 0x00, 0x00,
    0x00, 0x00, 0x00, 0x00, 0x00, 0x00, 0x00, 0x00, 0x00, 0x00, 0x00, 0x00, 0x00, 0x00, 0x00, 0x00, 0x00, 0x00, 0x00, 0x00, 0x00, 0x00, 0x00, 0x00,
    0x00, 0x00, 0x00, 0x00, 0x00, 0x00, 0x00, 0x00, 0x00, 0x00, 0x00, 0x00, 0x00, 0x00, 0x00, 0x00, 0x00, 0x00, 0x00, 0x00, 0x00, 0x00, 0x00, 0x00,
    0x00, 0x00, 0x00, 0x00, 0x00, 0x00, 0x00, 0x00, 0x00, 0x00, 0x00, 0x00, 0x00, 0x00, 0x00, 0x00, 0x00, 0x00, 0x00, 0x00, 0x00, 0x00, 0x00, 0x00,
    0x00, 0x00, 0x00, 0x00, 0x00, 0x00, 0x00, 0x00, 0x00, 0x00, 0x00, 0x00, 0x00, 0x00, 0x00, 0x00, 0x00, 0x00, 0x00, 0x00, 0x00, 0x00, 0x00, 0x00,
    0x00, 0x00, 0x00, 0x00, 0x00, 0x00, 0x00, 0x00, 0x00, 0x00, 0x00, 0x00, 0x00, 0x00, 0x00, 0x00, 0x00, 0x00, 0x00, 0x00, 0x00, 0x00, 0x00, 0x00,
    0x00, 0x00, 0x00, 0x00, 0x00, 0x00, 0x00, 0x00, 0x00, 0x00, 0x00, 0x00, 0x00, 0x00, 0x00, 0x00, 0x00, 0x00, 0x00, 0x00, 0x00, 0x00, 0x00, 0x00,
    0x00, 0x00, 0x00, 0x00, 0x00, 0x00, 0x00, 0x00, 0x00, 0x00, 0x00, 0x00, 0x00, 0x00, 0x00, 0x00, 0x00, 0x00, 0x00, 0x00, 0x00, 0x00, 0x00, 0x00,
    0x00, 0x00, 0x00, 0x00, 0x00, 0x00, 0x00, 0x00, 0x00, 0x00, 0x00, 0x00, 0x00, 0x00, 0x00, 0x00, 0x00, 0x00, 0x00, 0x00, 0x00, 0x00, 0x00, 0x00,
};
inline constexpr std::array<std::uint8_t, 9216> flak_gauntlets = {
    0x00, 0x00, 0x00, 0x00, 0x00, 0x00, 0x00, 0x00, 0x00, 0x00, 0x00, 0x00, 0x00, 0x00, 0x00, 0x00, 0x00, 0x00, 0x00, 0x00, 0x00, 0x00, 0x00, 0x00,
    0x00, 0x00, 0x00, 0x00, 0x00, 0x00, 0x00, 0x00, 0x00, 0x00, 0x00, 0x00, 0x00, 0x00, 0x00, 0x00, 0x00, 0x00, 0x00, 0x00, 0x00, 0x00, 0x00, 0x00,
    0x00, 0x00, 0x00, 0x00, 0x00, 0x00, 0x00, 0x00, 0x00, 0x00, 0x00, 0x00, 0x00, 0x00, 0x00, 0x00, 0x00, 0x00, 0x00, 0x00, 0x00, 0x00, 0x00, 0x00,
    0x00, 0x00, 0x00, 0x00, 0x00, 0x00, 0x00, 0x00, 0x00, 0x00, 0x00, 0x00, 0x00, 0x00, 0x00, 0x00, 0x00, 0x00, 0x00, 0x00, 0x00, 0x00, 0x00, 0x00,
    0x00, 0x00, 0x00, 0x00, 0x00, 0x00, 0x00, 0x00, 0x00, 0x00, 0x00, 0x00, 0x00, 0x00, 0x00, 0x00, 0x00, 0x00, 0x00, 0x00, 0x00, 0x00, 0x00, 0x00,
    0x00, 0x00, 0x00, 0x00, 0x00, 0x00, 0x00, 0x00, 0x00, 0x00, 0x00, 0x00, 0x00, 0x00, 0x00, 0x00, 0x00, 0x00, 0x00, 0x00, 0x00, 0x00, 0x00, 0x00,
    0x00, 0x00, 0x00, 0x00, 0x00, 0x00, 0x00, 0x00, 0x00, 0x00, 0x00, 0x00, 0x00, 0x00, 0x00, 0x00, 0x00, 0x00, 0x00, 0x00, 0x00, 0x00, 0x00, 0x00,
    0x00, 0x00, 0x00, 0x00, 0x00, 0x00, 0x00, 0x00, 0x00, 0x00, 0x00, 0x00, 0x00, 0x00, 0x00, 0x00, 0x00, 0x00, 0x00, 0x00, 0x00, 0x00, 0x00, 0x00,
    0x00, 0x00, 0x00, 0x00, 0x00, 0x00, 0x00, 0x00, 0x00, 0x00, 0x00, 0x00, 0x00, 0x00, 0x00, 0x00, 0x00, 0x00, 0x00, 0x00, 0x00, 0x00, 0x00, 0x00,
    0x00, 0x00, 0x00, 0x00, 0x00, 0x00, 0x00, 0x00, 0x00, 0x00, 0x00, 0x00, 0x00, 0x00, 0x00, 0x00, 0x00, 0x00, 0x00, 0x00, 0x00, 0x00, 0x00, 0x00,
    0x00, 0x00, 0x00, 0x00, 0x00, 0x00, 0x00, 0x00, 0x00, 0x00, 0x00, 0x00, 0x00, 0x00, 0x00, 0x00, 0x00, 0x00, 0x00, 0x00, 0x00, 0x00, 0x00, 0x00,
    0x00, 0x00, 0x00, 0x00, 0x00, 0x00, 0x00, 0x00, 0x00, 0x00, 0x00, 0x00, 0x00, 0x00, 0x00, 0x00, 0x00, 0x00, 0x00, 0x00, 0x00, 0x00, 0x00, 0x00,
    0x00, 0x00, 0x00, 0x00, 0x00, 0x00, 0x00, 0x00, 0x00, 0x00, 0x00, 0x00, 0x00, 0x00, 0x00, 0x00, 0x00, 0x00, 0x00, 0x00, 0x00, 0x00, 0x00, 0x00,
    0x00, 0x00, 0x00, 0x00, 0x00, 0x00, 0x00, 0x00, 0x00, 0x00, 0x00, 0x00, 0x00, 0x00, 0x00, 0x00, 0x00, 0x00, 0x00, 0x00, 0x00, 0x00, 0x00, 0x00,
    0x00, 0x00, 0x00, 0x00, 0x00, 0x00, 0x00, 0x00, 0x00, 0x00, 0x00, 0x00, 0x00, 0x00, 0x00, 0x00, 0x00, 0x00, 0x00, 0x00, 0x00, 0x00, 0x00, 0x00,
    0x00, 0x00, 0x00, 0x00, 0x00, 0x00, 0x00, 0x00, 0x00, 0x00, 0x00, 0x00, 0x00, 0x00, 0x00, 0x00, 0x00, 0x00, 0x00, 0x00, 0x00, 0x00, 0x00, 0x00,
    0x00, 0x00, 0x00, 0x00, 0x00, 0x00, 0x00, 0x00, 0x00, 0x00, 0x00, 0x00, 0x00, 0x00, 0x00, 0x00, 0x00, 0x00, 0x00, 0x00, 0x00, 0x00, 0x00, 0x00,
    0x00, 0x00, 0x00, 0x00, 0x00, 0x00, 0x00, 0x00, 0x00, 0x00, 0x00, 0x00, 0x00, 0x00, 0x00, 0x00, 0x00, 0x00, 0x00, 0x00, 0x00, 0x00, 0x00, 0x00,
    0x00, 0x00, 0x00, 0x00, 0x00, 0x00, 0x00, 0x00, 0x00, 0x00, 0x00, 0x00, 0x00, 0x00, 0x00, 0x00, 0x00, 0x00, 0x00, 0x00, 0x00, 0x00, 0x00, 0x00,
    0x00, 0x00, 0x00, 0x00, 0x00, 0x00, 0x00, 0x00, 0x00, 0x00, 0x00, 0x00, 0x00, 0x00, 0x00, 0x00, 0x00, 0x00, 0x00, 0x00, 0x00, 0x00, 0x00, 0x00,
    0x00, 0x00, 0x00, 0x00, 0x00, 0x00, 0x00, 0x00, 0x00, 0x00, 0x00, 0x00, 0x00, 0x00, 0x00, 0x00, 0x00, 0x00, 0x00, 0x00, 0x00, 0x00, 0x00, 0x00,
    0x00, 0x00, 0x00, 0x00, 0x00, 0x00, 0x00, 0x00, 0x00, 0x00, 0x00, 0x00, 0x00, 0x00, 0x00, 0x00, 0x00, 0x00, 0x00, 0x00, 0x00, 0x00, 0x00, 0x00,
    0x00, 0x00, 0x00, 0x00, 0x00, 0x00, 0x00, 0x00, 0x00, 0x00, 0x00, 0x00, 0x00, 0x00, 0x00, 0x00, 0x00, 0x00, 0x00, 0x00, 0x00, 0x00, 0x00, 0x00,
    0x00, 0x00, 0x00, 0x00, 0x00, 0x00, 0x00, 0x00, 0x00, 0x00, 0x00, 0x00, 0x00, 0x00, 0x00, 0x00, 0x00, 0x00, 0x00, 0x00, 0x00, 0x00, 0x00, 0x00,
    0x00, 0x00, 0x00, 0x00, 0x00, 0x00, 0x00, 0x00, 0x00, 0x00, 0x00, 0x00, 0x00, 0x00, 0x00, 0x00, 0x00, 0x00, 0x00, 0x00, 0x00, 0x00, 0x00, 0x00,
    0x00, 0x00, 0x00, 0x00, 0x00, 0x00, 0x00, 0x00, 0x00, 0x00, 0x00, 0x00, 0x00, 0x00, 0x00, 0x00, 0x00, 0x00, 0x00, 0x00, 0x00, 0x00, 0x00, 0x00,
    0x00, 0x00, 0x00, 0x01, 0x00, 0x00, 0x00, 0x01, 0x00, 0x00, 0x00, 0x00, 0x14, 0x1E, 0x28, 0x19, 0x19, 0x1D, 0x29, 0x3D, 0x19, 0x1D, 0x2D, 0x3D,
    0x22, 0x27, 0x31, 0x34, 0x7F, 0x7F, 0x8F, 0x10, 0x00, 0x00, 0x00, 0x00, 0x00, 0x00, 0x00, 0x00, 0xFF, 0xFF, 0xFF, 0x01, 0x00, 0x00, 0x00, 0x00,
    0x00, 0x00, 0x00, 0x00, 0x00, 0x00, 0x00, 0x00, 0x00, 0x00, 0x00, 0x00, 0x00, 0x00, 0x00, 0x00, 0x00, 0x00, 0x00, 0x00, 0x00, 0x00, 0x00, 0x00,
    0x00, 0x00, 0x00, 0x00, 0x00, 0x00, 0x00, 0x00, 0x00, 0x00, 0x00, 0x00, 0x00, 0x00, 0x00, 0x00, 0x00, 0x00, 0x00, 0x00, 0x00, 0x00, 0x00, 0x00,
    0x00, 0x00, 0x00, 0x00, 0x00, 0x00, 0x00, 0x00, 0x00, 0x00, 0x00, 0x00, 0x00, 0x00, 0x00, 0x00, 0x00, 0x00, 0x00, 0x00, 0x00, 0x00, 0x00, 0x00,
    0x00, 0x00, 0x00, 0x00, 0x00, 0x00, 0x00, 0x00, 0x00, 0x00, 0x00, 0x00, 0x00, 0x00, 0x00, 0x00, 0x00, 0x00, 0x00, 0x00, 0x00, 0x00, 0x00, 0x00,
    0x00, 0x00, 0x00, 0x00, 0x00, 0x00, 0x00, 0x00, 0x00, 0x00, 0x00, 0x00, 0x00, 0x00, 0x00, 0x00, 0x00, 0x00, 0x00, 0x00, 0x00, 0x00, 0x00, 0x00,
    0x00, 0x00, 0x00, 0x00, 0x00, 0x00, 0x00, 0x00, 0x00, 0x00, 0x00, 0x00, 0x00, 0x00, 0x00, 0x00, 0x00, 0x00, 0x00, 0x00, 0x00, 0x00, 0x00, 0x01,
    0x00, 0x00, 0x00, 0x01, 0x00, 0x00, 0x00, 0x00, 0x15, 0x1B, 0x28, 0x78, 0x18, 0x1F, 0x2D, 0xE6, 0x17, 0x1F, 0x2A, 0xFC, 0x11, 0x1A, 0x25, 0xFD,
    0x51, 0x58, 0x66, 0xF8, 0x6B, 0x71, 0x80, 0xDE, 0x44, 0x4C, 0x5A, 0x99, 0x44, 0x4E, 0x58, 0x34, 0x00, 0x00, 0x00, 0x00, 0x00, 0x00, 0x00, 0x01,
    0x00, 0x00, 0x00, 0x00, 0x00, 0x00, 0x00, 0x00, 0x00, 0x00, 0x00, 0x00, 0x00, 0x00, 0x00, 0x00, 0x00, 0x00, 0x00, 0x00, 0x00, 0x00, 0x00, 0x00,
    0x00, 0x00, 0x00, 0x00, 0x00, 0x00, 0x00, 0x00, 0x00, 0x00, 0x00, 0x00, 0x00, 0x00, 0x00, 0x00, 0x00, 0x00, 0x00, 0x00, 0x00, 0x00, 0x00, 0x00,
    0x00, 0x00, 0x00, 0x00, 0x00, 0x00, 0x00, 0x00, 0x00, 0x00, 0x00, 0x00, 0x00, 0x00, 0x00, 0x00, 0x00, 0x00, 0x00, 0x00, 0x00, 0x00, 0x00, 0x00,
    0x00, 0x00, 0x00, 0x00, 0x00, 0x00, 0x00, 0x00, 0x00, 0x00, 0x00, 0x00, 0x00, 0x00, 0x00, 0x00, 0x00, 0x00, 0x00, 0x00, 0x00, 0x00, 0x00, 0x00,
    0x00, 0x00, 0x00, 0x00, 0x00, 0x00, 0x00, 0x00, 0x00, 0x00, 0x00, 0x00, 0x00, 0x00, 0x00, 0x00, 0x00, 0x00, 0x00, 0x00, 0x00, 0x00, 0x00, 0x00,
    0x00, 0x00, 0x00, 0x00, 0x00, 0x00, 0x00, 0x00, 0x00, 0x00, 0x00, 0x00, 0x00, 0x00, 0x00, 0x00, 0x00, 0x00, 0x00, 0x01, 0x00, 0x00, 0x00, 0x02,
    0x00, 0x00, 0x00, 0x01, 0x12, 0x1A, 0x26, 0xA4, 0x1C, 0x24, 0x36, 0xFF, 0x23, 0x2C, 0x40, 0xFF, 0x19, 0x23, 0x34, 0xFF, 0x2E, 0x39, 0x49, 0xFF,
    0x7B, 0x84, 0x95, 0xFF, 0x60, 0x69, 0x7C, 0xFF, 0x58, 0x62, 0x73, 0xFF, 0x61, 0x6D, 0x7A, 0xFA, 0x72, 0x7F, 0x8C, 0x3A, 0x00, 0x00, 0x00, 0x01,
    0x55, 0xAA, 0xAA, 0x03, 0x00, 0x00, 0x00, 0x00, 0x00, 0x00, 0x00, 0x00, 0x00, 0x00, 0x00, 0x00, 0x00, 0x00, 0x00, 0x00, 0x00, 0x00, 0x00, 0x00,
    0x00, 0x00, 0x00, 0x00, 0x00, 0x00, 0x00, 0x00, 0x00, 0x00, 0x00, 0x00, 0x00, 0x00, 0x00, 0x00, 0x00, 0x00, 0x00, 0x00, 0x00, 0x00, 0x00, 0x00,
    0x00, 0x00, 0x00, 0x00, 0x00, 0x00, 0x00, 0x00, 0x00, 0x00, 0x00, 0x00, 0x00, 0x00, 0x00, 0x00, 0x00, 0x00, 0x00, 0x00, 0x00, 0x00, 0x00, 0x00,
    0x00, 0x00, 0x00, 0x00, 0x00, 0x00, 0x00, 0x00, 0x00, 0x00, 0x00, 0x00, 0x00, 0x00, 0x00, 0x00, 0x00, 0x00, 0x00, 0x00, 0x00, 0x00, 0x00, 0x00,
    0x00, 0x00, 0x00, 0x00, 0x00, 0x00, 0x00, 0x00, 0x00, 0x00, 0x00, 0x00, 0x00, 0x00, 0x00, 0x00, 0x00, 0x00, 0x00, 0x00, 0x00, 0x00, 0x00, 0x00,
    0x00, 0x00, 0x00, 0x00, 0x00, 0x00, 0x00, 0x00, 0x00, 0x00, 0x00, 0x00, 0x00, 0x00, 0x00, 0x00, 0x00, 0x00, 0x00, 0x03, 0x00, 0x00, 0x00, 0x00,
    0x13, 0x1B, 0x28, 0x84, 0x14, 0x1C, 0x28, 0xFF, 0x1C, 0x24, 0x38, 0xFA, 0x27, 0x31, 0x49, 0xFE, 0x1E, 0x25, 0x3D, 0xFF, 0x5C, 0x64, 0x77, 0xFF,
    0x7B, 0x85, 0x95, 0xFE, 0x61, 0x6C, 0x7E, 0xFE, 0x6E, 0x78, 0x8B, 0xF8, 0x6C, 0x79, 0x8D, 0xFF, 0x79, 0x84, 0x90, 0xB7, 0x00, 0x00, 0x00, 0x00,
    0x7F, 0x7F, 0x7F, 0x02, 0x00, 0x00, 0x00, 0x00, 0x00, 0x00, 0x00, 0x00, 0x00, 0x00, 0x00, 0x00, 0x00, 0x00, 0x00, 0x00, 0x00, 0x00, 0x00, 0x00,
    0x00, 0x00, 0x00, 0x00, 0x00, 0x00, 0x00, 0x00, 0x00, 0x00, 0x00, 0x00, 0x00, 0x00, 0x00, 0x00, 0x00, 0x00, 0x00, 0x00, 0x00, 0x00, 0x00, 0x00,
    0x00, 0x00, 0x00, 0x00, 0x00, 0x00, 0x00, 0x00, 0x00, 0x00, 0x00, 0x00, 0x00, 0x00, 0x00, 0x00, 0x00, 0x00, 0x00, 0x00, 0x00, 0x00, 0x00, 0x00,
    0x00, 0x00, 0x00, 0x00, 0x00, 0x00, 0x00, 0x00, 0x00, 0x00, 0x00, 0x00, 0x00, 0x00, 0x00, 0x00, 0x00, 0x00, 0x00, 0x00, 0x00, 0x00, 0x00, 0x00,
    0x00, 0x00, 0x00, 0x00, 0x00, 0x00, 0x00, 0x00, 0x00, 0x00, 0x00, 0x00, 0x00, 0x00, 0x00, 0x00, 0x00, 0x00, 0x00, 0x00, 0x00, 0x00, 0x00, 0x00,
    0x00, 0x00, 0x00, 0x00, 0x00, 0x00, 0x00, 0x00, 0x00, 0x00, 0x00, 0x00, 0x00, 0x00, 0x00, 0x03, 0x00, 0x00, 0x00, 0x00, 0x1A, 0x23, 0x35, 0x39,
    0x17, 0x1F, 0x2C, 0xFE, 0x14, 0x1B, 0x27, 0xFC, 0x1E, 0x26, 0x3A, 0xFE, 0x28, 0x31, 0x4A, 0xFF, 0x26, 0x2D, 0x45, 0xFF, 0x70, 0x78, 0x8C, 0xFF,
    0x7C, 0x85, 0x96, 0xFF, 0x6E, 0x79, 0x8C, 0xFF, 0x7D, 0x87, 0x9A, 0xFF, 0x64, 0x70, 0x84, 0xFD, 0x70, 0x7A, 0x8A, 0xFB, 0xA5, 0xAF, 0xB9, 0x33,
    0x00, 0x00, 0x00, 0x00, 0xFF, 0xFF, 0xFF, 0x02, 0x00, 0x00, 0x00, 0x00, 0x00, 0x00, 0x00, 0x00, 0x00, 0x00, 0x00, 0x00, 0x00, 0x00, 0x00, 0x00,
    0x00, 0x00, 0x00, 0x00, 0x00, 0x00, 0x00, 0x00, 0x00, 0x00, 0x00, 0x00, 0x00, 0x00, 0x00, 0x00, 0x00, 0x00, 0x00, 0x00, 0x00, 0x00, 0x00, 0x00,
    0x00, 0x00, 0x00, 0x00, 0x00, 0x00, 0x00, 0x00, 0x00, 0x00, 0x00, 0x00, 0x00, 0x00, 0x00, 0x00, 0x00, 0x00, 0x00, 0x00, 0x00, 0x00, 0x00, 0x00,
    0x00, 0x00, 0x00, 0x00, 0x00, 0x00, 0x00, 0x00, 0x00, 0x00, 0x00, 0x00, 0x00, 0x00, 0x00, 0x00, 0x00, 0x00, 0x00, 0x00, 0x00, 0x00, 0x00, 0x00,
    0x00, 0x00, 0x00, 0x00, 0x00, 0x00, 0x00, 0x00, 0x00, 0x00, 0x00, 0x00, 0x00, 0x00, 0x00, 0x00, 0x00, 0x00, 0x00, 0x00, 0x00, 0x00, 0x00, 0x00,
    0x00, 0x00, 0x00, 0x00, 0x00, 0x00, 0x00, 0x00, 0x00, 0x00, 0x00, 0x00, 0x00, 0x00, 0x00, 0x02, 0x00, 0x00, 0x55, 0x03, 0x1B, 0x25, 0x39, 0xC3,
    0x18, 0x20, 0x30, 0xFF, 0x18, 0x1E, 0x2C, 0xFC, 0x21, 0x2A, 0x3F, 0xFF, 0x2B, 0x34, 0x4D, 0xFF, 0x2A, 0x32, 0x4B, 0xFF, 0x75, 0x7F, 0x94, 0xFF,
    0x88, 0x92, 0xA3, 0xFF, 0x7B, 0x87, 0x9A, 0xFF, 0x81, 0x8C, 0x9F, 0xFF, 0x6C, 0x79, 0x8D, 0xFB, 0x6E, 0x79, 0x8D, 0xFF, 0x85, 0x8C, 0x9A, 0x86,
    0x00, 0x00, 0x00, 0x00, 0x7F, 0x7F, 0x7F, 0x04, 0x00, 0x00, 0x00, 0x00, 0x00, 0x00, 0x00, 0x01, 0x00, 0x00, 0x00, 0x00, 0x00, 0x00, 0x00, 0x00,
    0x00, 0x00, 0x00, 0x00, 0x00, 0x00, 0x00, 0x00, 0x00, 0x00, 0x00, 0x00, 0x00, 0x00, 0x00, 0x00, 0x00, 0x00, 0x00, 0x00, 0x00, 0x00, 0x00, 0x00,
    0x00, 0x00, 0x00, 0x00, 0x00, 0x00, 0x00, 0x00, 0x00, 0x00, 0x00, 0x00, 0x00, 0x00, 0x00, 0x00, 0x00, 0x00, 0x00, 0x00, 0x00, 0x00, 0x00, 0x00,
    0x00, 0x00, 0x00, 0x00, 0x00, 0x00, 0x00, 0x00, 0x00, 0x00, 0x00, 0x00, 0x00, 0x00, 0x00, 0x00, 0x00, 0x00, 0x00, 0x00, 0x00, 0x00, 0x00, 0x00,
    0x00, 0x00, 0x00, 0x00, 0x00, 0x00, 0x00, 0x00, 0x00, 0x00, 0x00, 0x00, 0x00, 0x00, 0x00, 0x00, 0x00, 0x00, 0x00, 0x00, 0x00, 0x00, 0x00, 0x00,
    0x00, 0x00, 0x00, 0x00, 0x00, 0x00, 0x00, 0x00, 0x00, 0x00, 0x00, 0x00, 0x00, 0x00, 0x00, 0x00, 0x13, 0x1B, 0x27, 0x40, 0x1C, 0x26, 0x38, 0xFF,
    0x19, 0x20, 0x31, 0xFD, 0x19, 0x1F, 0x2F, 0xFF, 0x22, 0x2C, 0x42, 0xFF, 0x2C, 0x37, 0x51, 0xFF, 0x2D, 0x36, 0x51, 0xFF, 0x70, 0x7A, 0x8F, 0xFF,
    0x8E, 0x9A, 0xAB, 0xFF, 0x88, 0x96, 0xA7, 0xFF, 0x81, 0x8D, 0xA0, 0xFF, 0x72, 0x80, 0x94, 0xFC, 0x6F, 0x7B, 0x90, 0xFF, 0x80, 0x86, 0x9B, 0xBD,
    0x00, 0x00, 0x00, 0x00, 0x00, 0x00, 0x00, 0x01, 0x00, 0x00, 0x00, 0x00, 0x00, 0x00, 0x00, 0x00, 0x00, 0x00, 0x00, 0x00, 0x00, 0x00, 0x00, 0x00,
    0x00, 0x00, 0x00, 0x00, 0x00, 0x00, 0x00, 0x00, 0x00, 0x00, 0x00, 0x00, 0x00, 0x00, 0x00, 0x00, 0x00, 0x00, 0x00, 0x00, 0x00, 0x00, 0x00, 0x00,
    0x00, 0x00, 0x00, 0x00, 0x00, 0x00, 0x00, 0x00, 0x00, 0x00, 0x00, 0x00, 0x00, 0x00, 0x00, 0x00, 0x00, 0x00, 0x00, 0x00, 0x00, 0x00, 0x00, 0x00,
    0x00, 0x00, 0x00, 0x00, 0x00, 0x00, 0x00, 0x00, 0x00, 0x00, 0x00, 0x00, 0x00, 0x00, 0x00, 0x00, 0x00, 0x00, 0x00, 0x00, 0x00, 0x00, 0x00, 0x00,
    0x00, 0x00, 0x00, 0x00, 0x00, 0x00, 0x00, 0x00, 0x00, 0x00, 0x00, 0x00, 0x00, 0x00, 0x00, 0x00, 0x00, 0x00, 0x00, 0x00, 0x00, 0x00, 0x00, 0x00,
    0x00, 0x00, 0x00, 0x00, 0x00, 0x00, 0x00, 0x00, 0x00, 0x00, 0x00, 0x00, 0x00, 0x00, 0x00, 0x00, 0x1B, 0x1E, 0x2E, 0x84, 0x1F, 0x28, 0x3B, 0xFE,
    0x18, 0x1E, 0x2F, 0xFB, 0x1B, 0x21, 0x34, 0xFF, 0x24, 0x2E, 0x46, 0xFF, 0x2B, 0x37, 0x50, 0xFF, 0x32, 0x3B, 0x57, 0xFF, 0x62, 0x6C, 0x82, 0xFF,
    0x8E, 0x9A, 0xAB, 0xFF, 0x92, 0x9F, 0xB2, 0xFF, 0x85, 0x91, 0xA4, 0xFF, 0x73, 0x81, 0x96, 0xFE, 0x6B, 0x77, 0x8C, 0xFF, 0x76, 0x7D, 0x90, 0xE7,
    0xB4, 0xB4, 0xD2, 0x11, 0x00, 0x00, 0x00, 0x00, 0xFF, 0xFF, 0xFF, 0x01, 0x00, 0x00, 0x00, 0x00, 0x00, 0x00, 0x00, 0x00, 0x00, 0x00, 0x00, 0x02,
    0x00, 0x00, 0x00, 0x00, 0x00, 0x00, 0x00, 0x00, 0x00, 0x00, 0x00, 0x00, 0x00, 0x00, 0x00, 0x00, 0x00, 0x00, 0x00, 0x00, 0x00, 0x00, 0x00, 0x00,
    0x00, 0x00, 0x00, 0x00, 0x00, 0x00, 0x00, 0x00, 0x00, 0x00, 0x00, 0x00, 0x00, 0x00, 0x00, 0x00, 0x00, 0x00, 0x00, 0x00, 0x00, 0x00, 0x00, 0x00,
    0x00, 0x00, 0x00, 0x00, 0x00, 0x00, 0x00, 0x00, 0x00, 0x00, 0x00, 0x00, 0x00, 0x00, 0x00, 0x00, 0x00, 0x00, 0x00, 0x00, 0x00, 0x00, 0x00, 0x00,
    0x00, 0x00, 0x00, 0x00, 0x00, 0x00, 0x00, 0x00, 0x00, 0x00, 0x00, 0x00, 0x00, 0x00, 0x00, 0x00, 0x00, 0x00, 0x00, 0x00, 0x00, 0x00, 0x00, 0x00,
    0x00, 0x00, 0x00, 0x00, 0x00, 0x00, 0x00, 0x00, 0x00, 0x00, 0x00, 0x00, 0x00, 0x00, 0x00, 0x00, 0x16, 0x18, 0x27, 0xA9, 0x22, 0x29, 0x41, 0xFF,
    0x19, 0x1F, 0x32, 0xFC, 0x1C, 0x23, 0x36, 0xFF, 0x23, 0x2D, 0x45, 0xFF, 0x2C, 0x37, 0x50, 0xFF, 0x34, 0x3D, 0x58, 0xFF, 0x5F, 0x68, 0x81, 0xFF,
    0x92, 0x9D, 0xAE, 0xFF, 0x91, 0x9E, 0xAF, 0xFF, 0x7F, 0x8D, 0xA2, 0xFF, 0x73, 0x82, 0x98, 0xFF, 0x66, 0x72, 0x89, 0xFF, 0x67, 0x70, 0x84, 0xFD,
    0x6F, 0x74, 0x84, 0x30, 0x00, 0x00, 0x00, 0x00, 0x7F, 0x7F, 0x7F, 0x02, 0x00, 0x00, 0x00, 0x00, 0x00, 0x00, 0x00, 0x00, 0x00, 0x00, 0x00, 0x00,
    0x00, 0x00, 0x00, 0x01, 0x00, 0x00, 0x00, 0x00, 0x00, 0x00, 0x00, 0x00, 0x00, 0x00, 0x00, 0x00, 0x00, 0x00, 0x00, 0x00, 0x00, 0x00, 0x00, 0x00,
    0x00, 0x00, 0x00, 0x00, 0x00, 0x00, 0x00, 0x00, 0x00, 0x00, 0x00, 0x00, 0x00, 0x00, 0x00, 0x00, 0x00, 0x00, 0x00, 0x00, 0x00, 0x00, 0x00, 0x00,
    0x00, 0x00, 0x00, 0x00, 0x00, 0x00, 0x00, 0x00, 0x00, 0x00, 0x00, 0x00, 0x00, 0x00, 0x00, 0x00, 0x00, 0x00, 0x00, 0x00, 0x00, 0x00, 0x00, 0x00,
    0x00, 0x00, 0x00, 0x00, 0x00, 0x00, 0x00, 0x00, 0x00, 0x00, 0x00, 0x00, 0x00, 0x00, 0x00, 0x00, 0x00, 0x00, 0x00, 0x00, 0x00, 0x00, 0x00, 0x00,
    0x00, 0x00, 0x00, 0x00, 0x00, 0x00, 0x00, 0x00, 0x00, 0x00, 0x00, 0x00, 0x00, 0x00, 0x00, 0x00, 0x11, 0x14, 0x1D, 0xA5, 0x24, 0x2A, 0x3F, 0xFF,
    0x19, 0x1D, 0x30, 0xFC, 0x1B, 0x22, 0x35, 0xFF, 0x23, 0x2C, 0x44, 0xFF, 0x2E, 0x39, 0x53, 0xFF, 0x34, 0x3D, 0x58, 0xFF, 0x6B, 0x75, 0x8E, 0xFF,
    0x96, 0xA1, 0xB4, 0xFF, 0x92, 0x9E, 0xB1, 0xFF, 0x77, 0x86, 0x9C, 0xFF, 0x6F, 0x7E, 0x95, 0xFF, 0x66, 0x72, 0x89, 0xFD, 0x63, 0x70, 0x84, 0xFF,
    0x60, 0x69, 0x7A, 0x4D, 0x00, 0x00, 0x00, 0x00, 0x55, 0x55, 0x55, 0x03, 0x00, 0x00, 0x00, 0x00, 0x00, 0x00, 0x00, 0x02, 0x2B, 0x2B, 0x33, 0x23,
    0x00, 0x00, 0x00, 0x00, 0x00, 0x00, 0x00, 0x00, 0x00, 0x00, 0x00, 0x00, 0x00, 0x00, 0x00, 0x00, 0x00, 0x00, 0x00, 0x00, 0x00, 0x00, 0x00, 0x00,
    0x00, 0x00, 0x00, 0x00, 0x00, 0x00, 0x00, 0x00, 0x00, 0x00, 0x00, 0x00, 0x00, 0x00, 0x00, 0x00, 0x00, 0x00, 0x00, 0x00, 0x00, 0x00, 0x00, 0x00,
    0x00, 0x00, 0x00, 0x00, 0x00, 0x00, 0x00, 0x00, 0x00, 0x00, 0x00, 0x00, 0x00, 0x00, 0x00, 0x00, 0x00, 0x00, 0x00, 0x00, 0x00, 0x00, 0x00, 0x00,
    0x00, 0x00, 0x00, 0x00, 0x00, 0x00, 0x00, 0x00, 0x00, 0x00, 0x00, 0x00, 0x00, 0x00, 0x00, 0x00, 0x00, 0x00, 0x00, 0x00, 0x00, 0x00, 0x00, 0x00,
    0x00, 0x00, 0x00, 0x00, 0x00, 0x00, 0x00, 0x00, 0x00, 0x00, 0x00, 0x00, 0x00, 0x00, 0x00, 0x00, 0x0B, 0x11, 0x17, 0x95, 0x21, 0x28, 0x38, 0xFF,
    0x19, 0x1E, 0x2E, 0xFC, 0x1C, 0x23, 0x37, 0xFF, 0x21, 0x2B, 0x43, 0xFF, 0x2E, 0x39, 0x53, 0xFF, 0x32, 0x3C, 0x56, 0xFF, 0x68, 0x71, 0x89, 0xFF,
    0x91, 0x9B, 0xB0, 0xFF, 0x88, 0x93, 0xA8, 0xFF, 0x6F, 0x7D, 0x95, 0xFF, 0x6E, 0x7C, 0x95, 0xFF, 0x63, 0x70, 0x86, 0xFE, 0x5E, 0x6B, 0x7F, 0xFF,
    0x5E, 0x6A, 0x77, 0x3E, 0x00, 0x00, 0x00, 0x00, 0x66, 0x66, 0x99, 0x05, 0x00, 0x00, 0x00, 0x00, 0x59, 0x5D, 0x63, 0x4A, 0x47, 0x4C, 0x55, 0xE4,
    0x1E, 0x1E, 0x2D, 0x11, 0x00, 0x00, 0x00, 0x00, 0x00, 0x00, 0x00, 0x01, 0x00, 0x00, 0x00, 0x00, 0x00, 0x00, 0x00, 0x00, 0x00, 0x00, 0x00, 0x00,
    0x00, 0x00, 0x00, 0x00, 0x00, 0x00, 0x00, 0x00, 0x00, 0x00, 0x00, 0x00, 0x00, 0x00, 0x00, 0x00, 0x00, 0x00, 0x00, 0x00, 0x00, 0x00, 0x00, 0x00,
    0x00, 0x00, 0x00, 0x00, 0x00, 0x00, 0x00, 0x00, 0x00, 0x00, 0x00, 0x00, 0x00, 0x00, 0x00, 0x00, 0x00, 0x00, 0x00, 0x00, 0x00, 0x00, 0x00, 0x00,
    0x00, 0x00, 0x00, 0x00, 0x00, 0x00, 0x00, 0x00, 0x00, 0x00, 0x00, 0x00, 0x00, 0x00, 0x00, 0x00, 0x00, 0x00, 0x00, 0x00, 0x00, 0x00, 0x00, 0x00,
    0x00, 0x00, 0x00, 0x00, 0x00, 0x00, 0x00, 0x00, 0x00, 0x00, 0x00, 0x00, 0x00, 0x00, 0x00, 0x00, 0x04, 0x06, 0x0B, 0x70, 0x1F, 0x23, 0x2E, 0xFF,
    0x18, 0x1E, 0x2D, 0xFE, 0x1E, 0x25, 0x38, 0xFF, 0x22, 0x2B, 0x43, 0xFF, 0x2A, 0x35, 0x4F, 0xFF, 0x31, 0x3A, 0x55, 0xFF, 0x55, 0x5F, 0x77, 0xFF,
    0x7C, 0x87, 0x9B, 0xFF, 0x7A, 0x86, 0x9A, 0xFF, 0x69, 0x79, 0x90, 0xFF, 0x5C, 0x69, 0x84, 0xFD, 0x5E, 0x65, 0x7A, 0xFF, 0x56, 0x61, 0x73, 0xB7,
    0x7F, 0x7F, 0x7F, 0x02, 0x7F, 0x7F, 0x7F, 0x02, 0x7F, 0x7F, 0xFF, 0x02, 0x00, 0x00, 0x00, 0x02, 0x5C, 0x5F, 0x71, 0xC2, 0x68, 0x6E, 0x7A, 0xFF,
    0x34, 0x37, 0x40, 0x57, 0x00, 0x00, 0x00, 0x00, 0x3F, 0x3F, 0x3F, 0x04, 0x00, 0x00, 0x00, 0x00, 0x00, 0x00, 0x00, 0x00, 0x00, 0x00, 0x00, 0x00,
    0x00, 0x00, 0x00, 0x00, 0x00, 0x00, 0x00, 0x00, 0x00, 0x00, 0x00, 0x00, 0x00, 0x00, 0x00, 0x00, 0x00, 0x00, 0x00, 0x00, 0x00, 0x00, 0x00, 0x00,
    0x00, 0x00, 0x00, 0x00, 0x00, 0x00, 0x00, 0x00, 0x00, 0x00, 0x00, 0x00, 0x00, 0x00, 0x00, 0x00, 0x00, 0x00, 0x00, 0x00, 0x00, 0x00, 0x00, 0x00,
    0x00, 0x00, 0x00, 0x00, 0x00, 0x00, 0x00, 0x00, 0x00, 0x00, 0x00, 0x00, 0x00, 0x00, 0x00, 0x00, 0x00, 0x00, 0x00, 0x00, 0x00, 0x00, 0x00, 0x00,
    0x00, 0x00, 0x00, 0x00, 0x00, 0x00, 0x00, 0x00, 0x00, 0x00, 0x00, 0x00, 0x00, 0x00, 0x00, 0x00, 0x00, 0x00, 0x00, 0x3A, 0x16, 0x17, 0x1F, 0xF6,
    0x17, 0x1B, 0x29, 0xFF, 0x1F, 0x26, 0x39, 0xFE, 0x25, 0x2E, 0x46, 0xFF, 0x27, 0x32, 0x4C, 0xFF, 0x2E, 0x37, 0x51, 0xFF, 0x4F, 0x58, 0x71, 0xFF,
    0x75, 0x7F, 0x95, 0xFF, 0x6E, 0x78, 0x8E, 0xFF, 0x68, 0x77, 0x90, 0xFF, 0x51, 0x5A, 0x73, 0xFE, 0x3A, 0x39, 0x3F, 0xFD, 0x7B, 0x7B, 0x7F, 0x3C,
    0x00, 0x00, 0x00, 0x00, 0x66, 0x66, 0x66, 0x05, 0x00, 0x00, 0x00, 0x00, 0x15, 0x19, 0x22, 0x3B, 0x65, 0x69, 0x79, 0xFD, 0x86, 0x8B, 0x98, 0xFE,
    0x4F, 0x55, 0x60, 0xA1, 0x00, 0x00, 0x00, 0x00, 0x55, 0x55, 0x55, 0x03, 0x00, 0x00, 0x00, 0x00, 0x00, 0x00, 0x00, 0x00, 0x00, 0x00, 0x00, 0x00,
    0x00, 0x00, 0x00, 0x00, 0x00, 0x00, 0x00, 0x00, 0x00, 0x00, 0x00, 0x00, 0x00, 0x00, 0x00, 0x00, 0x00, 0x00, 0x00, 0x00, 0x00, 0x00, 0x00, 0x00,
    0x00, 0x00, 0x00, 0x00, 0x00, 0x00, 0x00, 0x00, 0x00, 0x00, 0x00, 0x00, 0x00, 0x00, 0x00, 0x00, 0x00, 0x00, 0x00, 0x00, 0x00, 0x00, 0x00, 0x00,
    0x00, 0x00, 0x00, 0x00, 0x00, 0x00, 0x00, 0x00, 0x00, 0x00, 0x00, 0x00, 0x00, 0x00, 0x00, 0x00, 0x00, 0x00, 0x00, 0x00, 0x00, 0x00, 0x00, 0x00,
    0x00, 0x00, 0x00, 0x00, 0x00, 0x00, 0x00, 0x00, 0x00, 0x00, 0x00, 0x00, 0x00, 0x00, 0x00, 0x00, 0x00, 0x00, 0x00, 0x17, 0x0F, 0x0E, 0x14, 0xE0,
    0x12, 0x14, 0x20, 0xFF, 0x1D, 0x24, 0x37, 0xFE, 0x23, 0x2C, 0x44, 0xFF, 0x24, 0x2D, 0x46, 0xFF, 0x25, 0x2E, 0x45, 0xFF, 0x4B, 0x56, 0x6D, 0xFF,
    0x74, 0x7F, 0x94, 0xFF, 0x64, 0x6D, 0x85, 0xFF, 0x61, 0x6D, 0x88, 0xFE, 0x5B, 0x67, 0x84, 0xFF, 0x38, 0x3B, 0x3C, 0xFC, 0x48, 0x41, 0x33, 0x23,
    0x00, 0x00, 0x00, 0x00, 0x3F, 0x7F, 0x7F, 0x04, 0x00, 0x00, 0x00, 0x00, 0x26, 0x2B, 0x3B, 0x9F, 0x60, 0x64, 0x76, 0xFF, 0x85, 0x8C, 0x98, 0xFF,
    0x66, 0x6E, 0x79, 0xE6, 0x3F, 0x3F, 0x3F, 0x10, 0x00, 0x00, 0x00, 0x00, 0x00, 0x00, 0x00, 0x01, 0x00, 0x00, 0x00, 0x00, 0x00, 0x00, 0x00, 0x00,
    0x00, 0x00, 0x00, 0x00, 0x00, 0x00, 0x00, 0x00, 0x00, 0x00, 0x00, 0x00, 0x00, 0x00, 0x00, 0x00, 0x00, 0x00, 0x00, 0x00, 0x00, 0x00, 0x00, 0x00,
    0x00, 0x00, 0x00, 0x00, 0x00, 0x00, 0x00, 0x00, 0x00, 0x00, 0x00, 0x00, 0x00, 0x00, 0x00, 0x00, 0x00, 0x00, 0x00, 0x00, 0x00, 0x00, 0x00, 0x00,
    0x00, 0x00, 0x00, 0x00, 0x00, 0x00, 0x00, 0x00, 0x00, 0x00, 0x00, 0x00, 0x00, 0x00, 0x00, 0x00, 0x00, 0x00, 0x00, 0x00, 0x00, 0x00, 0x00, 0x00,
    0x00, 0x00, 0x00, 0x00, 0x00, 0x00, 0x00, 0x00, 0x00, 0x00, 0x00, 0x00, 0x00, 0x00, 0x00, 0x00, 0x00, 0x00, 0x00, 0x07, 0x0C, 0x0D, 0x10, 0xCA,
    0x10, 0x11, 0x19, 0xFF, 0x1A, 0x1F, 0x30, 0xFD, 0x21, 0x28, 0x3F, 0xFF, 0x20, 0x2A, 0x3E, 0xFF, 0x1D, 0x26, 0x37, 0xFF, 0x41, 0x4D, 0x60, 0xFF,
    0x62, 0x6C, 0x82, 0xFF, 0x55, 0x5E, 0x76, 0xFF, 0x58, 0x64, 0x7F, 0xFC, 0x58, 0x66, 0x7E, 0xFF, 0x2F, 0x34, 0x3D, 0xC8, 0x24, 0x24, 0x24, 0x07,
    0x55, 0x55, 0x55, 0x03, 0xFF, 0xFF, 0xFF, 0x01, 0x00, 0x00, 0x00, 0x20, 0x39, 0x3D, 0x4B, 0xF2, 0x5E, 0x63, 0x77, 0xFE, 0x7B, 0x83, 0x91, 0xFD,
    0x7B, 0x83, 0x90, 0xFF, 0x4F, 0x56, 0x60, 0x47, 0x00, 0x00, 0x00, 0x00, 0x55, 0x55, 0x55, 0x03, 0x00, 0x00, 0x00, 0x00, 0x00, 0x00, 0x00, 0x00,
    0x00, 0x00, 0x00, 0x00, 0x00, 0x00, 0x00, 0x00, 0x00, 0x00, 0x00, 0x00, 0x00, 0x00, 0x00, 0x00, 0x00, 0x00, 0x00, 0x00, 0x00, 0x00, 0x00, 0x00,
    0x00, 0x00, 0x00, 0x00, 0x00, 0x00, 0x00, 0x00, 0x00, 0x00, 0x00, 0x00, 0x00, 0x00, 0x00, 0x00, 0x00, 0x00, 0x00, 0x00, 0x00, 0x00, 0x00, 0x00,
    0x00, 0x00, 0x00, 0x00, 0x00, 0x00, 0x00, 0x00, 0x00, 0x00, 0x00, 0x00, 0x00, 0x00, 0x00, 0x00, 0x00, 0x00, 0x00, 0x00, 0x00, 0x00, 0x00, 0x00,
    0x00, 0x00, 0x00, 0x00, 0x00, 0x00, 0x00, 0x00, 0x00, 0x00, 0x00, 0x00, 0x00, 0x00, 0x00, 0x01, 0x00, 0x00, 0x00, 0x00, 0x09, 0x0A, 0x0D, 0xBE,
    0x0D, 0x0F, 0x15, 0xFF, 0x15, 0x19, 0x27, 0xFD, 0x1C, 0x22, 0x37, 0xFF, 0x1E, 0x25, 0x37, 0xFF, 0x1B, 0x23, 0x33, 0xFF, 0x31, 0x3C, 0x4F, 0xFF,
    0x4A, 0x54, 0x6A, 0xFF, 0x45, 0x4C, 0x64, 0xFF, 0x44, 0x4F, 0x6B, 0xFD, 0x46, 0x4E, 0x5D, 0xFF, 0x31, 0x34, 0x34, 0x4D, 0x00, 0x00, 0x00, 0x00,
    0x24, 0x24, 0x24, 0x07, 0x00, 0x00, 0x00, 0x00, 0x01, 0x01, 0x01, 0x85, 0x2E, 0x32, 0x39, 0xFF, 0x44, 0x4A, 0x5B, 0xFB, 0x59, 0x5F, 0x6E, 0xFC,
    0x96, 0x9D, 0xA8, 0xFF, 0x61, 0x6C, 0x77, 0x78, 0x00, 0xFF, 0xFF, 0x01, 0x7F, 0x7F, 0x7F, 0x04, 0x00, 0x00, 0x00, 0x00, 0x00, 0x00, 0x00, 0x00,
    0x00, 0x00, 0x00, 0x00, 0x00, 0x00, 0x00, 0x00, 0x00, 0x00, 0x00, 0x00, 0x00, 0x00, 0x00, 0x00, 0x00, 0x00, 0x00, 0x00, 0x00, 0x00, 0x00, 0x00,
    0x00, 0x00, 0x00, 0x00, 0x00, 0x00, 0x00, 0x00, 0x00, 0x00, 0x00, 0x00, 0x00, 0x00, 0x00, 0x00, 0x00, 0x00, 0x00, 0x00, 0x00, 0x00, 0x00, 0x00,
    0x00, 0x00, 0x00, 0x00, 0x00, 0x00, 0x00, 0x00, 0x00, 0x00, 0x00, 0x00, 0x00, 0x00, 0x00, 0x00, 0x00, 0x00, 0x00, 0x00, 0x00, 0x00, 0x00, 0x00,
    0x00, 0x00, 0x00, 0x00, 0x00, 0x00, 0x00, 0x00, 0x00, 0x00, 0x00, 0x00, 0x00, 0x00, 0x00, 0x01, 0x00, 0x00, 0x00, 0x00, 0x08, 0x09, 0x0C, 0xBD,
    0x0B, 0x0D, 0x14, 0xFF, 0x15, 0x19, 0x24, 0xFD, 0x19, 0x1F, 0x2E, 0xFF, 0x18, 0x1E, 0x2D, 0xFF, 0x1A, 0x22, 0x31, 0xFF, 0x29, 0x35, 0x48, 0xFF,
    0x3D, 0x47, 0x5E, 0xFF, 0x44, 0x4C, 0x64, 0xFF, 0x3D, 0x48, 0x63, 0xFF, 0x30, 0x36, 0x40, 0xFF, 0x39, 0x34, 0x2B, 0x3A, 0x00, 0x00, 0x00, 0x00,
    0x00, 0x00, 0x00, 0x01, 0x13, 0x13, 0x13, 0x0D, 0x05, 0x05, 0x04, 0xE1, 0x06, 0x09, 0x08, 0xFF, 0x2E, 0x34, 0x3F, 0xFD, 0x41, 0x46, 0x59, 0xFC,
    0x8B, 0x90, 0x9F, 0xFF, 0x80, 0x87, 0x91, 0xBA, 0x00, 0x00, 0x00, 0x00, 0x7F, 0x7F, 0x7F, 0x02, 0x00, 0x00, 0x00, 0x00, 0x00, 0x00, 0x00, 0x00,
    0x00, 0x00, 0x00, 0x00, 0x00, 0x00, 0x00, 0x00, 0x00, 0x00, 0x00, 0x00, 0x00, 0x00, 0x00, 0x00, 0x00, 0x00, 0x00, 0x00, 0x00, 0x00, 0x00, 0x00,
    0x00, 0x00, 0x00, 0x00, 0x00, 0x00, 0x00, 0x00, 0x00, 0x00, 0x00, 0x00, 0x00, 0x00, 0x00, 0x00, 0x00, 0x00, 0x00, 0x00, 0x00, 0x00, 0x00, 0x00,
    0x00, 0x00, 0x00, 0x00, 0x00, 0x00, 0x00, 0x00, 0x00, 0x00, 0x00, 0x00, 0x00, 0x00, 0x00, 0x00, 0x00, 0x00, 0x00, 0x00, 0x00, 0x00, 0x00, 0x00,
    0x00, 0x00, 0x00, 0x00, 0x00, 0x00, 0x00, 0x00, 0x00, 0x00, 0x00, 0x00, 0x00, 0x00, 0x00, 0x00, 0x00, 0x00, 0x00, 0x02, 0x09, 0x0C, 0x0E, 0xCE,
    0x0D, 0x0E, 0x15, 0xFF, 0x12, 0x16, 0x20, 0xFD, 0x17, 0x1C, 0x27, 0xFF, 0x15, 0x1A, 0x26, 0xFF, 0x19, 0x20, 0x2E, 0xFF, 0x2A, 0x32, 0x46, 0xFF,
    0x30, 0x3D, 0x54, 0xFF, 0x37, 0x45, 0x59, 0xFE, 0x3A, 0x48, 0x5E, 0xFF, 0x3C, 0x44, 0x59, 0xEC, 0x31, 0x27, 0x3A, 0x1A, 0x00, 0x00, 0x00, 0x00,
    0x00, 0x00, 0x00, 0x01, 0x06, 0x06, 0x06, 0x55, 0x07, 0x07, 0x07, 0xFF, 0x01, 0x03, 0x02, 0xFD, 0x0F, 0x11, 0x18, 0xFF, 0x58, 0x5D, 0x64, 0xFE,
    0x63, 0x67, 0x73, 0xFE, 0x8C, 0x8E, 0x9A, 0xFB, 0x5C, 0x61, 0x6A, 0x37, 0x00, 0x00, 0x00, 0x00, 0x55, 0x55, 0x55, 0x03, 0x00, 0x00, 0x00, 0x00,
    0x00, 0x00, 0x00, 0x00, 0x00, 0x00, 0x00, 0x00, 0x00, 0x00, 0x00, 0x00, 0x00, 0x00, 0x00, 0x00, 0x00, 0x00, 0x00, 0x00, 0x00, 0x00, 0x00, 0x00,
    0x00, 0x00, 0x00, 0x00, 0x00, 0x00, 0x00, 0x00, 0x00, 0x00, 0x00, 0x00, 0x00, 0x00, 0x00, 0x00, 0x00, 0x00, 0x00, 0x00, 0x00, 0x00, 0x00, 0x00,
    0x00, 0x00, 0x00, 0x00, 0x00, 0x00, 0x00, 0x00, 0x00, 0x00, 0x00, 0x00, 0x00, 0x00, 0x00, 0x00, 0x00, 0x00, 0x00, 0x00, 0x00, 0x00, 0x00, 0x00,
    0x00, 0x00, 0x00, 0x00, 0x00, 0x00, 0x00, 0x00, 0x00, 0x00, 0x00, 0x00, 0x00, 0x00, 0x00, 0x00, 0x07, 0x07, 0x07, 0x20, 0x0E, 0x0F, 0x12, 0xF4,
    0x0C, 0x0E, 0x15, 0xFF, 0x0F, 0x13, 0x1B, 0xFE, 0x14, 0x18, 0x21, 0xFF, 0x16, 0x1B, 0x25, 0xFF, 0x27, 0x2D, 0x38, 0xFF, 0x40, 0x46, 0x53, 0xFF,
    0x48, 0x50, 0x5E, 0xFF, 0x40, 0x4C, 0x59, 0xFE, 0x44, 0x51, 0x5E, 0xFF, 0x43, 0x49, 0x5E, 0xEE, 0x35, 0x35, 0x43, 0x13, 0x00, 0x00, 0x00, 0x00,
    0x00, 0x00, 0x00, 0x00, 0x06, 0x06, 0x06, 0xA7, 0x06, 0x07, 0x06, 0xFF, 0x05, 0x04, 0x08, 0xFC, 0x28, 0x26, 0x26, 0xFF, 0x41, 0x40, 0x40, 0xFF,
    0x41, 0x45, 0x52, 0xFC, 0x99, 0x9E, 0xAC, 0xFF, 0x7B, 0x82, 0x8F, 0xB4, 0x00, 0x00, 0x00, 0x00, 0xAA, 0xAA, 0xAA, 0x03, 0x00, 0x00, 0x00, 0x00,
    0x00, 0x00, 0x00, 0x00, 0x00, 0x00, 0x00, 0x00, 0x00, 0x00, 0x00, 0x00, 0x00, 0x00, 0x00, 0x00, 0x00, 0x00, 0x00, 0x00, 0x00, 0x00, 0x00, 0x00,
    0x00, 0x00, 0x00, 0x00, 0x00, 0x00, 0x00, 0x00, 0x00, 0x00, 0x00, 0x00, 0x00, 0x00, 0x00, 0x00, 0x00, 0x00, 0x00, 0x00, 0x00, 0x00, 0x00, 0x00,
    0x00, 0x00, 0x00, 0x00, 0x00, 0x00, 0x00, 0x00, 0x00, 0x00, 0x00, 0x00, 0x00, 0x00, 0x00, 0x00, 0x00, 0x00, 0x00, 0x00, 0x00, 0x00, 0x00, 0x00,
    0x00, 0x00, 0x00, 0x00, 0x00, 0x00, 0x00, 0x00, 0x00, 0x00, 0x00, 0x00, 0x00, 0x00, 0x00, 0x00, 0x0D, 0x10, 0x0D, 0x4E, 0x12, 0x14, 0x16, 0xFF,
    0x0D, 0x0F, 0x15, 0xFD, 0x14, 0x16, 0x1E, 0xFF, 0x17, 0x19, 0x1F, 0xFF, 0x1F, 0x23, 0x25, 0xFF, 0x2B, 0x2E, 0x31, 0xFF, 0x22, 0x23, 0x28, 0xFF,
    0x16, 0x18, 0x21, 0xFF, 0x14, 0x18, 0x22, 0xFE, 0x15, 0x19, 0x24, 0xFF, 0x14, 0x1A, 0x21, 0xDE, 0x0C, 0x19, 0x19, 0x14, 0x00, 0x00, 0x00, 0x00,
    0x0C, 0x0C, 0x0C, 0x3C, 0x06, 0x06, 0x06, 0xF9, 0x04, 0x04, 0x04, 0xFD, 0x0E, 0x0D, 0x0E, 0xFF, 0x1F, 0x1D, 0x16, 0xFF, 0x04, 0x01, 0x04, 0xFF,
    0x21, 0x28, 0x2F, 0xFF, 0x7A, 0x81, 0x89, 0xFD, 0x9B, 0xA4, 0xAF, 0xFF, 0x62, 0x6C, 0x75, 0x50, 0x00, 0x00, 0x00, 0x00, 0xAA, 0xAA, 0xAA, 0x03,
    0x00, 0x00, 0x00, 0x00, 0x00, 0x00, 0x00, 0x00, 0x00, 0x00, 0x00, 0x00, 0x00, 0x00, 0x00, 0x00, 0x00, 0x00, 0x00, 0x00, 0x00, 0x00, 0x00, 0x00,
    0x00, 0x00, 0x00, 0x00, 0x00, 0x00, 0x00, 0x00, 0x00, 0x00, 0x00, 0x00, 0x00, 0x00, 0x00, 0x00, 0x00, 0x00, 0x00, 0x00, 0x00, 0x00, 0x00, 0x00,
    0x00, 0x00, 0x00, 0x00, 0x00, 0x00, 0x00, 0x00, 0x00, 0x00, 0x00, 0x00, 0x00, 0x00, 0x00, 0x00, 0x00, 0x00, 0x00, 0x00, 0x00, 0x00, 0x00, 0x00,
    0x00, 0x00, 0x00, 0x00, 0x00, 0x00, 0x00, 0x00, 0x00, 0x00, 0x00, 0x00, 0x00, 0x00, 0x00, 0x01, 0x0D, 0x0D, 0x0D, 0x98, 0x0F, 0x0F, 0x13, 0xFE,
    0x08, 0x0B, 0x11, 0xFC, 0x08, 0x0A, 0x0E, 0xFF, 0x08, 0x08, 0x11, 0xFF, 0x09, 0x0B, 0x12, 0xFF, 0x00, 0x03, 0x02, 0xFF, 0x0D, 0x10, 0x1A, 0xFF,
    0x20, 0x26, 0x3B, 0xFF, 0x1A, 0x1E, 0x34, 0xFC, 0x1D, 0x22, 0x38, 0xFF, 0x3C, 0x43, 0x53, 0xB2, 0x00, 0x00, 0x00, 0x00, 0xFF, 0xFF, 0xFF, 0x01,
    0x04, 0x04, 0x04, 0x9A, 0x07, 0x06, 0x07, 0xFF, 0x06, 0x04, 0x05, 0xFD, 0x06, 0x04, 0x04, 0xFF, 0x09, 0x06, 0x05, 0xFF, 0x13, 0x11, 0x0F, 0xFF,
    0x39, 0x3A, 0x31, 0xFF, 0x50, 0x52, 0x4B, 0xFD, 0x8B, 0x90, 0x99, 0xFE, 0x8D, 0x96, 0xA6, 0xE2, 0x58, 0x58, 0x6E, 0x17, 0xFF, 0xFF, 0xFF, 0x01,
    0x00, 0x00, 0x00, 0x01, 0x00, 0x00, 0x00, 0x00, 0x00, 0x00, 0x00, 0x00, 0x00, 0x00, 0x00, 0x00, 0x00, 0x00, 0x00, 0x00, 0x00, 0x00, 0x00, 0x00,
    0x00, 0x00, 0x00, 0x00, 0x00, 0x00, 0x00, 0x00, 0x00, 0x00, 0x00, 0x00, 0x00, 0x00, 0x00, 0x00, 0x00, 0x00, 0x00, 0x00, 0x00, 0x00, 0x00, 0x00,
    0x00, 0x00, 0x00, 0x00, 0x00, 0x00, 0x00, 0x00, 0x00, 0x00, 0x00, 0x00, 0x00, 0x00, 0x00, 0x00, 0x00, 0x00, 0x00, 0x00, 0x00, 0x00, 0x00, 0x00,
    0x00, 0x00, 0x00, 0x00, 0x00, 0x00, 0x00, 0x00, 0x00, 0x00, 0x00, 0x00, 0x00, 0x00, 0x00, 0x05, 0x00, 0x00, 0x00, 0x77, 0x08, 0x09, 0x0C, 0xEC,
    0x0C, 0x10, 0x15, 0xFF, 0x05, 0x0B, 0x0E, 0xFE, 0x0F, 0x14, 0x21, 0xFF, 0x19, 0x1D, 0x30, 0xFF, 0x0E, 0x12, 0x19, 0xFF, 0x20, 0x26, 0x35, 0xFF,
    0x25, 0x30, 0x47, 0xFF, 0x27, 0x30, 0x49, 0xFF, 0x1A, 0x23, 0x3C, 0xFD, 0x2B, 0x33, 0x4C, 0xFB, 0x50, 0x55, 0x69, 0x3F, 0x00, 0x00, 0x00, 0x00,
    0x03, 0x07, 0x07, 0x44, 0x02, 0x00, 0x02, 0xB8, 0x06, 0x03, 0x04, 0xF5, 0x04, 0x03, 0x03, 0xFF, 0x13, 0x0F, 0x0F, 0xFE, 0x26, 0x20, 0x1F, 0xFF,
    0x22, 0x1F, 0x1B, 0xFF, 0x21, 0x24, 0x2A, 0xFF, 0x56, 0x5F, 0x70, 0xFC, 0x89, 0x90, 0xA8, 0xFF, 0x49, 0x4E, 0x60, 0x9F, 0x00, 0x00, 0x00, 0x00,
    0xFF, 0xFF, 0xFF, 0x02, 0x00, 0x00, 0x00, 0x00, 0x00, 0x00, 0x00, 0x00, 0x00, 0x00, 0x00, 0x00, 0x00, 0x00, 0x00, 0x00, 0x00, 0x00, 0x00, 0x00,
    0x00, 0x00, 0x00, 0x00, 0x00, 0x00, 0x00, 0x00, 0x00, 0x00, 0x00, 0x00, 0x00, 0x00, 0x00, 0x00, 0x00, 0x00, 0x00, 0x00, 0x00, 0x00, 0x00, 0x00,
    0x00, 0x00, 0x00, 0x00, 0x00, 0x00, 0x00, 0x00, 0x00, 0x00, 0x00, 0x00, 0x00, 0x00, 0x00, 0x00, 0x00, 0x00, 0x00, 0x00, 0x00, 0x00, 0x00, 0x00,
    0x00, 0x00, 0x00, 0x00, 0x00, 0x00, 0x00, 0x00, 0x00, 0x00, 0x00, 0x00, 0x00, 0x00, 0x00, 0x00, 0x00, 0x00, 0x00, 0x0D, 0x0B, 0x0C, 0x0F, 0xE3,
    0x0F, 0x13, 0x19, 0xFF, 0x0B, 0x10, 0x18, 0xFD, 0x14, 0x19, 0x28, 0xFF, 0x18, 0x1E, 0x2E, 0xFF, 0x14, 0x1B, 0x2A, 0xFF, 0x25, 0x2C, 0x48, 0xFF,
    0x1F, 0x2B, 0x46, 0xFF, 0x30, 0x3C, 0x57, 0xFF, 0x2D, 0x38, 0x53, 0xFD, 0x22, 0x2C, 0x4B, 0xFF, 0x38, 0x41, 0x5A, 0xCE, 0xD2, 0xE1, 0xF0, 0x11,
    0x00, 0x00, 0x00, 0x00, 0x00, 0x0A, 0x00, 0x19, 0x01, 0x00, 0x00, 0xA1, 0x05, 0x03, 0x04, 0xF4, 0x08, 0x05, 0x05, 0xFF, 0x07, 0x04, 0x05, 0xFF,
    0x07, 0x04, 0x03, 0xFF, 0x10, 0x12, 0x14, 0xFF, 0x25, 0x28, 0x32, 0xFD, 0x22, 0x26, 0x39, 0xFE, 0x32, 0x39, 0x4A, 0xE2, 0xEB, 0xD7, 0xEB, 0x0D,
    0x00, 0x00, 0x00, 0x01, 0x00, 0xFF, 0xFF, 0x01, 0x00, 0x00, 0x00, 0x00, 0x00, 0x00, 0x00, 0x00, 0x00, 0x00, 0x00, 0x00, 0x00, 0x00, 0x00, 0x00,
    0x00, 0x00, 0x00, 0x00, 0x00, 0x00, 0x00, 0x00, 0x00, 0x00, 0x00, 0x00, 0x00, 0x00, 0x00, 0x00, 0x00, 0x00, 0x00, 0x00, 0x00, 0x00, 0x00, 0x00,
    0x00, 0x00, 0x00, 0x00, 0x00, 0x00, 0x00, 0x00, 0x00, 0x00, 0x00, 0x00, 0x00, 0x00, 0x00, 0x00, 0x00, 0x00, 0x00, 0x00, 0x00, 0x00, 0x00, 0x00,
    0x00, 0x00, 0x00, 0x00, 0x00, 0x00, 0x00, 0x00, 0x00, 0x00, 0x00, 0x00, 0x00, 0x00, 0x00, 0x00, 0x00, 0x00, 0x00, 0x15, 0x0A, 0x0B, 0x0F, 0xDC,
    0x0D, 0x11, 0x17, 0xFF, 0x0B, 0x0E, 0x15, 0xFD, 0x18, 0x1B, 0x2B, 0xFF, 0x17, 0x1D, 0x2E, 0xFF, 0x17, 0x1F, 0x33, 0xFF, 0x21, 0x29, 0x46, 0xFF,
    0x24, 0x2E, 0x4A, 0xFF, 0x2D, 0x38, 0x54, 0xFF, 0x3F, 0x4A, 0x66, 0xFF, 0x30, 0x3B, 0x58, 0xFD, 0x2D, 0x3A, 0x53, 0xFF, 0x4E, 0x5A, 0x6F, 0xCC,
    0x69, 0x6E, 0x7F, 0x2E, 0x00, 0x00, 0x00, 0x00, 0x0D, 0x0D, 0x0D, 0x13, 0x02, 0x00, 0x01, 0xB7, 0x0B, 0x09, 0x0A, 0xF8, 0x14, 0x11, 0x12, 0xFD,
    0x19, 0x14, 0x13, 0xFF, 0x18, 0x14, 0x12, 0xFF, 0x11, 0x0C, 0x0B, 0xFF, 0x23, 0x26, 0x31, 0xFD, 0x37, 0x3D, 0x52, 0xFF, 0x78, 0x7D, 0x8B, 0x92,
    0x00, 0x00, 0x00, 0x00, 0x55, 0x55, 0x55, 0x03, 0x00, 0x00, 0x00, 0x00, 0x00, 0x00, 0x00, 0x00, 0x00, 0x00, 0x00, 0x00, 0x00, 0x00, 0x00, 0x00,
    0x00, 0x00, 0x00, 0x00, 0x00, 0x00, 0x00, 0x00, 0x00, 0x00, 0x00, 0x00, 0x00, 0x00, 0x00, 0x00, 0x00, 0x00, 0x00, 0x00, 0x00, 0x00, 0x00, 0x00,
    0x00, 0x00, 0x00, 0x00, 0x00, 0x00, 0x00, 0x00, 0x00, 0x00, 0x00, 0x00, 0x00, 0x00, 0x00, 0x00, 0x00, 0x00, 0x00, 0x00, 0x00, 0x00, 0x00, 0x00,
    0x00, 0x00, 0x00, 0x00, 0x00, 0x00, 0x00, 0x00, 0x00, 0x00, 0x00, 0x00, 0x00, 0x00, 0x00, 0x00, 0x00, 0x00, 0x00, 0x09, 0x09, 0x0B, 0x0D, 0xCE,
    0x0D, 0x10, 0x16, 0xFF, 0x0D, 0x10, 0x18, 0xFD, 0x15, 0x19, 0x29, 0xFF, 0x14, 0x1A, 0x2B, 0xFF, 0x1C, 0x23, 0x38, 0xFF, 0x20, 0x29, 0x44, 0xFF,
    0x25, 0x2E, 0x49, 0xFF, 0x2E, 0x37, 0x50, 0xFF, 0x55, 0x5F, 0x78, 0xFF, 0x4C, 0x58, 0x76, 0xFF, 0x25, 0x2F, 0x50, 0xFA, 0x2B, 0x37, 0x58, 0xFF,
    0x45, 0x50, 0x62, 0xB5, 0x00, 0x00, 0x00, 0x00, 0x00, 0x00, 0x00, 0x00, 0x00, 0x00, 0x00, 0x28, 0x03, 0x01, 0x03, 0x8A, 0x1C, 0x1A, 0x1A, 0xEF,
    0x1B, 0x17, 0x16, 0xFF, 0x19, 0x15, 0x15, 0xFE, 0x1B, 0x17, 0x16, 0xFF, 0x1D, 0x21, 0x22, 0xFE, 0x2A, 0x31, 0x40, 0xFD, 0x41, 0x45, 0x57, 0xFE,
    0x99, 0x9D, 0xA5, 0x3C, 0x00, 0x00, 0x00, 0x00, 0x55, 0x55, 0xAA, 0x03, 0x00, 0x00, 0x00, 0x00, 0x00, 0x00, 0x00, 0x00, 0x00, 0x00, 0x00, 0x00,
    0x00, 0x00, 0x00, 0x00, 0x00, 0x00, 0x00, 0x00, 0x00, 0x00, 0x00, 0x00, 0x00, 0x00, 0x00, 0x00, 0x00, 0x00, 0x00, 0x00, 0x00, 0x00, 0x00, 0x00,
    0x00, 0x00, 0x00, 0x00, 0x00, 0x00, 0x00, 0x00, 0x00, 0x00, 0x00, 0x00, 0x00, 0x00, 0x00, 0x00, 0x00, 0x00, 0x00, 0x00, 0x00, 0x00, 0x00, 0x00,
    0x00, 0x00, 0x00, 0x00, 0x00, 0x00, 0x00, 0x00, 0x00, 0x00, 0x00, 0x00, 0x00, 0x00, 0x00, 0x00, 0x00, 0x00, 0x00, 0x01, 0x09, 0x0A, 0x0D, 0xC1,
    0x0E, 0x12, 0x18, 0xFF, 0x0B, 0x0F, 0x15, 0xFD, 0x13, 0x17, 0x23, 0xFF, 0x12, 0x19, 0x28, 0xFF, 0x1B, 0x23, 0x36, 0xFF, 0x1E, 0x27, 0x3F, 0xFF,
    0x1F, 0x28, 0x40, 0xFF, 0x31, 0x3C, 0x54, 0xFF, 0x5C, 0x66, 0x7E, 0xFF, 0x74, 0x7E, 0x94, 0xFF, 0x4B, 0x57, 0x6F, 0xFF, 0x6D, 0x79, 0x93, 0xFB,
    0x55, 0x5F, 0x76, 0xF8, 0x7C, 0x82, 0x95, 0x50, 0x00, 0x00, 0x00, 0x00, 0x00, 0x00, 0x00, 0x00, 0x00, 0x00, 0x00, 0x07, 0x1E, 0x1D, 0x1B, 0xC6,
    0x24, 0x22, 0x1F, 0xFF, 0x16, 0x12, 0x11, 0xFD, 0x1C, 0x17, 0x16, 0xFF, 0x1B, 0x18, 0x17, 0xFF, 0x32, 0x32, 0x3A, 0xFC, 0x45, 0x49, 0x59, 0xFF,
    0x63, 0x6B, 0x77, 0xC5, 0xFF, 0xFF, 0xFF, 0x01, 0x00, 0x00, 0x00, 0x02, 0x00, 0x00, 0x00, 0x00, 0x00, 0x00, 0x00, 0x00, 0x00, 0x00, 0x00, 0x00,
    0x00, 0x00, 0x00, 0x00, 0x00, 0x00, 0x00, 0x00, 0x00, 0x00, 0x00, 0x00, 0x00, 0x00, 0x00, 0x00, 0x00, 0x00, 0x00, 0x00, 0x00, 0x00, 0x00, 0x00,
    0x00, 0x00, 0x00, 0x00, 0x00, 0x00, 0x00, 0x00, 0x00, 0x00, 0x00, 0x00, 0x00, 0x00, 0x00, 0x00, 0x00, 0x00, 0x00, 0x00, 0x00, 0x00, 0x00, 0x00,
    0x00, 0x00, 0x00, 0x00, 0x00, 0x00, 0x00, 0x00, 0x00, 0x00, 0x00, 0x00, 0x00, 0x00, 0x00, 0x01, 0x00, 0x00, 0x00, 0x00, 0x09, 0x0B, 0x0F, 0xB5,
    0x0F, 0x13, 0x1A, 0xFF, 0x0D, 0x10, 0x17, 0xFC, 0x14, 0x18, 0x22, 0xFF, 0x14, 0x1B, 0x28, 0xFF, 0x19, 0x20, 0x31, 0xFF, 0x1D, 0x24, 0x39, 0xFF,
    0x1B, 0x23, 0x38, 0xFF, 0x43, 0x4D, 0x62, 0xFF, 0x61, 0x69, 0x7F, 0xFF, 0xA0, 0xAA, 0xBB, 0xFF, 0xC5, 0xCE, 0xDA, 0xFF, 0x50, 0x54, 0x5F, 0xFD,
    0x55, 0x5B, 0x6D, 0xFF, 0x7F, 0x84, 0x91, 0xE0, 0x38, 0x38, 0x1C, 0x09, 0x3F, 0x3F, 0x3F, 0x04, 0x00, 0x00, 0x00, 0x00, 0x19, 0x16, 0x19, 0x96,
    0x33, 0x31, 0x31, 0xFF, 0x18, 0x14, 0x13, 0xFD, 0x1D, 0x16, 0x15, 0xFF, 0x20, 0x15, 0x16, 0xFF, 0x20, 0x18, 0x17, 0xFF, 0x3F, 0x40, 0x47, 0xFC,
    0x37, 0x3E, 0x47, 0xFF, 0x11, 0x15, 0x18, 0x69, 0x00, 0x00, 0x00, 0x00, 0x00, 0x00, 0x00, 0x00, 0x00, 0x00, 0x00, 0x00, 0x00, 0x00, 0x00, 0x00,
    0x00, 0x00, 0x00, 0x00, 0x00, 0x00, 0x00, 0x00, 0x00, 0x00, 0x00, 0x00, 0x00, 0x00, 0x00, 0x00, 0x00, 0x00, 0x00, 0x00, 0x00, 0x00, 0x00, 0x00,
    0x00, 0x00, 0x00, 0x00, 0x00, 0x00, 0x00, 0x00, 0x00, 0x00, 0x00, 0x00, 0x00, 0x00, 0x00, 0x00, 0x00, 0x00, 0x00, 0x00, 0x00, 0x00, 0x00, 0x00,
    0x00, 0x00, 0x00, 0x00, 0x00, 0x00, 0x00, 0x00, 0x00, 0x00, 0x00, 0x00, 0x00, 0x00, 0x00, 0x02, 0x00, 0x00, 0x00, 0x00, 0x0D, 0x0D, 0x12, 0xB8,
    0x10, 0x13, 0x1A, 0xFF, 0x10, 0x14, 0x1B, 0xFC, 0x13, 0x18, 0x21, 0xFF, 0x13, 0x1A, 0x25, 0xFF, 0x16, 0x1C, 0x2B, 0xFF, 0x17, 0x1C, 0x2F, 0xFF,
    0x2A, 0x31, 0x45, 0xFF, 0x4C, 0x55, 0x6A, 0xFF, 0x7F, 0x88, 0x9B, 0xFF, 0xB2, 0xB9, 0xC7, 0xFF, 0x4D, 0x4D, 0x54, 0xFE, 0x19, 0x13, 0x14, 0xFE,
    0x46, 0x40, 0x43, 0xFC, 0x39, 0x38, 0x44, 0xFF, 0x27, 0x2E, 0x3D, 0x53, 0x00, 0x00, 0x00, 0x00, 0xFF, 0xFF, 0xFF, 0x01, 0x02, 0x02, 0x05, 0x58,
    0x33, 0x32, 0x32, 0xF7, 0x21, 0x1D, 0x1C, 0xFF, 0x19, 0x14, 0x12, 0xFE, 0x1B, 0x15, 0x15, 0xFF, 0x14, 0x10, 0x16, 0xFF, 0x22, 0x26, 0x32, 0xFB,
    0x25, 0x2B, 0x31, 0xFE, 0x1A, 0x1A, 0x1C, 0x7C, 0x00, 0x00, 0x00, 0x00, 0x00, 0x00, 0x00, 0x00, 0x00, 0x00, 0x00, 0x00, 0x00, 0x00, 0x00, 0x00,
    0x00, 0x00, 0x00, 0x00, 0x00, 0x00, 0x00, 0x00, 0x00, 0x00, 0x00, 0x00, 0x00, 0x00, 0x00, 0x00, 0x00, 0x00, 0x00, 0x00, 0x00, 0x00, 0x00, 0x00,
    0x00, 0x00, 0x00, 0x00, 0x00, 0x00, 0x00, 0x00, 0x00, 0x00, 0x00, 0x00, 0x00, 0x00, 0x00, 0x00, 0x00, 0x00, 0x00, 0x00, 0x00, 0x00, 0x00, 0x00,
    0x00, 0x00, 0x00, 0x00, 0x00, 0x00, 0x00, 0x00, 0x00, 0x00, 0x00, 0x00, 0x00, 0x00, 0x00, 0x00, 0x00, 0x00, 0x00, 0x02, 0x0D, 0x0F, 0x19, 0xCB,
    0x0F, 0x14, 0x1D, 0xFF, 0x10, 0x16, 0x1C, 0xFD, 0x10, 0x15, 0x1E, 0xFF, 0x13, 0x19, 0x24, 0xFF, 0x14, 0x1B, 0x2A, 0xFF, 0x1F, 0x26, 0x35, 0xFF,
    0x32, 0x38, 0x48, 0xFF, 0x75, 0x7D, 0x8F, 0xFF, 0xA8, 0xB1, 0xB9, 0xFF, 0x50, 0x4F, 0x50, 0xFF, 0x15, 0x10, 0x10, 0xFF, 0x25, 0x20, 0x1E, 0xFF,
    0x1D, 0x19, 0x1C, 0xFC, 0x2C, 0x30, 0x45, 0xFF, 0x51, 0x5C, 0x77, 0xBC, 0x33, 0x66, 0x66, 0x05, 0x00, 0x00, 0x00, 0x00, 0x00, 0x00, 0x00, 0x0D,
    0x24, 0x24, 0x24, 0xBE, 0x2C, 0x2A, 0x28, 0xFF, 0x14, 0x10, 0x0D, 0xFE, 0x14, 0x12, 0x11, 0xFF, 0x08, 0x08, 0x10, 0xFF, 0x23, 0x28, 0x3B, 0xFC,
    0x38, 0x3A, 0x46, 0xFF, 0x3D, 0x3B, 0x3D, 0x5F, 0x00, 0x00, 0x00, 0x00, 0x00, 0x00, 0x00, 0x00, 0x00, 0x00, 0x00, 0x00, 0x00, 0x00, 0x00, 0x00,
    0x00, 0x00, 0x00, 0x00, 0x00, 0x00, 0x00, 0x00, 0x00, 0x00, 0x00, 0x00, 0x00, 0x00, 0x00, 0x00, 0x00, 0x00, 0x00, 0x00, 0x00, 0x00, 0x00, 0x00,
    0x00, 0x00, 0x00, 0x00, 0x00, 0x00, 0x00, 0x00, 0x00, 0x00, 0x00, 0x00, 0x00, 0x00, 0x00, 0x00, 0x00, 0x00, 0x00, 0x00, 0x00, 0x00, 0x00, 0x00,
    0x00, 0x00, 0x00, 0x00, 0x00, 0x00, 0x00, 0x00, 0x00, 0x00, 0x00, 0x00, 0x00, 0x00, 0x00, 0x00, 0x00, 0x00, 0x00, 0x10, 0x0D, 0x0F, 0x18, 0xE5,
    0x0B, 0x11, 0x1A, 0xFF, 0x0F, 0x15, 0x1D, 0xFE, 0x10, 0x15, 0x20, 0xFF, 0x15, 0x19, 0x25, 0xFF, 0x17, 0x1C, 0x29, 0xFF, 0x21, 0x27, 0x35, 0xFF,
    0x67, 0x6A, 0x77, 0xFF, 0x87, 0x8A, 0x95, 0xFF, 0x40, 0x3E, 0x40, 0xFF, 0x48, 0x44, 0x41, 0xFF, 0x2D, 0x2C, 0x2B, 0xF2, 0x08, 0x06, 0x05, 0xF1,
    0x00, 0x00, 0x00, 0xFF, 0x1C, 0x21, 0x31, 0xFC, 0x83, 0x90, 0xA9, 0xFF, 0x7B, 0x84, 0x90, 0x55, 0x00, 0x00, 0x00, 0x00, 0x00, 0x00, 0x00, 0x00,
    0x1B, 0x1B, 0x1B, 0x71, 0x29, 0x27, 0x25, 0xFF, 0x16, 0x11, 0x11, 0xFE, 0x17, 0x13, 0x12, 0xFF, 0x16, 0x11, 0x14, 0xFF, 0x27, 0x23, 0x28, 0xFC,
    0x38, 0x37, 0x39, 0xFF, 0x32, 0x32, 0x34, 0x74, 0x00, 0x00, 0x00, 0x00, 0x00, 0x00, 0x00, 0x00, 0x00, 0x00, 0x00, 0x00, 0x00, 0x00, 0x00, 0x00,
    0x00, 0x00, 0x00, 0x00, 0x00, 0x00, 0x00, 0x00, 0x00, 0x00, 0x00, 0x00, 0x00, 0x00, 0x00, 0x00, 0x00, 0x00, 0x00, 0x00, 0x00, 0x00, 0x00, 0x00,
    0x00, 0x00, 0x00, 0x00, 0x00, 0x00, 0x00, 0x00, 0x00, 0x00, 0x00, 0x00, 0x00, 0x00, 0x00, 0x00, 0x00, 0x00, 0x00, 0x00, 0x00, 0x00, 0x00, 0x00,
    0x00, 0x00, 0x00, 0x00, 0x00, 0x00, 0x00, 0x00, 0x00, 0x00, 0x00, 0x00, 0x00, 0x00, 0x00, 0x00, 0x04, 0x04, 0x09, 0x36, 0x11, 0x13, 0x19, 0xFF,
    0x0C, 0x11, 0x1A, 0xFF, 0x0C, 0x11, 0x1B, 0xFE, 0x09, 0x0D, 0x18, 0xFF, 0x0E, 0x13, 0x1E, 0xFF, 0x25, 0x2A, 0x35, 0xFF, 0x57, 0x5B, 0x66, 0xFF,
    0x5E, 0x65, 0x70, 0xFF, 0x69, 0x73, 0x80, 0xFF, 0x4F, 0x4D, 0x51, 0xFD, 0x4C, 0x47, 0x44, 0xFF, 0x3E, 0x40, 0x3E, 0x77, 0x00, 0x00, 0x00, 0x91,
    0x04, 0x05, 0x03, 0xFC, 0x2A, 0x2E, 0x38, 0xFC, 0x68, 0x6E, 0x7C, 0xFE, 0x69, 0x63, 0x69, 0x94, 0x00, 0x00, 0x00, 0x00, 0x00, 0x00, 0x00, 0x01,
    0x27, 0x27, 0x2B, 0x4D, 0x25, 0x23, 0x20, 0xFE, 0x23, 0x1E, 0x1E, 0xF5, 0x24, 0x1E, 0x1E, 0xFA, 0x20, 0x16, 0x16, 0xFF, 0x38, 0x2E, 0x2D, 0xFC,
    0x4E, 0x4A, 0x45, 0xFF, 0x19, 0x17, 0x13, 0xAC, 0x00, 0x00, 0x00, 0x00, 0x00, 0x00, 0x00, 0x00, 0x00, 0x00, 0x00, 0x00, 0x00, 0x00, 0x00, 0x00,
    0x00, 0x00, 0x00, 0x00, 0x00, 0x00, 0x00, 0x00, 0x00, 0x00, 0x00, 0x00, 0x00, 0x00, 0x00, 0x00, 0x00, 0x00, 0x00, 0x00, 0x00, 0x00, 0x00, 0x00,
    0x00, 0x00, 0x00, 0x00, 0x00, 0x00, 0x00, 0x00, 0x00, 0x00, 0x00, 0x00, 0x00, 0x00, 0x00, 0x00, 0x00, 0x00, 0x00, 0x00, 0x00, 0x00, 0x00, 0x00,
    0x00, 0x00, 0x00, 0x00, 0x00, 0x00, 0x00, 0x00, 0x00, 0x00, 0x00, 0x00, 0x00, 0x00, 0x00, 0x00, 0x00, 0x00, 0x00, 0x3E, 0x09, 0x0A, 0x0D, 0xE2,
    0x11, 0x14, 0x19, 0xF8, 0x26, 0x29, 0x30, 0xFF, 0x41, 0x43, 0x4C, 0xFF, 0x4E, 0x52, 0x5D, 0xFF, 0x44, 0x47, 0x54, 0xFF, 0x1A, 0x1C, 0x22, 0xFF,
    0x0A, 0x0F, 0x14, 0xFF, 0x7B, 0x84, 0x8F, 0xFF, 0x63, 0x62, 0x68, 0xFD, 0x40, 0x38, 0x39, 0xFF, 0x61, 0x5A, 0x5A, 0x44, 0x00, 0x00, 0x00, 0x12,
    0x04, 0x06, 0x04, 0xCD, 0x22, 0x22, 0x21, 0xFF, 0x42, 0x3C, 0x39, 0xFE, 0x53, 0x4B, 0x4A, 0xCA, 0x99, 0xCC, 0x99, 0x05, 0x00, 0x00, 0x00, 0x00,
    0x35, 0x35, 0x32, 0x56, 0x29, 0x25, 0x23, 0xFF, 0x1F, 0x1B, 0x19, 0xBB, 0x26, 0x22, 0x21, 0xFA, 0x17, 0x11, 0x0F, 0xFF, 0x34, 0x2E, 0x2B, 0xFD,
    0x44, 0x3D, 0x39, 0xFF, 0x3D, 0x35, 0x30, 0xD7, 0xFF, 0xFF, 0xFF, 0x04, 0x00, 0x00, 0x00, 0x00, 0x00, 0x00, 0x00, 0x00, 0x00, 0x00, 0x00, 0x00,
    0x00, 0x00, 0x00, 0x00, 0x00, 0x00, 0x00, 0x00, 0x00, 0x00, 0x00, 0x00, 0x00, 0x00, 0x00, 0x00, 0x00, 0x00, 0x00, 0x00, 0x00, 0x00, 0x00, 0x00,
    0x00, 0x00, 0x00, 0x00, 0x00, 0x00, 0x00, 0x00, 0x00, 0x00, 0x00, 0x00, 0x00, 0x00, 0x00, 0x00, 0x00, 0x00, 0x00, 0x00, 0x00, 0x00, 0x00, 0x00,
    0x00, 0x00, 0x00, 0x00, 0x00, 0x00, 0x00, 0x00, 0x00, 0x00, 0x00, 0x00, 0x00, 0x00, 0x00, 0x01, 0x00, 0x00, 0x00, 0x02, 0x00, 0x00, 0x00, 0x47,
    0x04, 0x06, 0x06, 0xE0, 0x0A, 0x0A, 0x0C, 0xFF, 0x19, 0x19, 0x1C, 0xFE, 0x1C, 0x1D, 0x23, 0xFF, 0x2A, 0x2B, 0x35, 0xFF, 0x1F, 0x1D, 0x1E, 0xFF,
    0x19, 0x17, 0x13, 0xFF, 0x36, 0x32, 0x3A, 0xFF, 0x3B, 0x3D, 0x48, 0xFB, 0x5D, 0x63, 0x6A, 0xFF, 0x21, 0x24, 0x29, 0x62, 0x00, 0x00, 0x00, 0x00,
    0x02, 0x02, 0x04, 0x6E, 0x11, 0x0F, 0x0D, 0xF7, 0x3B, 0x36, 0x32, 0xFD, 0x4D, 0x46, 0x44, 0xEE, 0x51, 0x45, 0x51, 0x16, 0x00, 0x00, 0x00, 0x00,
    0x29, 0x27, 0x26, 0xA7, 0x1E, 0x1B, 0x19, 0xCE, 0x1F, 0x1B, 0x19, 0x70, 0x20, 0x1C, 0x1B, 0xFF, 0x1B, 0x15, 0x12, 0xFC, 0x1C, 0x16, 0x14, 0xFB,
    0x34, 0x2C, 0x2A, 0xFF, 0x57, 0x4F, 0x4A, 0x9D, 0x00, 0x00, 0x00, 0x00, 0x00, 0x00, 0x00, 0x00, 0x00, 0x00, 0x00, 0x00, 0x00, 0x00, 0x00, 0x00,
    0x00, 0x00, 0x00, 0x00, 0x00, 0x00, 0x00, 0x00, 0x00, 0x00, 0x00, 0x00, 0x00, 0x00, 0x00, 0x00, 0x00, 0x00, 0x00, 0x00, 0x00, 0x00, 0x00, 0x00,
    0x00, 0x00, 0x00, 0x00, 0x00, 0x00, 0x00, 0x00, 0x00, 0x00, 0x00, 0x00, 0x00, 0x00, 0x00, 0x00, 0x00, 0x00, 0x00, 0x00, 0x00, 0x00, 0x00, 0x00,
    0x00, 0x00, 0x00, 0x00, 0x00, 0x00, 0x00, 0x00, 0x00, 0x00, 0x00, 0x00, 0x00, 0x00, 0x00, 0x01, 0x00, 0x00, 0x00, 0x00, 0x00, 0x00, 0x00, 0x00,
    0x03, 0x03, 0x03, 0xA6, 0x07, 0x06, 0x05, 0xFF, 0x14, 0x12, 0x10, 0xFE, 0x1B, 0x18, 0x18, 0xFF, 0x23, 0x20, 0x1F, 0xFF, 0x34, 0x31, 0x2D, 0xFF,
    0x1B, 0x19, 0x17, 0xFF, 0x25, 0x24, 0x2C, 0xFF, 0x69, 0x71, 0x81, 0xFC, 0x85, 0x92, 0xA4, 0xFF, 0x62, 0x67, 0x73, 0xBB, 0x55, 0x55, 0x00, 0x03,
    0x0D, 0x0D, 0x1A, 0x13, 0x01, 0x00, 0x00, 0xAF, 0x1C, 0x18, 0x15, 0xFF, 0x36, 0x32, 0x30, 0xBC, 0x2A, 0x2A, 0x2A, 0x06, 0x00, 0x00, 0x00, 0x0F,
    0x11, 0x0E, 0x0E, 0xCD, 0x16, 0x12, 0x12, 0x38, 0x25, 0x22, 0x1F, 0xA2, 0x24, 0x20, 0x1C, 0xFF, 0x1C, 0x16, 0x12, 0xFA, 0x1D, 0x16, 0x12, 0xFC,
    0x40, 0x38, 0x35, 0xFF, 0x56, 0x4D, 0x49, 0x3B, 0x00, 0x00, 0x00, 0x00, 0x00, 0x00, 0x00, 0x00, 0x00, 0x00, 0x00, 0x00, 0x00, 0x00, 0x00, 0x00,
    0x00, 0x00, 0x00, 0x00, 0x00, 0x00, 0x00, 0x00, 0x00, 0x00, 0x00, 0x00, 0x00, 0x00, 0x00, 0x00, 0x00, 0x00, 0x00, 0x00, 0x00, 0x00, 0x00, 0x00,
    0x00, 0x00, 0x00, 0x00, 0x00, 0x00, 0x00, 0x00, 0x00, 0x00, 0x00, 0x00, 0x00, 0x00, 0x00, 0x00, 0x00, 0x00, 0x00, 0x00, 0x00, 0x00, 0x00, 0x00,
    0x00, 0x00, 0x00, 0x00, 0x00, 0x00, 0x00, 0x00, 0x00, 0x00, 0x00, 0x00, 0x00, 0x00, 0x00, 0x00, 0x00, 0x00, 0x00, 0x03, 0x00, 0x00, 0x00, 0x02,
    0x02, 0x00, 0x00, 0x5B, 0x05, 0x06, 0x05, 0xFF, 0x08, 0x08, 0x0A, 0xFE, 0x0A, 0x0D, 0x10, 0xFE, 0x3F, 0x45, 0x54, 0xFF, 0x35, 0x39, 0x45, 0xFF,
    0x0B, 0x0C, 0x0C, 0xFF, 0x09, 0x0A, 0x0B, 0xF4, 0x58, 0x5C, 0x68, 0xFD, 0x95, 0x9C, 0xB0, 0xFE, 0x7A, 0x7F, 0x8C, 0xFF, 0x06, 0x06, 0x09, 0x4E,
    0x00, 0x00, 0x00, 0x00, 0x00, 0x00, 0x07, 0x23, 0x00, 0x00, 0x00, 0x76, 0x00, 0x00, 0x00, 0x21, 0x00, 0x00, 0x00, 0x00, 0x00, 0x00, 0x00, 0x0B,
    0x00, 0x00, 0x00, 0x23, 0x07, 0x07, 0x07, 0x21, 0x1A, 0x18, 0x17, 0xEF, 0x20, 0x1E, 0x1C, 0xF3, 0x1E, 0x1A, 0x16, 0xFF, 0x2E, 0x27, 0x25, 0xFF,
    0x3E, 0x37, 0x35, 0xAB, 0x00, 0x00, 0x00, 0x00, 0x7F, 0x7F, 0x7F, 0x02, 0x00, 0x00, 0x00, 0x00, 0x00, 0x00, 0x00, 0x00, 0x00, 0x00, 0x00, 0x00,
    0x00, 0x00, 0x00, 0x00, 0x00, 0x00, 0x00, 0x00, 0x00, 0x00, 0x00, 0x00, 0x00, 0x00, 0x00, 0x00, 0x00, 0x00, 0x00, 0x00, 0x00, 0x00, 0x00, 0x00,
    0x00, 0x00, 0x00, 0x00, 0x00, 0x00, 0x00, 0x00, 0x00, 0x00, 0x00, 0x00, 0x00, 0x00, 0x00, 0x00, 0x00, 0x00, 0x00, 0x00, 0x00, 0x00, 0x00, 0x00,
    0x00, 0x00, 0x00, 0x00, 0x00, 0x00, 0x00, 0x00, 0x00, 0x00, 0x00, 0x00, 0x00, 0x00, 0x00, 0x00, 0x00, 0x00, 0x00, 0x02, 0x00, 0x00, 0x00, 0x00,
    0x00, 0x05, 0x00, 0x2D, 0x01, 0x01, 0x01, 0xE2, 0x13, 0x19, 0x21, 0xFF, 0x0A, 0x12, 0x1C, 0xFE, 0x38, 0x41, 0x58, 0xFF, 0x50, 0x58, 0x6E, 0xFE,
    0x1A, 0x1A, 0x19, 0xFF, 0x01, 0x01, 0x00, 0xEC, 0x1A, 0x1D, 0x25, 0xF1, 0x90, 0x9A, 0xA7, 0xFE, 0x9B, 0x9E, 0xA7, 0xFF, 0x3A, 0x32, 0x35, 0xBA,
    0x00, 0x00, 0x00, 0x00, 0x00, 0x00, 0x00, 0x00, 0x00, 0x00, 0x00, 0x00, 0x00, 0x00, 0x00, 0x00, 0x00, 0x00, 0x00, 0x00, 0x00, 0x00, 0x00, 0x00,
    0x00, 0x00, 0x00, 0x00, 0x06, 0x06, 0x06, 0x2A, 0x00, 0x00, 0x00, 0x63, 0x09, 0x09, 0x09, 0xBB, 0x11, 0x0F, 0x0F, 0xA4, 0x08, 0x06, 0x08, 0x92,
    0x09, 0x00, 0x09, 0x1A, 0x00, 0x00, 0x00, 0x01, 0x00, 0x00, 0x00, 0x02, 0x00, 0x00, 0x00, 0x00, 0x00, 0x00, 0x00, 0x00, 0x00, 0x00, 0x00, 0x00,
    0x00, 0x00, 0x00, 0x00, 0x00, 0x00, 0x00, 0x00, 0x00, 0x00, 0x00, 0x00, 0x00, 0x00, 0x00, 0x00, 0x00, 0x00, 0x00, 0x00, 0x00, 0x00, 0x00, 0x00,
    0x00, 0x00, 0x00, 0x00, 0x00, 0x00, 0x00, 0x00, 0x00, 0x00, 0x00, 0x00, 0x00, 0x00, 0x00, 0x00, 0x00, 0x00, 0x00, 0x00, 0x00, 0x00, 0x00, 0x00,
    0x00, 0x00, 0x00, 0x00, 0x00, 0x00, 0x00, 0x00, 0x00, 0x00, 0x00, 0x00, 0x00, 0x00, 0x00, 0x00, 0x00, 0x00, 0x00, 0x00, 0x00, 0x00, 0x00, 0x02,
    0x00, 0x00, 0xFF, 0x01, 0x00, 0x00, 0x00, 0x69, 0x0D, 0x11, 0x1C, 0xDE, 0x36, 0x3A, 0x4D, 0xFE, 0x2B, 0x31, 0x41, 0xFE, 0x5E, 0x69, 0x80, 0xFF,
    0x5C, 0x60, 0x6B, 0xFF, 0x0B, 0x0B, 0x09, 0xF9, 0x07, 0x08, 0x09, 0xE8, 0x3E, 0x42, 0x44, 0xFF, 0x4C, 0x4C, 0x4D, 0xFD, 0x5F, 0x55, 0x54, 0xFE,
    0x3F, 0x33, 0x2F, 0x50, 0x00, 0x00, 0x00, 0x00, 0x2A, 0x2A, 0x2A, 0x06, 0x00, 0x00, 0x00, 0x01, 0x00, 0x00, 0x00, 0x00, 0x00, 0x00, 0x00, 0x00,
    0x00, 0x00, 0x00, 0x02, 0x00, 0x00, 0x00, 0x00, 0x00, 0x00, 0x00, 0x00, 0x00, 0x00, 0x00, 0x23, 0x00, 0x00, 0x00, 0x01, 0x00, 0x00, 0x00, 0x00,
    0x00, 0x00, 0x00, 0x00, 0x00, 0x00, 0x00, 0x00, 0x00, 0x00, 0x00, 0x00, 0x00, 0x00, 0x00, 0x00, 0x00, 0x00, 0x00, 0x00, 0x00, 0x00, 0x00, 0x00,
    0x00, 0x00, 0x00, 0x00, 0x00, 0x00, 0x00, 0x00, 0x00, 0x00, 0x00, 0x00, 0x00, 0x00, 0x00, 0x00, 0x00, 0x00, 0x00, 0x00, 0x00, 0x00, 0x00, 0x00,
    0x00, 0x00, 0x00, 0x00, 0x00, 0x00, 0x00, 0x00, 0x00, 0x00, 0x00, 0x00, 0x00, 0x00, 0x00, 0x00, 0x00, 0x00, 0x00, 0x00, 0x00, 0x00, 0x00, 0x00,
    0x00, 0x00, 0x00, 0x00, 0x00, 0x00, 0x00, 0x00, 0x00, 0x00, 0x00, 0x00, 0x00, 0x00, 0x00, 0x00, 0x00, 0x00, 0x00, 0x00, 0x00, 0x00, 0x00, 0x01,
    0x00, 0x00, 0x00, 0x03, 0x00, 0x00, 0x00, 0x00, 0x06, 0x05, 0x0A, 0x95, 0x2D, 0x28, 0x2E, 0xFF, 0x2B, 0x2A, 0x2D, 0xFE, 0x54, 0x5C, 0x6B, 0xFE,
    0x60, 0x66, 0x73, 0xFE, 0x47, 0x42, 0x44, 0xFF, 0x27, 0x24, 0x22, 0xF4, 0x0F, 0x0E, 0x09, 0xF8, 0x18, 0x15, 0x11, 0xFE, 0x49, 0x41, 0x3D, 0xFD,
    0x49, 0x3E, 0x3B, 0xEB, 0x39, 0x2E, 0x28, 0x2C, 0x00, 0x00, 0x00, 0x00, 0x7F, 0x00, 0x00, 0x02, 0x00, 0x00, 0x00, 0x00, 0x00, 0x00, 0x00, 0x00,
    0x00, 0x00, 0x00, 0x00, 0x00, 0x00, 0x00, 0x01, 0x00, 0x00, 0x00, 0x03, 0x00, 0x00, 0x00, 0x00, 0x00, 0x00, 0x00, 0x00, 0x00, 0x00, 0x00, 0x01,
    0x00, 0x00, 0x00, 0x01, 0x00, 0x00, 0x00, 0x00, 0x00, 0x00, 0x00, 0x00, 0x00, 0x00, 0x00, 0x00, 0x00, 0x00, 0x00, 0x00, 0x00, 0x00, 0x00, 0x00,
    0x00, 0x00, 0x00, 0x00, 0x00, 0x00, 0x00, 0x00, 0x00, 0x00, 0x00, 0x00, 0x00, 0x00, 0x00, 0x00, 0x00, 0x00, 0x00, 0x00, 0x00, 0x00, 0x00, 0x00,
    0x00, 0x00, 0x00, 0x00, 0x00, 0x00, 0x00, 0x00, 0x00, 0x00, 0x00, 0x00, 0x00, 0x00, 0x00, 0x00, 0x00, 0x00, 0x00, 0x00, 0x00, 0x00, 0x00, 0x00,
    0x00, 0x00, 0x00, 0x00, 0x00, 0x00, 0x00, 0x00, 0x00, 0x00, 0x00, 0x00, 0x00, 0x00, 0x00, 0x00, 0x00, 0x00, 0x00, 0x00, 0x00, 0x00, 0x00, 0x00,
    0x00, 0x00, 0x00, 0x03, 0x00, 0x00, 0x00, 0x01, 0x00, 0x00, 0x00, 0x4E, 0x0F, 0x0D, 0x0D, 0xE0, 0x29, 0x26, 0x24, 0xFB, 0x2D, 0x29, 0x29, 0xFF,
    0x24, 0x1F, 0x1E, 0xFF, 0x33, 0x2C, 0x2B, 0xFF, 0x2E, 0x28, 0x23, 0xFF, 0x20, 0x1E, 0x18, 0xFD, 0x1B, 0x18, 0x14, 0xFF, 0x28, 0x21, 0x1D, 0xFC,
    0x47, 0x3C, 0x38, 0xFF, 0x40, 0x37, 0x34, 0xAE, 0x00, 0x00, 0x00, 0x00, 0x55, 0x55, 0x55, 0x03, 0x00, 0x00, 0x00, 0x00, 0x00, 0x00, 0x00, 0x00,
    0x00, 0x00, 0x00, 0x00, 0x00, 0x00, 0x00, 0x00, 0x00, 0x00, 0x00, 0x00, 0x00, 0x00, 0x00, 0x02, 0x00, 0x00, 0x00, 0x01, 0x00, 0x00, 0x00, 0x00,
    0x00, 0x00, 0x00, 0x00, 0x00, 0x00, 0x00, 0x00, 0x00, 0x00, 0x00, 0x00, 0x00, 0x00, 0x00, 0x00, 0x00, 0x00, 0x00, 0x00, 0x00, 0x00, 0x00, 0x00,
    0x00, 0x00, 0x00, 0x00, 0x00, 0x00, 0x00, 0x00, 0x00, 0x00, 0x00, 0x00, 0x00, 0x00, 0x00, 0x00, 0x00, 0x00, 0x00, 0x00, 0x00, 0x00, 0x00, 0x00,
    0x00, 0x00, 0x00, 0x00, 0x00, 0x00, 0x00, 0x00, 0x00, 0x00, 0x00, 0x00, 0x00, 0x00, 0x00, 0x00, 0x00, 0x00, 0x00, 0x00, 0x00, 0x00, 0x00, 0x00,
    0x00, 0x00, 0x00, 0x00, 0x00, 0x00, 0x00, 0x00, 0x00, 0x00, 0x00, 0x00, 0x00, 0x00, 0x00, 0x00, 0x00, 0x00, 0x00, 0x00, 0x00, 0x00, 0x00, 0x00,
    0x00, 0x00, 0x00, 0x00, 0x00, 0x00, 0x00, 0x02, 0x00, 0x00, 0x00, 0x00, 0x00, 0x00, 0x00, 0x4A, 0x07, 0x07, 0x06, 0xC5, 0x10, 0x0F, 0x0D, 0xF3,
    0x19, 0x13, 0x12, 0xFA, 0x2C, 0x24, 0x22, 0xFE, 0x37, 0x30, 0x2C, 0xFF, 0x33, 0x2A, 0x29, 0xFF, 0x1F, 0x19, 0x19, 0xF9, 0x11, 0x0F, 0x0D, 0xE9,
    0x2B, 0x26, 0x23, 0xFF, 0x2F, 0x28, 0x26, 0x71, 0x00, 0x00, 0x00, 0x00, 0x55, 0x00, 0x00, 0x03, 0x00, 0x00, 0x00, 0x00, 0x00, 0x00, 0x00, 0x00,
    0x00, 0x00, 0x00, 0x00, 0x00, 0x00, 0x00, 0x00, 0x00, 0x00, 0x00, 0x00, 0x00, 0x00, 0x00, 0x00, 0x00, 0x00, 0x00, 0x00, 0x00, 0x00, 0x00, 0x00,
    0x00, 0x00, 0x00, 0x00, 0x00, 0x00, 0x00, 0x00, 0x00, 0x00, 0x00, 0x00, 0x00, 0x00, 0x00, 0x00, 0x00, 0x00, 0x00, 0x00, 0x00, 0x00, 0x00, 0x00,
    0x00, 0x00, 0x00, 0x00, 0x00, 0x00, 0x00, 0x00, 0x00, 0x00, 0x00, 0x00, 0x00, 0x00, 0x00, 0x00, 0x00, 0x00, 0x00, 0x00, 0x00, 0x00, 0x00, 0x00,
    0x00, 0x00, 0x00, 0x00, 0x00, 0x00, 0x00, 0x00, 0x00, 0x00, 0x00, 0x00, 0x00, 0x00, 0x00, 0x00, 0x00, 0x00, 0x00, 0x00, 0x00, 0x00, 0x00, 0x00,
    0x00, 0x00, 0x00, 0x00, 0x00, 0x00, 0x00, 0x00, 0x00, 0x00, 0x00, 0x00, 0x00, 0x00, 0x00, 0x00, 0x00, 0x00, 0x00, 0x00, 0x00, 0x00, 0x00, 0x00,
    0x00, 0x00, 0x00, 0x00, 0x00, 0x00, 0x00, 0x00, 0x00, 0x00, 0x00, 0x01, 0x00, 0x00, 0x00, 0x00, 0x00, 0x00, 0x00, 0x1D, 0x00, 0x00, 0x00, 0x59,
    0x00, 0x00, 0x00, 0x79, 0x0A, 0x07, 0x06, 0xC8, 0x1B, 0x16, 0x15, 0xEA, 0x20, 0x19, 0x19, 0xEC, 0x1E, 0x16, 0x16, 0x5B, 0x00, 0x00, 0x00, 0x5B,
    0x00, 0x00, 0x00, 0x6F, 0x00, 0x00, 0x00, 0x02, 0x00, 0x00, 0x00, 0x00, 0x00, 0x00, 0x00, 0x01, 0x00, 0x00, 0x00, 0x00, 0x00, 0x00, 0x00, 0x00,
    0x00, 0x00, 0x00, 0x00, 0x00, 0x00, 0x00, 0x00, 0x00, 0x00, 0x00, 0x00, 0x00, 0x00, 0x00, 0x00, 0x00, 0x00, 0x00, 0x00, 0x00, 0x00, 0x00, 0x00,
    0x00, 0x00, 0x00, 0x00, 0x00, 0x00, 0x00, 0x00, 0x00, 0x00, 0x00, 0x00, 0x00, 0x00, 0x00, 0x00, 0x00, 0x00, 0x00, 0x00, 0x00, 0x00, 0x00, 0x00,
    0x00, 0x00, 0x00, 0x00, 0x00, 0x00, 0x00, 0x00, 0x00, 0x00, 0x00, 0x00, 0x00, 0x00, 0x00, 0x00, 0x00, 0x00, 0x00, 0x00, 0x00, 0x00, 0x00, 0x00,
    0x00, 0x00, 0x00, 0x00, 0x00, 0x00, 0x00, 0x00, 0x00, 0x00, 0x00, 0x00, 0x00, 0x00, 0x00, 0x00, 0x00, 0x00, 0x00, 0x00, 0x00, 0x00, 0x00, 0x00,
    0x00, 0x00, 0x00, 0x00, 0x00, 0x00, 0x00, 0x00, 0x00, 0x00, 0x00, 0x00, 0x00, 0x00, 0x00, 0x00, 0x00, 0x00, 0x00, 0x00, 0x00, 0x00, 0x00, 0x00,
    0x00, 0x00, 0x00, 0x00, 0x00, 0x00, 0x00, 0x00, 0x00, 0x00, 0x00, 0x00, 0x00, 0x00, 0x00, 0x02, 0x00, 0x00, 0x00, 0x00, 0x00, 0x00, 0x00, 0x00,
    0x00, 0x00, 0x00, 0x00, 0x00, 0x00, 0x00, 0x24, 0x00, 0x00, 0x00, 0x4F, 0x00, 0x00, 0x00, 0x39, 0x00, 0x00, 0x00, 0x00, 0x00, 0x00, 0x00, 0x00,
    0x00, 0x00, 0x00, 0x00, 0x00, 0x00, 0x00, 0x00, 0x00, 0x00, 0x00, 0x00, 0x00, 0x00, 0x00, 0x00, 0x00, 0x00, 0x00, 0x00, 0x00, 0x00, 0x00, 0x00,
    0x00, 0x00, 0x00, 0x00, 0x00, 0x00, 0x00, 0x00, 0x00, 0x00, 0x00, 0x00, 0x00, 0x00, 0x00, 0x00, 0x00, 0x00, 0x00, 0x00, 0x00, 0x00, 0x00, 0x00,
    0x00, 0x00, 0x00, 0x00, 0x00, 0x00, 0x00, 0x00, 0x00, 0x00, 0x00, 0x00, 0x00, 0x00, 0x00, 0x00, 0x00, 0x00, 0x00, 0x00, 0x00, 0x00, 0x00, 0x00,
    0x00, 0x00, 0x00, 0x00, 0x00, 0x00, 0x00, 0x00, 0x00, 0x00, 0x00, 0x00, 0x00, 0x00, 0x00, 0x00, 0x00, 0x00, 0x00, 0x00, 0x00, 0x00, 0x00, 0x00,
    0x00, 0x00, 0x00, 0x00, 0x00, 0x00, 0x00, 0x00, 0x00, 0x00, 0x00, 0x00, 0x00, 0x00, 0x00, 0x00, 0x00, 0x00, 0x00, 0x00, 0x00, 0x00, 0x00, 0x00,
    0x00, 0x00, 0x00, 0x00, 0x00, 0x00, 0x00, 0x00, 0x00, 0x00, 0x00, 0x00, 0x00, 0x00, 0x00, 0x00, 0x00, 0x00, 0x00, 0x00, 0x00, 0x00, 0x00, 0x00,
    0x00, 0x00, 0x00, 0x00, 0x00, 0x00, 0x00, 0x00, 0x00, 0x00, 0x00, 0x00, 0x00, 0x00, 0x00, 0x00, 0x00, 0x00, 0x00, 0x00, 0x00, 0x00, 0x00, 0x00,
    0x00, 0x00, 0x00, 0x00, 0x00, 0x00, 0x00, 0x00, 0x00, 0x00, 0x00, 0x00, 0x00, 0x00, 0x00, 0x00, 0x00, 0x00, 0x00, 0x00, 0x00, 0x00, 0x00, 0x00,
    0x00, 0x00, 0x00, 0x00, 0x00, 0x00, 0x00, 0x00, 0x00, 0x00, 0x00, 0x00, 0x00, 0x00, 0x00, 0x00, 0x00, 0x00, 0x00, 0x00, 0x00, 0x00, 0x00, 0x00,
    0x00, 0x00, 0x00, 0x00, 0x00, 0x00, 0x00, 0x00, 0x00, 0x00, 0x00, 0x00, 0x00, 0x00, 0x00, 0x00, 0x00, 0x00, 0x00, 0x00, 0x00, 0x00, 0x00, 0x00,
    0x00, 0x00, 0x00, 0x00, 0x00, 0x00, 0x00, 0x00, 0x00, 0x00, 0x00, 0x00, 0x00, 0x00, 0x00, 0x00, 0x00, 0x00, 0x00, 0x00, 0x00, 0x00, 0x00, 0x00,
    0x00, 0x00, 0x00, 0x00, 0x00, 0x00, 0x00, 0x00, 0x00, 0x00, 0x00, 0x00, 0x00, 0x00, 0x00, 0x00, 0x00, 0x00, 0x00, 0x00, 0x00, 0x00, 0x00, 0x00,
    0x00, 0x00, 0x00, 0x00, 0x00, 0x00, 0x00, 0x00, 0x00, 0x00, 0x00, 0x00, 0x00, 0x00, 0x00, 0x00, 0x00, 0x00, 0x00, 0x00, 0x00, 0x00, 0x00, 0x00,
    0x00, 0x00, 0x00, 0x00, 0x00, 0x00, 0x00, 0x00, 0x00, 0x00, 0x00, 0x00, 0x00, 0x00, 0x00, 0x00, 0x00, 0x00, 0x00, 0x00, 0x00, 0x00, 0x00, 0x00,
    0x00, 0x00, 0x00, 0x00, 0x00, 0x00, 0x00, 0x00, 0x00, 0x00, 0x00, 0x00, 0x00, 0x00, 0x00, 0x00, 0x00, 0x00, 0x00, 0x00, 0x00, 0x00, 0x00, 0x00,
    0x00, 0x00, 0x00, 0x00, 0x00, 0x00, 0x00, 0x00, 0x00, 0x00, 0x00, 0x00, 0x00, 0x00, 0x00, 0x00, 0x00, 0x00, 0x00, 0x00, 0x00, 0x00, 0x00, 0x00,
    0x00, 0x00, 0x00, 0x00, 0x00, 0x00, 0x00, 0x00, 0x00, 0x00, 0x00, 0x00, 0x00, 0x00, 0x00, 0x00, 0x00, 0x00, 0x00, 0x00, 0x00, 0x00, 0x00, 0x00,
    0x00, 0x00, 0x00, 0x00, 0x00, 0x00, 0x00, 0x00, 0x00, 0x00, 0x00, 0x00, 0x00, 0x00, 0x00, 0x00, 0x00, 0x00, 0x00, 0x00, 0x00, 0x00, 0x00, 0x00,
    0x00, 0x00, 0x00, 0x00, 0x00, 0x00, 0x00, 0x00, 0x00, 0x00, 0x00, 0x00, 0x00, 0x00, 0x00, 0x00, 0x00, 0x00, 0x00, 0x00, 0x00, 0x00, 0x00, 0x00,
    0x00, 0x00, 0x00, 0x00, 0x00, 0x00, 0x00, 0x00, 0x00, 0x00, 0x00, 0x00, 0x00, 0x00, 0x00, 0x00, 0x00, 0x00, 0x00, 0x00, 0x00, 0x00, 0x00, 0x00,
    0x00, 0x00, 0x00, 0x00, 0x00, 0x00, 0x00, 0x00, 0x00, 0x00, 0x00, 0x00, 0x00, 0x00, 0x00, 0x00, 0x00, 0x00, 0x00, 0x00, 0x00, 0x00, 0x00, 0x00,
    0x00, 0x00, 0x00, 0x00, 0x00, 0x00, 0x00, 0x00, 0x00, 0x00, 0x00, 0x00, 0x00, 0x00, 0x00, 0x00, 0x00, 0x00, 0x00, 0x00, 0x00, 0x00, 0x00, 0x00,
    0x00, 0x00, 0x00, 0x00, 0x00, 0x00, 0x00, 0x00, 0x00, 0x00, 0x00, 0x00, 0x00, 0x00, 0x00, 0x00, 0x00, 0x00, 0x00, 0x00, 0x00, 0x00, 0x00, 0x00,
    0x00, 0x00, 0x00, 0x00, 0x00, 0x00, 0x00, 0x00, 0x00, 0x00, 0x00, 0x00, 0x00, 0x00, 0x00, 0x00, 0x00, 0x00, 0x00, 0x00, 0x00, 0x00, 0x00, 0x00,
    0x00, 0x00, 0x00, 0x00, 0x00, 0x00, 0x00, 0x00, 0x00, 0x00, 0x00, 0x00, 0x00, 0x00, 0x00, 0x00, 0x00, 0x00, 0x00, 0x00, 0x00, 0x00, 0x00, 0x00,
    0x00, 0x00, 0x00, 0x00, 0x00, 0x00, 0x00, 0x00, 0x00, 0x00, 0x00, 0x00, 0x00, 0x00, 0x00, 0x00, 0x00, 0x00, 0x00, 0x00, 0x00, 0x00, 0x00, 0x00,
    0x00, 0x00, 0x00, 0x00, 0x00, 0x00, 0x00, 0x00, 0x00, 0x00, 0x00, 0x00, 0x00, 0x00, 0x00, 0x00, 0x00, 0x00, 0x00, 0x00, 0x00, 0x00, 0x00, 0x00,
    0x00, 0x00, 0x00, 0x00, 0x00, 0x00, 0x00, 0x00, 0x00, 0x00, 0x00, 0x00, 0x00, 0x00, 0x00, 0x00, 0x00, 0x00, 0x00, 0x00, 0x00, 0x00, 0x00, 0x00,
};
inline constexpr std::array<std::uint8_t, 9216> flak_leggings = {
    0x00, 0x00, 0x00, 0x00, 0x00, 0x00, 0x00, 0x00, 0x00, 0x00, 0x00, 0x00, 0x00, 0x00, 0x00, 0x00, 0x00, 0x00, 0x00, 0x00, 0x00, 0x00, 0x00, 0x00,
    0x00, 0x00, 0x00, 0x00, 0x00, 0x00, 0x00, 0x00, 0x00, 0x00, 0x00, 0x00, 0x00, 0x00, 0x00, 0x00, 0x00, 0x00, 0x00, 0x00, 0x00, 0x00, 0x00, 0x00,
    0x00, 0x00, 0x00, 0x00, 0x00, 0x00, 0x00, 0x00, 0x00, 0x00, 0x00, 0x00, 0x00, 0x00, 0x00, 0x00, 0x00, 0x00, 0x00, 0x00, 0x00, 0x00, 0x00, 0x00,
    0x00, 0x00, 0x00, 0x00, 0x00, 0x00, 0x00, 0x00, 0x00, 0x00, 0x00, 0x00, 0x00, 0x00, 0x00, 0x00, 0x00, 0x00, 0x00, 0x00, 0x00, 0x00, 0x00, 0x00,
    0x00, 0x00, 0x00, 0x00, 0x00, 0x00, 0x00, 0x00, 0x00, 0x00, 0x00, 0x00, 0x00, 0x00, 0x00, 0x00, 0x00, 0x00, 0x00, 0x00, 0x00, 0x00, 0x00, 0x00,
    0x00, 0x00, 0x00, 0x00, 0x00, 0x00, 0x00, 0x00, 0x00, 0x00, 0x00, 0x00, 0x00, 0x00, 0x00, 0x00, 0x00, 0x00, 0x00, 0x00, 0x00, 0x00, 0x00, 0x00,
    0x00, 0x00, 0x00, 0x00, 0x00, 0x00, 0x00, 0x00, 0x00, 0x00, 0x00, 0x00, 0x00, 0x00, 0x00, 0x00, 0x00, 0x00, 0x00, 0x00, 0x00, 0x00, 0x00, 0x00,
    0x00, 0x00, 0x00, 0x00, 0x00, 0x00, 0x00, 0x00, 0x00, 0x00, 0x00, 0x00, 0x00, 0x00, 0x00, 0x00, 0x00, 0x00, 0x00, 0x00, 0x00, 0x00, 0x00, 0x00,
    0x00, 0x00, 0x00, 0x00, 0x00, 0x00, 0x00, 0x00, 0x00, 0x00, 0x00, 0x00, 0x00, 0x00, 0x00, 0x00, 0x00, 0x00, 0x00, 0x00, 0x00, 0x00, 0x00, 0x00,
    0x00, 0x00, 0x00, 0x00, 0x00, 0x00, 0x00, 0x00, 0x00, 0x00, 0x00, 0x00, 0x00, 0x00, 0x00, 0x00, 0x00, 0x00, 0x00, 0x00, 0x00, 0x00, 0x00, 0x00,
    0x00, 0x00, 0x00, 0x00, 0x00, 0x00, 0x00, 0x00, 0x00, 0x00, 0x00, 0x00, 0x00, 0x00, 0x00, 0x00, 0x00, 0x00, 0x00, 0x00, 0x00, 0x00, 0x00, 0x00,
    0x00, 0x00, 0x00, 0x00, 0x00, 0x00, 0x00, 0x00, 0x00, 0x00, 0x00, 0x00, 0x00, 0x00, 0x00, 0x00, 0x00, 0x00, 0x00, 0x00, 0x00, 0x00, 0x00, 0x00,
    0x00, 0x00, 0x00, 0x00, 0x00, 0x00, 0x00, 0x00, 0x00, 0x00, 0x00, 0x00, 0x00, 0x00, 0x00, 0x00, 0x00, 0x00, 0x00, 0x00, 0x00, 0x00, 0x00, 0x00,
    0x00, 0x00, 0x00, 0x00, 0x00, 0x00, 0x00, 0x00, 0x00, 0x00, 0x00, 0x00, 0x00, 0x00, 0x00, 0x00, 0x00, 0x00, 0x00, 0x00, 0x00, 0x00, 0x00, 0x00,
    0x00, 0x00, 0x00, 0x00, 0x00, 0x00, 0x00, 0x00, 0x00, 0x00, 0x00, 0x00, 0x00, 0x00, 0x00, 0x00, 0x00, 0x00, 0x00, 0x00, 0x00, 0x00, 0x00, 0x00,
    0x00, 0x00, 0x00, 0x00, 0x00, 0x00, 0x00, 0x00, 0x00, 0x00, 0x00, 0x00, 0x00, 0x00, 0x00, 0x00, 0x00, 0x00, 0x00, 0x00, 0x00, 0x00, 0x00, 0x00,
    0x00, 0x00, 0x00, 0x00, 0x00, 0x00, 0x00, 0x00, 0x00, 0x00, 0x00, 0x00, 0x00, 0x00, 0x00, 0x00, 0x00, 0x00, 0x00, 0x00, 0x00, 0x00, 0x00, 0x00,
    0x00, 0x00, 0x00, 0x00, 0x00, 0x00, 0x00, 0x00, 0x00, 0x00, 0x00, 0x00, 0x00, 0x00, 0x00, 0x00, 0x00, 0x00, 0x00, 0x00, 0x00, 0x00, 0x00, 0x00,
    0x00, 0x00, 0x00, 0x00, 0x00, 0x00, 0x00, 0x00, 0x00, 0x00, 0x00, 0x00, 0x00, 0x00, 0x00, 0x00, 0x00, 0x00, 0x00, 0x00, 0x00, 0x00, 0x00, 0x00,
    0x00, 0x00, 0x00, 0x00, 0x00, 0x00, 0x00, 0x00, 0x00, 0x00, 0x00, 0x00, 0x00, 0x00, 0x00, 0x00, 0x00, 0x00, 0x00, 0x00, 0x00, 0x00, 0x00, 0x00,
    0x00, 0x00, 0x00, 0x00, 0x00, 0x00, 0x00, 0x00, 0x00, 0x00, 0x00, 0x00, 0x00, 0x00, 0x00, 0x00, 0x00, 0x00, 0x00, 0x00, 0x00, 0x00, 0x00, 0x00,
    0x00, 0x00, 0x00, 0x00, 0x00, 0x00, 0x00, 0x00, 0x00, 0x00, 0x00, 0x00, 0x00, 0x00, 0x00, 0x00, 0x00, 0x00, 0x00, 0x00, 0x00, 0x00, 0x00, 0x00,
    0x00, 0x00, 0x00, 0x00, 0x00, 0x00, 0x00, 0x00, 0x00, 0x00, 0x00, 0x00, 0x00, 0x00, 0x00, 0x00, 0x00, 0x00, 0x00, 0x00, 0x00, 0x00, 0x00, 0x00,
    0x00, 0x00, 0x00, 0x00, 0x00, 0x00, 0x00, 0x00, 0x00, 0x00, 0x00, 0x00, 0x00, 0x00, 0x00, 0x00, 0x00, 0x00, 0x00, 0x00, 0x00, 0x00, 0x00, 0x00,
    0x00, 0x00, 0x00, 0x00, 0x00, 0x00, 0x00, 0x00, 0x00, 0x00, 0x00, 0x00, 0x00, 0x00, 0x00, 0x00, 0x00, 0x00, 0x00, 0x00, 0x00, 0x00, 0x00, 0x00,
    0x00, 0x00, 0x00, 0x00, 0x00, 0x00, 0x00, 0x00, 0x00, 0x00, 0x00, 0x00, 0x00, 0x00, 0x00, 0x00, 0x00, 0x00, 0x00, 0x00, 0x00, 0x00, 0x00, 0x00,
    0x00, 0x00, 0x00, 0x00, 0x00, 0x00, 0x00, 0x00, 0x00, 0x00, 0x00, 0x00, 0x00, 0x00, 0x00, 0x00, 0x00, 0x00, 0x00, 0x00, 0x00, 0x00, 0x00, 0x00,
    0x00, 0x00, 0x00, 0x00, 0x00, 0x00, 0x00, 0x00, 0x00, 0x00, 0x00, 0x00, 0x00, 0x00, 0x00, 0x00, 0x00, 0x00, 0x00, 0x01, 0x00, 0x00, 0x00, 0x00,
    0x43, 0x43, 0x3E, 0x39, 0x2D, 0x26, 0x28, 0x8C, 0x2A, 0x24, 0x22, 0xA2, 0x33, 0x2C, 0x2A, 0x9B, 0x3E, 0x34, 0x34, 0x82, 0x45, 0x3E, 0x3B, 0x49,
    0x77, 0x77, 0x77, 0x0F, 0x00, 0x00, 0x00, 0x00, 0x00, 0x00, 0x00, 0x00, 0x55, 0x55, 0x55, 0x03, 0x00, 0x00, 0x00, 0x01, 0x00, 0x00, 0x00, 0x00,
    0x00, 0x00, 0x00, 0x00, 0x00, 0x00, 0x00, 0x00, 0x00, 0x00, 0x00, 0x00, 0x00, 0x00, 0x00, 0x00, 0x00, 0x00, 0x00, 0x00, 0x00, 0x00, 0x00, 0x00,
    0x00, 0x00, 0x00, 0x00, 0x00, 0x00, 0x00, 0x00, 0x00, 0x00, 0x00, 0x00, 0x00, 0x00, 0x00, 0x00, 0x00, 0x00, 0x00, 0x00, 0x00, 0x00, 0x00, 0x00,
    0x00, 0x00, 0x00, 0x00, 0x00, 0x00, 0x00, 0x00, 0x00, 0x00, 0x00, 0x00, 0x00, 0x00, 0x00, 0x00, 0x00, 0x00, 0x00, 0x00, 0x00, 0x00, 0x00, 0x00,
    0x00, 0x00, 0x00, 0x00, 0x00, 0x00, 0x00, 0x00, 0x00, 0x00, 0x00, 0x00, 0x00, 0x00, 0x00, 0x00, 0x00, 0x00, 0x00, 0x00, 0x00, 0x00, 0x00, 0x00,
    0x00, 0x00, 0x00, 0x00, 0x00, 0x00, 0x00, 0x00, 0x00, 0x00, 0x00, 0x00, 0x00, 0x00, 0x00, 0x00, 0x00, 0x00, 0x00, 0x00, 0x00, 0x00, 0x00, 0x00,
    0x00, 0x00, 0x00, 0x00, 0x00, 0x00, 0x00, 0x00, 0x00, 0x00, 0x00, 0x00, 0x7F, 0x7F, 0x7F, 0x02, 0x00, 0x00, 0x00, 0x00, 0x52, 0x4E, 0x4E, 0x41,
    0x2B, 0x28, 0x26, 0xF6, 0x26, 0x20, 0x1E, 0xFF, 0x30, 0x28, 0x28, 0xFF, 0x3E, 0x37, 0x35, 0xFF, 0x45, 0x3B, 0x3B, 0xFF, 0x41, 0x3B, 0x39, 0xFF,
    0x44, 0x3E, 0x3D, 0xDF, 0x4D, 0x48, 0x46, 0x98, 0x6B, 0x6B, 0x66, 0x2D, 0x00, 0x00, 0x00, 0x00, 0x00, 0x00, 0x00, 0x00, 0x00, 0x00, 0x00, 0x01,
    0x00, 0x00, 0x00, 0x00, 0x00, 0x00, 0x00, 0x00, 0x00, 0x00, 0x00, 0x00, 0x00, 0x00, 0x00, 0x00, 0x00, 0x00, 0x00, 0x00, 0x00, 0x00, 0x00, 0x00,
    0x00, 0x00, 0x00, 0x00, 0x00, 0x00, 0x00, 0x00, 0x00, 0x00, 0x00, 0x00, 0x00, 0x00, 0x00, 0x00, 0x00, 0x00, 0x00, 0x00, 0x00, 0x00, 0x00, 0x00,
    0x00, 0x00, 0x00, 0x00, 0x00, 0x00, 0x00, 0x00, 0x00, 0x00, 0x00, 0x00, 0x00, 0x00, 0x00, 0x00, 0x00, 0x00, 0x00, 0x00, 0x00, 0x00, 0x00, 0x00,
    0x00, 0x00, 0x00, 0x00, 0x00, 0x00, 0x00, 0x00, 0x00, 0x00, 0x00, 0x00, 0x00, 0x00, 0x00, 0x00, 0x00, 0x00, 0x00, 0x00, 0x00, 0x00, 0x00, 0x00,
    0x00, 0x00, 0x00, 0x00, 0x00, 0x00, 0x00, 0x00, 0x00, 0x00, 0x00, 0x00, 0x00, 0x00, 0x00, 0x00, 0x00, 0x00, 0x00, 0x00, 0x00, 0x00, 0x00, 0x00,
    0x00, 0x00, 0x00, 0x00, 0x00, 0x00, 0x00, 0x00, 0x00, 0x00, 0x00, 0x01, 0x00, 0x00, 0x00, 0x02, 0x66, 0x66, 0x99, 0x05, 0x2F, 0x2C, 0x2C, 0xCE,
    0x1E, 0x1C, 0x18, 0xFF, 0x36, 0x2F, 0x2C, 0xFA, 0x4F, 0x48, 0x46, 0xFD, 0x56, 0x4F, 0x4D, 0xFD, 0x45, 0x3C, 0x3C, 0xFD, 0x3A, 0x34, 0x32, 0xFF,
    0x42, 0x3A, 0x36, 0xFF, 0x50, 0x49, 0x45, 0xFF, 0x4B, 0x48, 0x46, 0xFA, 0x55, 0x51, 0x50, 0x8C, 0xDA, 0xDA, 0xFF, 0x07, 0x00, 0x00, 0x00, 0x00,
    0x00, 0x00, 0x00, 0x01, 0x00, 0x00, 0x00, 0x00, 0x00, 0x00, 0x00, 0x00, 0x00, 0x00, 0x00, 0x00, 0x00, 0x00, 0x00, 0x00, 0x00, 0x00, 0x00, 0x00,
    0x00, 0x00, 0x00, 0x00, 0x00, 0x00, 0x00, 0x00, 0x00, 0x00, 0x00, 0x00, 0x00, 0x00, 0x00, 0x00, 0x00, 0x00, 0x00, 0x00, 0x00, 0x00, 0x00, 0x00,
    0x00, 0x00, 0x00, 0x00, 0x00, 0x00, 0x00, 0x00, 0x00, 0x00, 0x00, 0x00, 0x00, 0x00, 0x00, 0x00, 0x00, 0x00, 0x00, 0x00, 0x00, 0x00, 0x00, 0x00,
    0x00, 0x00, 0x00, 0x00, 0x00, 0x00, 0x00, 0x00, 0x00, 0x00, 0x00, 0x00, 0x00, 0x00, 0x00, 0x00, 0x00, 0x00, 0x00, 0x00, 0x00, 0x00, 0x00, 0x00,
    0x00, 0x00, 0x00, 0x00, 0x00, 0x00, 0x00, 0x00, 0x00, 0x00, 0x00, 0x00, 0x00, 0x00, 0x00, 0x00, 0x00, 0x00, 0x00, 0x00, 0x00, 0x00, 0x00, 0x00,
    0x00, 0x00, 0x00, 0x00, 0x00, 0x00, 0x00, 0x00, 0x55, 0x55, 0x55, 0x03, 0x00, 0x00, 0x00, 0x01, 0x5D, 0x5A, 0x57, 0x4F, 0x29, 0x28, 0x25, 0xFF,
    0x19, 0x17, 0x18, 0xFC, 0x30, 0x2C, 0x2E, 0xFF, 0x3B, 0x36, 0x37, 0xFF, 0x3F, 0x3A, 0x3A, 0xFF, 0x40, 0x39, 0x39, 0xFF, 0x3F, 0x37, 0x37, 0xFF,
    0x37, 0x2D, 0x2D, 0xFE, 0x42, 0x37, 0x38, 0xFC, 0x5D, 0x54, 0x53, 0xFF, 0x54, 0x4B, 0x4A, 0xFF, 0x53, 0x4B, 0x49, 0xBE, 0x73, 0x68, 0x68, 0x16,
    0x7F, 0x00, 0x00, 0x02, 0x7F, 0x7F, 0x7F, 0x02, 0x00, 0x00, 0x00, 0x00, 0x00, 0x00, 0x00, 0x00, 0x00, 0x00, 0x00, 0x00, 0x00, 0x00, 0x00, 0x00,
    0x00, 0x00, 0x00, 0x00, 0x00, 0x00, 0x00, 0x00, 0x00, 0x00, 0x00, 0x00, 0x00, 0x00, 0x00, 0x00, 0x00, 0x00, 0x00, 0x00, 0x00, 0x00, 0x00, 0x00,
    0x00, 0x00, 0x00, 0x00, 0x00, 0x00, 0x00, 0x00, 0x00, 0x00, 0x00, 0x00, 0x00, 0x00, 0x00, 0x00, 0x00, 0x00, 0x00, 0x00, 0x00, 0x00, 0x00, 0x00,
    0x00, 0x00, 0x00, 0x00, 0x00, 0x00, 0x00, 0x00, 0x00, 0x00, 0x00, 0x00, 0x00, 0x00, 0x00, 0x00, 0x00, 0x00, 0x00, 0x00, 0x00, 0x00, 0x00, 0x00,
    0x00, 0x00, 0x00, 0x00, 0x00, 0x00, 0x00, 0x00, 0x00, 0x00, 0x00, 0x00, 0x00, 0x00, 0x00, 0x00, 0x00, 0x00, 0x00, 0x00, 0x00, 0x00, 0x00, 0x00,
    0x00, 0x00, 0x00, 0x00, 0x00, 0x00, 0x00, 0x01, 0x55, 0x55, 0x55, 0x03, 0x00, 0x00, 0x00, 0x00, 0x31, 0x32, 0x31, 0xC0, 0x16, 0x18, 0x18, 0xFE,
    0x16, 0x17, 0x21, 0xFC, 0x17, 0x16, 0x21, 0xFF, 0x1E, 0x1F, 0x28, 0xFF, 0x28, 0x2A, 0x31, 0xFF, 0x2A, 0x2C, 0x34, 0xFF, 0x35, 0x36, 0x3E, 0xFF,
    0x3E, 0x3B, 0x40, 0xFF, 0x2F, 0x28, 0x29, 0xFF, 0x47, 0x3E, 0x3D, 0xFE, 0x4F, 0x46, 0x44, 0xF9, 0x51, 0x48, 0x45, 0xFF, 0x45, 0x3C, 0x3A, 0xA1,
    0x00, 0x00, 0x00, 0x00, 0x55, 0x55, 0x55, 0x03, 0x00, 0x00, 0x00, 0x00, 0x00, 0x00, 0x00, 0x00, 0x00, 0x00, 0x00, 0x00, 0x00, 0x00, 0x00, 0x00,
    0x00, 0x00, 0x00, 0x00, 0x00, 0x00, 0x00, 0x00, 0x00, 0x00, 0x00, 0x00, 0x00, 0x00, 0x00, 0x00, 0x00, 0x00, 0x00, 0x00, 0x00, 0x00, 0x00, 0x00,
    0x00, 0x00, 0x00, 0x00, 0x00, 0x00, 0x00, 0x00, 0x00, 0x00, 0x00, 0x00, 0x00, 0x00, 0x00, 0x00, 0x00, 0x00, 0x00, 0x00, 0x00, 0x00, 0x00, 0x00,
    0x00, 0x00, 0x00, 0x00, 0x00, 0x00, 0x00, 0x00, 0x00, 0x00, 0x00, 0x00, 0x00, 0x00, 0x00, 0x00, 0x00, 0x00, 0x00, 0x00, 0x00, 0x00, 0x00, 0x00,
    0x00, 0x00, 0x00, 0x00, 0x00, 0x00, 0x00, 0x00, 0x00, 0x00, 0x00, 0x00, 0x00, 0x00, 0x00, 0x00, 0x00, 0x00, 0x00, 0x00, 0x00, 0x00, 0x00, 0x00,
    0x00, 0x00, 0x00, 0x00, 0x00, 0x00, 0x00, 0x03, 0x00, 0x00, 0x00, 0x00, 0x0C, 0x0C, 0x0E, 0x67, 0x0E, 0x0F, 0x18, 0xFF, 0x19, 0x1A, 0x28, 0xFD,
    0x1A, 0x1D, 0x2D, 0xFF, 0x20, 0x25, 0x35, 0xFF, 0x26, 0x2B, 0x3A, 0xFF, 0x29, 0x2F, 0x3D, 0xFF, 0x2F, 0x35, 0x44, 0xFF, 0x1D, 0x24, 0x31, 0xFF,
    0x2E, 0x30, 0x3C, 0xFF, 0x42, 0x3C, 0x41, 0xFF, 0x3C, 0x34, 0x32, 0xFF, 0x48, 0x41, 0x3E, 0xFD, 0x51, 0x48, 0x46, 0xFD, 0x4D, 0x45, 0x42, 0xDF,
    0x2A, 0x2A, 0x2A, 0x06, 0x00, 0x00, 0x00, 0x00, 0x00, 0x00, 0x00, 0x01, 0x00, 0x00, 0x00, 0x00, 0x00, 0x00, 0x00, 0x00, 0x00, 0x00, 0x00, 0x00,
    0x00, 0x00, 0x00, 0x00, 0x00, 0x00, 0x00, 0x00, 0x00, 0x00, 0x00, 0x00, 0x00, 0x00, 0x00, 0x00, 0x00, 0x00, 0x00, 0x00, 0x00, 0x00, 0x00, 0x00,
    0x00, 0x00, 0x00, 0x00, 0x00, 0x00, 0x00, 0x00, 0x00, 0x00, 0x00, 0x00, 0x00, 0x00, 0x00, 0x00, 0x00, 0x00, 0x00, 0x00, 0x00, 0x00, 0x00, 0x00,
    0x00, 0x00, 0x00, 0x00, 0x00, 0x00, 0x00, 0x00, 0x00, 0x00, 0x00, 0x00, 0x00, 0x00, 0x00, 0x00, 0x00, 0x00, 0x00, 0x00, 0x00, 0x00, 0x00, 0x00,
    0x00, 0x00, 0x00, 0x00, 0x00, 0x00, 0x00, 0x00, 0x00, 0x00, 0x00, 0x00, 0x00, 0x00, 0x00, 0x00, 0x00, 0x00, 0x00, 0x00, 0x00, 0x00, 0x00, 0x00,
    0x55, 0x55, 0x55, 0x03, 0x00, 0x00, 0x00, 0x00, 0x2D, 0x33, 0x35, 0x64, 0x16, 0x18, 0x1E, 0xFF, 0x13, 0x13, 0x22, 0xFC, 0x1D, 0x1F, 0x33, 0xFE,
    0x1F, 0x23, 0x34, 0xFF, 0x2A, 0x30, 0x40, 0xFF, 0x32, 0x39, 0x49, 0xFF, 0x4A, 0x50, 0x61, 0xFF, 0x4E, 0x55, 0x66, 0xFF, 0x3D, 0x44, 0x53, 0xFF,
    0x2E, 0x32, 0x42, 0xFF, 0x39, 0x35, 0x3E, 0xFF, 0x37, 0x30, 0x2D, 0xFF, 0x47, 0x3F, 0x3B, 0xFE, 0x4C, 0x43, 0x41, 0xFE, 0x5B, 0x53, 0x51, 0xF8,
    0x51, 0x4B, 0x4B, 0x2F, 0x00, 0x00, 0x00, 0x00, 0x7F, 0x7F, 0x7F, 0x02, 0x00, 0x00, 0x00, 0x00, 0x00, 0x00, 0x00, 0x00, 0x00, 0x00, 0x00, 0x00,
    0x00, 0x00, 0x00, 0x00, 0x00, 0x00, 0x00, 0x00, 0x00, 0x00, 0x00, 0x00, 0x00, 0x00, 0x00, 0x00, 0x00, 0x00, 0x00, 0x00, 0x00, 0x00, 0x00, 0x00,
    0x00, 0x00, 0x00, 0x00, 0x00, 0x00, 0x00, 0x00, 0x00, 0x00, 0x00, 0x00, 0x00, 0x00, 0x00, 0x00, 0x00, 0x00, 0x00, 0x00, 0x00, 0x00, 0x00, 0x00,
    0x00, 0x00, 0x00, 0x00, 0x00, 0x00, 0x00, 0x00, 0x00, 0x00, 0x00, 0x00, 0x00, 0x00, 0x00, 0x00, 0x00, 0x00, 0x00, 0x00, 0x00, 0x00, 0x00, 0x00,
    0x00, 0x00, 0x00, 0x00, 0x00, 0x00, 0x00, 0x00, 0x00, 0x00, 0x00, 0x00, 0x00, 0x00, 0x00, 0x00, 0x00, 0x00, 0x00, 0x00, 0x00, 0x00, 0x00, 0x01,
    0xFF, 0xFF, 0xFF, 0x01, 0x00, 0x00, 0x00, 0x0E, 0x33, 0x38, 0x3D, 0xDF, 0x20, 0x23, 0x2C, 0xFF, 0x13, 0x16, 0x22, 0xFD, 0x19, 0x1C, 0x2B, 0xFF,
    0x27, 0x2C, 0x3C, 0xFF, 0x36, 0x3C, 0x4E, 0xFF, 0x50, 0x57, 0x68, 0xFF, 0x72, 0x78, 0x88, 0xFF, 0x6C, 0x73, 0x82, 0xFF, 0x58, 0x5F, 0x6E, 0xFF,
    0x41, 0x44, 0x54, 0xFF, 0x2D, 0x2B, 0x33, 0xFF, 0x33, 0x2D, 0x2B, 0xFF, 0x3A, 0x32, 0x2F, 0xFF, 0x38, 0x30, 0x2F, 0xFC, 0x5C, 0x54, 0x52, 0xFF,
    0x78, 0x71, 0x71, 0x6A, 0x7F, 0x7F, 0x7F, 0x02, 0x7F, 0x7F, 0x7F, 0x04, 0x00, 0x00, 0x00, 0x00, 0x00, 0x00, 0x00, 0x00, 0x00, 0x00, 0x00, 0x00,
    0x00, 0x00, 0x00, 0x00, 0x00, 0x00, 0x00, 0x00, 0x00, 0x00, 0x00, 0x00, 0x00, 0x00, 0x00, 0x00, 0x00, 0x00, 0x00, 0x00, 0x00, 0x00, 0x00, 0x00,
    0x00, 0x00, 0x00, 0x00, 0x00, 0x00, 0x00, 0x00, 0x00, 0x00, 0x00, 0x00, 0x00, 0x00, 0x00, 0x00, 0x00, 0x00, 0x00, 0x00, 0x00, 0x00, 0x00, 0x00,
    0x00, 0x00, 0x00, 0x00, 0x00, 0x00, 0x00, 0x00, 0x00, 0x00, 0x00, 0x00, 0x00, 0x00, 0x00, 0x00, 0x00, 0x00, 0x00, 0x00, 0x00, 0x00, 0x00, 0x00,
    0x00, 0x00, 0x00, 0x00, 0x00, 0x00, 0x00, 0x00, 0x00, 0x00, 0x00, 0x00, 0x00, 0x00, 0x00, 0x00, 0x00, 0x00, 0x00, 0x00, 0x00, 0x00, 0x00, 0x02,
    0x00, 0x00, 0x00, 0x00, 0x0A, 0x0A, 0x0A, 0x30, 0x39, 0x3C, 0x3E, 0xFB, 0x19, 0x1D, 0x24, 0xFF, 0x17, 0x19, 0x25, 0xFE, 0x1B, 0x1F, 0x2F, 0xFF,
    0x30, 0x35, 0x47, 0xFF, 0x47, 0x4E, 0x60, 0xFF, 0x7B, 0x82, 0x92, 0xFF, 0x96, 0x9C, 0xAB, 0xFF, 0x86, 0x8D, 0x9A, 0xFF, 0x70, 0x77, 0x86, 0xFF,
    0x53, 0x57, 0x68, 0xFF, 0x2E, 0x2C, 0x35, 0xFF, 0x1F, 0x1B, 0x19, 0xFF, 0x2C, 0x26, 0x23, 0xFF, 0x2D, 0x26, 0x25, 0xFC, 0x49, 0x3C, 0x3B, 0xFF,
    0x55, 0x4D, 0x4A, 0xAE, 0x00, 0x00, 0x00, 0x00, 0x7F, 0x7F, 0x7F, 0x02, 0x00, 0x00, 0x00, 0x00, 0x00, 0x00, 0x00, 0x00, 0x00, 0x00, 0x00, 0x00,
    0x00, 0x00, 0x00, 0x00, 0x00, 0x00, 0x00, 0x00, 0x00, 0x00, 0x00, 0x00, 0x00, 0x00, 0x00, 0x00, 0x00, 0x00, 0x00, 0x00, 0x00, 0x00, 0x00, 0x00,
    0x00, 0x00, 0x00, 0x00, 0x00, 0x00, 0x00, 0x00, 0x00, 0x00, 0x00, 0x00, 0x00, 0x00, 0x00, 0x00, 0x00, 0x00, 0x00, 0x00, 0x00, 0x00, 0x00, 0x00,
    0x00, 0x00, 0x00, 0x00, 0x00, 0x00, 0x00, 0x00, 0x00, 0x00, 0x00, 0x00, 0x00, 0x00, 0x00, 0x00, 0x00, 0x00, 0x00, 0x00, 0x00, 0x00, 0x00, 0x00,
    0x00, 0x00, 0x00, 0x00, 0x00, 0x00, 0x00, 0x00, 0x00, 0x00, 0x00, 0x00, 0x00, 0x00, 0x00, 0x00, 0x00, 0x00, 0x00, 0x00, 0x00, 0x00, 0x00, 0x03,
    0x00, 0x00, 0x00, 0x00, 0x0F, 0x0F, 0x0F, 0x42, 0x32, 0x34, 0x32, 0xFF, 0x12, 0x15, 0x1B, 0xFE, 0x14, 0x17, 0x23, 0xFE, 0x24, 0x27, 0x37, 0xFF,
    0x36, 0x3B, 0x4F, 0xFF, 0x68, 0x6F, 0x80, 0xFF, 0x9F, 0xA6, 0xB5, 0xFF, 0xAB, 0xB2, 0xC0, 0xFF, 0x93, 0x9A, 0xA6, 0xFF, 0x84, 0x8B, 0x98, 0xFF,
    0x66, 0x69, 0x78, 0xFF, 0x2B, 0x29, 0x2E, 0xFF, 0x1D, 0x1A, 0x17, 0xFF, 0x38, 0x34, 0x32, 0xFF, 0x22, 0x1D, 0x1C, 0xFE, 0x26, 0x1F, 0x1E, 0xFF,
    0x56, 0x55, 0x56, 0xF3, 0x68, 0x6C, 0x76, 0x49, 0x00, 0x00, 0x00, 0x02, 0x00, 0x00, 0x00, 0x00, 0x00, 0x00, 0x00, 0x00, 0x00, 0x00, 0x00, 0x00,
    0x00, 0x00, 0x00, 0x00, 0x00, 0x00, 0x00, 0x00, 0x00, 0x00, 0x00, 0x00, 0x00, 0x00, 0x00, 0x00, 0x00, 0x00, 0x00, 0x00, 0x00, 0x00, 0x00, 0x00,
    0x00, 0x00, 0x00, 0x00, 0x00, 0x00, 0x00, 0x00, 0x00, 0x00, 0x00, 0x00, 0x00, 0x00, 0x00, 0x00, 0x00, 0x00, 0x00, 0x00, 0x00, 0x00, 0x00, 0x00,
    0x00, 0x00, 0x00, 0x00, 0x00, 0x00, 0x00, 0x00, 0x00, 0x00, 0x00, 0x00, 0x00, 0x00, 0x00, 0x00, 0x00, 0x00, 0x00, 0x00, 0x00, 0x00, 0x00, 0x00,
    0x00, 0x00, 0x00, 0x00, 0x00, 0x00, 0x00, 0x00, 0x00, 0x00, 0x00, 0x00, 0x00, 0x00, 0x00, 0x00, 0x00, 0x00, 0x00, 0x00, 0x00, 0x00, 0x00, 0x03,
    0x00, 0x00, 0x00, 0x00, 0x00, 0x00, 0x00, 0x49, 0x22, 0x25, 0x28, 0xFF, 0x12, 0x12, 0x1B, 0xFE, 0x14, 0x15, 0x21, 0xFF, 0x2C, 0x2F, 0x3E, 0xFF,
    0x45, 0x4A, 0x5C, 0xFF, 0x80, 0x87, 0x96, 0xFF, 0xAC, 0xB2, 0xC3, 0xFF, 0xB2, 0xB8, 0xC7, 0xFF, 0xA0, 0xA8, 0xB4, 0xFF, 0x8E, 0x96, 0xA0, 0xFF,
    0x67, 0x68, 0x73, 0xFF, 0x1F, 0x1E, 0x1C, 0xFF, 0x22, 0x1F, 0x1D, 0xFF, 0x1E, 0x1A, 0x19, 0xFF, 0x23, 0x20, 0x1E, 0xFF, 0x76, 0x7C, 0x81, 0xFE,
    0xAF, 0xB9, 0xC4, 0xFF, 0x77, 0x7E, 0x8D, 0xF5, 0x31, 0x39, 0x4A, 0x1F, 0x00, 0x00, 0x00, 0x00, 0x00, 0x00, 0x00, 0x00, 0x00, 0x00, 0x00, 0x00,
    0x00, 0x00, 0x00, 0x00, 0x00, 0x00, 0x00, 0x00, 0x00, 0x00, 0x00, 0x00, 0x00, 0x00, 0x00, 0x00, 0x00, 0x00, 0x00, 0x00, 0x00, 0x00, 0x00, 0x00,
    0x00, 0x00, 0x00, 0x00, 0x00, 0x00, 0x00, 0x00, 0x00, 0x00, 0x00, 0x00, 0x00, 0x00, 0x00, 0x00, 0x00, 0x00, 0x00, 0x00, 0x00, 0x00, 0x00, 0x00,
    0x00, 0x00, 0x00, 0x00, 0x00, 0x00, 0x00, 0x00, 0x00, 0x00, 0x00, 0x00, 0x00, 0x00, 0x00, 0x00, 0x00, 0x00, 0x00, 0x00, 0x00, 0x00, 0x00, 0x00,
    0x00, 0x00, 0x00, 0x00, 0x00, 0x00, 0x00, 0x00, 0x00, 0x00, 0x00, 0x00, 0x00, 0x00, 0x00, 0x00, 0x00, 0x00, 0x00, 0x00, 0x00, 0x00, 0x00, 0x03,
    0x00, 0x00, 0x00, 0x00, 0x00, 0x00, 0x00, 0x50, 0x25, 0x29, 0x2D, 0xFF, 0x13, 0x13, 0x1D, 0xFE, 0x1D, 0x1D, 0x2A, 0xFF, 0x30, 0x33, 0x41, 0xFF,
    0x56, 0x5D, 0x6C, 0xFF, 0x93, 0x9A, 0xA9, 0xFF, 0xBC, 0xC3, 0xD2, 0xFF, 0xB7, 0xC0, 0xCD, 0xFF, 0xA2, 0xAB, 0xB8, 0xFF, 0x94, 0x9A, 0xA8, 0xFF,
    0x4F, 0x50, 0x59, 0xFF, 0x13, 0x11, 0x0D, 0xFF, 0x1B, 0x15, 0x13, 0xFF, 0x1A, 0x1A, 0x17, 0xFF, 0x65, 0x6E, 0x76, 0xFF, 0x9A, 0xA4, 0xB3, 0xFD,
    0xAE, 0xB8, 0xC9, 0xFE, 0x8E, 0x96, 0xA7, 0xD0, 0x00, 0x33, 0x33, 0x05, 0x00, 0x00, 0x00, 0x00, 0x00, 0x00, 0x00, 0x00, 0x00, 0x00, 0x00, 0x00,
    0x00, 0x00, 0x00, 0x00, 0x00, 0x00, 0x00, 0x00, 0x00, 0x00, 0x00, 0x00, 0x00, 0x00, 0x00, 0x00, 0x00, 0x00, 0x00, 0x00, 0x00, 0x00, 0x00, 0x00,
    0x00, 0x00, 0x00, 0x00, 0x00, 0x00, 0x00, 0x00, 0x00, 0x00, 0x00, 0x00, 0x00, 0x00, 0x00, 0x00, 0x00, 0x00, 0x00, 0x00, 0x00, 0x00, 0x00, 0x00,
    0x00, 0x00, 0x00, 0x00, 0x00, 0x00, 0x00, 0x00, 0x00, 0x00, 0x00, 0x00, 0x00, 0x00, 0x00, 0x00, 0x00, 0x00, 0x00, 0x00, 0x00, 0x00, 0x00, 0x00,
    0x00, 0x00, 0x00, 0x00, 0x00, 0x00, 0x00, 0x00, 0x00, 0x00, 0x00, 0x00, 0x00, 0x00, 0x00, 0x00, 0x00, 0x00, 0x00, 0x00, 0x00, 0x00, 0x00, 0x03,
    0x00, 0x00, 0x00, 0x00, 0x08, 0x0D, 0x0D, 0x5D, 0x25, 0x29, 0x2E, 0xFF, 0x1A, 0x1B, 0x25, 0xFC, 0x24, 0x24, 0x31, 0xFF, 0x2F, 0x30, 0x3E, 0xFF,
    0x70, 0x77, 0x84, 0xFF, 0xAB, 0xB1, 0xC0, 0xFF, 0xC1, 0xC8, 0xD6, 0xFF, 0xB8, 0xC1, 0xCE, 0xFF, 0xA5, 0xAF, 0xBB, 0xFF, 0x8E, 0x93, 0xA7, 0xFF,
    0x2B, 0x2A, 0x33, 0xFF, 0x13, 0x10, 0x0A, 0xFF, 0x21, 0x20, 0x1B, 0xFF, 0x49, 0x4E, 0x57, 0xFF, 0x73, 0x7F, 0x92, 0xFF, 0x96, 0xA0, 0xB2, 0xFB,
    0xB5, 0xBE, 0xD1, 0xFF, 0x89, 0x92, 0xA4, 0x9E, 0x00, 0x00, 0x00, 0x00, 0x00, 0x00, 0x00, 0x00, 0x00, 0x00, 0x00, 0x00, 0x00, 0x00, 0x00, 0x00,
    0x00, 0x00, 0x00, 0x00, 0x00, 0x00, 0x00, 0x00, 0x00, 0x00, 0x00, 0x00, 0x00, 0x00, 0x00, 0x00, 0x00, 0x00, 0x00, 0x00, 0x00, 0x00, 0x00, 0x00,
    0x00, 0x00, 0x00, 0x00, 0x00, 0x00, 0x00, 0x00, 0x00, 0x00, 0x00, 0x00, 0x00, 0x00, 0x00, 0x00, 0x00, 0x00, 0x00, 0x00, 0x00, 0x00, 0x00, 0x00,
    0x00, 0x00, 0x00, 0x00, 0x00, 0x00, 0x00, 0x00, 0x00, 0x00, 0x00, 0x00, 0x00, 0x00, 0x00, 0x00, 0x00, 0x00, 0x00, 0x00, 0x00, 0x00, 0x00, 0x00,
    0x00, 0x00, 0x00, 0x00, 0x00, 0x00, 0x00, 0x00, 0x00, 0x00, 0x00, 0x00, 0x00, 0x00, 0x00, 0x00, 0x00, 0x00, 0x00, 0x00, 0x55, 0x55, 0x55, 0x03,
    0x00, 0x00, 0x00, 0x01, 0x30, 0x34, 0x32, 0x84, 0x2C, 0x2E, 0x33, 0xFF, 0x19, 0x1A, 0x25, 0xFB, 0x27, 0x26, 0x33, 0xFF, 0x2F, 0x31, 0x3F, 0xFF,
    0x76, 0x7E, 0x8A, 0xFF, 0xAA, 0xB3, 0xBF, 0xFF, 0xAB, 0xB3, 0xC0, 0xFF, 0xA6, 0xAF, 0xBC, 0xFF, 0xA1, 0xAA, 0xB9, 0xFF, 0x6A, 0x70, 0x7C, 0xFF,
    0x11, 0x10, 0x13, 0xFF, 0x26, 0x22, 0x26, 0xFF, 0x49, 0x4C, 0x58, 0xFF, 0x55, 0x5D, 0x70, 0xFF, 0x6E, 0x78, 0x8B, 0xFF, 0x95, 0x9F, 0xB2, 0xFC,
    0xAA, 0xB3, 0xC6, 0xFF, 0x83, 0x8D, 0x9F, 0x65, 0x00, 0x00, 0x00, 0x00, 0x00, 0x00, 0x00, 0x00, 0x00, 0x00, 0x00, 0x00, 0x00, 0x00, 0x00, 0x00,
    0x00, 0x00, 0x00, 0x00, 0x00, 0x00, 0x00, 0x00, 0x00, 0x00, 0x00, 0x00, 0x00, 0x00, 0x00, 0x00, 0x00, 0x00, 0x00, 0x00, 0x00, 0x00, 0x00, 0x00,
    0x00, 0x00, 0x00, 0x00, 0x00, 0x00, 0x00, 0x00, 0x00, 0x00, 0x00, 0x00, 0x00, 0x00, 0x00, 0x00, 0x00, 0x00, 0x00, 0x00, 0x00, 0x00, 0x00, 0x00,
    0x00, 0x00, 0x00, 0x00, 0x00, 0x00, 0x00, 0x00, 0x00, 0x00, 0x00, 0x00, 0x00, 0x00, 0x00, 0x00, 0x00, 0x00, 0x00, 0x00, 0x00, 0x00, 0x00, 0x00,
    0x00, 0x00, 0x00, 0x00, 0x00, 0x00, 0x00, 0x00, 0x00, 0x00, 0x00, 0x00, 0x00, 0x00, 0x00, 0x00, 0x00, 0x00, 0x00, 0x00, 0x7F, 0x7F, 0x7F, 0x02,
    0x00, 0x00, 0x00, 0x00, 0x2C, 0x2D, 0x2B, 0xBD, 0x1D, 0x1F, 0x22, 0xFF, 0x18, 0x18, 0x22, 0xFC, 0x21, 0x22, 0x2E, 0xFF, 0x26, 0x28, 0x32, 0xFF,
    0x56, 0x5D, 0x67, 0xFF, 0x77, 0x80, 0x8C, 0xFF, 0x85, 0x8B, 0x9B, 0xFF, 0x9D, 0xA4, 0xB3, 0xFF, 0x94, 0x9C, 0xB0, 0xFF, 0x36, 0x3B, 0x3F, 0xFF,
    0x19, 0x1A, 0x1C, 0xFF, 0x38, 0x3F, 0x50, 0xFF, 0x47, 0x52, 0x67, 0xFF, 0x61, 0x6C, 0x7F, 0xFF, 0x6F, 0x79, 0x8C, 0xFF, 0x8C, 0x97, 0xAB, 0xFE,
    0x92, 0x9C, 0xB0, 0xFF, 0x6F, 0x78, 0x8A, 0x39, 0x00, 0x00, 0x00, 0x00, 0x00, 0x00, 0x00, 0x00, 0x00, 0x00, 0x00, 0x00, 0x00, 0x00, 0x00, 0x00,
    0x00, 0x00, 0x00, 0x00, 0x00, 0x00, 0x00, 0x00, 0x00, 0x00, 0x00, 0x00, 0x00, 0x00, 0x00, 0x00, 0x00, 0x00, 0x00, 0x00, 0x00, 0x00, 0x00, 0x00,
    0x00, 0x00, 0x00, 0x00, 0x00, 0x00, 0x00, 0x00, 0x00, 0x00, 0x00, 0x00, 0x00, 0x00, 0x00, 0x00, 0x00, 0x00, 0x00, 0x00, 0x00, 0x00, 0x00, 0x00,
    0x00, 0x00, 0x00, 0x00, 0x00, 0x00, 0x00, 0x00, 0x00, 0x00, 0x00, 0x00, 0x00, 0x00, 0x00, 0x00, 0x00, 0x00, 0x00, 0x00, 0x00, 0x00, 0x00, 0x00,
    0x00, 0x00, 0x00, 0x00, 0x00, 0x00, 0x00, 0x00, 0x00, 0x00, 0x00, 0x00, 0x00, 0x00, 0x00, 0x00, 0x00, 0x00, 0x7F, 0x02, 0x00, 0x00, 0x00, 0x00,
    0x29, 0x29, 0x35, 0x2B, 0x2C, 0x2E, 0x35, 0xF7, 0x14, 0x17, 0x20, 0xFE, 0x10, 0x14, 0x1C, 0xFF, 0x10, 0x12, 0x19, 0xFF, 0x23, 0x22, 0x27, 0xFF,
    0x3C, 0x41, 0x47, 0xFF, 0x56, 0x5E, 0x67, 0xFF, 0x41, 0x45, 0x50, 0xFF, 0x51, 0x54, 0x5E, 0xFF, 0x5D, 0x61, 0x6E, 0xFF, 0x0E, 0x10, 0x11, 0xFF,
    0x1A, 0x1D, 0x24, 0xFF, 0x42, 0x4B, 0x61, 0xFF, 0x4E, 0x59, 0x6F, 0xFF, 0x65, 0x6F, 0x81, 0xFF, 0x76, 0x82, 0x95, 0xFD, 0x86, 0x90, 0xA8, 0xFF,
    0x76, 0x80, 0x95, 0xE8, 0x4B, 0x4B, 0x69, 0x11, 0x00, 0x00, 0x00, 0x00, 0x00, 0x00, 0x00, 0x00, 0x00, 0x00, 0x00, 0x00, 0x00, 0x00, 0x00, 0x00,
    0x00, 0x00, 0x00, 0x00, 0x00, 0x00, 0x00, 0x00, 0x00, 0x00, 0x00, 0x00, 0x00, 0x00, 0x00, 0x00, 0x00, 0x00, 0x00, 0x00, 0x00, 0x00, 0x00, 0x00,
    0x00, 0x00, 0x00, 0x00, 0x00, 0x00, 0x00, 0x00, 0x00, 0x00, 0x00, 0x00, 0x00, 0x00, 0x00, 0x00, 0x00, 0x00, 0x00, 0x00, 0x00, 0x00, 0x00, 0x00,
    0x00, 0x00, 0x00, 0x00, 0x00, 0x00, 0x00, 0x00, 0x00, 0x00, 0x00, 0x00, 0x00, 0x00, 0x00, 0x00, 0x00, 0x00, 0x00, 0x00, 0x00, 0x00, 0x00, 0x00,
    0x00, 0x00, 0x00, 0x00, 0x00, 0x00, 0x00, 0x00, 0x00, 0x00, 0x00, 0x00, 0x00, 0x00, 0x00, 0x00, 0x7F, 0x7F, 0x7F, 0x02, 0x00, 0x00, 0x00, 0x00,
    0x39, 0x3E, 0x41, 0xA8, 0x29, 0x2D, 0x37, 0xFF, 0x0C, 0x0E, 0x12, 0xFC, 0x15, 0x17, 0x1A, 0xFF, 0x39, 0x3E, 0x43, 0xFF, 0x55, 0x59, 0x62, 0xFF,
    0x56, 0x55, 0x63, 0xFF, 0x2F, 0x33, 0x37, 0xFF, 0x15, 0x17, 0x17, 0xFF, 0x0C, 0x0E, 0x0E, 0xFF, 0x18, 0x19, 0x1C, 0xFF, 0x2B, 0x2B, 0x25, 0xFF,
    0x3B, 0x3C, 0x3C, 0xFF, 0x3D, 0x44, 0x51, 0xFF, 0x40, 0x48, 0x58, 0xFF, 0x52, 0x5D, 0x71, 0xFF, 0x71, 0x7D, 0x91, 0xFC, 0x8A, 0x95, 0xAA, 0xFF,
    0x84, 0x8D, 0xA0, 0xA8, 0x00, 0x00, 0x00, 0x00, 0x7F, 0xFF, 0xFF, 0x02, 0x00, 0x00, 0x00, 0x00, 0x00, 0x00, 0x00, 0x00, 0x00, 0x00, 0x00, 0x00,
    0x00, 0x00, 0x00, 0x00, 0x00, 0x00, 0x00, 0x00, 0x00, 0x00, 0x00, 0x00, 0x00, 0x00, 0x00, 0x00, 0x00, 0x00, 0x00, 0x00, 0x00, 0x00, 0x00, 0x00,
    0x00, 0x00, 0x00, 0x00, 0x00, 0x00, 0x00, 0x00, 0x00, 0x00, 0x00, 0x00, 0x00, 0x00, 0x00, 0x00, 0x00, 0x00, 0x00, 0x00, 0x00, 0x00, 0x00, 0x00,
    0x00, 0x00, 0x00, 0x00, 0x00, 0x00, 0x00, 0x00, 0x00, 0x00, 0x00, 0x00, 0x00, 0x00, 0x00, 0x00, 0x00, 0x00, 0x00, 0x00, 0x00, 0x00, 0x00, 0x00,
    0x00, 0x00, 0x00, 0x00, 0x00, 0x00, 0x00, 0x00, 0x00, 0x00, 0x00, 0x00, 0x00, 0x00, 0x00, 0x02, 0x00, 0x00, 0x00, 0x00, 0x0E, 0x0E, 0x0E, 0x36,
    0x23, 0x26, 0x2A, 0xFA, 0x0D, 0x0E, 0x12, 0xFE, 0x2E, 0x2B, 0x2D, 0xFE, 0x4A, 0x4B, 0x54, 0xFF, 0x41, 0x46, 0x53, 0xFF, 0x3E, 0x44, 0x4C, 0xFF,
    0x45, 0x45, 0x4F, 0xFF, 0x2C, 0x2E, 0x34, 0xFF, 0x1D, 0x1E, 0x20, 0xFF, 0x19, 0x1A, 0x16, 0xFF, 0x21, 0x21, 0x20, 0xFF, 0x3F, 0x3F, 0x39, 0xFF,
    0x3A, 0x3A, 0x3A, 0xFF, 0x32, 0x36, 0x40, 0xFF, 0x27, 0x2D, 0x3C, 0xFF, 0x45, 0x50, 0x66, 0xFF, 0x58, 0x63, 0x7E, 0xFD, 0x5F, 0x6A, 0x7F, 0xFF,
    0x55, 0x5D, 0x6B, 0xCA, 0x7A, 0x84, 0x8E, 0x19, 0x7F, 0x7F, 0x7F, 0x02, 0x00, 0x00, 0x00, 0x00, 0x00, 0x00, 0x00, 0x00, 0x00, 0x00, 0x00, 0x00,
    0x00, 0x00, 0x00, 0x00, 0x00, 0x00, 0x00, 0x00, 0x00, 0x00, 0x00, 0x00, 0x00, 0x00, 0x00, 0x00, 0x00, 0x00, 0x00, 0x00, 0x00, 0x00, 0x00, 0x00,
    0x00, 0x00, 0x00, 0x00, 0x00, 0x00, 0x00, 0x00, 0x00, 0x00, 0x00, 0x00, 0x00, 0x00, 0x00, 0x00, 0x00, 0x00, 0x00, 0x00, 0x00, 0x00, 0x00, 0x00,
    0x00, 0x00, 0x00, 0x00, 0x00, 0x00, 0x00, 0x00, 0x00, 0x00, 0x00, 0x00, 0x00, 0x00, 0x00, 0x00, 0x00, 0x00, 0x00, 0x00, 0x00, 0x00, 0x00, 0x00,
    0x00, 0x00, 0x00, 0x00, 0x00, 0x00, 0x00, 0x00, 0x00, 0x00, 0x00, 0x00, 0x00, 0x00, 0x00, 0x03, 0x00, 0x00, 0x00, 0x02, 0x00, 0x00, 0x00, 0x3F,
    0x23, 0x21, 0x25, 0xFA, 0x42, 0x41, 0x42, 0xFF, 0x3F, 0x41, 0x46, 0xFE, 0x32, 0x37, 0x45, 0xFF, 0x2B, 0x2F, 0x3C, 0xFF, 0x10, 0x14, 0x16, 0xFF,
    0x0C, 0x0E, 0x0E, 0xFF, 0x1A, 0x1C, 0x1F, 0xFE, 0x3E, 0x3F, 0x44, 0xFE, 0x2C, 0x2C, 0x2D, 0xFC, 0x19, 0x18, 0x1C, 0xF3, 0x06, 0x06, 0x0B, 0xFF,
    0x16, 0x18, 0x25, 0xFF, 0x36, 0x3C, 0x54, 0xFF, 0x4E, 0x58, 0x73, 0xFF, 0x41, 0x4A, 0x5E, 0xFF, 0x20, 0x28, 0x37, 0xFF, 0x4A, 0x4F, 0x5E, 0xFF,
    0x79, 0x7F, 0x8C, 0xFE, 0x85, 0x8C, 0x99, 0x28, 0x00, 0x00, 0x00, 0x00, 0x00, 0x00, 0x00, 0x00, 0x00, 0x00, 0x00, 0x00, 0x00, 0x00, 0x00, 0x00,
    0x00, 0x00, 0x00, 0x00, 0x00, 0x00, 0x00, 0x00, 0x00, 0x00, 0x00, 0x00, 0x00, 0x00, 0x00, 0x00, 0x00, 0x00, 0x00, 0x00, 0x00, 0x00, 0x00, 0x00,
    0x00, 0x00, 0x00, 0x00, 0x00, 0x00, 0x00, 0x00, 0x00, 0x00, 0x00, 0x00, 0x00, 0x00, 0x00, 0x00, 0x00, 0x00, 0x00, 0x00, 0x00, 0x00, 0x00, 0x00,
    0x00, 0x00, 0x00, 0x00, 0x00, 0x00, 0x00, 0x00, 0x00, 0x00, 0x00, 0x00, 0x00, 0x00, 0x00, 0x00, 0x00, 0x00, 0x00, 0x00, 0x00, 0x00, 0x00, 0x00,
    0x00, 0x00, 0x00, 0x00, 0x00, 0x00, 0x00, 0x00, 0x00, 0x00, 0x00, 0x00, 0x3F, 0x3F, 0x3F, 0x04, 0x00, 0x00, 0x00, 0x00, 0x28, 0x28, 0x28, 0x58,
    0x44, 0x42, 0x42, 0xFF, 0x28, 0x28, 0x2E, 0xFD, 0x1F, 0x24, 0x2D, 0xFF, 0x25, 0x2C, 0x3C, 0xFF, 0x18, 0x1B, 0x28, 0xFF, 0x06, 0x05, 0x09, 0xFF,
    0x08, 0x08, 0x05, 0xFF, 0x00, 0x00, 0x00, 0xFD, 0x21, 0x22, 0x27, 0xFF, 0x1A, 0x1A, 0x1D, 0x89, 0x11, 0x11, 0x14, 0xD2, 0x1D, 0x1D, 0x22, 0xFF,
    0x1B, 0x1F, 0x29, 0xFE, 0x24, 0x2C, 0x3D, 0xFF, 0x29, 0x34, 0x42, 0xFF, 0x1E, 0x24, 0x2B, 0xFF, 0x55, 0x59, 0x64, 0xFD, 0x69, 0x6D, 0x7B, 0xFF,
    0x79, 0x7E, 0x8D, 0xD6, 0x66, 0x99, 0x66, 0x05, 0x00, 0x00, 0x00, 0x00, 0x00, 0x00, 0x00, 0x00, 0x00, 0x00, 0x00, 0x00, 0x00, 0x00, 0x00, 0x00,
    0x00, 0x00, 0x00, 0x00, 0x00, 0x00, 0x00, 0x00, 0x00, 0x00, 0x00, 0x00, 0x00, 0x00, 0x00, 0x00, 0x00, 0x00, 0x00, 0x00, 0x00, 0x00, 0x00, 0x00,
    0x00, 0x00, 0x00, 0x00, 0x00, 0x00, 0x00, 0x00, 0x00, 0x00, 0x00, 0x00, 0x00, 0x00, 0x00, 0x00, 0x00, 0x00, 0x00, 0x00, 0x00, 0x00, 0x00, 0x00,
    0x00, 0x00, 0x00, 0x00, 0x00, 0x00, 0x00, 0x00, 0x00, 0x00, 0x00, 0x00, 0x00, 0x00, 0x00, 0x00, 0x00, 0x00, 0x00, 0x00, 0x00, 0x00, 0x00, 0x00,
    0x00, 0x00, 0x00, 0x00, 0x00, 0x00, 0x00, 0x00, 0x00, 0x00, 0x00, 0x02, 0x00, 0x00, 0x00, 0x00, 0x16, 0x12, 0x0D, 0x38, 0x25, 0x23, 0x22, 0xF3,
    0x33, 0x31, 0x31, 0xFE, 0x31, 0x2E, 0x31, 0xFE, 0x18, 0x19, 0x1F, 0xFF, 0x18, 0x1F, 0x2C, 0xFF, 0x18, 0x1D, 0x2B, 0xFF, 0x0E, 0x0F, 0x1A, 0xFF,
    0x03, 0x01, 0x04, 0xFD, 0x0B, 0x0D, 0x0D, 0xFF, 0x1D, 0x20, 0x22, 0xB3, 0x00, 0x00, 0x00, 0x01, 0x13, 0x13, 0x13, 0xC7, 0x1C, 0x1B, 0x1C, 0xFF,
    0x10, 0x11, 0x12, 0xFD, 0x15, 0x19, 0x1C, 0xFF, 0x1D, 0x21, 0x23, 0xFF, 0x21, 0x24, 0x27, 0xFF, 0x43, 0x45, 0x4A, 0xFB, 0x6D, 0x72, 0x83, 0xFF,
    0x71, 0x75, 0x89, 0xAB, 0x00, 0x00, 0x00, 0x00, 0x55, 0x55, 0x55, 0x03, 0x00, 0x00, 0x00, 0x00, 0x00, 0x00, 0x00, 0x00, 0x00, 0x00, 0x00, 0x00,
    0x00, 0x00, 0x00, 0x00, 0x00, 0x00, 0x00, 0x00, 0x00, 0x00, 0x00, 0x00, 0x00, 0x00, 0x00, 0x00, 0x00, 0x00, 0x00, 0x00, 0x00, 0x00, 0x00, 0x00,
    0x00, 0x00, 0x00, 0x00, 0x00, 0x00, 0x00, 0x00, 0x00, 0x00, 0x00, 0x00, 0x00, 0x00, 0x00, 0x00, 0x00, 0x00, 0x00, 0x00, 0x00, 0x00, 0x00, 0x00,
    0x00, 0x00, 0x00, 0x00, 0x00, 0x00, 0x00, 0x00, 0x00, 0x00, 0x00, 0x00, 0x00, 0x00, 0x00, 0x00, 0x00, 0x00, 0x00, 0x00, 0x00, 0x00, 0x00, 0x00,
    0x00, 0x00, 0x00, 0x00, 0x00, 0x00, 0x00, 0x03, 0x00, 0x00, 0x00, 0x01, 0x13, 0x13, 0x18, 0x35, 0x24, 0x29, 0x2E, 0xEE, 0x4F, 0x57, 0x5F, 0xFF,
    0x5B, 0x5E, 0x63, 0xFE, 0x5C, 0x5A, 0x5B, 0xFF, 0x3F, 0x3A, 0x3B, 0xFF, 0x0B, 0x09, 0x0A, 0xFF, 0x08, 0x0A, 0x0E, 0xFF, 0x14, 0x15, 0x1C, 0xFD,
    0x0C, 0x0E, 0x15, 0xFE, 0x1D, 0x21, 0x28, 0xDB, 0x48, 0x48, 0x55, 0x15, 0x55, 0x55, 0x00, 0x03, 0x24, 0x23, 0x22, 0xD2, 0x35, 0x31, 0x31, 0xFF,
    0x12, 0x0C, 0x0C, 0xFD, 0x06, 0x06, 0x04, 0xFF, 0x0E, 0x10, 0x0F, 0xFF, 0x10, 0x12, 0x11, 0xFF, 0x12, 0x16, 0x17, 0xFD, 0x45, 0x48, 0x5D, 0xFD,
    0x5A, 0x5E, 0x76, 0x49, 0x00, 0x00, 0x00, 0x00, 0x55, 0x55, 0x55, 0x03, 0x00, 0x00, 0x00, 0x00, 0x00, 0x00, 0x00, 0x00, 0x00, 0x00, 0x00, 0x00,
    0x00, 0x00, 0x00, 0x00, 0x00, 0x00, 0x00, 0x00, 0x00, 0x00, 0x00, 0x00, 0x00, 0x00, 0x00, 0x00, 0x00, 0x00, 0x00, 0x00, 0x00, 0x00, 0x00, 0x00,
    0x00, 0x00, 0x00, 0x00, 0x00, 0x00, 0x00, 0x00, 0x00, 0x00, 0x00, 0x00, 0x00, 0x00, 0x00, 0x00, 0x00, 0x00, 0x00, 0x00, 0x00, 0x00, 0x00, 0x00,
    0x00, 0x00, 0x00, 0x00, 0x00, 0x00, 0x00, 0x00, 0x00, 0x00, 0x00, 0x00, 0x00, 0x00, 0x00, 0x00, 0x00, 0x00, 0x00, 0x00, 0x00, 0x00, 0x00, 0x00,
    0x00, 0x00, 0x00, 0x00, 0x7F, 0x7F, 0x7F, 0x02, 0x00, 0x00, 0x00, 0x00, 0x41, 0x47, 0x50, 0xB2, 0x6F, 0x78, 0x85, 0xFF, 0x7E, 0x8A, 0x9C, 0xFB,
    0x81, 0x89, 0x9D, 0xFF, 0x7C, 0x82, 0x94, 0xFF, 0x6D, 0x71, 0x7F, 0xFF, 0x3D, 0x3A, 0x3C, 0xFF, 0x07, 0x03, 0x00, 0xFF, 0x00, 0x00, 0x00, 0xFC,
    0x0F, 0x0F, 0x18, 0xFF, 0x28, 0x2C, 0x36, 0x6C, 0x00, 0x00, 0x00, 0x00, 0x04, 0x04, 0x09, 0x38, 0x22, 0x20, 0x21, 0xFA, 0x2E, 0x27, 0x26, 0xFE,
    0x23, 0x1B, 0x1D, 0xFF, 0x09, 0x07, 0x09, 0xFF, 0x00, 0x00, 0x01, 0xFF, 0x03, 0x04, 0x05, 0xFD, 0x13, 0x13, 0x19, 0xFF, 0x3B, 0x3F, 0x50, 0xC5,
    0x00, 0x00, 0x00, 0x00, 0x00, 0x00, 0x00, 0x01, 0x00, 0x00, 0x00, 0x00, 0x00, 0x00, 0x00, 0x00, 0x00, 0x00, 0x00, 0x00, 0x00, 0x00, 0x00, 0x00,
    0x00, 0x00, 0x00, 0x00, 0x00, 0x00, 0x00, 0x00, 0x00, 0x00, 0x00, 0x00, 0x00, 0x00, 0x00, 0x00, 0x00, 0x00, 0x00, 0x00, 0x00, 0x00, 0x00, 0x00,
    0x00, 0x00, 0x00, 0x00, 0x00, 0x00, 0x00, 0x00, 0x00, 0x00, 0x00, 0x00, 0x00, 0x00, 0x00, 0x00, 0x00, 0x00, 0x00, 0x00, 0x00, 0x00, 0x00, 0x00,
    0x00, 0x00, 0x00, 0x00, 0x00, 0x00, 0x00, 0x00, 0x00, 0x00, 0x00, 0x00, 0x00, 0x00, 0x00, 0x00, 0x00, 0x00, 0x00, 0x00, 0x00, 0x00, 0x00, 0x00,
    0x7F, 0x7F, 0x7F, 0x02, 0x00, 0x00, 0x00, 0x00, 0x33, 0x39, 0x3F, 0x28, 0x68, 0x6F, 0x77, 0xF8, 0x8A, 0x90, 0xA0, 0xFD, 0x74, 0x79, 0x8D, 0xFE,
    0x63, 0x69, 0x86, 0xFF, 0x5E, 0x65, 0x82, 0xFF, 0x50, 0x59, 0x70, 0xFF, 0x3F, 0x42, 0x50, 0xFF, 0x3B, 0x38, 0x3F, 0xFE, 0x1F, 0x21, 0x29, 0xFF,
    0x4C, 0x53, 0x60, 0xEF, 0x67, 0x67, 0x71, 0x1B, 0x00, 0x00, 0x00, 0x01, 0x61, 0x6B, 0x77, 0xAF, 0x3A, 0x3F, 0x48, 0xFF, 0x28, 0x25, 0x27, 0xFC,
    0x3A, 0x3D, 0x41, 0xFF, 0x51, 0x57, 0x64, 0xFF, 0x44, 0x46, 0x4E, 0xFF, 0x0B, 0x0B, 0x0F, 0xFB, 0x0C, 0x0D, 0x17, 0xFF, 0x4D, 0x51, 0x5E, 0x9D,
    0x00, 0x00, 0x00, 0x00, 0x00, 0x00, 0x00, 0x03, 0x00, 0x00, 0x00, 0x00, 0x00, 0x00, 0x00, 0x00, 0x00, 0x00, 0x00, 0x00, 0x00, 0x00, 0x00, 0x00,
    0x00, 0x00, 0x00, 0x00, 0x00, 0x00, 0x00, 0x00, 0x00, 0x00, 0x00, 0x00, 0x00, 0x00, 0x00, 0x00, 0x00, 0x00, 0x00, 0x00, 0x00, 0x00, 0x00, 0x00,
    0x00, 0x00, 0x00, 0x00, 0x00, 0x00, 0x00, 0x00, 0x00, 0x00, 0x00, 0x00, 0x00, 0x00, 0x00, 0x00, 0x00, 0x00, 0x00, 0x00, 0x00, 0x00, 0x00, 0x00,
    0x00, 0x00, 0x00, 0x00, 0x00, 0x00, 0x00, 0x00, 0x00, 0x00, 0x00, 0x00, 0x00, 0x00, 0x00, 0x00, 0x00, 0x00, 0x00, 0x00, 0x00, 0x00, 0x00, 0x00,
    0x55, 0x55, 0x55, 0x03, 0x00, 0x00, 0x00, 0x00, 0x37, 0x3D, 0x44, 0x92, 0x67, 0x6E, 0x78, 0xFF, 0x5E, 0x66, 0x74, 0xFC, 0x4F, 0x55, 0x69, 0xFF,
    0x48, 0x4F, 0x67, 0xFF, 0x41, 0x49, 0x5D, 0xFF, 0x35, 0x3F, 0x4E, 0xFF, 0x0F, 0x15, 0x1D, 0xFF, 0x17, 0x18, 0x1F, 0xFC, 0x4A, 0x53, 0x65, 0xFE,
    0x6D, 0x7B, 0x8C, 0xA3, 0x00, 0x00, 0x00, 0x00, 0x2A, 0x2F, 0x33, 0x36, 0x47, 0x50, 0x5B, 0xFE, 0x27, 0x2C, 0x34, 0xFE, 0x23, 0x23, 0x27, 0xFE,
    0x25, 0x26, 0x2F, 0xFF, 0x41, 0x47, 0x52, 0xFF, 0x55, 0x5C, 0x6A, 0xFF, 0x47, 0x4C, 0x57, 0xFD, 0x1E, 0x23, 0x29, 0xFE, 0x31, 0x34, 0x3D, 0x53,
    0x00, 0x00, 0x00, 0x00, 0x00, 0x00, 0x00, 0x03, 0x00, 0x00, 0x00, 0x00, 0x00, 0x00, 0x00, 0x00, 0x00, 0x00, 0x00, 0x00, 0x00, 0x00, 0x00, 0x00,
    0x00, 0x00, 0x00, 0x00, 0x00, 0x00, 0x00, 0x00, 0x00, 0x00, 0x00, 0x00, 0x00, 0x00, 0x00, 0x00, 0x00, 0x00, 0x00, 0x00, 0x00, 0x00, 0x00, 0x00,
    0x00, 0x00, 0x00, 0x00, 0x00, 0x00, 0x00, 0x00, 0x00, 0x00, 0x00, 0x00, 0x00, 0x00, 0x00, 0x00, 0x00, 0x00, 0x00, 0x00, 0x00, 0x00, 0x00, 0x00,
    0x00, 0x00, 0x00, 0x00, 0x00, 0x00, 0x00, 0x00, 0x00, 0x00, 0x00, 0x00, 0x00, 0x00, 0x00, 0x00, 0x00, 0x00, 0x00, 0x00, 0x00, 0x00, 0x00, 0x01,
    0x00, 0x00, 0x00, 0x00, 0x00, 0x00, 0x00, 0x02, 0x30, 0x30, 0x3A, 0xCC, 0x58, 0x5F, 0x70, 0xFF, 0x46, 0x4E, 0x60, 0xFD, 0x3B, 0x42, 0x56, 0xFF,
    0x3C, 0x43, 0x53, 0xFF, 0x47, 0x4E, 0x5B, 0xFF, 0x3E, 0x45, 0x52, 0xFF, 0x21, 0x28, 0x30, 0xFF, 0x1F, 0x24, 0x2C, 0xFD, 0x5C, 0x66, 0x77, 0xFF,
    0x77, 0x7D, 0x8A, 0x51, 0x00, 0x00, 0x00, 0x01, 0x1B, 0x18, 0x20, 0x67, 0x18, 0x19, 0x20, 0xFF, 0x06, 0x06, 0x09, 0xFD, 0x0F, 0x0D, 0x0E, 0xFF,
    0x24, 0x24, 0x2C, 0xFF, 0x41, 0x45, 0x50, 0xFF, 0x3E, 0x43, 0x4F, 0xFD, 0x41, 0x47, 0x54, 0xFF, 0x5F, 0x65, 0x77, 0xD4, 0xFF, 0xFF, 0xFF, 0x01,
    0x00, 0x00, 0x00, 0x01, 0x00, 0x00, 0x00, 0x00, 0x00, 0x00, 0x00, 0x00, 0x00, 0x00, 0x00, 0x00, 0x00, 0x00, 0x00, 0x00, 0x00, 0x00, 0x00, 0x00,
    0x00, 0x00, 0x00, 0x00, 0x00, 0x00, 0x00, 0x00, 0x00, 0x00, 0x00, 0x00, 0x00, 0x00, 0x00, 0x00, 0x00, 0x00, 0x00, 0x00, 0x00, 0x00, 0x00, 0x00,
    0x00, 0x00, 0x00, 0x00, 0x00, 0x00, 0x00, 0x00, 0x00, 0x00, 0x00, 0x00, 0x00, 0x00, 0x00, 0x00, 0x00, 0x00, 0x00, 0x00, 0x00, 0x00, 0x00, 0x00,
    0x00, 0x00, 0x00, 0x00, 0x00, 0x00, 0x00, 0x00, 0x00, 0x00, 0x00, 0x00, 0x00, 0x00, 0x00, 0x00, 0x00, 0x00, 0x00, 0x00, 0x00, 0x00, 0x00, 0x01,
    0x00, 0x00, 0x00, 0x00, 0x00, 0x00, 0x00, 0x0C, 0x46, 0x48, 0x46, 0xDF, 0x4C, 0x53, 0x61, 0xFF, 0x35, 0x3E, 0x52, 0xFD, 0x2C, 0x34, 0x47, 0xFF,
    0x39, 0x40, 0x4F, 0xFF, 0x46, 0x4D, 0x5A, 0xFF, 0x39, 0x3F, 0x4D, 0xFF, 0x1C, 0x21, 0x2A, 0xFE, 0x45, 0x4B, 0x59, 0xFE, 0x6D, 0x76, 0x87, 0xF4,
    0x6D, 0x74, 0x83, 0x23, 0x00, 0x00, 0x00, 0x00, 0x08, 0x05, 0x05, 0x5C, 0x33, 0x34, 0x31, 0xFE, 0x43, 0x44, 0x3C, 0xFE, 0x32, 0x33, 0x30, 0xFF,
    0x2B, 0x2B, 0x34, 0xFF, 0x3C, 0x3F, 0x4B, 0xFF, 0x3B, 0x44, 0x4F, 0xFB, 0x47, 0x4F, 0x5B, 0xFF, 0x70, 0x77, 0x85, 0x8D, 0x00, 0x00, 0x00, 0x00,
    0x55, 0x55, 0x55, 0x03, 0x00, 0x00, 0x00, 0x00, 0x00, 0x00, 0x00, 0x00, 0x00, 0x00, 0x00, 0x00, 0x00, 0x00, 0x00, 0x00, 0x00, 0x00, 0x00, 0x00,
    0x00, 0x00, 0x00, 0x00, 0x00, 0x00, 0x00, 0x00, 0x00, 0x00, 0x00, 0x00, 0x00, 0x00, 0x00, 0x00, 0x00, 0x00, 0x00, 0x00, 0x00, 0x00, 0x00, 0x00,
    0x00, 0x00, 0x00, 0x00, 0x00, 0x00, 0x00, 0x00, 0x00, 0x00, 0x00, 0x00, 0x00, 0x00, 0x00, 0x00, 0x00, 0x00, 0x00, 0x00, 0x00, 0x00, 0x00, 0x00,
    0x00, 0x00, 0x00, 0x00, 0x00, 0x00, 0x00, 0x00, 0x00, 0x00, 0x00, 0x00, 0x00, 0x00, 0x00, 0x00, 0x00, 0x00, 0x00, 0x00, 0x00, 0x00, 0x00, 0x02,
    0x00, 0x00, 0x00, 0x00, 0x00, 0x00, 0x00, 0x28, 0x36, 0x38, 0x37, 0xEA, 0x43, 0x49, 0x58, 0xFF, 0x26, 0x2E, 0x41, 0xFE, 0x26, 0x2F, 0x40, 0xFF,
    0x33, 0x3A, 0x49, 0xFF, 0x35, 0x3C, 0x49, 0xFF, 0x24, 0x2A, 0x37, 0xFF, 0x18, 0x1C, 0x25, 0xFC, 0x51, 0x58, 0x6B, 0xFF, 0x55, 0x5F, 0x70, 0x78,
    0x00, 0x00, 0x00, 0x00, 0x00, 0x00, 0x00, 0x00, 0x00, 0x00, 0x00, 0x37, 0x16, 0x17, 0x14, 0xEF, 0x1B, 0x1C, 0x16, 0xFF, 0x0B, 0x0B, 0x09, 0xFE,
    0x14, 0x14, 0x1B, 0xFF, 0x2E, 0x31, 0x3C, 0xFF, 0x30, 0x37, 0x42, 0xFD, 0x46, 0x4E, 0x5B, 0xFF, 0x6B, 0x72, 0x78, 0x4C, 0x00, 0x00, 0x00, 0x00,
    0x55, 0x55, 0x55, 0x03, 0x00, 0x00, 0x00, 0x00, 0x00, 0x00, 0x00, 0x00, 0x00, 0x00, 0x00, 0x00, 0x00, 0x00, 0x00, 0x00, 0x00, 0x00, 0x00, 0x00,
    0x00, 0x00, 0x00, 0x00, 0x00, 0x00, 0x00, 0x00, 0x00, 0x00, 0x00, 0x00, 0x00, 0x00, 0x00, 0x00, 0x00, 0x00, 0x00, 0x00, 0x00, 0x00, 0x00, 0x00,
    0x00, 0x00, 0x00, 0x00, 0x00, 0x00, 0x00, 0x00, 0x00, 0x00, 0x00, 0x00, 0x00, 0x00, 0x00, 0x00, 0x00, 0x00, 0x00, 0x00, 0x00, 0x00, 0x00, 0x00,
    0x00, 0x00, 0x00, 0x00, 0x00, 0x00, 0x00, 0x00, 0x00, 0x00, 0x00, 0x00, 0x00, 0x00, 0x00, 0x00, 0x00, 0x00, 0x00, 0x00, 0x00, 0x00, 0x00, 0x01,
    0x00, 0x00, 0x00, 0x00, 0x00, 0x00, 0x00, 0x12, 0x26, 0x27, 0x31, 0xD4, 0x37, 0x3C, 0x4E, 0xFF, 0x22, 0x28, 0x3A, 0xFD, 0x1D, 0x23, 0x32, 0xFF,
    0x27, 0x2C, 0x3A, 0xFF, 0x29, 0x2E, 0x3B, 0xFF, 0x15, 0x19, 0x23, 0xFD, 0x30, 0x32, 0x3E, 0xFE, 0x4F, 0x56, 0x6B, 0xD1, 0x3F, 0x3F, 0x7F, 0x04,
    0x00, 0x00, 0x7F, 0x02, 0x00, 0x00, 0x00, 0x00, 0x00, 0x00, 0x00, 0x0E, 0x01, 0x01, 0x03, 0xCA, 0x00, 0x00, 0x01, 0xFF, 0x09, 0x08, 0x09, 0xFD,
    0x15, 0x13, 0x19, 0xFF, 0x1F, 0x22, 0x2B, 0xFE, 0x25, 0x2A, 0x36, 0xFF, 0x3F, 0x43, 0x51, 0xED, 0x41, 0x41, 0x57, 0x23, 0x00, 0x00, 0x00, 0x00,
    0x00, 0x00, 0x00, 0x01, 0x00, 0x00, 0x00, 0x00, 0x00, 0x00, 0x00, 0x00, 0x00, 0x00, 0x00, 0x00, 0x00, 0x00, 0x00, 0x00, 0x00, 0x00, 0x00, 0x00,
    0x00, 0x00, 0x00, 0x00, 0x00, 0x00, 0x00, 0x00, 0x00, 0x00, 0x00, 0x00, 0x00, 0x00, 0x00, 0x00, 0x00, 0x00, 0x00, 0x00, 0x00, 0x00, 0x00, 0x00,
    0x00, 0x00, 0x00, 0x00, 0x00, 0x00, 0x00, 0x00, 0x00, 0x00, 0x00, 0x00, 0x00, 0x00, 0x00, 0x00, 0x00, 0x00, 0x00, 0x00, 0x00, 0x00, 0x00, 0x00,
    0x00, 0x00, 0x00, 0x00, 0x00, 0x00, 0x00, 0x00, 0x00, 0x00, 0x00, 0x00, 0x00, 0x00, 0x00, 0x00, 0x00, 0x00, 0x00, 0x00, 0x00, 0x00, 0x00, 0x01,
    0x00, 0x00, 0x00, 0x00, 0x00, 0x00, 0x00, 0x03, 0x17, 0x19, 0x22, 0xCE, 0x24, 0x29, 0x3B, 0xFF, 0x1F, 0x24, 0x36, 0xFD, 0x18, 0x1F, 0x2C, 0xFF,
    0x1C, 0x21, 0x2C, 0xFF, 0x1C, 0x21, 0x2A, 0xFF, 0x10, 0x16, 0x1B, 0xFC, 0x3B, 0x41, 0x4F, 0xFF, 0x5E, 0x66, 0x77, 0x64, 0x00, 0x00, 0x00, 0x00,
    0x3F, 0x3F, 0x3F, 0x04, 0x00, 0x00, 0x00, 0x02, 0x00, 0x00, 0x00, 0x00, 0x05, 0x05, 0x05, 0x97, 0x06, 0x06, 0x06, 0xFF, 0x0C, 0x0B, 0x0C, 0xFD,
    0x10, 0x0F, 0x15, 0xFF, 0x1E, 0x20, 0x29, 0xFD, 0x22, 0x27, 0x30, 0xFF, 0x37, 0x3C, 0x46, 0xCD, 0x1C, 0x1C, 0x1C, 0x09, 0x00, 0x00, 0x00, 0x00,
    0x00, 0x00, 0x00, 0x01, 0x00, 0x00, 0x00, 0x00, 0x00, 0x00, 0x00, 0x00, 0x00, 0x00, 0x00, 0x00, 0x00, 0x00, 0x00, 0x00, 0x00, 0x00, 0x00, 0x00,
    0x00, 0x00, 0x00, 0x00, 0x00, 0x00, 0x00, 0x00, 0x00, 0x00, 0x00, 0x00, 0x00, 0x00, 0x00, 0x00, 0x00, 0x00, 0x00, 0x00, 0x00, 0x00, 0x00, 0x00,
    0x00, 0x00, 0x00, 0x00, 0x00, 0x00, 0x00, 0x00, 0x00, 0x00, 0x00, 0x00, 0x00, 0x00, 0x00, 0x00, 0x00, 0x00, 0x00, 0x00, 0x00, 0x00, 0x00, 0x00,
    0x00, 0x00, 0x00, 0x00, 0x00, 0x00, 0x00, 0x00, 0x00, 0x00, 0x00, 0x00, 0x00, 0x00, 0x00, 0x00, 0x00, 0x00, 0x00, 0x00, 0x00, 0x00, 0x00, 0x01,
    0x00, 0x00, 0x00, 0x00, 0x00, 0x00, 0x00, 0x08, 0x12, 0x13, 0x17, 0xD1, 0x1C, 0x21, 0x30, 0xFF, 0x19, 0x1E, 0x2E, 0xFD, 0x16, 0x1B, 0x27, 0xFF,
    0x19, 0x1C, 0x26, 0xFF, 0x13, 0x16, 0x1B, 0xFD, 0x0E, 0x14, 0x14, 0xFF, 0x35, 0x3C, 0x47, 0xE5, 0x99, 0x99, 0xAA, 0x0F, 0x00, 0x00, 0x00, 0x01,
    0x00, 0x00, 0x00, 0x01, 0x00, 0x00, 0x00, 0x03, 0x00, 0x00, 0x00, 0x00, 0x05, 0x05, 0x07, 0x61, 0x0E, 0x0E, 0x10, 0xFF, 0x23, 0x22, 0x25, 0xFE,
    0x07, 0x07, 0x0C, 0xFE, 0x0A, 0x0D, 0x13, 0xFB, 0x11, 0x17, 0x1C, 0xFF, 0x2C, 0x31, 0x39, 0x8F, 0x00, 0x00, 0x00, 0x00, 0x00, 0x00, 0x55, 0x03,
    0x00, 0x00, 0x00, 0x00, 0x00, 0x00, 0x00, 0x00, 0x00, 0x00, 0x00, 0x00, 0x00, 0x00, 0x00, 0x00, 0x00, 0x00, 0x00, 0x00, 0x00, 0x00, 0x00, 0x00,
    0x00, 0x00, 0x00, 0x00, 0x00, 0x00, 0x00, 0x00, 0x00, 0x00, 0x00, 0x00, 0x00, 0x00, 0x00, 0x00, 0x00, 0x00, 0x00, 0x00, 0x00, 0x00, 0x00, 0x00,
    0x00, 0x00, 0x00, 0x00, 0x00, 0x00, 0x00, 0x00, 0x00, 0x00, 0x00, 0x00, 0x00, 0x00, 0x00, 0x00, 0x00, 0x00, 0x00, 0x00, 0x00, 0x00, 0x00, 0x00,
    0x00, 0x00, 0x00, 0x00, 0x00, 0x00, 0x00, 0x00, 0x00, 0x00, 0x00, 0x00, 0x00, 0x00, 0x00, 0x00, 0x00, 0x00, 0x00, 0x00, 0x00, 0x00, 0x00, 0x01,
    0x00, 0x00, 0x00, 0x00, 0x00, 0x00, 0x00, 0x08, 0x12, 0x13, 0x1B, 0xD3, 0x1B, 0x1F, 0x2E, 0xFF, 0x11, 0x14, 0x20, 0xFD, 0x13, 0x13, 0x1D, 0xFF,
    0x10, 0x13, 0x19, 0xFF, 0x0C, 0x0E, 0x0F, 0xFB, 0x17, 0x18, 0x1B, 0xFF, 0x33, 0x37, 0x43, 0x8B, 0x00, 0x00, 0x00, 0x00, 0x55, 0x55, 0x55, 0x03,
    0x00, 0x00, 0x00, 0x00, 0x00, 0x00, 0x00, 0x03, 0x00, 0x00, 0x00, 0x00, 0x21, 0x21, 0x21, 0x44, 0x3B, 0x3B, 0x3B, 0xFF, 0x36, 0x34, 0x34, 0xFF,
    0x32, 0x2F, 0x30, 0xFE, 0x06, 0x0A, 0x09, 0xFC, 0x20, 0x25, 0x2A, 0xFF, 0x64, 0x6A, 0x70, 0x4F, 0x00, 0x00, 0x00, 0x00, 0x55, 0x55, 0x55, 0x03,
    0x00, 0x00, 0x00, 0x00, 0x00, 0x00, 0x00, 0x00, 0x00, 0x00, 0x00, 0x00, 0x00, 0x00, 0x00, 0x00, 0x00, 0x00, 0x00, 0x00, 0x00, 0x00, 0x00, 0x00,
    0x00, 0x00, 0x00, 0x00, 0x00, 0x00, 0x00, 0x00, 0x00, 0x00, 0x00, 0x00, 0x00, 0x00, 0x00, 0x00, 0x00, 0x00, 0x00, 0x00, 0x00, 0x00, 0x00, 0x00,
    0x00, 0x00, 0x00, 0x00, 0x00, 0x00, 0x00, 0x00, 0x00, 0x00, 0x00, 0x00, 0x00, 0x00, 0x00, 0x00, 0x00, 0x00, 0x00, 0x00, 0x00, 0x00, 0x00, 0x00,
    0x00, 0x00, 0x00, 0x00, 0x00, 0x00, 0x00, 0x00, 0x00, 0x00, 0x00, 0x00, 0x00, 0x00, 0x00, 0x00, 0x00, 0x00, 0x00, 0x00, 0x00, 0x00, 0x00, 0x01,
    0x00, 0x00, 0x00, 0x00, 0x00, 0x00, 0x00, 0x0C, 0x11, 0x12, 0x1B, 0xD9, 0x19, 0x1E, 0x2B, 0xFF, 0x10, 0x13, 0x1C, 0xFD, 0x0C, 0x0D, 0x13, 0xFF,
    0x04, 0x06, 0x06, 0xFF, 0x04, 0x05, 0x06, 0xFE, 0x1A, 0x1A, 0x1E, 0xFE, 0x35, 0x3A, 0x43, 0x39, 0x00, 0x00, 0x00, 0x01, 0x00, 0x00, 0x55, 0x03,
    0x00, 0x00, 0x00, 0x00, 0x00, 0x00, 0x00, 0x03, 0x00, 0x00, 0x00, 0x00, 0x03, 0x03, 0x03, 0x45, 0x13, 0x14, 0x11, 0xF6, 0x24, 0x23, 0x1D, 0xFF,
    0x26, 0x26, 0x24, 0xFE, 0x28, 0x2E, 0x34, 0xFE, 0x5A, 0x62, 0x70, 0xFE, 0x99, 0xA0, 0xB0, 0x41, 0x00, 0x00, 0x00, 0x00, 0x55, 0x55, 0xAA, 0x03,
    0x00, 0x00, 0x00, 0x00, 0x00, 0x00, 0x00, 0x00, 0x00, 0x00, 0x00, 0x00, 0x00, 0x00, 0x00, 0x00, 0x00, 0x00, 0x00, 0x00, 0x00, 0x00, 0x00, 0x00,
    0x00, 0x00, 0x00, 0x00, 0x00, 0x00, 0x00, 0x00, 0x00, 0x00, 0x00, 0x00, 0x00, 0x00, 0x00, 0x00, 0x00, 0x00, 0x00, 0x00, 0x00, 0x00, 0x00, 0x00,
    0x00, 0x00, 0x00, 0x00, 0x00, 0x00, 0x00, 0x00, 0x00, 0x00, 0x00, 0x00, 0x00, 0x00, 0x00, 0x00, 0x00, 0x00, 0x00, 0x00, 0x00, 0x00, 0x00, 0x00,
    0x00, 0x00, 0x00, 0x00, 0x00, 0x00, 0x00, 0x00, 0x00, 0x00, 0x00, 0x00, 0x00, 0x00, 0x00, 0x00, 0x00, 0x00, 0x00, 0x00, 0x00, 0x00, 0x00, 0x01,
    0x00, 0x00, 0x00, 0x00, 0x1B, 0x24, 0x1B, 0x1C, 0x15, 0x18, 0x1A, 0xF1, 0x12, 0x18, 0x21, 0xFF, 0x0F, 0x13, 0x19, 0xFE, 0x0B, 0x0D, 0x11, 0xFF,
    0x07, 0x0A, 0x09, 0xFE, 0x15, 0x17, 0x1A, 0xFF, 0x2A, 0x2C, 0x32, 0xF4, 0x33, 0x33, 0x3D, 0x19, 0x00, 0x00, 0x00, 0x00, 0x00, 0x00, 0x00, 0x02,
    0x00, 0x00, 0x00, 0x00, 0x00, 0x00, 0x00, 0x02, 0x00, 0x00, 0x00, 0x00, 0x00, 0x00, 0x00, 0x1F, 0x02, 0x01, 0x04, 0xE8, 0x0C, 0x10, 0x13, 0xFF,
    0x21, 0x29, 0x2E, 0xFD, 0x4C, 0x52, 0x5E, 0xFA, 0x6B, 0x72, 0x83, 0xFF, 0x5F, 0x67, 0x75, 0x5B, 0x00, 0x00, 0x00, 0x00, 0x7F, 0x7F, 0x7F, 0x04,
    0x00, 0x00, 0x00, 0x00, 0x00, 0x00, 0x00, 0x00, 0x00, 0x00, 0x00, 0x00, 0x00, 0x00, 0x00, 0x00, 0x00, 0x00, 0x00, 0x00, 0x00, 0x00, 0x00, 0x00,
    0x00, 0x00, 0x00, 0x00, 0x00, 0x00, 0x00, 0x00, 0x00, 0x00, 0x00, 0x00, 0x00, 0x00, 0x00, 0x00, 0x00, 0x00, 0x00, 0x00, 0x00, 0x00, 0x00, 0x00,
    0x00, 0x00, 0x00, 0x00, 0x00, 0x00, 0x00, 0x00, 0x00, 0x00, 0x00, 0x00, 0x00, 0x00, 0x00, 0x00, 0x00, 0x00, 0x00, 0x00, 0x00, 0x00, 0x00, 0x00,
    0x00, 0x00, 0x00, 0x00, 0x00, 0x00, 0x00, 0x00, 0x00, 0x00, 0x00, 0x00, 0x00, 0x00, 0x00, 0x00, 0x00, 0x00, 0x00, 0x00, 0x00, 0x00, 0x00, 0x03,
    0x00, 0x00, 0x00, 0x00, 0x1A, 0x1D, 0x18, 0x68, 0x21, 0x24, 0x23, 0xFF, 0x0B, 0x10, 0x19, 0xFD, 0x16, 0x1A, 0x21, 0xFF, 0x15, 0x19, 0x1F, 0xFF,
    0x16, 0x1B, 0x1F, 0xFC, 0x56, 0x5B, 0x64, 0xFF, 0x4F, 0x52, 0x5A, 0xA4, 0x00, 0x00, 0x00, 0x00, 0xFF, 0x7F, 0xFF, 0x02, 0x00, 0x00, 0x00, 0x00,
    0x00, 0x00, 0x00, 0x00, 0x00, 0x00, 0x00, 0x01, 0x00, 0x00, 0x00, 0x00, 0x00, 0x00, 0x00, 0x1A, 0x02, 0x02, 0x02, 0xDA, 0x0B, 0x0D, 0x10, 0xFA,
    0x20, 0x23, 0x2A, 0xFD, 0x33, 0x34, 0x3F, 0xFF, 0x1F, 0x20, 0x2A, 0xE2, 0x00, 0x00, 0x0A, 0x18, 0x00, 0x00, 0x00, 0x01, 0x00, 0x00, 0x00, 0x01,
    0x00, 0x00, 0x00, 0x00, 0x00, 0x00, 0x00, 0x00, 0x00, 0x00, 0x00, 0x00, 0x00, 0x00, 0x00, 0x00, 0x00, 0x00, 0x00, 0x00, 0x00, 0x00, 0x00, 0x00,
    0x00, 0x00, 0x00, 0x00, 0x00, 0x00, 0x00, 0x00, 0x00, 0x00, 0x00, 0x00, 0x00, 0x00, 0x00, 0x00, 0x00, 0x00, 0x00, 0x00, 0x00, 0x00, 0x00, 0x00,
    0x00, 0x00, 0x00, 0x00, 0x00, 0x00, 0x00, 0x00, 0x00, 0x00, 0x00, 0x00, 0x00, 0x00, 0x00, 0x00, 0x00, 0x00, 0x00, 0x00, 0x00, 0x00, 0x00, 0x00,
    0x00, 0x00, 0x00, 0x00, 0x00, 0x00, 0x00, 0x00, 0x00, 0x00, 0x00, 0x00, 0x00, 0x00, 0x00, 0x00, 0x00, 0x00, 0x00, 0x00, 0x00, 0x00, 0x00, 0x03,
    0x00, 0x00, 0x00, 0x00, 0x04, 0x04, 0x04, 0x69, 0x0D, 0x11, 0x17, 0xFF, 0x15, 0x1A, 0x23, 0xFE, 0x22, 0x23, 0x30, 0xFF, 0x25, 0x26, 0x34, 0xFF,
    0x4F, 0x56, 0x60, 0xFA, 0x6D, 0x74, 0x83, 0xFF, 0x6A, 0x6F, 0x7A, 0x6E, 0x00, 0x00, 0x00, 0x00, 0x7F, 0x7F, 0x7F, 0x04, 0x00, 0x00, 0x00, 0x00,
    0x00, 0x00, 0x00, 0x00, 0x00, 0x00, 0x00, 0x00, 0x00, 0x00, 0x00, 0x00, 0x00, 0x00, 0x00, 0x04, 0x00, 0x00, 0x00, 0x60, 0x03, 0x03, 0x02, 0xC0,
    0x09, 0x09, 0x08, 0xEE, 0x0B, 0x0B, 0x0E, 0xDF, 0x00, 0x00, 0x00, 0x3B, 0x00, 0x00, 0x00, 0x00, 0x00, 0x00, 0x00, 0x02, 0x00, 0x00, 0x00, 0x00,
    0x00, 0x00, 0x00, 0x00, 0x00, 0x00, 0x00, 0x00, 0x00, 0x00, 0x00, 0x00, 0x00, 0x00, 0x00, 0x00, 0x00, 0x00, 0x00, 0x00, 0x00, 0x00, 0x00, 0x00,
    0x00, 0x00, 0x00, 0x00, 0x00, 0x00, 0x00, 0x00, 0x00, 0x00, 0x00, 0x00, 0x00, 0x00, 0x00, 0x00, 0x00, 0x00, 0x00, 0x00, 0x00, 0x00, 0x00, 0x00,
    0x00, 0x00, 0x00, 0x00, 0x00, 0x00, 0x00, 0x00, 0x00, 0x00, 0x00, 0x00, 0x00, 0x00, 0x00, 0x00, 0x00, 0x00, 0x00, 0x00, 0x00, 0x00, 0x00, 0x00,
    0x00, 0x00, 0x00, 0x00, 0x00, 0x00, 0x00, 0x00, 0x00, 0x00, 0x00, 0x00, 0x00, 0x00, 0x00, 0x00, 0x00, 0x00, 0x00, 0x00, 0x00, 0x00, 0x00, 0x03,
    0x00, 0x00, 0x00, 0x00, 0x05, 0x05, 0x0E, 0x57, 0x14, 0x17, 0x23, 0xFF, 0x22, 0x24, 0x2F, 0xFC, 0x21, 0x21, 0x2D, 0xFD, 0x39, 0x3A, 0x43, 0xFE,
    0x43, 0x46, 0x4E, 0xFC, 0x47, 0x4A, 0x55, 0xFF, 0x49, 0x4B, 0x55, 0x6C, 0x00, 0x00, 0x00, 0x00, 0x3F, 0x3F, 0x3F, 0x04, 0x00, 0x00, 0x00, 0x00,
    0x00, 0x00, 0x00, 0x00, 0x00, 0x00, 0x00, 0x00, 0x00, 0x00, 0x00, 0x00, 0x00, 0x00, 0x00, 0x00, 0x00, 0x00, 0x00, 0x00, 0x00, 0x00, 0x00, 0x24,
    0x00, 0x00, 0x00, 0x4A, 0x00, 0x00, 0x00, 0x2A, 0x00, 0x00, 0x00, 0x00, 0x00, 0x00, 0x00, 0x02, 0x00, 0x00, 0x00, 0x00, 0x00, 0x00, 0x00, 0x00,
    0x00, 0x00, 0x00, 0x00, 0x00, 0x00, 0x00, 0x00, 0x00, 0x00, 0x00, 0x00, 0x00, 0x00, 0x00, 0x00, 0x00, 0x00, 0x00, 0x00, 0x00, 0x00, 0x00, 0x00,
    0x00, 0x00, 0x00, 0x00, 0x00, 0x00, 0x00, 0x00, 0x00, 0x00, 0x00, 0x00, 0x00, 0x00, 0x00, 0x00, 0x00, 0x00, 0x00, 0x00, 0x00, 0x00, 0x00, 0x00,
    0x00, 0x00, 0x00, 0x00, 0x00, 0x00, 0x00, 0x00, 0x00, 0x00, 0x00, 0x00, 0x00, 0x00, 0x00, 0x00, 0x00, 0x00, 0x00, 0x00, 0x00, 0x00, 0x00, 0x00,
    0x00, 0x00, 0x00, 0x00, 0x00, 0x00, 0x00, 0x00, 0x00, 0x00, 0x00, 0x00, 0x00, 0x00, 0x00, 0x00, 0x00, 0x00, 0x00, 0x00, 0x00, 0x00, 0x55, 0x03,
    0x00, 0x00, 0x00, 0x00, 0x0D, 0x0F, 0x19, 0x95, 0x1F, 0x22, 0x30, 0xFE, 0x17, 0x18, 0x23, 0xFC, 0x1D, 0x1F, 0x25, 0xFF, 0x26, 0x27, 0x29, 0xFF,
    0x14, 0x13, 0x15, 0xF4, 0x0A, 0x0A, 0x0E, 0xFE, 0x0D, 0x0D, 0x11, 0x84, 0x00, 0x00, 0x00, 0x00, 0x00, 0x00, 0x00, 0x04, 0x00, 0x00, 0x00, 0x00,
    0x00, 0x00, 0x00, 0x00, 0x00, 0x00, 0x00, 0x00, 0x00, 0x00, 0x00, 0x00, 0x00, 0x00, 0x00, 0x00, 0x00, 0x00, 0x00, 0x02, 0x00, 0x00, 0x00, 0x00,
    0x00, 0x00, 0x00, 0x00, 0x00, 0x00, 0x00, 0x00, 0x00, 0x00, 0x00, 0x02, 0x00, 0x00, 0x00, 0x00, 0x00, 0x00, 0x00, 0x00, 0x00, 0x00, 0x00, 0x00,
    0x00, 0x00, 0x00, 0x00, 0x00, 0x00, 0x00, 0x00, 0x00, 0x00, 0x00, 0x00, 0x00, 0x00, 0x00, 0x00, 0x00, 0x00, 0x00, 0x00, 0x00, 0x00, 0x00, 0x00,
    0x00, 0x00, 0x00, 0x00, 0x00, 0x00, 0x00, 0x00, 0x00, 0x00, 0x00, 0x00, 0x00, 0x00, 0x00, 0x00, 0x00, 0x00, 0x00, 0x00, 0x00, 0x00, 0x00, 0x00,
    0x00, 0x00, 0x00, 0x00, 0x00, 0x00, 0x00, 0x00, 0x00, 0x00, 0x00, 0x00, 0x00, 0x00, 0x00, 0x00, 0x00, 0x00, 0x00, 0x00, 0x00, 0x00, 0x00, 0x00,
    0x00, 0x00, 0x00, 0x00, 0x00, 0x00, 0x00, 0x00, 0x00, 0x00, 0x00, 0x00, 0x00, 0x00, 0x00, 0x00, 0x00, 0x00, 0x00, 0x00, 0x00, 0x00, 0x00, 0x01,
    0x00, 0x00, 0x00, 0x05, 0x0E, 0x10, 0x18, 0xCE, 0x18, 0x1A, 0x28, 0xFF, 0x0F, 0x11, 0x18, 0xFC, 0x04, 0x04, 0x05, 0xB6, 0x00, 0x00, 0x00, 0x7A,
    0x00, 0x00, 0x00, 0x5F, 0x00, 0x00, 0x01, 0xBD, 0x06, 0x06, 0x0A, 0x4A, 0x00, 0x00, 0x00, 0x00, 0x00, 0x00, 0x00, 0x02, 0x00, 0x00, 0x00, 0x00,
    0x00, 0x00, 0x00, 0x00, 0x00, 0x00, 0x00, 0x00, 0x00, 0x00, 0x00, 0x00, 0x00, 0x00, 0x00, 0x00, 0x00, 0x00, 0x00, 0x00, 0x00, 0x00, 0x00, 0x02,
    0x00, 0x00, 0x00, 0x03, 0x00, 0x00, 0x00, 0x02, 0x00, 0x00, 0x00, 0x00, 0x00, 0x00, 0x00, 0x00, 0x00, 0x00, 0x00, 0x00, 0x00, 0x00, 0x00, 0x00,
    0x00, 0x00, 0x00, 0x00, 0x00, 0x00, 0x00, 0x00, 0x00, 0x00, 0x00, 0x00, 0x00, 0x00, 0x00, 0x00, 0x00, 0x00, 0x00, 0x00, 0x00, 0x00, 0x00, 0x00,
    0x00, 0x00, 0x00, 0x00, 0x00, 0x00, 0x00, 0x00, 0x00, 0x00, 0x00, 0x00, 0x00, 0x00, 0x00, 0x00, 0x00, 0x00, 0x00, 0x00, 0x00, 0x00, 0x00, 0x00,
    0x00, 0x00, 0x00, 0x00, 0x00, 0x00, 0x00, 0x00, 0x00, 0x00, 0x00, 0x00, 0x00, 0x00, 0x00, 0x00, 0x00, 0x00, 0x00, 0x00, 0x00, 0x00, 0x00, 0x00,
    0x00, 0x00, 0x00, 0x00, 0x00, 0x00, 0x00, 0x00, 0x00, 0x00, 0x00, 0x00, 0x00, 0x00, 0x00, 0x00, 0x00, 0x00, 0x00, 0x02, 0x00, 0x00, 0x00, 0x00,
    0x00, 0x05, 0x00, 0x2E, 0x0D, 0x0D, 0x11, 0xFF, 0x0E, 0x0E, 0x14, 0xE9, 0x06, 0x06, 0x09, 0x52, 0x00, 0x00, 0x00, 0x03, 0x00, 0x00, 0x00, 0x00,
    0x00, 0x00, 0x00, 0x00, 0x00, 0x00, 0x00, 0x1D, 0x00, 0x00, 0x00, 0x01, 0x00, 0x00, 0x00, 0x00, 0x00, 0x00, 0x00, 0x00, 0x00, 0x00, 0x00, 0x00,
    0x00, 0x00, 0x00, 0x00, 0x00, 0x00, 0x00, 0x00, 0x00, 0x00, 0x00, 0x00, 0x00, 0x00, 0x00, 0x00, 0x00, 0x00, 0x00, 0x00, 0x00, 0x00, 0x00, 0x00,
    0x00, 0x00, 0x00, 0x00, 0x00, 0x00, 0x00, 0x00, 0x00, 0x00, 0x00, 0x00, 0x00, 0x00, 0x00, 0x00, 0x00, 0x00, 0x00, 0x00, 0x00, 0x00, 0x00, 0x00,
    0x00, 0x00, 0x00, 0x00, 0x00, 0x00, 0x00, 0x00, 0x00, 0x00, 0x00, 0x00, 0x00, 0x00, 0x00, 0x00, 0x00, 0x00, 0x00, 0x00, 0x00, 0x00, 0x00, 0x00,
    0x00, 0x00, 0x00, 0x00, 0x00, 0x00, 0x00, 0x00, 0x00, 0x00, 0x00, 0x00, 0x00, 0x00, 0x00, 0x00, 0x00, 0x00, 0x00, 0x00, 0x00, 0x00, 0x00, 0x00,
    0x00, 0x00, 0x00, 0x00, 0x00, 0x00, 0x00, 0x00, 0x00, 0x00, 0x00, 0x00, 0x00, 0x00, 0x00, 0x00, 0x00, 0x00, 0x00, 0x00, 0x00, 0x00, 0x00, 0x00,
    0x00, 0x00, 0x00, 0x00, 0x00, 0x00, 0x00, 0x00, 0x00, 0x00, 0x00, 0x00, 0x00, 0x00, 0x00, 0x00, 0x00, 0x00, 0x00, 0x03, 0x00, 0x00, 0x00, 0x00,
    0x04, 0x04, 0x02, 0x7A, 0x05, 0x05, 0x06, 0xDF, 0x00, 0x00, 0x00, 0x2A, 0x00, 0x00, 0x00, 0x00, 0x00, 0x00, 0x00, 0x01, 0x00, 0x00, 0x00, 0x02,
    0x00, 0x00, 0x00, 0x03, 0x00, 0x00, 0x00, 0x00, 0x00, 0x00, 0x00, 0x00, 0x00, 0x00, 0x00, 0x00, 0x00, 0x00, 0x00, 0x00, 0x00, 0x00, 0x00, 0x00,
    0x00, 0x00, 0x00, 0x00, 0x00, 0x00, 0x00, 0x00, 0x00, 0x00, 0x00, 0x00, 0x00, 0x00, 0x00, 0x00, 0x00, 0x00, 0x00, 0x00, 0x00, 0x00, 0x00, 0x00,
    0x00, 0x00, 0x00, 0x00, 0x00, 0x00, 0x00, 0x00, 0x00, 0x00, 0x00, 0x00, 0x00, 0x00, 0x00, 0x00, 0x00, 0x00, 0x00, 0x00, 0x00, 0x00, 0x00, 0x00,
    0x00, 0x00, 0x00, 0x00, 0x00, 0x00, 0x00, 0x00, 0x00, 0x00, 0x00, 0x00, 0x00, 0x00, 0x00, 0x00, 0x00, 0x00, 0x00, 0x00, 0x00, 0x00, 0x00, 0x00,
    0x00, 0x00, 0x00, 0x00, 0x00, 0x00, 0x00, 0x00, 0x00, 0x00, 0x00, 0x00, 0x00, 0x00, 0x00, 0x00, 0x00, 0x00, 0x00, 0x00, 0x00, 0x00, 0x00, 0x00,
    0x00, 0x00, 0x00, 0x00, 0x00, 0x00, 0x00, 0x00, 0x00, 0x00, 0x00, 0x00, 0x00, 0x00, 0x00, 0x00, 0x00, 0x00, 0x00, 0x00, 0x00, 0x00, 0x00, 0x00,
    0x00, 0x00, 0x00, 0x00, 0x00, 0x00, 0x00, 0x00, 0x00, 0x00, 0x00, 0x00, 0x00, 0x00, 0x00, 0x00, 0x00, 0x00, 0x00, 0x01, 0x00, 0x00, 0x00, 0x00,
    0x02, 0x02, 0x00, 0x5C, 0x00, 0x00, 0x00, 0x2E, 0x00, 0x00, 0x00, 0x00, 0x00, 0x00, 0x00, 0x04, 0x00, 0x00, 0x00, 0x00, 0x00, 0x00, 0x00, 0x00,
    0x00, 0x00, 0x00, 0x00, 0x00, 0x00, 0x00, 0x02, 0x00, 0x00, 0x00, 0x00, 0x00, 0x00, 0x00, 0x00, 0x00, 0x00, 0x00, 0x00, 0x00, 0x00, 0x00, 0x00,
    0x00, 0x00, 0x00, 0x00, 0x00, 0x00, 0x00, 0x00, 0x00, 0x00, 0x00, 0x00, 0x00, 0x00, 0x00, 0x00, 0x00, 0x00, 0x00, 0x00, 0x00, 0x00, 0x00, 0x00,
    0x00, 0x00, 0x00, 0x00, 0x00, 0x00, 0x00, 0x00, 0x00, 0x00, 0x00, 0x00, 0x00, 0x00, 0x00, 0x00, 0x00, 0x00, 0x00, 0x00, 0x00, 0x00, 0x00, 0x00,
    0x00, 0x00, 0x00, 0x00, 0x00, 0x00, 0x00, 0x00, 0x00, 0x00, 0x00, 0x00, 0x00, 0x00, 0x00, 0x00, 0x00, 0x00, 0x00, 0x00, 0x00, 0x00, 0x00, 0x00,
    0x00, 0x00, 0x00, 0x00, 0x00, 0x00, 0x00, 0x00, 0x00, 0x00, 0x00, 0x00, 0x00, 0x00, 0x00, 0x00, 0x00, 0x00, 0x00, 0x00, 0x00, 0x00, 0x00, 0x00,
    0x00, 0x00, 0x00, 0x00, 0x00, 0x00, 0x00, 0x00, 0x00, 0x00, 0x00, 0x00, 0x00, 0x00, 0x00, 0x00, 0x00, 0x00, 0x00, 0x00, 0x00, 0x00, 0x00, 0x00,
    0x00, 0x00, 0x00, 0x00, 0x00, 0x00, 0x00, 0x00, 0x00, 0x00, 0x00, 0x00, 0x00, 0x00, 0x00, 0x00, 0x00, 0x00, 0x00, 0x00, 0x00, 0x00, 0x00, 0x00,
    0x00, 0x00, 0x00, 0x00, 0x00, 0x00, 0x00, 0x00, 0x00, 0x00, 0x00, 0x00, 0x00, 0x00, 0x00, 0x00, 0x00, 0x00, 0x00, 0x00, 0x00, 0x00, 0x00, 0x00,
    0x00, 0x00, 0x00, 0x00, 0x00, 0x00, 0x00, 0x00, 0x00, 0x00, 0x00, 0x00, 0x00, 0x00, 0x00, 0x00, 0x00, 0x00, 0x00, 0x00, 0x00, 0x00, 0x00, 0x00,
    0x00, 0x00, 0x00, 0x00, 0x00, 0x00, 0x00, 0x00, 0x00, 0x00, 0x00, 0x00, 0x00, 0x00, 0x00, 0x00, 0x00, 0x00, 0x00, 0x00, 0x00, 0x00, 0x00, 0x00,
    0x00, 0x00, 0x00, 0x00, 0x00, 0x00, 0x00, 0x00, 0x00, 0x00, 0x00, 0x00, 0x00, 0x00, 0x00, 0x00, 0x00, 0x00, 0x00, 0x00, 0x00, 0x00, 0x00, 0x00,
    0x00, 0x00, 0x00, 0x00, 0x00, 0x00, 0x00, 0x00, 0x00, 0x00, 0x00, 0x00, 0x00, 0x00, 0x00, 0x00, 0x00, 0x00, 0x00, 0x00, 0x00, 0x00, 0x00, 0x00,
    0x00, 0x00, 0x00, 0x00, 0x00, 0x00, 0x00, 0x00, 0x00, 0x00, 0x00, 0x00, 0x00, 0x00, 0x00, 0x00, 0x00, 0x00, 0x00, 0x00, 0x00, 0x00, 0x00, 0x00,
    0x00, 0x00, 0x00, 0x00, 0x00, 0x00, 0x00, 0x00, 0x00, 0x00, 0x00, 0x00, 0x00, 0x00, 0x00, 0x00, 0x00, 0x00, 0x00, 0x00, 0x00, 0x00, 0x00, 0x00,
    0x00, 0x00, 0x00, 0x00, 0x00, 0x00, 0x00, 0x00, 0x00, 0x00, 0x00, 0x00, 0x00, 0x00, 0x00, 0x00, 0x00, 0x00, 0x00, 0x00, 0x00, 0x00, 0x00, 0x00,
    0x00, 0x00, 0x00, 0x00, 0x00, 0x00, 0x00, 0x00, 0x00, 0x00, 0x00, 0x00, 0x00, 0x00, 0x00, 0x00, 0x00, 0x00, 0x00, 0x00, 0x00, 0x00, 0x00, 0x00,
    0x00, 0x00, 0x00, 0x00, 0x00, 0x00, 0x00, 0x00, 0x00, 0x00, 0x00, 0x00, 0x00, 0x00, 0x00, 0x00, 0x00, 0x00, 0x00, 0x00, 0x00, 0x00, 0x00, 0x00,
    0x00, 0x00, 0x00, 0x00, 0x00, 0x00, 0x00, 0x00, 0x00, 0x00, 0x00, 0x00, 0x00, 0x00, 0x00, 0x00, 0x00, 0x00, 0x00, 0x00, 0x00, 0x00, 0x00, 0x00,
    0x00, 0x00, 0x00, 0x00, 0x00, 0x00, 0x00, 0x00, 0x00, 0x00, 0x00, 0x00, 0x00, 0x00, 0x00, 0x00, 0x00, 0x00, 0x00, 0x00, 0x00, 0x00, 0x00, 0x00,
    0x00, 0x00, 0x00, 0x00, 0x00, 0x00, 0x00, 0x00, 0x00, 0x00, 0x00, 0x00, 0x00, 0x00, 0x00, 0x00, 0x00, 0x00, 0x00, 0x00, 0x00, 0x00, 0x00, 0x00,
    0x00, 0x00, 0x00, 0x00, 0x00, 0x00, 0x00, 0x00, 0x00, 0x00, 0x00, 0x00, 0x00, 0x00, 0x00, 0x00, 0x00, 0x00, 0x00, 0x00, 0x00, 0x00, 0x00, 0x00,
    0x00, 0x00, 0x00, 0x00, 0x00, 0x00, 0x00, 0x00, 0x00, 0x00, 0x00, 0x00, 0x00, 0x00, 0x00, 0x00, 0x00, 0x00, 0x00, 0x00, 0x00, 0x00, 0x00, 0x00,
    0x00, 0x00, 0x00, 0x00, 0x00, 0x00, 0x00, 0x00, 0x00, 0x00, 0x00, 0x00, 0x00, 0x00, 0x00, 0x00, 0x00, 0x00, 0x00, 0x00, 0x00, 0x00, 0x00, 0x00,
    0x00, 0x00, 0x00, 0x00, 0x00, 0x00, 0x00, 0x00, 0x00, 0x00, 0x00, 0x00, 0x00, 0x00, 0x00, 0x00, 0x00, 0x00, 0x00, 0x00, 0x00, 0x00, 0x00, 0x00,
    0x00, 0x00, 0x00, 0x00, 0x00, 0x00, 0x00, 0x00, 0x00, 0x00, 0x00, 0x00, 0x00, 0x00, 0x00, 0x00, 0x00, 0x00, 0x00, 0x00, 0x00, 0x00, 0x00, 0x00,
    0x00, 0x00, 0x00, 0x00, 0x00, 0x00, 0x00, 0x00, 0x00, 0x00, 0x00, 0x00, 0x00, 0x00, 0x00, 0x00, 0x00, 0x00, 0x00, 0x00, 0x00, 0x00, 0x00, 0x00,
    0x00, 0x00, 0x00, 0x00, 0x00, 0x00, 0x00, 0x00, 0x00, 0x00, 0x00, 0x00, 0x00, 0x00, 0x00, 0x00, 0x00, 0x00, 0x00, 0x00, 0x00, 0x00, 0x00, 0x00,
    0x00, 0x00, 0x00, 0x00, 0x00, 0x00, 0x00, 0x00, 0x00, 0x00, 0x00, 0x00, 0x00, 0x00, 0x00, 0x00, 0x00, 0x00, 0x00, 0x00, 0x00, 0x00, 0x00, 0x00,
    0x00, 0x00, 0x00, 0x00, 0x00, 0x00, 0x00, 0x00, 0x00, 0x00, 0x00, 0x00, 0x00, 0x00, 0x00, 0x00, 0x00, 0x00, 0x00, 0x00, 0x00, 0x00, 0x00, 0x00,
};
inline constexpr std::array<std::uint8_t, 9216> flak_boots = {
    0x00, 0x00, 0x00, 0x00, 0x00, 0x00, 0x00, 0x00, 0x00, 0x00, 0x00, 0x00, 0x00, 0x00, 0x00, 0x00, 0x00, 0x00, 0x00, 0x00, 0x00, 0x00, 0x00, 0x00,
    0x00, 0x00, 0x00, 0x00, 0x00, 0x00, 0x00, 0x00, 0x00, 0x00, 0x00, 0x00, 0x00, 0x00, 0x00, 0x00, 0x00, 0x00, 0x00, 0x00, 0x00, 0x00, 0x00, 0x00,
    0x00, 0x00, 0x00, 0x00, 0x00, 0x00, 0x00, 0x00, 0x00, 0x00, 0x00, 0x00, 0x00, 0x00, 0x00, 0x00, 0x00, 0x00, 0x00, 0x00, 0x00, 0x00, 0x00, 0x00,
    0x00, 0x00, 0x00, 0x00, 0x00, 0x00, 0x00, 0x00, 0x00, 0x00, 0x00, 0x00, 0x00, 0x00, 0x00, 0x00, 0x00, 0x00, 0x00, 0x00, 0x00, 0x00, 0x00, 0x00,
    0x00, 0x00, 0x00, 0x00, 0x00, 0x00, 0x00, 0x00, 0x00, 0x00, 0x00, 0x00, 0x00, 0x00, 0x00, 0x00, 0x00, 0x00, 0x00, 0x00, 0x00, 0x00, 0x00, 0x00,
    0x00, 0x00, 0x00, 0x00, 0x00, 0x00, 0x00, 0x00, 0x00, 0x00, 0x00, 0x00, 0x00, 0x00, 0x00, 0x00, 0x00, 0x00, 0x00, 0x00, 0x00, 0x00, 0x00, 0x00,
    0x00, 0x00, 0x00, 0x00, 0x00, 0x00, 0x00, 0x00, 0x00, 0x00, 0x00, 0x00, 0x00, 0x00, 0x00, 0x00, 0x00, 0x00, 0x00, 0x00, 0x00, 0x00, 0x00, 0x00,
    0x00, 0x00, 0x00, 0x00, 0x00, 0x00, 0x00, 0x00, 0x00, 0x00, 0x00, 0x00, 0x00, 0x00, 0x00, 0x00, 0x00, 0x00, 0x00, 0x00, 0x00, 0x00, 0x00, 0x00,
    0x00, 0x00, 0x00, 0x00, 0x00, 0x00, 0x00, 0x00, 0x00, 0x00, 0x00, 0x00, 0x00, 0x00, 0x00, 0x00, 0x00, 0x00, 0x00, 0x00, 0x00, 0x00, 0x00, 0x00,
    0x00, 0x00, 0x00, 0x00, 0x00, 0x00, 0x00, 0x00, 0x00, 0x00, 0x00, 0x00, 0x00, 0x00, 0x00, 0x00, 0x00, 0x00, 0x00, 0x00, 0x00, 0x00, 0x00, 0x00,
    0x00, 0x00, 0x00, 0x00, 0x00, 0x00, 0x00, 0x00, 0x00, 0x00, 0x00, 0x00, 0x00, 0x00, 0x00, 0x00, 0x00, 0x00, 0x00, 0x00, 0x00, 0x00, 0x00, 0x00,
    0x00, 0x00, 0x00, 0x00, 0x00, 0x00, 0x00, 0x00, 0x00, 0x00, 0x00, 0x00, 0x00, 0x00, 0x00, 0x00, 0x00, 0x00, 0x00, 0x00, 0x00, 0x00, 0x00, 0x00,
    0x00, 0x00, 0x00, 0x00, 0x00, 0x00, 0x00, 0x00, 0x00, 0x00, 0x00, 0x00, 0x00, 0x00, 0x00, 0x00, 0x00, 0x00, 0x00, 0x00, 0x00, 0x00, 0x00, 0x00,
    0x00, 0x00, 0x00, 0x00, 0x00, 0x00, 0x00, 0x00, 0x00, 0x00, 0x00, 0x00, 0x00, 0x00, 0x00, 0x00, 0x00, 0x00, 0x00, 0x00, 0x00, 0x00, 0x00, 0x00,
    0x00, 0x00, 0x00, 0x00, 0x00, 0x00, 0x00, 0x00, 0x00, 0x00, 0x00, 0x00, 0x00, 0x00, 0x00, 0x00, 0x00, 0x00, 0x00, 0x00, 0x00, 0x00, 0x00, 0x00,
    0x00, 0x00, 0x00, 0x00, 0x00, 0x00, 0x00, 0x00, 0x00, 0x00, 0x00, 0x00, 0x00, 0x00, 0x00, 0x00, 0x00, 0x00, 0x00, 0x00, 0x00, 0x00, 0x00, 0x00,
    0x00, 0x00, 0x00, 0x00, 0x00, 0x00, 0x00, 0x00, 0x00, 0x00, 0x00, 0x00, 0x00, 0x00, 0x00, 0x00, 0x00, 0x00, 0x00, 0x00, 0x00, 0x00, 0x00, 0x00,
    0x00, 0x00, 0x00, 0x00, 0x00, 0x00, 0x00, 0x00, 0x00, 0x00, 0x00, 0x00, 0x00, 0x00, 0x00, 0x00, 0x00, 0x00, 0x00, 0x00, 0x00, 0x00, 0x00, 0x00,
    0x00, 0x00, 0x00, 0x00, 0x00, 0x00, 0x00, 0x00, 0x00, 0x00, 0x00, 0x00, 0x00, 0x00, 0x00, 0x00, 0x00, 0x00, 0x00, 0x00, 0x00, 0x00, 0x00, 0x00,
    0x00, 0x00, 0x00, 0x00, 0x00, 0x00, 0x00, 0x00, 0x00, 0x00, 0x00, 0x00, 0x00, 0x00, 0x00, 0x00, 0x00, 0x00, 0x00, 0x00, 0x00, 0x00, 0x00, 0x00,
    0x00, 0x00, 0x00, 0x00, 0x00, 0x00, 0x00, 0x00, 0x00, 0x00, 0x00, 0x00, 0x00, 0x00, 0x00, 0x00, 0x00, 0x00, 0x00, 0x00, 0x00, 0x00, 0x00, 0x00,
    0x00, 0x00, 0x00, 0x00, 0x00, 0x00, 0x00, 0x00, 0x00, 0x00, 0x00, 0x00, 0x00, 0x00, 0x00, 0x00, 0x00, 0x00, 0x00, 0x00, 0x00, 0x00, 0x00, 0x00,
    0x00, 0x00, 0x00, 0x00, 0x00, 0x00, 0x00, 0x00, 0x00, 0x00, 0x00, 0x00, 0x00, 0x00, 0x00, 0x00, 0x00, 0x00, 0x00, 0x00, 0x00, 0x00, 0x00, 0x00,
    0x00, 0x00, 0x00, 0x00, 0x00, 0x00, 0x00, 0x00, 0x00, 0x00, 0x00, 0x00, 0x00, 0x00, 0x00, 0x00, 0x00, 0x00, 0x00, 0x00, 0x00, 0x00, 0x00, 0x00,
    0x00, 0x00, 0x00, 0x00, 0x00, 0x00, 0x00, 0x00, 0x00, 0x00, 0x00, 0x00, 0x00, 0x00, 0x00, 0x00, 0x00, 0x00, 0x00, 0x00, 0x00, 0x00, 0x00, 0x00,
    0x00, 0x00, 0x00, 0x00, 0x00, 0x00, 0x00, 0x00, 0x00, 0x00, 0x00, 0x00, 0x00, 0x00, 0x00, 0x00, 0x00, 0x00, 0x00, 0x00, 0x00, 0x00, 0x00, 0x00,
    0x00, 0x00, 0x00, 0x00, 0x00, 0x00, 0x00, 0x00, 0x00, 0x00, 0x00, 0x00, 0x00, 0x00, 0x00, 0x00, 0x00, 0x00, 0x00, 0x00, 0x00, 0x00, 0x00, 0x00,
    0x00, 0x00, 0x00, 0x00, 0x00, 0x00, 0x00, 0x00, 0x00, 0x00, 0x00, 0x00, 0x00, 0x00, 0x00, 0x00, 0x00, 0x00, 0x00, 0x00, 0x00, 0x00, 0x00, 0x00,
    0x00, 0x00, 0x00, 0x00, 0x00, 0x00, 0x00, 0x00, 0x00, 0x00, 0x00, 0x00, 0x00, 0x00, 0x00, 0x00, 0x00, 0x00, 0x00, 0x00, 0x00, 0x00, 0x00, 0x00,
    0x00, 0x00, 0x00, 0x00, 0x00, 0x00, 0x00, 0x00, 0x00, 0x00, 0x00, 0x00, 0x00, 0x00, 0x00, 0x00, 0x00, 0x00, 0x00, 0x00, 0x00, 0x00, 0x00, 0x00,
    0x00, 0x00, 0x00, 0x00, 0x00, 0x00, 0x00, 0x00, 0x00, 0x00, 0x00, 0x00, 0x00, 0x00, 0x00, 0x00, 0x00, 0x00, 0x00, 0x00, 0x00, 0x00, 0x00, 0x00,
    0x00, 0x00, 0x00, 0x00, 0x00, 0x00, 0x00, 0x00, 0x00, 0x00, 0x00, 0x00, 0x00, 0x00, 0x00, 0x00, 0x00, 0x00, 0x00, 0x00, 0x00, 0x00, 0x00, 0x00,
    0x00, 0x00, 0x00, 0x00, 0x00, 0x00, 0x00, 0x00, 0x00, 0x00, 0x00, 0x00, 0x00, 0x00, 0x00, 0x00, 0x00, 0x00, 0x00, 0x00, 0x00, 0x00, 0x00, 0x00,
    0x00, 0x00, 0x00, 0x00, 0x00, 0x00, 0x00, 0x00, 0x00, 0x00, 0x00, 0x00, 0x00, 0x00, 0x00, 0x00, 0x00, 0x00, 0x00, 0x02, 0x00, 0x00, 0x00, 0x00,
    0x00, 0x00, 0x00, 0x00, 0x00, 0x00, 0x00, 0x00, 0x48, 0x48, 0x48, 0x07, 0x00, 0x00, 0x00, 0x00, 0x00, 0x00, 0x00, 0x00, 0x00, 0x00, 0x00, 0x00,
    0x00, 0x00, 0x00, 0x00, 0x00, 0x00, 0x00, 0x00, 0x55, 0x55, 0x55, 0x03, 0x00, 0x00, 0x00, 0x00, 0x00, 0x00, 0x00, 0x00, 0x00, 0x00, 0x00, 0x00,
    0x00, 0x00, 0x00, 0x00, 0x00, 0x00, 0x00, 0x00, 0x00, 0x00, 0x00, 0x00, 0x00, 0x00, 0x00, 0x00, 0x00, 0x00, 0x00, 0x00, 0x00, 0x00, 0x00, 0x00,
    0x00, 0x00, 0x00, 0x00, 0x00, 0x00, 0x00, 0x00, 0x00, 0x00, 0x00, 0x00, 0x00, 0x00, 0x00, 0x00, 0x00, 0x00, 0x00, 0x00, 0x00, 0x00, 0x00, 0x00,
    0x00, 0x00, 0x00, 0x00, 0x00, 0x00, 0x00, 0x00, 0x00, 0x00, 0x00, 0x00, 0x00, 0x00, 0x00, 0x00, 0x00, 0x00, 0x00, 0x00, 0x00, 0x00, 0x00, 0x00,
    0x00, 0x00, 0x00, 0x00, 0x00, 0x00, 0x00, 0x00, 0x00, 0x00, 0x00, 0x00, 0x00, 0x00, 0x00, 0x00, 0x00, 0x00, 0x00, 0x00, 0x00, 0x00, 0x00, 0x00,
    0x00, 0x00, 0x00, 0x00, 0x00, 0x00, 0x00, 0x00, 0x00, 0x00, 0x00, 0x00, 0x00, 0x00, 0x00, 0x00, 0x00, 0x00, 0x00, 0x00, 0x00, 0x00, 0x00, 0x00,
    0x00, 0x00, 0x00, 0x00, 0x00, 0x00, 0x00, 0x00, 0x00, 0x00, 0x00, 0x00, 0x00, 0x00, 0x00, 0x02, 0x00, 0x00, 0x00, 0x00, 0x1C, 0x1C, 0x1C, 0x12,
    0x0A, 0x0C, 0x0A, 0x64, 0x05, 0x08, 0x05, 0xB1, 0x01, 0x02, 0x00, 0xD9, 0x0E, 0x0E, 0x10, 0xBF, 0x27, 0x27, 0x2A, 0x5A, 0xFF, 0xFF, 0xFF, 0x08,
    0xFF, 0xFF, 0xFF, 0x06, 0xFF, 0xFF, 0xFF, 0x04, 0x00, 0x00, 0x00, 0x00, 0x00, 0x00, 0x00, 0x01, 0x00, 0x00, 0x00, 0x01, 0x00, 0x00, 0x00, 0x00,
    0x00, 0x00, 0x00, 0x00, 0x00, 0x00, 0x00, 0x00, 0x00, 0x00, 0x00, 0x00, 0x00, 0x00, 0x00, 0x00, 0x00, 0x00, 0x00, 0x00, 0x00, 0x00, 0x00, 0x00,
    0x00, 0x00, 0x00, 0x00, 0x00, 0x00, 0x00, 0x00, 0x00, 0x00, 0x00, 0x00, 0x00, 0x00, 0x00, 0x00, 0x00, 0x00, 0x00, 0x00, 0x00, 0x00, 0x00, 0x00,
    0x00, 0x00, 0x00, 0x00, 0x00, 0x00, 0x00, 0x00, 0x00, 0x00, 0x00, 0x00, 0x00, 0x00, 0x00, 0x00, 0x00, 0x00, 0x00, 0x00, 0x00, 0x00, 0x00, 0x00,
    0x00, 0x00, 0x00, 0x00, 0x00, 0x00, 0x00, 0x00, 0x00, 0x00, 0x00, 0x00, 0x00, 0x00, 0x00, 0x00, 0x00, 0x00, 0x00, 0x00, 0x00, 0x00, 0x00, 0x00,
    0x00, 0x00, 0x00, 0x00, 0x00, 0x00, 0x00, 0x00, 0x00, 0x00, 0x00, 0x00, 0x00, 0x00, 0x00, 0x00, 0x00, 0x00, 0x00, 0x00, 0x00, 0x00, 0x00, 0x00,
    0x00, 0x00, 0x00, 0x00, 0x00, 0x00, 0x00, 0x00, 0x33, 0x33, 0x33, 0x05, 0x00, 0x00, 0x00, 0x00, 0x00, 0x00, 0x00, 0x3D, 0x00, 0x04, 0x03, 0xE1,
    0x06, 0x09, 0x0A, 0xFF, 0x10, 0x14, 0x17, 0xFF, 0x23, 0x26, 0x2B, 0xFF, 0x42, 0x45, 0x4D, 0xFF, 0x58, 0x5B, 0x66, 0xFF, 0x57, 0x5D, 0x6B, 0xDB,
    0x5F, 0x67, 0x74, 0xD9, 0x79, 0x80, 0x8D, 0xD9, 0x8C, 0x92, 0x9F, 0x78, 0x00, 0x00, 0x00, 0x00, 0xFF, 0xFF, 0xFF, 0x01, 0xFF, 0xFF, 0xFF, 0x01,
    0x00, 0x00, 0x00, 0x00, 0x00, 0x00, 0x00, 0x00, 0x00, 0x00, 0x00, 0x00, 0x00, 0x00, 0x00, 0x00, 0x00, 0x00, 0x00, 0x00, 0x00, 0x00, 0x00, 0x00,
    0x00, 0x00, 0x00, 0x00, 0x00, 0x00, 0x00, 0x00, 0x00, 0x00, 0x00, 0x00, 0x00, 0x00, 0x00, 0x00, 0x00, 0x00, 0x00, 0x00, 0x00, 0x00, 0x00, 0x00,
    0x00, 0x00, 0x00, 0x00, 0x00, 0x00, 0x00, 0x00, 0x00, 0x00, 0x00, 0x00, 0x00, 0x00, 0x00, 0x00, 0x00, 0x00, 0x00, 0x00, 0x00, 0x00, 0x00, 0x00,
    0x00, 0x00, 0x00, 0x00, 0x00, 0x00, 0x00, 0x00, 0x00, 0x00, 0x00, 0x00, 0x00, 0x00, 0x00, 0x00, 0x00, 0x00, 0x00, 0x00, 0x00, 0x00, 0x00, 0x00,
    0x00, 0x00, 0x00, 0x00, 0x00, 0x00, 0x00, 0x00, 0x00, 0x00, 0x00, 0x00, 0x00, 0x00, 0x00, 0x00, 0x00, 0x00, 0x00, 0x00, 0x00, 0x00, 0x00, 0x00,
    0x00, 0x00, 0x00, 0x00, 0x00, 0x00, 0x00, 0x01, 0x00, 0x00, 0x00, 0x00, 0x3D, 0x3D, 0x3D, 0x19, 0x18, 0x1A, 0x1E, 0xDF, 0x23, 0x28, 0x2C, 0xFF,
    0x35, 0x3A, 0x41, 0xFA, 0x3F, 0x44, 0x4F, 0xFC, 0x34, 0x3A, 0x46, 0xFD, 0x2D, 0x33, 0x41, 0xFC, 0x2D, 0x32, 0x42, 0xFD, 0x36, 0x3D, 0x4F, 0xFF,
    0x43, 0x4B, 0x5C, 0xFF, 0x50, 0x58, 0x6A, 0xFF, 0x4D, 0x55, 0x67, 0xFF, 0x67, 0x6F, 0x80, 0x97, 0x00, 0x00, 0x00, 0x02, 0x00, 0x00, 0x00, 0x00,
    0x00, 0x00, 0x00, 0x01, 0x00, 0x00, 0x00, 0x00, 0x00, 0x00, 0x00, 0x00, 0x00, 0x00, 0x00, 0x00, 0x00, 0x00, 0x00, 0x00, 0x00, 0x00, 0x00, 0x00,
    0x00, 0x00, 0x00, 0x00, 0x00, 0x00, 0x00, 0x00, 0x00, 0x00, 0x00, 0x00, 0x00, 0x00, 0x00, 0x00, 0x00, 0x00, 0x00, 0x00, 0x00, 0x00, 0x00, 0x00,
    0x00, 0x00, 0x00, 0x00, 0x00, 0x00, 0x00, 0x00, 0x00, 0x00, 0x00, 0x00, 0x00, 0x00, 0x00, 0x00, 0x00, 0x00, 0x00, 0x00, 0x00, 0x00, 0x00, 0x00,
    0x00, 0x00, 0x00, 0x00, 0x00, 0x00, 0x00, 0x00, 0x00, 0x00, 0x00, 0x00, 0x00, 0x00, 0x00, 0x00, 0x00, 0x00, 0x00, 0x00, 0x00, 0x00, 0x00, 0x00,
    0x00, 0x00, 0x00, 0x00, 0x00, 0x00, 0x00, 0x00, 0x00, 0x00, 0x00, 0x00, 0x00, 0x00, 0x00, 0x00, 0x00, 0x00, 0x00, 0x00, 0x00, 0x00, 0x00, 0x01,
    0x00, 0x00, 0x7F, 0x02, 0xFF, 0xFF, 0xFF, 0x02, 0x43, 0x4A, 0x52, 0x75, 0x25, 0x29, 0x33, 0xE1, 0x23, 0x27, 0x31, 0xFF, 0x1E, 0x23, 0x2C, 0xFC,
    0x16, 0x1B, 0x27, 0xFF, 0x0F, 0x14, 0x22, 0xFF, 0x0C, 0x11, 0x1F, 0xFF, 0x1A, 0x20, 0x2F, 0xFF, 0x29, 0x2F, 0x3E, 0xFF, 0x34, 0x3A, 0x4C, 0xFD,
    0x3D, 0x42, 0x56, 0xFD, 0x3C, 0x42, 0x57, 0xFD, 0x27, 0x30, 0x43, 0xFC, 0x3F, 0x47, 0x5E, 0xFF, 0x5C, 0x64, 0x76, 0xB9, 0x43, 0x50, 0x50, 0x13,
    0xFF, 0xFF, 0xFF, 0x01, 0x00, 0x00, 0x00, 0x01, 0x00, 0x00, 0x00, 0x00, 0x00, 0x00, 0x00, 0x00, 0x00, 0x00, 0x00, 0x00, 0x00, 0x00, 0x00, 0x00,
    0x00, 0x00, 0x00, 0x00, 0x00, 0x00, 0x00, 0x00, 0x00, 0x00, 0x00, 0x00, 0x00, 0x00, 0x00, 0x00, 0x00, 0x00, 0x00, 0x00, 0x00, 0x00, 0x00, 0x00,
    0x00, 0x00, 0x00, 0x00, 0x00, 0x00, 0x00, 0x00, 0x00, 0x00, 0x00, 0x00, 0x00, 0x00, 0x00, 0x00, 0x00, 0x00, 0x00, 0x00, 0x00, 0x00, 0x00, 0x00,
    0x00, 0x00, 0x00, 0x00, 0x00, 0x00, 0x00, 0x00, 0x00, 0x00, 0x00, 0x00, 0x00, 0x00, 0x00, 0x00, 0x00, 0x00, 0x00, 0x00, 0x00, 0x00, 0x00, 0x00,
    0x00, 0x00, 0x00, 0x00, 0x00, 0x00, 0x00, 0x00, 0x00, 0x00, 0x00, 0x00, 0x00, 0x00, 0x00, 0x00, 0x00, 0x00, 0x00, 0x00, 0x55, 0x55, 0x55, 0x03,
    0x00, 0x00, 0x00, 0x00, 0x4C, 0x54, 0x61, 0x88, 0x26, 0x2D, 0x3C, 0xFF, 0x10, 0x15, 0x23, 0xFF, 0x14, 0x18, 0x27, 0xFE, 0x14, 0x18, 0x27, 0xFF,
    0x17, 0x1C, 0x2C, 0xFF, 0x1B, 0x21, 0x33, 0xFF, 0x1F, 0x25, 0x38, 0xFF, 0x27, 0x2F, 0x41, 0xFF, 0x2B, 0x34, 0x48, 0xFF, 0x38, 0x3E, 0x55, 0xFF,
    0x50, 0x56, 0x6F, 0xFF, 0x46, 0x4C, 0x64, 0xFF, 0x3B, 0x42, 0x5A, 0xFF, 0x21, 0x29, 0x43, 0xFA, 0x57, 0x61, 0x79, 0xFF, 0x71, 0x7B, 0x86, 0x61,
    0xAA, 0xAA, 0xAA, 0x03, 0x7F, 0x7F, 0x7F, 0x04, 0x00, 0x00, 0x00, 0x00, 0x00, 0x00, 0x00, 0x00, 0x00, 0x00, 0x00, 0x00, 0x00, 0x00, 0x00, 0x00,
    0x00, 0x00, 0x00, 0x00, 0x00, 0x00, 0x00, 0x00, 0x00, 0x00, 0x00, 0x00, 0x00, 0x00, 0x00, 0x00, 0x00, 0x00, 0x00, 0x00, 0x00, 0x00, 0x00, 0x00,
    0x00, 0x00, 0x00, 0x00, 0x00, 0x00, 0x00, 0x00, 0x00, 0x00, 0x00, 0x00, 0x00, 0x00, 0x00, 0x00, 0x00, 0x00, 0x00, 0x00, 0x00, 0x00, 0x00, 0x00,
    0x00, 0x00, 0x00, 0x00, 0x00, 0x00, 0x00, 0x00, 0x00, 0x00, 0x00, 0x00, 0x00, 0x00, 0x00, 0x00, 0x00, 0x00, 0x00, 0x00, 0x00, 0x00, 0x00, 0x00,
    0x00, 0x00, 0x00, 0x00, 0x00, 0x00, 0x00, 0x00, 0x00, 0x00, 0x00, 0x00, 0x00, 0x00, 0x00, 0x00, 0x55, 0x55, 0x55, 0x03, 0x00, 0x00, 0x00, 0x00,
    0x63, 0x67, 0x71, 0x36, 0x3C, 0x43, 0x51, 0xFD, 0x14, 0x1A, 0x2B, 0xFB, 0x19, 0x1E, 0x2E, 0xFD, 0x18, 0x1D, 0x2E, 0xFF, 0x18, 0x1C, 0x2D, 0xFF,
    0x1C, 0x23, 0x38, 0xFF, 0x1B, 0x26, 0x3E, 0xFF, 0x24, 0x30, 0x49, 0xFF, 0x2E, 0x38, 0x53, 0xFF, 0x37, 0x40, 0x5A, 0xFF, 0x42, 0x4C, 0x65, 0xFF,
    0x69, 0x72, 0x8A, 0xFF, 0x4E, 0x57, 0x6F, 0xFF, 0x47, 0x50, 0x68, 0xFF, 0x2E, 0x37, 0x53, 0xFB, 0x41, 0x4B, 0x69, 0xFD, 0x69, 0x74, 0x89, 0x91,
    0x00, 0x00, 0x00, 0x00, 0x00, 0x00, 0x00, 0x00, 0xAA, 0xAA, 0xAA, 0x03, 0xFF, 0xFF, 0xFF, 0x01, 0x00, 0x00, 0x00, 0x00, 0x00, 0x00, 0x00, 0x00,
    0x00, 0x00, 0x00, 0x00, 0x00, 0x00, 0x00, 0x00, 0x00, 0x00, 0x00, 0x00, 0x00, 0x00, 0x00, 0x00, 0x00, 0x00, 0x00, 0x00, 0x00, 0x00, 0x00, 0x00,
    0x00, 0x00, 0x00, 0x00, 0x00, 0x00, 0x00, 0x00, 0x00, 0x00, 0x00, 0x00, 0x00, 0x00, 0x00, 0x00, 0x00, 0x00, 0x00, 0x00, 0x00, 0x00, 0x00, 0x00,
    0x00, 0x00, 0x00, 0x00, 0x00, 0x00, 0x00, 0x00, 0x00, 0x00, 0x00, 0x00, 0x00, 0x00, 0x00, 0x00, 0x00, 0x00, 0x00, 0x00, 0x00, 0x00, 0x00, 0x00,
    0x00, 0x00, 0x00, 0x00, 0x00, 0x00, 0x00, 0x00, 0x00, 0x00, 0x00, 0x00, 0x00, 0x00, 0x00, 0x00, 0x7F, 0x7F, 0x7F, 0x02, 0x00, 0x00, 0x00, 0x00,
    0x68, 0x6C, 0x78, 0xB2, 0x24, 0x2B, 0x39, 0xFF, 0x17, 0x1E, 0x2D, 0xFC, 0x1A, 0x1F, 0x30, 0xFF, 0x19, 0x1C, 0x2D, 0xFF, 0x15, 0x1B, 0x2B, 0xFF,
    0x20, 0x28, 0x40, 0xFF, 0x21, 0x2E, 0x47, 0xFF, 0x2D, 0x3B, 0x56, 0xFF, 0x36, 0x43, 0x5F, 0xFF, 0x3E, 0x49, 0x64, 0xFF, 0x50, 0x5C, 0x75, 0xFF,
    0x7B, 0x85, 0x9D, 0xFF, 0x52, 0x5C, 0x72, 0xFF, 0x47, 0x53, 0x69, 0xFF, 0x32, 0x3D, 0x57, 0xFE, 0x51, 0x5C, 0x78, 0xFF, 0x7E, 0x88, 0x9C, 0xDC,
    0x82, 0x8A, 0x9B, 0x5A, 0xC6, 0xC6, 0xD4, 0x12, 0x00, 0x00, 0x00, 0x00, 0x00, 0x00, 0x00, 0x00, 0x55, 0xAA, 0xAA, 0x03, 0xFF, 0xFF, 0xFF, 0x01,
    0x00, 0x00, 0x00, 0x00, 0x00, 0x00, 0x00, 0x00, 0x00, 0x00, 0x00, 0x00, 0x00, 0x00, 0x00, 0x01, 0xAA, 0xAA, 0xAA, 0x03, 0x7F, 0x7F, 0x7F, 0x04,
    0x7F, 0x7F, 0x7F, 0x04, 0x00, 0x00, 0x00, 0x00, 0x00, 0x00, 0x00, 0x00, 0x00, 0x00, 0x00, 0x00, 0x00, 0x00, 0x00, 0x00, 0x00, 0x00, 0x00, 0x00,
    0x00, 0x00, 0x00, 0x00, 0x00, 0x00, 0x00, 0x00, 0x00, 0x00, 0x00, 0x00, 0x00, 0x00, 0x00, 0x00, 0x00, 0x00, 0x00, 0x00, 0x00, 0x00, 0x00, 0x00,
    0x00, 0x00, 0x00, 0x00, 0x00, 0x00, 0x00, 0x00, 0x00, 0x00, 0x00, 0x00, 0x00, 0x00, 0x00, 0x02, 0x00, 0x00, 0x00, 0x00, 0x23, 0x23, 0x2A, 0x24,
    0x38, 0x3B, 0x47, 0xF7, 0x17, 0x1D, 0x2B, 0xFF, 0x1A, 0x21, 0x30, 0xFE, 0x18, 0x1C, 0x2D, 0xFF, 0x19, 0x1C, 0x2D, 0xFF, 0x13, 0x18, 0x29, 0xFF,
    0x1F, 0x27, 0x3F, 0xFF, 0x24, 0x31, 0x4A, 0xFF, 0x31, 0x3F, 0x5B, 0xFF, 0x3B, 0x48, 0x64, 0xFF, 0x4A, 0x56, 0x70, 0xFF, 0x62, 0x6E, 0x87, 0xFF,
    0x8A, 0x94, 0xAC, 0xFF, 0x5A, 0x64, 0x7B, 0xFF, 0x50, 0x5C, 0x72, 0xFF, 0x35, 0x41, 0x5B, 0xFF, 0x64, 0x6E, 0x85, 0xFF, 0x69, 0x75, 0x85, 0xFF,
    0x47, 0x55, 0x6D, 0xFF, 0x69, 0x77, 0x88, 0xE1, 0x8A, 0x95, 0xA3, 0x7B, 0xFF, 0xFF, 0xFF, 0x14, 0x00, 0x00, 0x00, 0x00, 0x00, 0x00, 0x00, 0x00,
    0x55, 0x55, 0x55, 0x03, 0x00, 0x00, 0x00, 0x03, 0x55, 0x55, 0xAA, 0x03, 0x00, 0x00, 0x00, 0x00, 0x00, 0x00, 0x00, 0x00, 0x00, 0x00, 0x00, 0x00,
    0x00, 0x00, 0x00, 0x00, 0x00, 0x00, 0x00, 0x00, 0x00, 0x00, 0x00, 0x00, 0x00, 0x00, 0x00, 0x00, 0x00, 0x00, 0x00, 0x00, 0x00, 0x00, 0x00, 0x00,
    0x00, 0x00, 0x00, 0x00, 0x00, 0x00, 0x00, 0x00, 0x00, 0x00, 0x00, 0x00, 0x00, 0x00, 0x00, 0x00, 0x00, 0x00, 0x00, 0x00, 0x00, 0x00, 0x00, 0x00,
    0x00, 0x00, 0x00, 0x00, 0x00, 0x00, 0x00, 0x00, 0x00, 0x00, 0x00, 0x00, 0x00, 0x00, 0x00, 0x03, 0x00, 0x00, 0x00, 0x00, 0x15, 0x15, 0x20, 0x47,
    0x2A, 0x2E, 0x3A, 0xFF, 0x24, 0x29, 0x35, 0xFF, 0x19, 0x1F, 0x2E, 0xFF, 0x18, 0x1F, 0x2F, 0xFF, 0x17, 0x1D, 0x2D, 0xFF, 0x17, 0x1D, 0x2D, 0xFF,
    0x1E, 0x26, 0x3C, 0xFF, 0x24, 0x31, 0x4B, 0xFF, 0x32, 0x3E, 0x5C, 0xFF, 0x40, 0x4B, 0x68, 0xFF, 0x50, 0x5B, 0x77, 0xFF, 0x6C, 0x78, 0x91, 0xFF,
    0x96, 0xA2, 0xB8, 0xFF, 0x65, 0x70, 0x8A, 0xFF, 0x5B, 0x66, 0x82, 0xFF, 0x41, 0x4C, 0x66, 0xFF, 0x7E, 0x8A, 0xA3, 0xFF, 0x5E, 0x67, 0x75, 0xFE,
    0x14, 0x1A, 0x28, 0xFC, 0x33, 0x40, 0x57, 0xFF, 0x47, 0x52, 0x6B, 0xFF, 0x5D, 0x62, 0x75, 0xE2, 0x8C, 0x91, 0xA4, 0x74, 0xFF, 0xFF, 0xFF, 0x0E,
    0x00, 0x00, 0x00, 0x00, 0x00, 0x00, 0x00, 0x00, 0x00, 0x00, 0x00, 0x00, 0x00, 0x00, 0x00, 0x08, 0xA1, 0xAA, 0xAE, 0x3F, 0x9D, 0xA6, 0xB0, 0x6E,
    0x95, 0x9C, 0xA6, 0x68, 0x8B, 0x8B, 0xA2, 0x0B, 0x00, 0x00, 0x00, 0x00, 0x00, 0x00, 0x00, 0x00, 0x00, 0x00, 0x00, 0x00, 0x00, 0x00, 0x00, 0x00,
    0x00, 0x00, 0x00, 0x00, 0x00, 0x00, 0x00, 0x00, 0x00, 0x00, 0x00, 0x00, 0x00, 0x00, 0x00, 0x00, 0x00, 0x00, 0x00, 0x00, 0x00, 0x00, 0x00, 0x00,
    0x00, 0x00, 0x00, 0x00, 0x00, 0x00, 0x00, 0x00, 0x00, 0x00, 0x00, 0x00, 0x55, 0x55, 0x55, 0x03, 0x00, 0x00, 0x00, 0x00, 0x3D, 0x3D, 0x46, 0x53,
    0x58, 0x5C, 0x68, 0xFF, 0x24, 0x29, 0x35, 0xFD, 0x18, 0x1E, 0x2D, 0xFF, 0x17, 0x1E, 0x2E, 0xFF, 0x17, 0x1E, 0x2E, 0xFF, 0x16, 0x1C, 0x2B, 0xFF,
    0x1E, 0x25, 0x3A, 0xFF, 0x24, 0x31, 0x4B, 0xFF, 0x30, 0x3C, 0x5B, 0xFF, 0x44, 0x4E, 0x6B, 0xFF, 0x51, 0x5D, 0x77, 0xFF, 0x71, 0x7D, 0x95, 0xFF,
    0xA0, 0xAD, 0xC0, 0xFF, 0x69, 0x75, 0x90, 0xFF, 0x5B, 0x66, 0x84, 0xFF, 0x46, 0x51, 0x6A, 0xFF, 0x7F, 0x8E, 0xA6, 0xFF, 0x89, 0x96, 0xAB, 0xFF,
    0x47, 0x4C, 0x59, 0xFF, 0x1C, 0x22, 0x32, 0xFE, 0x3D, 0x45, 0x64, 0xFC, 0x32, 0x3A, 0x59, 0xFF, 0x41, 0x4A, 0x64, 0xFF, 0x68, 0x71, 0x85, 0xDA,
    0x7D, 0x88, 0x96, 0x49, 0x11, 0x11, 0x14, 0x4A, 0x48, 0x4D, 0x54, 0x97, 0x8A, 0x92, 0x9B, 0xDA, 0x8F, 0x96, 0xA3, 0xFF, 0x65, 0x6C, 0x79, 0xFF,
    0x6C, 0x72, 0x7F, 0xFF, 0x82, 0x82, 0x8D, 0x2D, 0x00, 0x00, 0x00, 0x00, 0x7F, 0x7F, 0x7F, 0x02, 0x00, 0x00, 0x00, 0x00, 0x00, 0x00, 0x00, 0x00,
    0x00, 0x00, 0x00, 0x00, 0x00, 0x00, 0x00, 0x00, 0x00, 0x00, 0x00, 0x00, 0x00, 0x00, 0x00, 0x00, 0x00, 0x00, 0x00, 0x00, 0x00, 0x00, 0x00, 0x00,
    0x00, 0x00, 0x00, 0x00, 0x00, 0x00, 0x00, 0x00, 0x00, 0x00, 0x00, 0x00, 0x3F, 0x3F, 0x3F, 0x04, 0x00, 0x00, 0x00, 0x00, 0x40, 0x45, 0x4C, 0x6A,
    0x66, 0x69, 0x77, 0xFF, 0x16, 0x1B, 0x26, 0xFC, 0x17, 0x1D, 0x2B, 0xFF, 0x15, 0x1C, 0x2C, 0xFF, 0x18, 0x1E, 0x2E, 0xFF, 0x16, 0x1E, 0x2D, 0xFF,
    0x1B, 0x23, 0x37, 0xFF, 0x23, 0x2E, 0x4A, 0xFF, 0x2C, 0x38, 0x54, 0xFF, 0x42, 0x4D, 0x68, 0xFF, 0x54, 0x5E, 0x77, 0xFF, 0x74, 0x7E, 0x95, 0xFF,
    0xA1, 0xAC, 0xBF, 0xFF, 0x69, 0x73, 0x8D, 0xFF, 0x59, 0x63, 0x80, 0xFF, 0x43, 0x4D, 0x65, 0xFF, 0x82, 0x8D, 0x9F, 0xFF, 0x57, 0x65, 0x7B, 0xFF,
    0x7F, 0x8A, 0xA0, 0xFF, 0x39, 0x40, 0x47, 0xFF, 0x20, 0x28, 0x3B, 0xFF, 0x3B, 0x45, 0x65, 0xFE, 0x28, 0x33, 0x4E, 0xFC, 0x2A, 0x36, 0x4D, 0xFF,
    0x61, 0x6C, 0x7E, 0xFF, 0x54, 0x59, 0x67, 0xFF, 0x69, 0x70, 0x81, 0xFF, 0x71, 0x7A, 0x8E, 0xFF, 0x5B, 0x62, 0x76, 0xFC, 0x5A, 0x61, 0x6F, 0xFC,
    0x5A, 0x60, 0x6A, 0xD9, 0x5F, 0x5F, 0x7F, 0x08, 0x00, 0x00, 0x00, 0x00, 0x00, 0x00, 0x00, 0x01, 0x00, 0x00, 0x00, 0x00, 0x00, 0x00, 0x00, 0x00,
    0x00, 0x00, 0x00, 0x00, 0x00, 0x00, 0x00, 0x00, 0x00, 0x00, 0x00, 0x00, 0x00, 0x00, 0x00, 0x00, 0x00, 0x00, 0x00, 0x00, 0x00, 0x00, 0x00, 0x00,
    0x00, 0x00, 0x00, 0x00, 0x00, 0x00, 0x00, 0x00, 0x00, 0x00, 0x00, 0x00, 0x55, 0x55, 0xAA, 0x03, 0x00, 0x00, 0x00, 0x00, 0x44, 0x45, 0x49, 0x96,
    0x4B, 0x4E, 0x5A, 0xFF, 0x06, 0x09, 0x15, 0xFC, 0x19, 0x1D, 0x2B, 0xFF, 0x13, 0x19, 0x29, 0xFF, 0x16, 0x1C, 0x2C, 0xFF, 0x16, 0x1F, 0x2D, 0xFF,
    0x17, 0x21, 0x35, 0xFF, 0x21, 0x2C, 0x48, 0xFF, 0x30, 0x3B, 0x53, 0xFF, 0x4A, 0x55, 0x6B, 0xFF, 0x59, 0x63, 0x7A, 0xFF, 0x75, 0x7F, 0x91, 0xFF,
    0xA4, 0xAD, 0xBC, 0xFF, 0x65, 0x6E, 0x81, 0xFF, 0x55, 0x5F, 0x76, 0xFF, 0x42, 0x4B, 0x63, 0xFF, 0x81, 0x8C, 0x9F, 0xFF, 0x48, 0x53, 0x67, 0xFF,
    0x38, 0x41, 0x5B, 0xFF, 0x70, 0x79, 0x8B, 0xFF, 0x3F, 0x47, 0x58, 0xFF, 0x11, 0x19, 0x2D, 0xFF, 0x37, 0x41, 0x55, 0xFF, 0x5E, 0x69, 0x7D, 0xFD,
    0x4E, 0x58, 0x6C, 0xFE, 0x2E, 0x38, 0x4D, 0xFE, 0x2B, 0x33, 0x4A, 0xFB, 0x3C, 0x44, 0x59, 0xFD, 0x68, 0x71, 0x81, 0xFB, 0x6C, 0x76, 0x81, 0xFF,
    0x5C, 0x65, 0x6C, 0x8F, 0x00, 0x00, 0x00, 0x00, 0x55, 0x55, 0xAA, 0x03, 0x00, 0x00, 0x00, 0x00, 0x00, 0x00, 0x00, 0x00, 0x00, 0x00, 0x00, 0x00,
    0x00, 0x00, 0x00, 0x00, 0x00, 0x00, 0x00, 0x00, 0x00, 0x00, 0x00, 0x00, 0x00, 0x00, 0x00, 0x00, 0x00, 0x00, 0x00, 0x00, 0x00, 0x00, 0x00, 0x00,
    0x00, 0x00, 0x00, 0x00, 0x00, 0x00, 0x00, 0x00, 0x00, 0x00, 0x00, 0x00, 0x7F, 0x7F, 0x7F, 0x02, 0x00, 0x00, 0x00, 0x00, 0x37, 0x37, 0x3B, 0xB8,
    0x1B, 0x1D, 0x26, 0xFF, 0x0D, 0x11, 0x19, 0xFC, 0x12, 0x15, 0x1D, 0xFF, 0x11, 0x14, 0x1F, 0xFF, 0x15, 0x18, 0x24, 0xFF, 0x14, 0x1A, 0x27, 0xFF,
    0x13, 0x1B, 0x2B, 0xFF, 0x1D, 0x26, 0x3A, 0xFF, 0x32, 0x3B, 0x4C, 0xFF, 0x42, 0x4B, 0x5C, 0xFF, 0x4A, 0x54, 0x65, 0xFF, 0x7C, 0x85, 0x94, 0xFF,
    0xAA, 0xB3, 0xC0, 0xFF, 0x62, 0x6B, 0x7E, 0xFF, 0x52, 0x5C, 0x73, 0xFF, 0x41, 0x4A, 0x60, 0xFF, 0x7A, 0x84, 0x95, 0xFF, 0x37, 0x40, 0x52, 0xFF,
    0x27, 0x2D, 0x47, 0xFF, 0x20, 0x27, 0x3D, 0xFF, 0x3C, 0x42, 0x57, 0xFF, 0x4E, 0x56, 0x66, 0xFF, 0x54, 0x5D, 0x6E, 0xFF, 0x2E, 0x39, 0x4C, 0xFF,
    0x19, 0x23, 0x36, 0xFF, 0x20, 0x27, 0x3E, 0xFF, 0x2D, 0x35, 0x4C, 0xFF, 0x40, 0x49, 0x60, 0xFF, 0x64, 0x6B, 0x7F, 0xFC, 0x6D, 0x76, 0x85, 0xFF,
    0x54, 0x5E, 0x68, 0x64, 0x00, 0x00, 0x00, 0x00, 0x55, 0x55, 0xAA, 0x03, 0x00, 0x00, 0x00, 0x00, 0x00, 0x00, 0x00, 0x00, 0x00, 0x00, 0x00, 0x00,
    0x00, 0x00, 0x00, 0x00, 0x00, 0x00, 0x00, 0x00, 0x00, 0x00, 0x00, 0x00, 0x00, 0x00, 0x00, 0x00, 0x00, 0x00, 0x00, 0x00, 0x00, 0x00, 0x00, 0x00,
    0x00, 0x00, 0x00, 0x00, 0x00, 0x00, 0x00, 0x00, 0x00, 0x00, 0x00, 0x00, 0x00, 0x00, 0x00, 0x00, 0x00, 0x00, 0x00, 0x07, 0x40, 0x42, 0x46, 0xD9,
    0x20, 0x22, 0x2B, 0xFF, 0x0F, 0x13, 0x1A, 0xFD, 0x13, 0x17, 0x20, 0xFF, 0x12, 0x17, 0x21, 0xFF, 0x12, 0x16, 0x1E, 0xFF, 0x0E, 0x13, 0x1E, 0xFF,
    0x15, 0x1A, 0x27, 0xFF, 0x1C, 0x21, 0x30, 0xFF, 0x30, 0x35, 0x43, 0xFF, 0x41, 0x47, 0x54, 0xFF, 0x4C, 0x51, 0x60, 0xFF, 0x98, 0x9F, 0xAD, 0xFF,
    0xAC, 0xB4, 0xC1, 0xFF, 0x56, 0x60, 0x71, 0xFF, 0x55, 0x5F, 0x74, 0xFF, 0x53, 0x5D, 0x71, 0xFF, 0x79, 0x82, 0x8E, 0xFF, 0x1D, 0x20, 0x28, 0xFF,
    0x14, 0x16, 0x24, 0xFF, 0x1A, 0x1E, 0x2A, 0xFF, 0x49, 0x4D, 0x5C, 0xFF, 0x3F, 0x46, 0x58, 0xFF, 0x18, 0x20, 0x34, 0xFF, 0x15, 0x1F, 0x33, 0xFF,
    0x1C, 0x25, 0x39, 0xFF, 0x1C, 0x23, 0x3A, 0xFF, 0x26, 0x2D, 0x44, 0xFF, 0x3A, 0x44, 0x5B, 0xFF, 0x61, 0x68, 0x80, 0xFC, 0x70, 0x7A, 0x8D, 0xFF,
    0x64, 0x6D, 0x79, 0x56, 0x00, 0x00, 0x00, 0x00, 0x55, 0x55, 0xAA, 0x03, 0x00, 0x00, 0x00, 0x00, 0x00, 0x00, 0x00, 0x00, 0x00, 0x00, 0x00, 0x00,
    0x00, 0x00, 0x00, 0x00, 0x00, 0x00, 0x00, 0x00, 0x00, 0x00, 0x00, 0x00, 0x00, 0x00, 0x00, 0x00, 0x00, 0x00, 0x00, 0x00, 0x00, 0x00, 0x00, 0x00,
    0x00, 0x00, 0x00, 0x00, 0x00, 0x00, 0x00, 0x00, 0x00, 0x00, 0x00, 0x00, 0x00, 0x00, 0x00, 0x00, 0x1B, 0x1B, 0x21, 0x2E, 0x2C, 0x2D, 0x30, 0xFC,
    0x1A, 0x1B, 0x22, 0xFF, 0x0B, 0x0E, 0x14, 0xFE, 0x0C, 0x0F, 0x15, 0xFF, 0x0C, 0x0F, 0x16, 0xFF, 0x0C, 0x0E, 0x13, 0xFF, 0x0B, 0x0C, 0x11, 0xFF,
    0x0E, 0x0E, 0x13, 0xFF, 0x0F, 0x0F, 0x15, 0xFF, 0x1F, 0x1E, 0x24, 0xFF, 0x38, 0x37, 0x3F, 0xFF, 0x5C, 0x5B, 0x65, 0xFF, 0x7B, 0x7C, 0x88, 0xFF,
    0x87, 0x8D, 0x98, 0xFF, 0x6C, 0x76, 0x82, 0xFF, 0x47, 0x4F, 0x5F, 0xFF, 0x5D, 0x66, 0x75, 0xFF, 0x71, 0x77, 0x82, 0xFF, 0x13, 0x13, 0x16, 0xFF,
    0x0D, 0x0D, 0x11, 0xFF, 0x16, 0x18, 0x1E, 0xFF, 0x11, 0x14, 0x1B, 0xFF, 0x0D, 0x11, 0x1E, 0xFF, 0x18, 0x1E, 0x30, 0xFF, 0x1A, 0x21, 0x34, 0xFF,
    0x1A, 0x20, 0x33, 0xFF, 0x1A, 0x1E, 0x34, 0xFF, 0x20, 0x28, 0x3E, 0xFF, 0x39, 0x43, 0x5A, 0xFF, 0x5C, 0x65, 0x7D, 0xFE, 0x6C, 0x77, 0x89, 0xFF,
    0x61, 0x69, 0x75, 0x3F, 0x00, 0x00, 0x00, 0x00, 0x55, 0x55, 0x55, 0x03, 0x00, 0x00, 0x00, 0x00, 0x00, 0x00, 0x00, 0x00, 0x00, 0x00, 0x00, 0x00,
    0x00, 0x00, 0x00, 0x00, 0x00, 0x00, 0x00, 0x00, 0x00, 0x00, 0x00, 0x00, 0x00, 0x00, 0x00, 0x00, 0x00, 0x00, 0x00, 0x00, 0x00, 0x00, 0x00, 0x00,
    0x00, 0x00, 0x00, 0x00, 0x00, 0x00, 0x00, 0x00, 0x00, 0x00, 0x00, 0x00, 0x00, 0x00, 0x00, 0x00, 0x03, 0x03, 0x06, 0x53, 0x12, 0x13, 0x17, 0xF7,
    0x0B, 0x0E, 0x12, 0xFF, 0x08, 0x0C, 0x11, 0xFE, 0x0B, 0x0E, 0x14, 0xFF, 0x0B, 0x0D, 0x12, 0xFF, 0x07, 0x07, 0x0E, 0xFF, 0x08, 0x09, 0x0A, 0xFF,
    0x05, 0x05, 0x04, 0xFF, 0x05, 0x03, 0x05, 0xFF, 0x0B, 0x09, 0x0B, 0xFF, 0x13, 0x12, 0x14, 0xFF, 0x19, 0x18, 0x1C, 0xFF, 0x2C, 0x2B, 0x34, 0xFF,
    0x2A, 0x2D, 0x35, 0xFF, 0x4E, 0x56, 0x5E, 0xFF, 0x4B, 0x53, 0x61, 0xFF, 0x60, 0x6A, 0x7B, 0xFF, 0x6E, 0x74, 0x82, 0xFF, 0x19, 0x18, 0x1C, 0xFF,
    0x11, 0x10, 0x15, 0xFF, 0x14, 0x18, 0x24, 0xFF, 0x25, 0x28, 0x33, 0xFF, 0x0B, 0x0D, 0x14, 0xFF, 0x09, 0x0C, 0x15, 0xFF, 0x11, 0x15, 0x1F, 0xFF,
    0x17, 0x1B, 0x26, 0xFF, 0x15, 0x1A, 0x2B, 0xFF, 0x19, 0x21, 0x39, 0xFF, 0x37, 0x42, 0x5D, 0xFF, 0x58, 0x62, 0x79, 0xFF, 0x63, 0x6E, 0x80, 0xFE,
    0x66, 0x70, 0x7A, 0x32, 0x00, 0x00, 0x00, 0x00, 0x7F, 0x7F, 0x7F, 0x02, 0x00, 0x00, 0x00, 0x00, 0x00, 0x00, 0x00, 0x00, 0x00, 0x00, 0x00, 0x00,
    0x00, 0x00, 0x00, 0x00, 0x00, 0x00, 0x00, 0x00, 0x00, 0x00, 0x00, 0x00, 0x00, 0x00, 0x00, 0x00, 0x00, 0x00, 0x00, 0x00, 0x00, 0x00, 0x00, 0x00,
    0x00, 0x00, 0x00, 0x00, 0x00, 0x00, 0x00, 0x00, 0x00, 0x00, 0x00, 0x00, 0x00, 0x00, 0x00, 0x00, 0x1F, 0x1F, 0x1F, 0x20, 0x3C, 0x3E, 0x46, 0xEE,
    0x0F, 0x12, 0x1E, 0xFF, 0x13, 0x16, 0x22, 0xFE, 0x15, 0x19, 0x24, 0xFF, 0x12, 0x16, 0x21, 0xFF, 0x12, 0x16, 0x21, 0xFF, 0x11, 0x14, 0x1D, 0xFF,
    0x0F, 0x12, 0x1A, 0xFF, 0x12, 0x16, 0x1F, 0xFF, 0x1A, 0x1E, 0x27, 0xFF, 0x18, 0x1D, 0x27, 0xFF, 0x2A, 0x30, 0x3B, 0xFF, 0x74, 0x7C, 0x8A, 0xFF,
    0x7C, 0x86, 0x94, 0xFF, 0x65, 0x71, 0x80, 0xFF, 0x43, 0x4C, 0x5B, 0xFF, 0x53, 0x58, 0x69, 0xFF, 0x68, 0x6D, 0x7B, 0xFF, 0x16, 0x16, 0x1A, 0xFF,
    0x04, 0x04, 0x05, 0xFF, 0x11, 0x13, 0x1C, 0xFF, 0x28, 0x29, 0x32, 0xFF, 0x0A, 0x09, 0x0D, 0xFF, 0x03, 0x01, 0x05, 0xFF, 0x03, 0x02, 0x04, 0xFF,
    0x09, 0x09, 0x10, 0xFF, 0x11, 0x14, 0x24, 0xFF, 0x19, 0x21, 0x38, 0xFF, 0x36, 0x41, 0x5D, 0xFF, 0x51, 0x5A, 0x73, 0xFF, 0x5D, 0x67, 0x7B, 0xFF,
    0x66, 0x6F, 0x81, 0x37, 0x00, 0x00, 0x00, 0x00, 0x7F, 0x7F, 0x7F, 0x02, 0x00, 0x00, 0x00, 0x00, 0x00, 0x00, 0x00, 0x00, 0x00, 0x00, 0x00, 0x00,
    0x00, 0x00, 0x00, 0x00, 0x00, 0x00, 0x00, 0x00, 0x00, 0x00, 0x00, 0x00, 0x00, 0x00, 0x00, 0x00, 0x00, 0x00, 0x00, 0x00, 0x00, 0x00, 0x00, 0x00,
    0x00, 0x00, 0x00, 0x00, 0x00, 0x00, 0x00, 0x00, 0x00, 0x00, 0x00, 0x00, 0x00, 0x00, 0x00, 0x00, 0x51, 0x56, 0x5B, 0x38, 0x3F, 0x43, 0x4F, 0xFE,
    0x0F, 0x14, 0x22, 0xFE, 0x18, 0x1D, 0x2B, 0xFF, 0x17, 0x1D, 0x2A, 0xFF, 0x18, 0x1D, 0x2B, 0xFF, 0x19, 0x1D, 0x2C, 0xFF, 0x1D, 0x1F, 0x30, 0xFF,
    0x1C, 0x1F, 0x31, 0xFF, 0x21, 0x28, 0x37, 0xFF, 0x2C, 0x35, 0x44, 0xFF, 0x36, 0x3F, 0x4E, 0xFF, 0x43, 0x4C, 0x5C, 0xFF, 0x88, 0x92, 0xA2, 0xFF,
    0x87, 0x92, 0xA2, 0xFF, 0x86, 0x91, 0xA3, 0xFF, 0x89, 0x93, 0xA5, 0xFF, 0x5C, 0x60, 0x70, 0xFF, 0x42, 0x44, 0x50, 0xFF, 0x18, 0x1A, 0x1C, 0xFF,
    0x04, 0x04, 0x01, 0xFE, 0x07, 0x04, 0x08, 0xFF, 0x04, 0x02, 0x07, 0xFF, 0x03, 0x02, 0x05, 0xFF, 0x0A, 0x08, 0x0E, 0xFF, 0x0E, 0x0C, 0x10, 0xFF,
    0x03, 0x02, 0x07, 0xFF, 0x10, 0x13, 0x1C, 0xFF, 0x16, 0x1F, 0x2E, 0xFF, 0x32, 0x3B, 0x5C, 0xFE, 0x45, 0x4D, 0x6C, 0xFE, 0x4F, 0x57, 0x6E, 0xF7,
    0x4E, 0x56, 0x6A, 0x3E, 0x00, 0x00, 0x00, 0x01, 0x7F, 0x7F, 0x7F, 0x02, 0x00, 0x00, 0x00, 0x00, 0x00, 0x00, 0x00, 0x00, 0x00, 0x00, 0x00, 0x00,
    0x00, 0x00, 0x00, 0x00, 0x00, 0x00, 0x00, 0x00, 0x00, 0x00, 0x00, 0x00, 0x00, 0x00, 0x00, 0x00, 0x00, 0x00, 0x00, 0x00, 0x00, 0x00, 0x00, 0x00,
    0x00, 0x00, 0x00, 0x00, 0x00, 0x00, 0x00, 0x00, 0x00, 0x00, 0x00, 0x00, 0x00, 0x00, 0x00, 0x00, 0x5D, 0x62, 0x67, 0x6A, 0x47, 0x4F, 0x5B, 0xFF,
    0x14, 0x18, 0x2A, 0xFC, 0x1D, 0x21, 0x33, 0xFF, 0x1D, 0x22, 0x35, 0xFF, 0x1B, 0x21, 0x34, 0xFF, 0x1B, 0x21, 0x33, 0xFF, 0x1F, 0x23, 0x37, 0xFF,
    0x20, 0x27, 0x3A, 0xFF, 0x2E, 0x38, 0x4B, 0xFF, 0x38, 0x44, 0x57, 0xFF, 0x4E, 0x59, 0x6C, 0xFF, 0x5F, 0x69, 0x7A, 0xFF, 0x99, 0xA3, 0xB3, 0xFF,
    0x97, 0x9F, 0xB0, 0xFF, 0x7E, 0x89, 0x99, 0xFF, 0x75, 0x83, 0x93, 0xFF, 0x78, 0x83, 0x92, 0xFF, 0x4B, 0x50, 0x5C, 0xFF, 0x08, 0x0A, 0x0C, 0xF8,
    0x06, 0x05, 0x04, 0xFF, 0x08, 0x05, 0x07, 0xFF, 0x06, 0x05, 0x07, 0xFF, 0x09, 0x09, 0x0F, 0xFF, 0x16, 0x15, 0x24, 0xFF, 0x44, 0x45, 0x52, 0xFF,
    0x1B, 0x1D, 0x1E, 0xFF, 0x04, 0x0A, 0x07, 0xFF, 0x19, 0x21, 0x2D, 0xFF, 0x22, 0x2C, 0x42, 0xFE, 0x46, 0x4F, 0x66, 0xFE, 0x6D, 0x75, 0x89, 0xEB,
    0x90, 0x99, 0xAA, 0x1E, 0x00, 0x00, 0x00, 0x00, 0x7F, 0x7F, 0x7F, 0x02, 0x00, 0x00, 0x00, 0x00, 0x00, 0x00, 0x00, 0x00, 0x00, 0x00, 0x00, 0x00,
    0x00, 0x00, 0x00, 0x00, 0x00, 0x00, 0x00, 0x00, 0x00, 0x00, 0x00, 0x00, 0x00, 0x00, 0x00, 0x00, 0x00, 0x00, 0x00, 0x00, 0x00, 0x00, 0x00, 0x00,
    0x00, 0x00, 0x00, 0x00, 0x00, 0x00, 0x00, 0x00, 0x00, 0x00, 0x00, 0x00, 0x00, 0x00, 0x00, 0x00, 0x63, 0x68, 0x6F, 0xA4, 0x48, 0x4F, 0x5F, 0xFF,
    0x12, 0x18, 0x2A, 0xFC, 0x1B, 0x20, 0x36, 0xFF, 0x1E, 0x22, 0x39, 0xFF, 0x20, 0x25, 0x3A, 0xFF, 0x21, 0x26, 0x3B, 0xFF, 0x23, 0x28, 0x3D, 0xFF,
    0x29, 0x31, 0x48, 0xFF, 0x38, 0x43, 0x5A, 0xFF, 0x45, 0x50, 0x67, 0xFF, 0x5A, 0x64, 0x7A, 0xFF, 0x6D, 0x77, 0x8C, 0xFF, 0x98, 0xA3, 0xB3, 0xFF,
    0x99, 0xA3, 0xB4, 0xFF, 0x83, 0x8F, 0xA0, 0xFF, 0x80, 0x8D, 0x9D, 0xFE, 0x65, 0x70, 0x80, 0xFF, 0x65, 0x6C, 0x79, 0xE2, 0x02, 0x05, 0x05, 0xB1,
    0x03, 0x03, 0x01, 0xF3, 0x06, 0x06, 0x04, 0xFE, 0x05, 0x04, 0x07, 0xFF, 0x08, 0x09, 0x0E, 0xFF, 0x0E, 0x0F, 0x1C, 0xFF, 0x32, 0x32, 0x3E, 0xFF,
    0x21, 0x20, 0x23, 0xFF, 0x0A, 0x0C, 0x11, 0xFF, 0x11, 0x18, 0x25, 0xFF, 0x1F, 0x2B, 0x3B, 0xFF, 0x53, 0x5D, 0x75, 0xFC, 0x7A, 0x82, 0x99, 0xFF,
    0x92, 0x9A, 0xA9, 0xB9, 0xFF, 0xFF, 0xFF, 0x02, 0x55, 0x55, 0x55, 0x03, 0x00, 0x00, 0x00, 0x01, 0x00, 0x00, 0x00, 0x00, 0x00, 0x00, 0x00, 0x00,
    0x00, 0x00, 0x00, 0x00, 0x00, 0x00, 0x00, 0x00, 0x00, 0x00, 0x00, 0x00, 0x00, 0x00, 0x00, 0x00, 0x00, 0x00, 0x00, 0x00, 0x00, 0x00, 0x00, 0x00,
    0x00, 0x00, 0x00, 0x00, 0x00, 0x00, 0x00, 0x00, 0x00, 0x00, 0x00, 0x00, 0x00, 0x00, 0x00, 0x04, 0x57, 0x5C, 0x66, 0xCE, 0x38, 0x40, 0x50, 0xFF,
    0x14, 0x1B, 0x2B, 0xFD, 0x1E, 0x24, 0x39, 0xFF, 0x1E, 0x24, 0x3A, 0xFF, 0x22, 0x28, 0x3C, 0xFF, 0x24, 0x2A, 0x3E, 0xFF, 0x27, 0x2D, 0x42, 0xFF,
    0x2B, 0x33, 0x4A, 0xFF, 0x3C, 0x47, 0x5F, 0xFF, 0x4B, 0x55, 0x6C, 0xFF, 0x67, 0x71, 0x86, 0xFF, 0x81, 0x8C, 0xA1, 0xFF, 0xA0, 0xAB, 0xBA, 0xFF,
    0xAD, 0xB8, 0xC7, 0xFF, 0x8A, 0x96, 0xA7, 0xFF, 0x81, 0x8C, 0x9D, 0xFD, 0x6B, 0x75, 0x86, 0xFF, 0x75, 0x7A, 0x8C, 0xDE, 0x49, 0x49, 0x49, 0x26,
    0x00, 0x00, 0x00, 0x98, 0x04, 0x05, 0x05, 0xF2, 0x05, 0x04, 0x07, 0xFF, 0x05, 0x04, 0x07, 0xFE, 0x06, 0x06, 0x07, 0xFF, 0x06, 0x05, 0x06, 0xFF,
    0x09, 0x07, 0x08, 0xFF, 0x0D, 0x0E, 0x16, 0xFF, 0x1A, 0x21, 0x2F, 0xFF, 0x2E, 0x38, 0x4F, 0xFF, 0x39, 0x42, 0x5D, 0xFF, 0x5D, 0x65, 0x7A, 0xFC,
    0x88, 0x90, 0xA1, 0xFF, 0xA0, 0xA8, 0xB3, 0x8D, 0x00, 0x00, 0x00, 0x00, 0xBF, 0xBF, 0xBF, 0x04, 0x00, 0x00, 0x00, 0x00, 0x00, 0x00, 0x00, 0x00,
    0x00, 0x00, 0x00, 0x00, 0x00, 0x00, 0x00, 0x00, 0x00, 0x00, 0x00, 0x00, 0x00, 0x00, 0x00, 0x00, 0x00, 0x00, 0x00, 0x00, 0x00, 0x00, 0x00, 0x00,
    0x00, 0x00, 0x00, 0x00, 0x00, 0x00, 0x00, 0x00, 0x00, 0x00, 0x00, 0x00, 0x00, 0x00, 0x00, 0x18, 0x50, 0x54, 0x61, 0xE2, 0x3E, 0x47, 0x55, 0xFF,
    0x12, 0x1A, 0x2A, 0xFE, 0x21, 0x27, 0x3B, 0xFF, 0x21, 0x28, 0x3D, 0xFF, 0x24, 0x2C, 0x40, 0xFF, 0x24, 0x2D, 0x41, 0xFF, 0x2F, 0x36, 0x4A, 0xFF,
    0x30, 0x38, 0x4E, 0xFF, 0x3D, 0x48, 0x60, 0xFF, 0x51, 0x5C, 0x73, 0xFF, 0x7B, 0x85, 0x9B, 0xFF, 0x7E, 0x88, 0x9E, 0xFF, 0x9B, 0xA6, 0xB6, 0xFF,
    0xA8, 0xB4, 0xC1, 0xFF, 0x98, 0xA3, 0xB4, 0xFF, 0x8A, 0x94, 0xA8, 0xFE, 0x73, 0x7D, 0x8F, 0xFF, 0x6E, 0x75, 0x86, 0xF8, 0xE8, 0xE8, 0xFF, 0x17,
    0x00, 0x00, 0x00, 0x0D, 0x02, 0x02, 0x05, 0xB6, 0x05, 0x04, 0x07, 0xFC, 0x05, 0x05, 0x07, 0xFF, 0x08, 0x06, 0x04, 0xFE, 0x06, 0x05, 0x03, 0xFF,
    0x0A, 0x0C, 0x0E, 0xFF, 0x14, 0x17, 0x1F, 0xFF, 0x1C, 0x20, 0x2E, 0xFF, 0x2B, 0x33, 0x49, 0xFF, 0x3C, 0x46, 0x5E, 0xFF, 0x52, 0x5B, 0x70, 0xFF,
    0x78, 0x80, 0x93, 0xFB, 0x9E, 0xA7, 0xB0, 0xFF, 0x96, 0x9C, 0xA1, 0x62, 0x00, 0x00, 0x00, 0x00, 0xBF, 0xBF, 0xBF, 0x04, 0x00, 0x00, 0x00, 0x00,
    0x00, 0x00, 0x00, 0x00, 0x00, 0x00, 0x00, 0x00, 0x00, 0x00, 0x00, 0x00, 0x00, 0x00, 0x00, 0x00, 0x00, 0x00, 0x00, 0x00, 0x00, 0x00, 0x00, 0x00,
    0x00, 0x00, 0x00, 0x00, 0x00, 0x00, 0x00, 0x00, 0x00, 0x00, 0x00, 0x00, 0x00, 0x00, 0x00, 0x2C, 0x40, 0x44, 0x50, 0xF2, 0x4E, 0x56, 0x62, 0xFF,
    0x13, 0x1A, 0x2B, 0xFE, 0x1F, 0x26, 0x38, 0xFF, 0x21, 0x28, 0x3C, 0xFF, 0x22, 0x2B, 0x3F, 0xFF, 0x2C, 0x34, 0x48, 0xFF, 0x37, 0x3F, 0x54, 0xFF,
    0x36, 0x3F, 0x55, 0xFF, 0x41, 0x4B, 0x62, 0xFF, 0x66, 0x70, 0x85, 0xFF, 0x80, 0x8B, 0x9F, 0xFF, 0x79, 0x83, 0x96, 0xFF, 0x91, 0x9C, 0xAC, 0xFF,
    0xAE, 0xBA, 0xC6, 0xFF, 0x9A, 0xA5, 0xB5, 0xFF, 0x8C, 0x99, 0xAC, 0xFF, 0x6D, 0x79, 0x8A, 0xFE, 0x6E, 0x77, 0x8B, 0xFE, 0x83, 0x8A, 0x99, 0x46,
    0x00, 0x00, 0x00, 0x00, 0x04, 0x04, 0x08, 0x3B, 0x02, 0x02, 0x02, 0xDB, 0x05, 0x05, 0x06, 0xFE, 0x08, 0x03, 0x03, 0xFE, 0x07, 0x05, 0x08, 0xFF,
    0x12, 0x16, 0x1C, 0xFF, 0x0F, 0x12, 0x1B, 0xFF, 0x1F, 0x22, 0x30, 0xFF, 0x2D, 0x36, 0x49, 0xFF, 0x3A, 0x44, 0x5B, 0xFF, 0x59, 0x62, 0x78, 0xFF,
    0x84, 0x8E, 0x9F, 0xFE, 0xA0, 0xAB, 0xB6, 0xFC, 0x9F, 0xA9, 0xB1, 0xF8, 0xA0, 0xAC, 0xB4, 0x3E, 0x00, 0x00, 0x00, 0x00, 0xBF, 0xBF, 0xBF, 0x04,
    0x00, 0x00, 0x00, 0x00, 0x00, 0x00, 0x00, 0x00, 0x00, 0x00, 0x00, 0x00, 0x00, 0x00, 0x00, 0x00, 0x00, 0x00, 0x00, 0x00, 0x00, 0x00, 0x00, 0x00,
    0x00, 0x00, 0x00, 0x00, 0x00, 0x00, 0x00, 0x00, 0x00, 0x00, 0x00, 0x00, 0x00, 0x00, 0x04, 0x3E, 0x29, 0x2E, 0x39, 0xF9, 0x56, 0x5D, 0x69, 0xFF,
    0x17, 0x1D, 0x2D, 0xFE, 0x1A, 0x20, 0x32, 0xFF, 0x1F, 0x26, 0x38, 0xFF, 0x25, 0x2C, 0x40, 0xFF, 0x30, 0x37, 0x4B, 0xFF, 0x37, 0x3F, 0x55, 0xFF,
    0x35, 0x3F, 0x55, 0xFF, 0x53, 0x5E, 0x73, 0xFF, 0x6F, 0x79, 0x8D, 0xFF, 0x7C, 0x87, 0x99, 0xFF, 0x7B, 0x86, 0x98, 0xFF, 0x8D, 0x98, 0xA8, 0xFF,
    0xB1, 0xBD, 0xC9, 0xFF, 0x98, 0xA3, 0xB4, 0xFF, 0x87, 0x94, 0xA7, 0xFF, 0x67, 0x75, 0x86, 0xFB, 0x6E, 0x79, 0x8C, 0xFF, 0x7F, 0x88, 0x97, 0x76,
    0x00, 0x00, 0x00, 0x01, 0x00, 0x00, 0x00, 0x00, 0x00, 0x00, 0x00, 0x70, 0x03, 0x03, 0x03, 0xED, 0x06, 0x04, 0x04, 0xFE, 0x07, 0x07, 0x08, 0xFE,
    0x24, 0x26, 0x2B, 0xFF, 0x1A, 0x1C, 0x23, 0xFF, 0x23, 0x26, 0x34, 0xFF, 0x2A, 0x31, 0x47, 0xFF, 0x39, 0x44, 0x59, 0xFF, 0x50, 0x5A, 0x6F, 0xFF,
    0x6F, 0x7A, 0x8C, 0xFF, 0x9A, 0xA5, 0xB5, 0xFE, 0xA3, 0xAF, 0xBD, 0xFF, 0xA7, 0xB0, 0xBD, 0xEB, 0xA1, 0xA1, 0xAE, 0x3F, 0x00, 0x00, 0x00, 0x00,
    0xFF, 0xFF, 0xFF, 0x03, 0x00, 0x00, 0x00, 0x00, 0x00, 0x00, 0x00, 0x00, 0x00, 0x00, 0x00, 0x00, 0x00, 0x00, 0x00, 0x00, 0x00, 0x00, 0x00, 0x00,
    0x00, 0x00, 0x00, 0x00, 0x00, 0x00, 0x00, 0x00, 0x00, 0x00, 0x00, 0x00, 0x00, 0x00, 0x04, 0x3E, 0x13, 0x16, 0x22, 0xF4, 0x53, 0x5A, 0x67, 0xFF,
    0x22, 0x29, 0x38, 0xFE, 0x16, 0x1C, 0x2C, 0xFF, 0x1E, 0x24, 0x36, 0xFF, 0x29, 0x2F, 0x44, 0xFF, 0x32, 0x39, 0x4D, 0xFF, 0x35, 0x3D, 0x52, 0xFF,
    0x45, 0x4E, 0x64, 0xFF, 0x5F, 0x69, 0x7F, 0xFF, 0x6B, 0x75, 0x89, 0xFF, 0x77, 0x82, 0x95, 0xFF, 0x7B, 0x85, 0x99, 0xFF, 0x89, 0x94, 0xA5, 0xFF,
    0xA8, 0xB4, 0xC0, 0xFF, 0x91, 0x9C, 0xAE, 0xFF, 0x8A, 0x96, 0xA9, 0xFF, 0x6F, 0x7C, 0x8E, 0xFB, 0x6D, 0x79, 0x8C, 0xFF, 0x7B, 0x84, 0x93, 0xA9,
    0x00, 0x00, 0x00, 0x00, 0xAA, 0xAA, 0xAA, 0x03, 0x00, 0x00, 0x00, 0x07, 0x00, 0x01, 0x00, 0x96, 0x04, 0x04, 0x03, 0xF5, 0x04, 0x04, 0x05, 0xFF,
    0x08, 0x08, 0x0B, 0xFE, 0x16, 0x17, 0x19, 0xFF, 0x25, 0x26, 0x33, 0xFF, 0x3A, 0x40, 0x56, 0xFF, 0x31, 0x3A, 0x51, 0xFF, 0x39, 0x42, 0x58, 0xFF,
    0x49, 0x53, 0x69, 0xFF, 0x6D, 0x79, 0x8D, 0xFF, 0x8A, 0x97, 0xA9, 0xFD, 0x9A, 0xA3, 0xB4, 0xFF, 0xAA, 0xAE, 0xB9, 0xF0, 0xAF, 0xB4, 0xB9, 0x33,
    0x00, 0x00, 0x00, 0x00, 0xAA, 0xAA, 0xAA, 0x03, 0x00, 0x00, 0x00, 0x00, 0x00, 0x00, 0x00, 0x00, 0x00, 0x00, 0x00, 0x00, 0x00, 0x00, 0x00, 0x00,
    0x00, 0x00, 0x00, 0x00, 0x00, 0x00, 0x00, 0x00, 0x00, 0x00, 0x00, 0x00, 0x00, 0x00, 0x00, 0x29, 0x0C, 0x0C, 0x19, 0xE5, 0x34, 0x38, 0x49, 0xFF,
    0x2A, 0x31, 0x41, 0xFE, 0x13, 0x1A, 0x29, 0xFF, 0x1D, 0x23, 0x34, 0xFF, 0x29, 0x2F, 0x42, 0xFF, 0x2E, 0x34, 0x48, 0xFF, 0x38, 0x40, 0x55, 0xFF,
    0x4D, 0x56, 0x6B, 0xFF, 0x56, 0x60, 0x76, 0xFF, 0x67, 0x71, 0x86, 0xFF, 0x71, 0x7D, 0x90, 0xFF, 0x7B, 0x88, 0x9B, 0xFF, 0x8C, 0x97, 0xA8, 0xFF,
    0xA6, 0xB1, 0xBE, 0xFF, 0x8D, 0x98, 0xAA, 0xFF, 0x87, 0x92, 0xA6, 0xFF, 0x73, 0x7E, 0x92, 0xFD, 0x69, 0x74, 0x89, 0xFF, 0x6F, 0x7B, 0x8C, 0xC9,
    0xFF, 0xFF, 0xFF, 0x01, 0x00, 0x00, 0x00, 0x02, 0x00, 0x00, 0x00, 0x00, 0x00, 0x00, 0x00, 0x18, 0x01, 0x01, 0x00, 0xBC, 0x04, 0x04, 0x05, 0xFA,
    0x05, 0x03, 0x06, 0xFF, 0x02, 0x02, 0x04, 0xFE, 0x04, 0x06, 0x07, 0xFF, 0x21, 0x23, 0x28, 0xFF, 0x4D, 0x50, 0x65, 0xFF, 0x38, 0x3E, 0x58, 0xFF,
    0x3D, 0x47, 0x61, 0xFF, 0x42, 0x4F, 0x64, 0xFF, 0x5E, 0x6A, 0x7F, 0xFF, 0x81, 0x89, 0x9D, 0xFC, 0x92, 0x98, 0xAA, 0xFF, 0xA3, 0xA8, 0xB7, 0xE4,
    0xC0, 0xC0, 0xCE, 0x25, 0x00, 0x00, 0x00, 0x00, 0x7F, 0x7F, 0xFF, 0x02, 0x00, 0x00, 0x00, 0x00, 0x00, 0x00, 0x00, 0x00, 0x00, 0x00, 0x00, 0x00,
    0x00, 0x00, 0x00, 0x00, 0x00, 0x00, 0x00, 0x00, 0x00, 0x00, 0x00, 0x00, 0x00, 0x00, 0x00, 0x10, 0x0C, 0x0D, 0x15, 0xCE, 0x1E, 0x23, 0x32, 0xFF,
    0x2D, 0x34, 0x43, 0xFD, 0x18, 0x1F, 0x2F, 0xFF, 0x1B, 0x21, 0x31, 0xFF, 0x28, 0x2D, 0x3F, 0xFF, 0x2F, 0x33, 0x47, 0xFF, 0x3E, 0x45, 0x58, 0xFF,
    0x44, 0x4C, 0x61, 0xFF, 0x4E, 0x59, 0x6D, 0xFF, 0x5F, 0x6A, 0x7D, 0xFF, 0x6E, 0x7A, 0x8C, 0xFF, 0x73, 0x80, 0x93, 0xFF, 0x90, 0x9C, 0xAC, 0xFF,
    0xA7, 0xB2, 0xBE, 0xFF, 0x8C, 0x96, 0xA9, 0xFF, 0x81, 0x8C, 0x9F, 0xFF, 0x75, 0x80, 0x93, 0xFD, 0x6B, 0x75, 0x8A, 0xFF, 0x59, 0x64, 0x80, 0xD5,
    0x55, 0x55, 0x7F, 0x06, 0x00, 0x00, 0x00, 0x00, 0x00, 0x00, 0x00, 0x03, 0x00, 0x00, 0x00, 0x00, 0x00, 0x00, 0x00, 0x38, 0x01, 0x01, 0x01, 0xC6,
    0x07, 0x05, 0x06, 0xF6, 0x06, 0x06, 0x07, 0xFF, 0x04, 0x06, 0x06, 0xFE, 0x00, 0x00, 0x00, 0xFF, 0x20, 0x1F, 0x27, 0xFF, 0x4A, 0x4E, 0x61, 0xFF,
    0x35, 0x3E, 0x55, 0xFF, 0x39, 0x42, 0x56, 0xFF, 0x42, 0x4B, 0x60, 0xFF, 0x55, 0x5C, 0x70, 0xFF, 0x6C, 0x72, 0x86, 0xFC, 0x82, 0x88, 0x9F, 0xFF,
    0x96, 0x9D, 0xAC, 0xD4, 0xA5, 0xA5, 0xB4, 0x11, 0xFF, 0xFF, 0xFF, 0x01, 0x00, 0x00, 0x00, 0x00, 0x00, 0x00, 0x00, 0x00, 0x00, 0x00, 0x00, 0x00,
    0x00, 0x00, 0x00, 0x00, 0x00, 0x00, 0x00, 0x00, 0x00, 0x00, 0x00, 0x00, 0x00, 0x00, 0x00, 0x00, 0x0B, 0x0F, 0x12, 0xB3, 0x13, 0x17, 0x21, 0xFF,
    0x22, 0x25, 0x32, 0xFD, 0x24, 0x2A, 0x3A, 0xFF, 0x18, 0x1F, 0x2F, 0xFF, 0x26, 0x2B, 0x3C, 0xFF, 0x3D, 0x44, 0x56, 0xFF, 0x40, 0x47, 0x5A, 0xFF,
    0x3D, 0x45, 0x57, 0xFF, 0x42, 0x4D, 0x5E, 0xFF, 0x5B, 0x65, 0x78, 0xFF, 0x68, 0x73, 0x86, 0xFF, 0x63, 0x70, 0x83, 0xFF, 0x84, 0x8E, 0x9F, 0xFF,
    0xA0, 0xAB, 0xB8, 0xFF, 0x86, 0x90, 0xA2, 0xFF, 0x78, 0x82, 0x96, 0xFF, 0x71, 0x7B, 0x90, 0xFD, 0x66, 0x71, 0x85, 0xFF, 0x55, 0x61, 0x75, 0xDC,
    0x3F, 0x5F, 0x5F, 0x08, 0x00, 0x00, 0x00, 0x00, 0x00, 0x00, 0x00, 0x01, 0x00, 0x00, 0x00, 0x02, 0x00, 0x00, 0x00, 0x00, 0x00, 0x00, 0x00, 0x32,
    0x03, 0x02, 0x02, 0xC1, 0x06, 0x06, 0x06, 0xF7, 0x05, 0x06, 0x05, 0xFF, 0x06, 0x06, 0x06, 0xFE, 0x00, 0x00, 0x00, 0xFF, 0x0C, 0x0D, 0x13, 0xFF,
    0x21, 0x23, 0x2E, 0xFF, 0x21, 0x24, 0x31, 0xFF, 0x30, 0x35, 0x43, 0xFF, 0x35, 0x3B, 0x48, 0xFF, 0x46, 0x4C, 0x59, 0xFF, 0x65, 0x6B, 0x7B, 0xFB,
    0x82, 0x8B, 0x9A, 0xFF, 0x6C, 0x75, 0x81, 0xAB, 0x00, 0x00, 0x00, 0x01, 0x00, 0x00, 0x00, 0x00, 0x00, 0x00, 0x00, 0x00, 0x00, 0x00, 0x00, 0x00,
    0x00, 0x00, 0x00, 0x00, 0x00, 0x00, 0x00, 0x00, 0x00, 0x00, 0x00, 0x00, 0x00, 0x00, 0x00, 0x00, 0x06, 0x0A, 0x0B, 0x95, 0x13, 0x17, 0x1B, 0xFF,
    0x0E, 0x0B, 0x0F, 0xFD, 0x2B, 0x2E, 0x3D, 0xFF, 0x1D, 0x24, 0x38, 0xFF, 0x3D, 0x44, 0x56, 0xFF, 0x48, 0x50, 0x62, 0xFF, 0x44, 0x4D, 0x5F, 0xFF,
    0x3E, 0x47, 0x59, 0xFF, 0x43, 0x4C, 0x5D, 0xFF, 0x5A, 0x64, 0x75, 0xFF, 0x5D, 0x68, 0x7A, 0xFF, 0x56, 0x60, 0x72, 0xFF, 0x74, 0x7F, 0x8F, 0xFF,
    0x98, 0xA3, 0xB1, 0xFF, 0x7E, 0x89, 0x9B, 0xFF, 0x75, 0x7F, 0x95, 0xFF, 0x6A, 0x74, 0x8A, 0xFE, 0x5D, 0x68, 0x7D, 0xFF, 0x5F, 0x69, 0x7A, 0xE5,
    0xE9, 0xE9, 0xFF, 0x0C, 0x00, 0x00, 0x00, 0x00, 0xFF, 0xFF, 0xFF, 0x01, 0x00, 0x00, 0x00, 0x00, 0x00, 0x00, 0x00, 0x03, 0x00, 0x00, 0x00, 0x00,
    0x00, 0x00, 0x00, 0x35, 0x01, 0x01, 0x01, 0xC5, 0x04, 0x04, 0x04, 0xF5, 0x06, 0x05, 0x06, 0xFF, 0x07, 0x06, 0x07, 0xFF, 0x05, 0x03, 0x06, 0xFE,
    0x02, 0x00, 0x03, 0xFE, 0x03, 0x02, 0x06, 0xFF, 0x12, 0x11, 0x17, 0xFF, 0x3B, 0x3D, 0x45, 0xFF, 0x51, 0x56, 0x5F, 0xFF, 0x66, 0x6B, 0x74, 0xFF,
    0x88, 0x8D, 0x9D, 0xFC, 0x8B, 0x91, 0xA2, 0xFF, 0x6D, 0x73, 0x82, 0x54, 0x00, 0x00, 0x00, 0x00, 0x00, 0x00, 0x00, 0x00, 0x00, 0x00, 0x00, 0x00,
    0x00, 0x00, 0x00, 0x00, 0x00, 0x00, 0x00, 0x00, 0x00, 0x00, 0x00, 0x00, 0x00, 0x00, 0x00, 0x00, 0x00, 0x02, 0x02, 0x6D, 0x0F, 0x14, 0x1A, 0xFD,
    0x06, 0x08, 0x08, 0xFE, 0x19, 0x18, 0x21, 0xFE, 0x38, 0x3F, 0x51, 0xFF, 0x41, 0x4A, 0x5B, 0xFF, 0x44, 0x4D, 0x5E, 0xFF, 0x43, 0x4C, 0x5D, 0xFF,
    0x40, 0x48, 0x5A, 0xFF, 0x46, 0x4E, 0x60, 0xFF, 0x57, 0x62, 0x71, 0xFF, 0x5A, 0x66, 0x74, 0xFF, 0x51, 0x5D, 0x6B, 0xFF, 0x65, 0x70, 0x80, 0xFF,
    0x8E, 0x99, 0xA9, 0xFF, 0x7F, 0x8A, 0x9D, 0xFF, 0x76, 0x80, 0x95, 0xFF, 0x6A, 0x74, 0x8A, 0xFD, 0x5B, 0x65, 0x7B, 0xFF, 0x66, 0x6D, 0x7F, 0xD8,
    0xFF, 0xFF, 0xFF, 0x07, 0x00, 0x00, 0x00, 0x00, 0xFF, 0xFF, 0xFF, 0x01, 0x00, 0x00, 0x00, 0x00, 0x00, 0x00, 0x00, 0x00, 0x00, 0x00, 0x00, 0x03,
    0x00, 0x00, 0x00, 0x00, 0x00, 0x00, 0x00, 0x2C, 0x00, 0x00, 0x00, 0xAA, 0x03, 0x03, 0x03, 0xEC, 0x06, 0x04, 0x05, 0xFC, 0x07, 0x05, 0x06, 0xFF,
    0x07, 0x05, 0x07, 0xFF, 0x06, 0x05, 0x06, 0xFF, 0x03, 0x03, 0x04, 0xFE, 0x03, 0x03, 0x04, 0xFE, 0x0F, 0x10, 0x14, 0xFE, 0x21, 0x23, 0x25, 0xFE,
    0x3A, 0x3B, 0x42, 0xFC, 0x51, 0x53, 0x5E, 0xFF, 0x4E, 0x50, 0x5D, 0x7B, 0x00, 0x00, 0x00, 0x00, 0x00, 0x00, 0x00, 0x00, 0x00, 0x00, 0x00, 0x00,
    0x00, 0x00, 0x00, 0x00, 0x00, 0x00, 0x00, 0x00, 0x00, 0x00, 0x00, 0x00, 0x00, 0x00, 0x00, 0x00, 0x00, 0x00, 0x00, 0x29, 0x04, 0x07, 0x0C, 0xDA,
    0x0E, 0x0F, 0x15, 0xFF, 0x06, 0x04, 0x06, 0xFE, 0x23, 0x28, 0x34, 0xFF, 0x38, 0x3F, 0x54, 0xFF, 0x3B, 0x43, 0x54, 0xFF, 0x3E, 0x46, 0x57, 0xFF,
    0x3C, 0x44, 0x56, 0xFF, 0x47, 0x4F, 0x5F, 0xFF, 0x4E, 0x58, 0x67, 0xFF, 0x53, 0x5D, 0x6C, 0xFF, 0x51, 0x5B, 0x6B, 0xFF, 0x57, 0x62, 0x71, 0xFF,
    0x87, 0x93, 0xA2, 0xFF, 0x86, 0x91, 0xA4, 0xFF, 0x77, 0x80, 0x97, 0xFF, 0x6E, 0x78, 0x8E, 0xFC, 0x5D, 0x67, 0x7E, 0xFF, 0x79, 0x81, 0x91, 0xB3,
    0x00, 0x00, 0x00, 0x00, 0x00, 0x00, 0x00, 0x02, 0x00, 0x00, 0x00, 0x00, 0x00, 0x00, 0x00, 0x00, 0x00, 0x00, 0x00, 0x00, 0x00, 0x00, 0x00, 0x00,
    0x00, 0x00, 0x00, 0x03, 0x00, 0x00, 0x00, 0x00, 0x00, 0x00, 0x00, 0x11, 0x00, 0x00, 0x00, 0x7D, 0x02, 0x00, 0x01, 0xD4, 0x04, 0x03, 0x03, 0xF0,
    0x05, 0x04, 0x04, 0xFB, 0x05, 0x05, 0x04, 0xFF, 0x06, 0x06, 0x04, 0xFF, 0x05, 0x05, 0x04, 0xFF, 0x02, 0x01, 0x01, 0xFF, 0x00, 0x00, 0x00, 0xFF,
    0x00, 0x00, 0x00, 0xFF, 0x00, 0x00, 0x00, 0xBF, 0x00, 0x00, 0x00, 0x10, 0x00, 0x00, 0x00, 0x00, 0x00, 0x00, 0x00, 0x00, 0x00, 0x00, 0x00, 0x00,
    0x00, 0x00, 0x00, 0x00, 0x00, 0x00, 0x00, 0x00, 0x00, 0x00, 0x00, 0x00, 0x00, 0x00, 0x00, 0x02, 0x00, 0x00, 0x00, 0x00, 0x00, 0x00, 0x00, 0x87,
    0x0B, 0x0B, 0x0F, 0xFD, 0x07, 0x06, 0x0A, 0xFE, 0x05, 0x05, 0x09, 0xFE, 0x23, 0x29, 0x3A, 0xFF, 0x32, 0x3B, 0x4E, 0xFF, 0x33, 0x39, 0x4A, 0xFF,
    0x34, 0x3A, 0x4D, 0xFF, 0x46, 0x4C, 0x5E, 0xFF, 0x3F, 0x47, 0x57, 0xFF, 0x51, 0x5A, 0x69, 0xFF, 0x54, 0x5C, 0x6E, 0xFF, 0x51, 0x5B, 0x6C, 0xFF,
    0x79, 0x84, 0x95, 0xFF, 0x81, 0x8B, 0xA0, 0xFF, 0x66, 0x70, 0x87, 0xFF, 0x5B, 0x64, 0x7D, 0xFB, 0x6A, 0x74, 0x89, 0xFF, 0x93, 0x9C, 0xA7, 0x89,
    0x00, 0x00, 0x00, 0x00, 0x7F, 0x7F, 0x7F, 0x04, 0x00, 0x00, 0x00, 0x00, 0x00, 0x00, 0x00, 0x00, 0x00, 0x00, 0x00, 0x00, 0x00, 0x00, 0x00, 0x00,
    0x00, 0x00, 0x00, 0x00, 0x00, 0x00, 0x00, 0x02, 0x00, 0x00, 0x00, 0x00, 0x00, 0x00, 0x00, 0x00, 0x00, 0x00, 0x00, 0x2D, 0x00, 0x00, 0x00, 0x63,
    0x01, 0x01, 0x01, 0x96, 0x02, 0x02, 0x02, 0xBE, 0x02, 0x02, 0x02, 0xD5, 0x02, 0x02, 0x02, 0xD0, 0x02, 0x03, 0x03, 0xC3, 0x04, 0x04, 0x04, 0xB4,
    0x07, 0x07, 0x07, 0x6C, 0x22, 0x22, 0x22, 0x0F, 0x00, 0x00, 0x00, 0x00, 0x00, 0x00, 0x00, 0x00, 0x00, 0x00, 0x00, 0x00, 0x00, 0x00, 0x00, 0x00,
    0x00, 0x00, 0x00, 0x00, 0x00, 0x00, 0x00, 0x00, 0x00, 0x00, 0x00, 0x00, 0x00, 0x00, 0x00, 0x02, 0x00, 0x00, 0x00, 0x00, 0x00, 0x00, 0x00, 0x29,
    0x02, 0x02, 0x02, 0xDD, 0x08, 0x07, 0x0A, 0xFF, 0x04, 0x04, 0x07, 0xFE, 0x05, 0x07, 0x0C, 0xFF, 0x21, 0x25, 0x32, 0xFF, 0x2E, 0x35, 0x47, 0xFF,
    0x37, 0x3D, 0x50, 0xFF, 0x3C, 0x41, 0x54, 0xFF, 0x34, 0x3D, 0x4C, 0xFF, 0x47, 0x50, 0x5F, 0xFF, 0x52, 0x5A, 0x6C, 0xFF, 0x4E, 0x59, 0x69, 0xFF,
    0x6F, 0x79, 0x8D, 0xFF, 0x89, 0x93, 0xA9, 0xFF, 0x64, 0x6E, 0x83, 0xFF, 0x59, 0x64, 0x7D, 0xFC, 0x7D, 0x86, 0x96, 0xFF, 0x4A, 0x4F, 0x52, 0x60,
    0x00, 0x00, 0x00, 0x00, 0x55, 0x55, 0x55, 0x03, 0x00, 0x00, 0x00, 0x00, 0x00, 0x00, 0x00, 0x00, 0x00, 0x00, 0x00, 0x00, 0x00, 0x00, 0x00, 0x00,
    0x00, 0x00, 0x00, 0x00, 0x00, 0x00, 0x00, 0x00, 0x00, 0x00, 0x00, 0x01, 0x00, 0x00, 0x00, 0x01, 0x00, 0x00, 0x00, 0x00, 0x00, 0x00, 0x00, 0x00,
    0x00, 0x00, 0x00, 0x00, 0x00, 0x00, 0x00, 0x12, 0x00, 0x00, 0x00, 0x24, 0x00, 0x00, 0x00, 0x1A, 0x00, 0x00, 0x00, 0x0F, 0x00, 0x00, 0x00, 0x02,
    0x00, 0x00, 0x00, 0x00, 0x00, 0x00, 0x00, 0x00, 0x00, 0x00, 0x00, 0x01, 0x00, 0x00, 0x00, 0x00, 0x00, 0x00, 0x00, 0x00, 0x00, 0x00, 0x00, 0x00,
    0x00, 0x00, 0x00, 0x00, 0x00, 0x00, 0x00, 0x00, 0x00, 0x00, 0x00, 0x00, 0x00, 0x00, 0x00, 0x00, 0x00, 0x00, 0x00, 0x01, 0x00, 0x00, 0x00, 0x00,
    0x00, 0x00, 0x00, 0x92, 0x03, 0x04, 0x03, 0xF8, 0x06, 0x06, 0x09, 0xFE, 0x05, 0x03, 0x05, 0xFF, 0x05, 0x04, 0x06, 0xFE, 0x1B, 0x1D, 0x2A, 0xFF,
    0x39, 0x3D, 0x4F, 0xFF, 0x38, 0x40, 0x51, 0xFF, 0x36, 0x3F, 0x4F, 0xFF, 0x46, 0x4E, 0x62, 0xFF, 0x4E, 0x58, 0x6E, 0xFF, 0x50, 0x5A, 0x6F, 0xFF,
    0x66, 0x6F, 0x83, 0xFF, 0x8A, 0x95, 0xA8, 0xFF, 0x68, 0x73, 0x86, 0xFE, 0x71, 0x7A, 0x8E, 0xFE, 0x46, 0x4D, 0x56, 0xF8, 0x00, 0x00, 0x00, 0x28,
    0x00, 0x00, 0x00, 0x00, 0x00, 0x00, 0x00, 0x02, 0x00, 0x00, 0x00, 0x00, 0x00, 0x00, 0x00, 0x00, 0x00, 0x00, 0x00, 0x00, 0x00, 0x00, 0x00, 0x00,
    0x00, 0x00, 0x00, 0x00, 0x00, 0x00, 0x00, 0x00, 0x00, 0x00, 0x00, 0x00, 0x00, 0x00, 0x00, 0x00, 0x00, 0x00, 0x00, 0x02, 0x00, 0x00, 0x00, 0x03,
    0x00, 0x00, 0x00, 0x01, 0x00, 0x00, 0x00, 0x00, 0x00, 0x00, 0x00, 0x00, 0x00, 0x00, 0x00, 0x00, 0x00, 0x00, 0x00, 0x00, 0x00, 0x00, 0x00, 0x00,
    0x00, 0x00, 0x00, 0x03, 0x00, 0x00, 0x00, 0x01, 0x00, 0x00, 0x00, 0x00, 0x00, 0x00, 0x00, 0x00, 0x00, 0x00, 0x00, 0x00, 0x00, 0x00, 0x00, 0x00,
    0x00, 0x00, 0x00, 0x00, 0x00, 0x00, 0x00, 0x00, 0x00, 0x00, 0x00, 0x00, 0x00, 0x00, 0x00, 0x00, 0x00, 0x00, 0x00, 0x01, 0x00, 0x00, 0x00, 0x01,
    0x00, 0x00, 0x00, 0x1E, 0x00, 0x00, 0x00, 0x9F, 0x04, 0x02, 0x02, 0xE7, 0x06, 0x04, 0x05, 0xFC, 0x06, 0x04, 0x05, 0xFF, 0x04, 0x00, 0x03, 0xFE,
    0x0D, 0x0A, 0x11, 0xFE, 0x1E, 0x20, 0x2C, 0xFE, 0x3A, 0x43, 0x52, 0xFF, 0x5C, 0x69, 0x7C, 0xFF, 0x54, 0x62, 0x7A, 0xFF, 0x4F, 0x57, 0x72, 0xFF,
    0x58, 0x60, 0x77, 0xFF, 0x8D, 0x97, 0xAA, 0xFF, 0x80, 0x8A, 0x9C, 0xFB, 0x37, 0x3D, 0x44, 0xFF, 0x02, 0x05, 0x04, 0xAF, 0x00, 0x00, 0x00, 0x00,
    0x00, 0x00, 0x00, 0x02, 0x00, 0x00, 0x00, 0x00, 0x00, 0x00, 0x00, 0x00, 0x00, 0x00, 0x00, 0x00, 0x00, 0x00, 0x00, 0x00, 0x00, 0x00, 0x00, 0x00,
    0x00, 0x00, 0x00, 0x00, 0x00, 0x00, 0x00, 0x00, 0x00, 0x00, 0x00, 0x00, 0x00, 0x00, 0x00, 0x00, 0x00, 0x00, 0x00, 0x00, 0x00, 0x00, 0x00, 0x00,
    0x00, 0x00, 0x00, 0x00, 0x00, 0x00, 0x00, 0x01, 0x00, 0x00, 0x00, 0x02, 0x00, 0x00, 0x00, 0x01, 0x00, 0x00, 0x00, 0x01, 0x00, 0x00, 0x00, 0x01,
    0x00, 0x00, 0x00, 0x00, 0x00, 0x00, 0x00, 0x00, 0x00, 0x00, 0x00, 0x00, 0x00, 0x00, 0x00, 0x00, 0x00, 0x00, 0x00, 0x00, 0x00, 0x00, 0x00, 0x00,
    0x00, 0x00, 0x00, 0x00, 0x00, 0x00, 0x00, 0x00, 0x00, 0x00, 0x00, 0x00, 0x00, 0x00, 0x00, 0x00, 0x00, 0x00, 0x00, 0x00, 0x00, 0x00, 0x00, 0x01,
    0x00, 0x00, 0x00, 0x00, 0x00, 0x00, 0x00, 0x08, 0x00, 0x00, 0x00, 0x72, 0x03, 0x01, 0x01, 0xD8, 0x05, 0x04, 0x05, 0xF9, 0x07, 0x05, 0x06, 0xFF,
    0x05, 0x02, 0x05, 0xFF, 0x02, 0x00, 0x06, 0xFF, 0x0C, 0x0D, 0x14, 0xFF, 0x37, 0x3C, 0x46, 0xFF, 0x5E, 0x66, 0x74, 0xFE, 0x6F, 0x79, 0x8B, 0xFE,
    0x7A, 0x83, 0x93, 0xFE, 0x8F, 0x98, 0xA3, 0xFD, 0x36, 0x3A, 0x43, 0xFD, 0x00, 0x00, 0x00, 0xFB, 0x14, 0x14, 0x0F, 0x32, 0x00, 0x00, 0x00, 0x00,
    0x00, 0x00, 0x00, 0x03, 0x00, 0x00, 0x00, 0x00, 0x00, 0x00, 0x00, 0x00, 0x00, 0x00, 0x00, 0x00, 0x00, 0x00, 0x00, 0x00, 0x00, 0x00, 0x00, 0x00,
    0x00, 0x00, 0x00, 0x00, 0x00, 0x00, 0x00, 0x00, 0x00, 0x00, 0x00, 0x00, 0x00, 0x00, 0x00, 0x00, 0x00, 0x00, 0x00, 0x00, 0x00, 0x00, 0x00, 0x00,
    0x00, 0x00, 0x00, 0x00, 0x00, 0x00, 0x00, 0x00, 0x00, 0x00, 0x00, 0x00, 0x00, 0x00, 0x00, 0x00, 0x00, 0x00, 0x00, 0x00, 0x00, 0x00, 0x00, 0x00,
    0x00, 0x00, 0x00, 0x00, 0x00, 0x00, 0x00, 0x00, 0x00, 0x00, 0x00, 0x00, 0x00, 0x00, 0x00, 0x00, 0x00, 0x00, 0x00, 0x00, 0x00, 0x00, 0x00, 0x00,
    0x00, 0x00, 0x00, 0x00, 0x00, 0x00, 0x00, 0x00, 0x00, 0x00, 0x00, 0x00, 0x00, 0x00, 0x00, 0x00, 0x00, 0x00, 0x00, 0x00, 0x00, 0x00, 0x00, 0x00,
    0x00, 0x00, 0x00, 0x02, 0x00, 0x00, 0x00, 0x00, 0x00, 0x00, 0x00, 0x00, 0x00, 0x00, 0x00, 0x46, 0x00, 0x00, 0x00, 0xA9, 0x01, 0x02, 0x01, 0xCC,
    0x04, 0x04, 0x05, 0xE6, 0x05, 0x04, 0x07, 0xF6, 0x03, 0x02, 0x04, 0xFE, 0x00, 0x00, 0x00, 0xFF, 0x0C, 0x0D, 0x0F, 0xFF, 0x2D, 0x2F, 0x32, 0xFF,
    0x35, 0x38, 0x39, 0xFF, 0x11, 0x13, 0x14, 0xFF, 0x00, 0x00, 0x00, 0xFF, 0x0B, 0x0B, 0x0D, 0x82, 0x00, 0x00, 0x00, 0x00, 0x00, 0x00, 0x00, 0x02,
    0x00, 0x00, 0x00, 0x00, 0x00, 0x00, 0x00, 0x00, 0x00, 0x00, 0x00, 0x00, 0x00, 0x00, 0x00, 0x00, 0x00, 0x00, 0x00, 0x00, 0x00, 0x00, 0x00, 0x00,
    0x00, 0x00, 0x00, 0x00, 0x00, 0x00, 0x00, 0x00, 0x00, 0x00, 0x00, 0x00, 0x00, 0x00, 0x00, 0x00, 0x00, 0x00, 0x00, 0x00, 0x00, 0x00, 0x00, 0x00,
    0x00, 0x00, 0x00, 0x00, 0x00, 0x00, 0x00, 0x00, 0x00, 0x00, 0x00, 0x00, 0x00, 0x00, 0x00, 0x00, 0x00, 0x00, 0x00, 0x00, 0x00, 0x00, 0x00, 0x00,
    0x00, 0x00, 0x00, 0x00, 0x00, 0x00, 0x00, 0x00, 0x00, 0x00, 0x00, 0x00, 0x00, 0x00, 0x00, 0x00, 0x00, 0x00, 0x00, 0x00, 0x00, 0x00, 0x00, 0x00,
    0x00, 0x00, 0x00, 0x00, 0x00, 0x00, 0x00, 0x00, 0x00, 0x00, 0x00, 0x00, 0x00, 0x00, 0x00, 0x00, 0x00, 0x00, 0x00, 0x00, 0x00, 0x00, 0x00, 0x00,
    0x00, 0x00, 0x00, 0x00, 0x00, 0x00, 0x00, 0x01, 0x00, 0x00, 0x00, 0x02, 0x00, 0x00, 0x00, 0x00, 0x00, 0x00, 0x00, 0x03, 0x00, 0x00, 0x00, 0x1F,
    0x00, 0x00, 0x00, 0x42, 0x00, 0x00, 0x00, 0x6F, 0x00, 0x01, 0x00, 0x9B, 0x02, 0x04, 0x04, 0xBF, 0x01, 0x01, 0x00, 0xCB, 0x00, 0x00, 0x00, 0xD3,
    0x00, 0x00, 0x00, 0xCC, 0x00, 0x00, 0x00, 0xAE, 0x06, 0x06, 0x06, 0x77, 0x00, 0x00, 0x00, 0x03, 0x00, 0x00, 0x00, 0x01, 0x00, 0x00, 0x00, 0x01,
    0x00, 0x00, 0x00, 0x00, 0x00, 0x00, 0x00, 0x00, 0x00, 0x00, 0x00, 0x00, 0x00, 0x00, 0x00, 0x00, 0x00, 0x00, 0x00, 0x00, 0x00, 0x00, 0x00, 0x00,
    0x00, 0x00, 0x00, 0x00, 0x00, 0x00, 0x00, 0x00, 0x00, 0x00, 0x00, 0x00, 0x00, 0x00, 0x00, 0x00, 0x00, 0x00, 0x00, 0x00, 0x00, 0x00, 0x00, 0x00,
    0x00, 0x00, 0x00, 0x00, 0x00, 0x00, 0x00, 0x00, 0x00, 0x00, 0x00, 0x00, 0x00, 0x00, 0x00, 0x00, 0x00, 0x00, 0x00, 0x00, 0x00, 0x00, 0x00, 0x00,
    0x00, 0x00, 0x00, 0x00, 0x00, 0x00, 0x00, 0x00, 0x00, 0x00, 0x00, 0x00, 0x00, 0x00, 0x00, 0x00, 0x00, 0x00, 0x00, 0x00, 0x00, 0x00, 0x00, 0x00,
    0x00, 0x00, 0x00, 0x00, 0x00, 0x00, 0x00, 0x00, 0x00, 0x00, 0x00, 0x00, 0x00, 0x00, 0x00, 0x00, 0x00, 0x00, 0x00, 0x00, 0x00, 0x00, 0x00, 0x00,
    0x00, 0x00, 0x00, 0x00, 0x00, 0x00, 0x00, 0x00, 0x00, 0x00, 0x00, 0x00, 0x00, 0x00, 0x00, 0x02, 0x00, 0x00, 0x00, 0x00, 0x00, 0x00, 0x00, 0x00,
    0x00, 0x00, 0x00, 0x00, 0x00, 0x00, 0x00, 0x00, 0x00, 0x00, 0x00, 0x00, 0x00, 0x00, 0x00, 0x15, 0x00, 0x00, 0x00, 0x1E, 0x06, 0x0C, 0x0C, 0x28,
    0x13, 0x13, 0x13, 0x1A, 0x00, 0x00, 0x00, 0x00, 0x00, 0x00, 0x00, 0x00, 0x00, 0x00, 0x00, 0x00, 0x00, 0x00, 0x00, 0x00, 0x00, 0x00, 0x00, 0x00,
    0x00, 0x00, 0x00, 0x00, 0x00, 0x00, 0x00, 0x00, 0x00, 0x00, 0x00, 0x00, 0x00, 0x00, 0x00, 0x00, 0x00, 0x00, 0x00, 0x00, 0x00, 0x00, 0x00, 0x00,
    0x00, 0x00, 0x00, 0x00, 0x00, 0x00, 0x00, 0x00, 0x00, 0x00, 0x00, 0x00, 0x00, 0x00, 0x00, 0x00, 0x00, 0x00, 0x00, 0x00, 0x00, 0x00, 0x00, 0x00,
    0x00, 0x00, 0x00, 0x00, 0x00, 0x00, 0x00, 0x00, 0x00, 0x00, 0x00, 0x00, 0x00, 0x00, 0x00, 0x00, 0x00, 0x00, 0x00, 0x00, 0x00, 0x00, 0x00, 0x00,
    0x00, 0x00, 0x00, 0x00, 0x00, 0x00, 0x00, 0x00, 0x00, 0x00, 0x00, 0x00, 0x00, 0x00, 0x00, 0x00, 0x00, 0x00, 0x00, 0x00, 0x00, 0x00, 0x00, 0x00,
    0x00, 0x00, 0x00, 0x00, 0x00, 0x00, 0x00, 0x00, 0x00, 0x00, 0x00, 0x00, 0x00, 0x00, 0x00, 0x00, 0x00, 0x00, 0x00, 0x00, 0x00, 0x00, 0x00, 0x00,
    0x00, 0x00, 0x00, 0x00, 0x00, 0x00, 0x00, 0x00, 0x00, 0x00, 0x00, 0x00, 0x00, 0x00, 0x00, 0x00, 0x00, 0x00, 0x00, 0x00, 0x00, 0x00, 0x00, 0x00,
    0x00, 0x00, 0x00, 0x00, 0x00, 0x00, 0x00, 0x00, 0x00, 0x00, 0x00, 0x00, 0x00, 0x00, 0x00, 0x00, 0x00, 0x00, 0x00, 0x00, 0x00, 0x00, 0x00, 0x00,
    0x00, 0x00, 0x00, 0x00, 0x00, 0x00, 0x00, 0x00, 0x00, 0x00, 0x00, 0x00, 0x00, 0x00, 0x00, 0x00, 0x00, 0x00, 0x00, 0x00, 0x00, 0x00, 0x00, 0x00,
    0x00, 0x00, 0x00, 0x00, 0x00, 0x00, 0x00, 0x00, 0x00, 0x00, 0x00, 0x00, 0x00, 0x00, 0x00, 0x00, 0x00, 0x00, 0x00, 0x00, 0x00, 0x00, 0x00, 0x00,
    0x00, 0x00, 0x00, 0x00, 0x00, 0x00, 0x00, 0x00, 0x00, 0x00, 0x00, 0x00, 0x00, 0x00, 0x00, 0x00, 0x00, 0x00, 0x00, 0x00, 0x00, 0x00, 0x00, 0x00,
    0x00, 0x00, 0x00, 0x00, 0x00, 0x00, 0x00, 0x00, 0x00, 0x00, 0x00, 0x00, 0x00, 0x00, 0x00, 0x00, 0x00, 0x00, 0x00, 0x00, 0x00, 0x00, 0x00, 0x00,
    0x00, 0x00, 0x00, 0x00, 0x00, 0x00, 0x00, 0x00, 0x00, 0x00, 0x00, 0x00, 0x00, 0x00, 0x00, 0x00, 0x00, 0x00, 0x00, 0x00, 0x00, 0x00, 0x00, 0x00,
    0x00, 0x00, 0x00, 0x00, 0x00, 0x00, 0x00, 0x00, 0x00, 0x00, 0x00, 0x00, 0x00, 0x00, 0x00, 0x00, 0x00, 0x00, 0x00, 0x00, 0x00, 0x00, 0x00, 0x00,
    0x00, 0x00, 0x00, 0x00, 0x00, 0x00, 0x00, 0x00, 0x00, 0x00, 0x00, 0x00, 0x00, 0x00, 0x00, 0x00, 0x00, 0x00, 0x00, 0x00, 0x00, 0x00, 0x00, 0x00,
    0x00, 0x00, 0x00, 0x00, 0x00, 0x00, 0x00, 0x00, 0x00, 0x00, 0x00, 0x00, 0x00, 0x00, 0x00, 0x00, 0x00, 0x00, 0x00, 0x00, 0x00, 0x00, 0x00, 0x00,
    0x00, 0x00, 0x00, 0x00, 0x00, 0x00, 0x00, 0x00, 0x00, 0x00, 0x00, 0x00, 0x00, 0x00, 0x00, 0x00, 0x00, 0x00, 0x00, 0x00, 0x00, 0x00, 0x00, 0x00,
    0x00, 0x00, 0x00, 0x00, 0x00, 0x00, 0x00, 0x00, 0x00, 0x00, 0x00, 0x00, 0x00, 0x00, 0x00, 0x00, 0x00, 0x00, 0x00, 0x00, 0x00, 0x00, 0x00, 0x00,
    0x00, 0x00, 0x00, 0x00, 0x00, 0x00, 0x00, 0x00, 0x00, 0x00, 0x00, 0x00, 0x00, 0x00, 0x00, 0x00, 0x00, 0x00, 0x00, 0x00, 0x00, 0x00, 0x00, 0x00,
    0x00, 0x00, 0x00, 0x00, 0x00, 0x00, 0x00, 0x00, 0x00, 0x00, 0x00, 0x00, 0x00, 0x00, 0x00, 0x00, 0x00, 0x00, 0x00, 0x00, 0x00, 0x00, 0x00, 0x00,
    0x00, 0x00, 0x00, 0x00, 0x00, 0x00, 0x00, 0x00, 0x00, 0x00, 0x00, 0x00, 0x00, 0x00, 0x00, 0x00, 0x00, 0x00, 0x00, 0x00, 0x00, 0x00, 0x00, 0x00,
    0x00, 0x00, 0x00, 0x00, 0x00, 0x00, 0x00, 0x00, 0x00, 0x00, 0x00, 0x00, 0x00, 0x00, 0x00, 0x00, 0x00, 0x00, 0x00, 0x00, 0x00, 0x00, 0x00, 0x00,
    0x00, 0x00, 0x00, 0x00, 0x00, 0x00, 0x00, 0x00, 0x00, 0x00, 0x00, 0x00, 0x00, 0x00, 0x00, 0x00, 0x00, 0x00, 0x00, 0x00, 0x00, 0x00, 0x00, 0x00,
    0x00, 0x00, 0x00, 0x00, 0x00, 0x00, 0x00, 0x00, 0x00, 0x00, 0x00, 0x00, 0x00, 0x00, 0x00, 0x00, 0x00, 0x00, 0x00, 0x00, 0x00, 0x00, 0x00, 0x00,
    0x00, 0x00, 0x00, 0x00, 0x00, 0x00, 0x00, 0x00, 0x00, 0x00, 0x00, 0x00, 0x00, 0x00, 0x00, 0x00, 0x00, 0x00, 0x00, 0x00, 0x00, 0x00, 0x00, 0x00,
    0x00, 0x00, 0x00, 0x00, 0x00, 0x00, 0x00, 0x00, 0x00, 0x00, 0x00, 0x00, 0x00, 0x00, 0x00, 0x00, 0x00, 0x00, 0x00, 0x00, 0x00, 0x00, 0x00, 0x00,
    0x00, 0x00, 0x00, 0x00, 0x00, 0x00, 0x00, 0x00, 0x00, 0x00, 0x00, 0x00, 0x00, 0x00, 0x00, 0x00, 0x00, 0x00, 0x00, 0x00, 0x00, 0x00, 0x00, 0x00,
    0x00, 0x00, 0x00, 0x00, 0x00, 0x00, 0x00, 0x00, 0x00, 0x00, 0x00, 0x00, 0x00, 0x00, 0x00, 0x00, 0x00, 0x00, 0x00, 0x00, 0x00, 0x00, 0x00, 0x00,
    0x00, 0x00, 0x00, 0x00, 0x00, 0x00, 0x00, 0x00, 0x00, 0x00, 0x00, 0x00, 0x00, 0x00, 0x00, 0x00, 0x00, 0x00, 0x00, 0x00, 0x00, 0x00, 0x00, 0x00,
    0x00, 0x00, 0x00, 0x00, 0x00, 0x00, 0x00, 0x00, 0x00, 0x00, 0x00, 0x00, 0x00, 0x00, 0x00, 0x00, 0x00, 0x00, 0x00, 0x00, 0x00, 0x00, 0x00, 0x00,
    0x00, 0x00, 0x00, 0x00, 0x00, 0x00, 0x00, 0x00, 0x00, 0x00, 0x00, 0x00, 0x00, 0x00, 0x00, 0x00, 0x00, 0x00, 0x00, 0x00, 0x00, 0x00, 0x00, 0x00,
    0x00, 0x00, 0x00, 0x00, 0x00, 0x00, 0x00, 0x00, 0x00, 0x00, 0x00, 0x00, 0x00, 0x00, 0x00, 0x00, 0x00, 0x00, 0x00, 0x00, 0x00, 0x00, 0x00, 0x00,
    0x00, 0x00, 0x00, 0x00, 0x00, 0x00, 0x00, 0x00, 0x00, 0x00, 0x00, 0x00, 0x00, 0x00, 0x00, 0x00, 0x00, 0x00, 0x00, 0x00, 0x00, 0x00, 0x00, 0x00,
    0x00, 0x00, 0x00, 0x00, 0x00, 0x00, 0x00, 0x00, 0x00, 0x00, 0x00, 0x00, 0x00, 0x00, 0x00, 0x00, 0x00, 0x00, 0x00, 0x00, 0x00, 0x00, 0x00, 0x00,
    0x00, 0x00, 0x00, 0x00, 0x00, 0x00, 0x00, 0x00, 0x00, 0x00, 0x00, 0x00, 0x00, 0x00, 0x00, 0x00, 0x00, 0x00, 0x00, 0x00, 0x00, 0x00, 0x00, 0x00,
    0x00, 0x00, 0x00, 0x00, 0x00, 0x00, 0x00, 0x00, 0x00, 0x00, 0x00, 0x00, 0x00, 0x00, 0x00, 0x00, 0x00, 0x00, 0x00, 0x00, 0x00, 0x00, 0x00, 0x00,
    0x00, 0x00, 0x00, 0x00, 0x00, 0x00, 0x00, 0x00, 0x00, 0x00, 0x00, 0x00, 0x00, 0x00, 0x00, 0x00, 0x00, 0x00, 0x00, 0x00, 0x00, 0x00, 0x00, 0x00,
};
inline constexpr std::array<std::uint8_t, 9216> riot_helmet = {
    0x00, 0x00, 0x00, 0x00, 0x00, 0x00, 0x00, 0x00, 0x00, 0x00, 0x00, 0x00, 0x00, 0x00, 0x00, 0x00, 0x00, 0x00, 0x00, 0x00, 0x00, 0x00, 0x00, 0x00,
    0x00, 0x00, 0x00, 0x00, 0x00, 0x00, 0x00, 0x00, 0x00, 0x00, 0x00, 0x00, 0x00, 0x00, 0x00, 0x00, 0x00, 0x00, 0x00, 0x00, 0x00, 0x00, 0x00, 0x00,
    0x00, 0x00, 0x00, 0x00, 0x00, 0x00, 0x00, 0x00, 0x00, 0x00, 0x00, 0x00, 0x00, 0x00, 0x00, 0x00, 0x00, 0x00, 0x00, 0x00, 0x00, 0x00, 0x00, 0x00,
    0x00, 0x00, 0x00, 0x00, 0x00, 0x00, 0x00, 0x00, 0x00, 0x00, 0x00, 0x00, 0x00, 0x00, 0x00, 0x00, 0x00, 0x00, 0x00, 0x00, 0x00, 0x00, 0x00, 0x00,
    0x00, 0x00, 0x00, 0x00, 0x00, 0x00, 0x00, 0x00, 0x00, 0x00, 0x00, 0x00, 0x00, 0x00, 0x00, 0x00, 0x00, 0x00, 0x00, 0x00, 0x00, 0x00, 0x00, 0x00,
    0x00, 0x00, 0x00, 0x00, 0x00, 0x00, 0x00, 0x00, 0x00, 0x00, 0x00, 0x00, 0x00, 0x00, 0x00, 0x00, 0x00, 0x00, 0x00, 0x00, 0x00, 0x00, 0x00, 0x00,
    0x00, 0x00, 0x00, 0x00, 0x00, 0x00, 0x00, 0x00, 0x00, 0x00, 0x00, 0x00, 0x00, 0x00, 0x00, 0x00, 0x00, 0x00, 0x00, 0x00, 0x00, 0x00, 0x00, 0x00,
    0x00, 0x00, 0x00, 0x00, 0x00, 0x00, 0x00, 0x00, 0x00, 0x00, 0x00, 0x00, 0x00, 0x00, 0x00, 0x00, 0x00, 0x00, 0x00, 0x00, 0x00, 0x00, 0x00, 0x00,
    0x00, 0x00, 0x00, 0x00, 0x00, 0x00, 0x00, 0x00, 0x00, 0x00, 0x00, 0x00, 0x00, 0x00, 0x00, 0x00, 0x00, 0x00, 0x00, 0x00, 0x00, 0x00, 0x00, 0x00,
    0x00, 0x00, 0x00, 0x00, 0x00, 0x00, 0x00, 0x00, 0x00, 0x00, 0x00, 0x00, 0x00, 0x00, 0x00, 0x00, 0x00, 0x00, 0x00, 0x00, 0x00, 0x00, 0x00, 0x00,
    0x00, 0x00, 0x00, 0x00, 0x00, 0x00, 0x00, 0x00, 0x00, 0x00, 0x00, 0x00, 0x00, 0x00, 0x00, 0x00, 0x00, 0x00, 0x00, 0x00, 0x00, 0x00, 0x00, 0x00,
    0x00, 0x00, 0x00, 0x00, 0x00, 0x00, 0x00, 0x00, 0x00, 0x00, 0x00, 0x00, 0x00, 0x00, 0x00, 0x00, 0x00, 0x00, 0x00, 0x00, 0x00, 0x00, 0x00, 0x00,
    0x00, 0x00, 0x00, 0x00, 0x00, 0x00, 0x00, 0x00, 0x00, 0x00, 0x00, 0x00, 0x00, 0x00, 0x00, 0x00, 0x00, 0x00, 0x00, 0x00, 0x00, 0x00, 0x00, 0x00,
    0x00, 0x00, 0x00, 0x00, 0x00, 0x00, 0x00, 0x00, 0x00, 0x00, 0x00, 0x00, 0x00, 0x00, 0x00, 0x00, 0x00, 0x00, 0x00, 0x00, 0x00, 0x00, 0x00, 0x00,
    0x00, 0x00, 0x00, 0x00, 0x00, 0x00, 0x00, 0x00, 0x00, 0x00, 0x00, 0x00, 0x00, 0x00, 0x00, 0x00, 0x00, 0x00, 0x00, 0x00, 0x00, 0x00, 0x00, 0x00,
    0x00, 0x00, 0x00, 0x00, 0x00, 0x00, 0x00, 0x00, 0x00, 0x00, 0x00, 0x00, 0x00, 0x00, 0x00, 0x00, 0x00, 0x00, 0x00, 0x00, 0x00, 0x00, 0x00, 0x00,
    0x00, 0x00, 0x00, 0x00, 0x00, 0x00, 0x00, 0x00, 0x00, 0x00, 0x00, 0x00, 0x00, 0x00, 0x00, 0x00, 0x00, 0x00, 0x00, 0x00, 0x00, 0x00, 0x00, 0x00,
    0x00, 0x00, 0x00, 0x00, 0x00, 0x00, 0x00, 0x00, 0x00, 0x00, 0x00, 0x00, 0x00, 0x00, 0x00, 0x00, 0x00, 0x00, 0x00, 0x00, 0x00, 0x00, 0x00, 0x00,
    0x00, 0x00, 0x00, 0x00, 0x00, 0x00, 0x00, 0x00, 0x00, 0x00, 0x00, 0x00, 0x00, 0x00, 0x00, 0x00, 0x00, 0x00, 0x00, 0x00, 0x00, 0x00, 0x00, 0x00,
    0x00, 0x00, 0x00, 0x00, 0x00, 0x00, 0x00, 0x00, 0x00, 0x00, 0x00, 0x00, 0x00, 0x00, 0x00, 0x00, 0x00, 0x00, 0x00, 0x00, 0x00, 0x00, 0x00, 0x00,
    0x00, 0x00, 0x00, 0x00, 0x00, 0x00, 0x00, 0x00, 0x00, 0x00, 0x00, 0x00, 0x00, 0x00, 0x00, 0x00, 0x00, 0x00, 0x00, 0x00, 0x00, 0x00, 0x00, 0x00,
    0x00, 0x00, 0x00, 0x00, 0x00, 0x00, 0x00, 0x00, 0x00, 0x00, 0x00, 0x00, 0x00, 0x00, 0x00, 0x00, 0x00, 0x00, 0x00, 0x00, 0x00, 0x00, 0x00, 0x00,
    0x00, 0x00, 0x00, 0x00, 0x00, 0x00, 0x00, 0x00, 0x00, 0x00, 0x00, 0x00, 0x00, 0x00, 0x00, 0x00, 0x00, 0x00, 0x00, 0x00, 0x00, 0x00, 0x00, 0x00,
    0x00, 0x00, 0x00, 0x00, 0x00, 0x00, 0x00, 0x00, 0x00, 0x00, 0x00, 0x00, 0x00, 0x00, 0x00, 0x00, 0x00, 0x00, 0x00, 0x00, 0x00, 0x00, 0x00, 0x00,
    0x00, 0x00, 0x00, 0x00, 0x00, 0x00, 0x00, 0x00, 0x00, 0x00, 0x00, 0x00, 0x00, 0x00, 0x00, 0x00, 0x00, 0x00, 0x00, 0x00, 0x00, 0x00, 0x00, 0x00,
    0x00, 0x00, 0x00, 0x00, 0x00, 0x00, 0x00, 0x00, 0x00, 0x00, 0x00, 0x00, 0x00, 0x00, 0x00, 0x00, 0x00, 0x00, 0x00, 0x00, 0x00, 0x00, 0x00, 0x00,
    0x00, 0x00, 0x00, 0x00, 0x00, 0x00, 0x00, 0x00, 0x00, 0x00, 0x00, 0x00, 0xAA, 0xAA, 0xAA, 0x03, 0xAA, 0xAA, 0xAA, 0x03, 0x00, 0x00, 0x00, 0x00,
    0x00, 0x00, 0x00, 0x00, 0x00, 0x00, 0x00, 0x00, 0x00, 0x00, 0x00, 0x00, 0x00, 0x00, 0x00, 0x00, 0x55, 0x55, 0x55, 0x03, 0x78, 0x78, 0x6B, 0x13,
    0x4C, 0x4C, 0x33, 0x0A, 0x00, 0x00, 0x00, 0x00, 0x00, 0x00, 0x00, 0x00, 0x00, 0x00, 0x00, 0x00, 0x00, 0x00, 0x00, 0x00, 0xFF, 0xFF, 0xFF, 0x01,
    0x3F, 0x3F, 0x3F, 0x04, 0x00, 0x00, 0x00, 0x01, 0x00, 0x00, 0x00, 0x00, 0x00, 0x00, 0x00, 0x00, 0x00, 0x00, 0x00, 0x00, 0x00, 0x00, 0x00, 0x00,
    0x00, 0x00, 0x00, 0x00, 0x00, 0x00, 0x00, 0x00, 0x00, 0x00, 0x00, 0x00, 0x00, 0x00, 0x00, 0x00, 0x00, 0x00, 0x00, 0x00, 0x00, 0x00, 0x00, 0x00,
    0x00, 0x00, 0x00, 0x00, 0x00, 0x00, 0x00, 0x00, 0x00, 0x00, 0x00, 0x00, 0x00, 0x00, 0x00, 0x00, 0x00, 0x00, 0x00, 0x00, 0x00, 0x00, 0x00, 0x00,
    0x00, 0x00, 0x00, 0x00, 0x00, 0x00, 0x00, 0x00, 0x00, 0x00, 0x00, 0x00, 0x00, 0x00, 0x00, 0x00, 0x00, 0x00, 0x00, 0x00, 0x00, 0x00, 0x00, 0x00,
    0x00, 0x00, 0x00, 0x00, 0x00, 0x00, 0x00, 0x00, 0x00, 0x00, 0x00, 0x00, 0x00, 0x00, 0x00, 0x00, 0x00, 0x00, 0x00, 0x00, 0x00, 0x00, 0x00, 0x00,
    0x00, 0x00, 0x00, 0x00, 0xFF, 0xFF, 0x7F, 0x02, 0xFF, 0xFF, 0xFF, 0x02, 0x00, 0x00, 0x00, 0x00, 0x00, 0x00, 0x00, 0x00, 0xCE, 0xC7, 0xC0, 0x25,
    0xD1, 0xCC, 0xC6, 0x5A, 0xBF, 0xBB, 0xB7, 0x7C, 0xB2, 0xAF, 0xA7, 0xA1, 0xAB, 0xA7, 0xA0, 0xBD, 0xA7, 0xA2, 0x9F, 0xD2, 0x9C, 0x96, 0x99, 0xE6,
    0x95, 0x90, 0x92, 0xDC, 0x86, 0x82, 0x84, 0xC3, 0x77, 0x74, 0x75, 0x9C, 0x65, 0x62, 0x62, 0x62, 0x4F, 0x4F, 0x4F, 0x2D, 0x00, 0x00, 0x00, 0x00,
    0x00, 0x00, 0x00, 0x00, 0x00, 0x00, 0x00, 0x00, 0x55, 0x55, 0x55, 0x03, 0x00, 0x00, 0x00, 0x00, 0x00, 0x00, 0x00, 0x00, 0x00, 0x00, 0x00, 0x00,
    0x00, 0x00, 0x00, 0x00, 0x00, 0x00, 0x00, 0x00, 0x00, 0x00, 0x00, 0x00, 0x00, 0x00, 0x00, 0x00, 0x00, 0x00, 0x00, 0x00, 0x00, 0x00, 0x00, 0x00,
    0x00, 0x00, 0x00, 0x00, 0x00, 0x00, 0x00, 0x00, 0x00, 0x00, 0x00, 0x00, 0x00, 0x00, 0x00, 0x00, 0x00, 0x00, 0x00, 0x00, 0x00, 0x00, 0x00, 0x00,
    0x00, 0x00, 0x00, 0x00, 0x00, 0x00, 0x00, 0x00, 0x00, 0x00, 0x00, 0x00, 0x00, 0x00, 0x00, 0x00, 0x00, 0x00, 0x00, 0x00, 0x00, 0x00, 0x00, 0x00,
    0x00, 0x00, 0x00, 0x00, 0x00, 0x00, 0x00, 0x00, 0x00, 0x00, 0x00, 0x00, 0x00, 0x00, 0x00, 0x00, 0x00, 0x00, 0x00, 0x00, 0x00, 0x00, 0x00, 0x00,
    0xFF, 0xFF, 0xFF, 0x03, 0x00, 0x00, 0x00, 0x00, 0x00, 0x00, 0x00, 0x00, 0xCF, 0xCF, 0xCB, 0x3B, 0xD5, 0xD0, 0xCC, 0xA6, 0xD3, 0xCA, 0xC7, 0xF6,
    0xD6, 0xCC, 0xC8, 0xFF, 0xC9, 0xBF, 0xBA, 0xFF, 0xBF, 0xB5, 0xAF, 0xFF, 0xB0, 0xA6, 0xA1, 0xFF, 0xA0, 0x98, 0x95, 0xFF, 0x88, 0x82, 0x85, 0xFF,
    0x86, 0x80, 0x83, 0xFF, 0x80, 0x7B, 0x7E, 0xFF, 0x7B, 0x75, 0x78, 0xFF, 0x77, 0x73, 0x75, 0xFF, 0x72, 0x6E, 0x71, 0xFC, 0x67, 0x64, 0x68, 0xC5,
    0x54, 0x54, 0x56, 0x64, 0x00, 0x00, 0x00, 0x09, 0x00, 0x00, 0x00, 0x00, 0x55, 0x55, 0x55, 0x03, 0x00, 0x00, 0x00, 0x01, 0x00, 0x00, 0x00, 0x00,
    0x00, 0x00, 0x00, 0x00, 0x00, 0x00, 0x00, 0x00, 0x00, 0x00, 0x00, 0x00, 0x00, 0x00, 0x00, 0x00, 0x00, 0x00, 0x00, 0x00, 0x00, 0x00, 0x00, 0x00,
    0x00, 0x00, 0x00, 0x00, 0x00, 0x00, 0x00, 0x00, 0x00, 0x00, 0x00, 0x00, 0x00, 0x00, 0x00, 0x00, 0x00, 0x00, 0x00, 0x00, 0x00, 0x00, 0x00, 0x00,
    0x00, 0x00, 0x00, 0x00, 0x00, 0x00, 0x00, 0x00, 0x00, 0x00, 0x00, 0x00, 0x00, 0x00, 0x00, 0x00, 0x00, 0x00, 0x00, 0x00, 0x00, 0x00, 0x00, 0x00,
    0x00, 0x00, 0x00, 0x00, 0x00, 0x00, 0x00, 0x00, 0x00, 0x00, 0x00, 0x00, 0x00, 0x00, 0x00, 0x00, 0x00, 0x00, 0x00, 0x00, 0xFF, 0xFF, 0xFF, 0x03,
    0x00, 0x00, 0x00, 0x00, 0xCA, 0xC5, 0xBF, 0x2C, 0xDA, 0xD7, 0xD0, 0xAF, 0xD6, 0xD2, 0xCA, 0xFF, 0xD7, 0xCF, 0xC9, 0xFF, 0xC4, 0xBB, 0xB5, 0xFF,
    0xBA, 0xB1, 0xAB, 0xFC, 0xB3, 0xA8, 0xA2, 0xFB, 0xA7, 0x9C, 0x96, 0xFB, 0x9F, 0x94, 0x91, 0xFC, 0x8E, 0x84, 0x86, 0xFD, 0x78, 0x72, 0x77, 0xFE,
    0x77, 0x72, 0x76, 0xFD, 0x6E, 0x69, 0x6D, 0xFD, 0x6B, 0x66, 0x6B, 0xFB, 0x6B, 0x65, 0x69, 0xFC, 0x6B, 0x65, 0x6B, 0xFF, 0x6E, 0x6A, 0x70, 0xFF,
    0x68, 0x68, 0x6D, 0xFF, 0x57, 0x58, 0x5A, 0xD3, 0x43, 0x46, 0x46, 0x48, 0x00, 0x00, 0x00, 0x00, 0x00, 0x00, 0xFF, 0x01, 0x00, 0x00, 0x00, 0x01,
    0x00, 0x00, 0x00, 0x00, 0x00, 0x00, 0x00, 0x00, 0x00, 0x00, 0x00, 0x00, 0x00, 0x00, 0x00, 0x00, 0x00, 0x00, 0x00, 0x00, 0x00, 0x00, 0x00, 0x00,
    0x00, 0x00, 0x00, 0x00, 0x00, 0x00, 0x00, 0x00, 0x00, 0x00, 0x00, 0x00, 0x00, 0x00, 0x00, 0x00, 0x00, 0x00, 0x00, 0x00, 0x00, 0x00, 0x00, 0x00,
    0x00, 0x00, 0x00, 0x00, 0x00, 0x00, 0x00, 0x00, 0x00, 0x00, 0x00, 0x00, 0x00, 0x00, 0x00, 0x00, 0x00, 0x00, 0x00, 0x00, 0x00, 0x00, 0x00, 0x00,
    0x00, 0x00, 0x00, 0x00, 0x00, 0x00, 0x00, 0x00, 0x00, 0x00, 0x00, 0x00, 0x00, 0x00, 0x00, 0x00, 0xFF, 0xFF, 0xFF, 0x02, 0x00, 0x00, 0x00, 0x00,
    0xD3, 0xD0, 0xC8, 0x5E, 0xDD, 0xD9, 0xD1, 0xF3, 0xDD, 0xD5, 0xCB, 0xFF, 0xC3, 0xBA, 0xB0, 0xFE, 0xBE, 0xB4, 0xAB, 0xFC, 0xBF, 0xB5, 0xAD, 0xFE,
    0xB8, 0xAE, 0xA5, 0xFF, 0xB0, 0xA7, 0x9E, 0xFF, 0xA3, 0x99, 0x92, 0xFF, 0x96, 0x8A, 0x89, 0xFF, 0x87, 0x7D, 0x80, 0xFF, 0x77, 0x72, 0x75, 0xFF,
    0x74, 0x6F, 0x73, 0xFF, 0x6B, 0x66, 0x69, 0xFF, 0x69, 0x64, 0x68, 0xFF, 0x68, 0x63, 0x66, 0xFF, 0x62, 0x5D, 0x62, 0xFE, 0x65, 0x62, 0x68, 0xFD,
    0x63, 0x63, 0x67, 0xFC, 0x5E, 0x60, 0x64, 0xFF, 0x5B, 0x5D, 0x61, 0xFF, 0x51, 0x53, 0x59, 0x86, 0x00, 0x00, 0x00, 0x02, 0x00, 0x00, 0x00, 0x00,
    0x00, 0x00, 0x00, 0x01, 0x00, 0x00, 0x00, 0x00, 0x00, 0x00, 0x00, 0x00, 0x00, 0x00, 0x00, 0x00, 0x00, 0x00, 0x00, 0x00, 0x00, 0x00, 0x00, 0x00,
    0x00, 0x00, 0x00, 0x00, 0x00, 0x00, 0x00, 0x00, 0x00, 0x00, 0x00, 0x00, 0x00, 0x00, 0x00, 0x00, 0x00, 0x00, 0x00, 0x00, 0x00, 0x00, 0x00, 0x00,
    0x00, 0x00, 0x00, 0x00, 0x00, 0x00, 0x00, 0x00, 0x00, 0x00, 0x00, 0x00, 0x00, 0x00, 0x00, 0x00, 0x00, 0x00, 0x00, 0x00, 0x00, 0x00, 0x00, 0x00,
    0x00, 0x00, 0x00, 0x00, 0x00, 0x00, 0x00, 0x00, 0xFF, 0xFF, 0x00, 0x01, 0xAA, 0xAA, 0xAA, 0x03, 0x7F, 0x7F, 0x7F, 0x02, 0xD5, 0xD2, 0xCA, 0x88,
    0xE2, 0xDC, 0xD5, 0xFF, 0xCB, 0xC5, 0xBD, 0xFF, 0xBC, 0xB3, 0xAB, 0xFB, 0xB9, 0xAF, 0xA6, 0xFF, 0xB5, 0xAA, 0xA1, 0xFF, 0xB6, 0xAA, 0xA1, 0xFF,
    0xB6, 0xAB, 0xA1, 0xFF, 0xB1, 0xA6, 0x9C, 0xFF, 0xA5, 0x9A, 0x94, 0xFF, 0x97, 0x8B, 0x8A, 0xFF, 0x86, 0x7E, 0x7E, 0xFF, 0x85, 0x7F, 0x81, 0xFF,
    0x72, 0x6E, 0x72, 0xFF, 0x66, 0x62, 0x67, 0xFF, 0x66, 0x61, 0x67, 0xFF, 0x64, 0x5F, 0x64, 0xFF, 0x66, 0x61, 0x68, 0xFF, 0x65, 0x63, 0x6A, 0xFF,
    0x5A, 0x59, 0x60, 0xFF, 0x56, 0x56, 0x5C, 0xFD, 0x58, 0x58, 0x5F, 0xFD, 0x63, 0x63, 0x6A, 0xFF, 0x46, 0x49, 0x54, 0xB2, 0x00, 0x00, 0x17, 0x0B,
    0xFF, 0xFF, 0xFF, 0x01, 0x00, 0x00, 0x00, 0x01, 0x00, 0x00, 0x00, 0x00, 0x00, 0x00, 0x00, 0x00, 0x00, 0x00, 0x00, 0x00, 0x00, 0x00, 0x00, 0x00,
    0x00, 0x00, 0x00, 0x00, 0x00, 0x00, 0x00, 0x00, 0x00, 0x00, 0x00, 0x00, 0x00, 0x00, 0x00, 0x00, 0x00, 0x00, 0x00, 0x00, 0x00, 0x00, 0x00, 0x00,
    0x00, 0x00, 0x00, 0x00, 0x00, 0x00, 0x00, 0x00, 0x00, 0x00, 0x00, 0x00, 0x00, 0x00, 0x00, 0x00, 0x00, 0x00, 0x00, 0x00, 0x00, 0x00, 0x00, 0x00,
    0x00, 0x00, 0x00, 0x00, 0x00, 0x00, 0x00, 0x00, 0xAA, 0xAA, 0xAA, 0x03, 0x00, 0x00, 0x00, 0x00, 0xD1, 0xD1, 0xC8, 0x87, 0xF4, 0xEF, 0xE6, 0xFF,
    0xC9, 0xC0, 0xBA, 0xFC, 0xB6, 0xAE, 0xA8, 0xFE, 0xB5, 0xAC, 0xA4, 0xFF, 0xB0, 0xA6, 0x9F, 0xFF, 0xAE, 0xA4, 0x9C, 0xFF, 0xAB, 0x9F, 0x95, 0xFF,
    0xAE, 0xA1, 0x97, 0xFF, 0xAF, 0xA2, 0x97, 0xFF, 0xA4, 0x95, 0x8E, 0xFF, 0x9F, 0x91, 0x8E, 0xFF, 0x82, 0x78, 0x77, 0xFF, 0x7A, 0x76, 0x79, 0xFF,
    0x6F, 0x6C, 0x73, 0xFF, 0x64, 0x62, 0x6A, 0xFF, 0x66, 0x62, 0x6A, 0xFF, 0x60, 0x5D, 0x65, 0xFF, 0x64, 0x63, 0x6C, 0xFF, 0x5E, 0x5F, 0x68, 0xFF,
    0x56, 0x58, 0x60, 0xFF, 0x54, 0x55, 0x5F, 0xFF, 0x54, 0x54, 0x5E, 0xFF, 0x56, 0x56, 0x60, 0xFA, 0x5C, 0x60, 0x6C, 0xFF, 0x42, 0x48, 0x51, 0xB8,
    0x00, 0x00, 0x00, 0x03, 0xFF, 0xFF, 0xFF, 0x02, 0x3F, 0x3F, 0x7F, 0x04, 0x55, 0x55, 0x55, 0x03, 0x55, 0x55, 0x55, 0x03, 0x00, 0x00, 0x00, 0x01,
    0x00, 0x00, 0x00, 0x00, 0x00, 0x00, 0x00, 0x00, 0x00, 0x00, 0x00, 0x00, 0x00, 0x00, 0x00, 0x00, 0x00, 0x00, 0x00, 0x00, 0x00, 0x00, 0x00, 0x00,
    0x00, 0x00, 0x00, 0x00, 0x00, 0x00, 0x00, 0x00, 0x00, 0x00, 0x00, 0x00, 0x00, 0x00, 0x00, 0x00, 0x00, 0x00, 0x00, 0x00, 0x00, 0x00, 0x00, 0x00,
    0x00, 0x00, 0x00, 0x00, 0xAA, 0xAA, 0xAA, 0x03, 0x00, 0x00, 0x00, 0x00, 0xCB, 0xCB, 0xC3, 0x40, 0xE4, 0xE3, 0xD8, 0xFE, 0xD5, 0xCF, 0xC5, 0xFA,
    0xB4, 0xAC, 0xA6, 0xFE, 0xAE, 0xA6, 0xA0, 0xFF, 0xB0, 0xA6, 0x9E, 0xFF, 0xAF, 0xA5, 0x9D, 0xFF, 0xAB, 0xA1, 0x99, 0xFF, 0xAC, 0xA0, 0x97, 0xFF,
    0xAB, 0x9F, 0x96, 0xFF, 0xA6, 0x9A, 0x92, 0xFF, 0x99, 0x8E, 0x8C, 0xFF, 0x91, 0x88, 0x8A, 0xFF, 0x73, 0x6D, 0x70, 0xFF, 0x66, 0x64, 0x6A, 0xFF,
    0x59, 0x58, 0x61, 0xFF, 0x59, 0x5B, 0x65, 0xFF, 0x58, 0x59, 0x64, 0xFF, 0x53, 0x55, 0x5F, 0xFF, 0x54, 0x57, 0x62, 0xFF, 0x54, 0x58, 0x63, 0xFF,
    0x4E, 0x52, 0x5D, 0xFF, 0x4A, 0x4E, 0x5A, 0xFF, 0x4B, 0x4F, 0x5B, 0xFF, 0x4C, 0x50, 0x5B, 0xFF, 0x51, 0x55, 0x61, 0xFA, 0x57, 0x5B, 0x65, 0xFF,
    0x35, 0x39, 0x40, 0x93, 0x00, 0x00, 0x00, 0x00, 0x00, 0x00, 0x00, 0x00, 0x00, 0x00, 0x00, 0x00, 0x00, 0x00, 0x00, 0x00, 0x00, 0x00, 0x00, 0x00,
    0x00, 0x00, 0x00, 0x00, 0x00, 0x00, 0x00, 0x00, 0x00, 0x00, 0x00, 0x00, 0x00, 0x00, 0x00, 0x00, 0x00, 0x00, 0x00, 0x00, 0x00, 0x00, 0x00, 0x00,
    0x00, 0x00, 0x00, 0x00, 0x00, 0x00, 0x00, 0x00, 0x00, 0x00, 0x00, 0x00, 0x00, 0x00, 0x00, 0x00, 0x00, 0x00, 0x00, 0x00, 0x00, 0x00, 0x00, 0x00,
    0x00, 0x00, 0x00, 0x00, 0xFF, 0x7F, 0x7F, 0x02, 0x7F, 0x7F, 0x7F, 0x06, 0xD8, 0xD5, 0xCC, 0xCF, 0xE0, 0xD9, 0xD1, 0xFF, 0xBD, 0xB5, 0xAD, 0xFC,
    0xAF, 0xA8, 0xA2, 0xFF, 0xAD, 0xA6, 0x9F, 0xFF, 0xAF, 0xA7, 0xA0, 0xFF, 0xAF, 0xA5, 0x9F, 0xFF, 0xAD, 0xA2, 0x9D, 0xFF, 0xAD, 0xA2, 0x9C, 0xFF,
    0xA9, 0x9D, 0x96, 0xFF, 0xA3, 0x99, 0x93, 0xFF, 0x8C, 0x85, 0x85, 0xFF, 0x73, 0x72, 0x75, 0xFF, 0x5B, 0x5F, 0x64, 0xFF, 0x5D, 0x61, 0x6A, 0xFF,
    0x5A, 0x5E, 0x69, 0xFF, 0x5C, 0x61, 0x6D, 0xFF, 0x5F, 0x66, 0x72, 0xFF, 0x5F, 0x66, 0x72, 0xFF, 0x60, 0x67, 0x72, 0xFF, 0x61, 0x68, 0x75, 0xFF,
    0x62, 0x68, 0x76, 0xFF, 0x5F, 0x67, 0x74, 0xFF, 0x5A, 0x62, 0x6F, 0xFF, 0x5C, 0x64, 0x70, 0xFF, 0x5D, 0x65, 0x70, 0xFF, 0x63, 0x69, 0x72, 0xFC,
    0x5F, 0x67, 0x6F, 0xFF, 0x52, 0x5B, 0x62, 0xB0, 0x36, 0x40, 0x48, 0x97, 0x30, 0x39, 0x41, 0x8F, 0x2D, 0x36, 0x40, 0x6B, 0x2A, 0x2A, 0x2A, 0x06,
    0x00, 0x00, 0x00, 0x00, 0x00, 0x00, 0x00, 0x00, 0x00, 0x00, 0x00, 0x00, 0x00, 0x00, 0x00, 0x00, 0x00, 0x00, 0x00, 0x00, 0x00, 0x00, 0x00, 0x00,
    0x00, 0x00, 0x00, 0x00, 0x00, 0x00, 0x00, 0x00, 0x00, 0x00, 0x00, 0x00, 0x00, 0x00, 0x00, 0x00, 0x00, 0x00, 0x00, 0x00, 0x00, 0x00, 0x00, 0x00,
    0xFF, 0xFF, 0xFF, 0x03, 0x00, 0x00, 0x00, 0x00, 0xB9, 0xB9, 0xB1, 0x5F, 0xE1, 0xDC, 0xD4, 0xFF, 0xBE, 0xB3, 0xAE, 0xFC, 0xB0, 0xA7, 0xA1, 0xFF,
    0xAD, 0xA5, 0x9F, 0xFF, 0xAF, 0xA7, 0xA1, 0xFF, 0xB3, 0xA9, 0xA4, 0xFF, 0xB1, 0xA9, 0xA6, 0xFF, 0xB5, 0xAF, 0xAE, 0xFF, 0xB3, 0xAE, 0xAF, 0xFF,
    0xAC, 0xA8, 0xA8, 0xFF, 0xAD, 0xAB, 0xAB, 0xFF, 0x9F, 0xA0, 0xA3, 0xFF, 0x8D, 0x92, 0x9A, 0xFF, 0x86, 0x8E, 0x98, 0xFF, 0x86, 0x90, 0x9C, 0xFF,
    0x89, 0x92, 0x9E, 0xFF, 0x86, 0x8F, 0x9C, 0xFF, 0x80, 0x8A, 0x98, 0xFF, 0x7B, 0x85, 0x92, 0xFF, 0x74, 0x7E, 0x8B, 0xFF, 0x76, 0x80, 0x8D, 0xFF,
    0x7B, 0x85, 0x92, 0xFF, 0x7C, 0x87, 0x93, 0xFF, 0x78, 0x84, 0x90, 0xFF, 0x79, 0x86, 0x91, 0xFF, 0x75, 0x82, 0x8E, 0xFF, 0x68, 0x75, 0x81, 0xFF,
    0x65, 0x71, 0x7D, 0xFE, 0x60, 0x6F, 0x7B, 0xFF, 0x4C, 0x5C, 0x68, 0xFF, 0x39, 0x48, 0x53, 0xFF, 0x36, 0x44, 0x50, 0xFF, 0x3C, 0x48, 0x53, 0x77,
    0x00, 0x00, 0x00, 0x00, 0x3F, 0x3F, 0x3F, 0x04, 0x00, 0x00, 0x00, 0x00, 0x00, 0x00, 0x00, 0x00, 0x00, 0x00, 0x00, 0x00, 0x00, 0x00, 0x00, 0x00,
    0x00, 0x00, 0x00, 0x00, 0x00, 0x00, 0x00, 0x00, 0x00, 0x00, 0x00, 0x00, 0x00, 0x00, 0x00, 0x00, 0x00, 0x00, 0x00, 0x00, 0x00, 0x00, 0x00, 0x01,
    0xFF, 0xFF, 0xFF, 0x01, 0x55, 0x55, 0x00, 0x03, 0xC1, 0xC1, 0xB8, 0xCE, 0xD2, 0xCD, 0xC5, 0xFE, 0xAE, 0xA5, 0x9F, 0xFD, 0xAC, 0xA2, 0x9D, 0xFF,
    0xAC, 0xA3, 0x9D, 0xFF, 0xAF, 0xA6, 0xA0, 0xFF, 0xB3, 0xAE, 0xA9, 0xFF, 0xBA, 0xBC, 0xB8, 0xFF, 0xA8, 0xAD, 0xAF, 0xFF, 0xA1, 0xA6, 0xAC, 0xFF,
    0xA3, 0xA7, 0xAF, 0xFF, 0xA2, 0xAA, 0xB1, 0xFF, 0x94, 0xA1, 0xA9, 0xFF, 0x89, 0x96, 0xA1, 0xFF, 0x7E, 0x8C, 0x9A, 0xFF, 0x7A, 0x88, 0x97, 0xFF,
    0x78, 0x86, 0x95, 0xFF, 0x77, 0x84, 0x92, 0xFF, 0x76, 0x83, 0x91, 0xFF, 0x76, 0x82, 0x90, 0xFF, 0x7A, 0x85, 0x92, 0xFF, 0x7B, 0x86, 0x92, 0xFF,
    0x79, 0x84, 0x90, 0xFF, 0x73, 0x7F, 0x8B, 0xFF, 0x6C, 0x7A, 0x85, 0xFF, 0x6A, 0x77, 0x84, 0xFF, 0x64, 0x72, 0x7F, 0xFF, 0x61, 0x6D, 0x7C, 0xFF,
    0x5E, 0x69, 0x7A, 0xFF, 0x59, 0x66, 0x75, 0xFC, 0x59, 0x66, 0x75, 0xFC, 0x50, 0x5C, 0x6D, 0xF7, 0x3A, 0x46, 0x56, 0xFC, 0x31, 0x3E, 0x4B, 0x8B,
    0x00, 0x00, 0x00, 0x00, 0x3F, 0x3F, 0x3F, 0x04, 0x00, 0x00, 0x00, 0x00, 0x00, 0x00, 0x00, 0x00, 0x00, 0x00, 0x00, 0x00, 0x00, 0x00, 0x00, 0x00,
    0x00, 0x00, 0x00, 0x00, 0x00, 0x00, 0x00, 0x00, 0x00, 0x00, 0x00, 0x00, 0x00, 0x00, 0x00, 0x00, 0x00, 0x00, 0x00, 0x00, 0xAA, 0xAA, 0xAA, 0x03,
    0x00, 0x00, 0x00, 0x00, 0x8E, 0x8A, 0x83, 0x46, 0xD3, 0xD0, 0xC8, 0xFF, 0xBC, 0xB7, 0xB0, 0xFD, 0xA2, 0x9B, 0x95, 0xFF, 0xA8, 0x9D, 0x99, 0xFF,
    0xAB, 0xA0, 0x9E, 0xFF, 0xAB, 0xA5, 0xA1, 0xFF, 0xBB, 0xB9, 0xB7, 0xFF, 0xA7, 0xAA, 0xAD, 0xFF, 0x9F, 0xA6, 0xA9, 0xFF, 0x9D, 0xA6, 0xAC, 0xFF,
    0xA1, 0xA9, 0xB1, 0xFF, 0x98, 0xA2, 0xAA, 0xFF, 0x85, 0x92, 0x9A, 0xFF, 0x85, 0x92, 0x9B, 0xFF, 0x8C, 0x98, 0xA2, 0xFF, 0x93, 0x9F, 0xA9, 0xFF,
    0x8E, 0x9A, 0xA5, 0xFF, 0x86, 0x92, 0x9D, 0xFF, 0x81, 0x8D, 0x99, 0xFF, 0x79, 0x85, 0x92, 0xFF, 0x72, 0x7E, 0x8A, 0xFF, 0x6E, 0x79, 0x87, 0xFF,
    0x6A, 0x74, 0x83, 0xFF, 0x67, 0x74, 0x82, 0xFF, 0x66, 0x73, 0x81, 0xFF, 0x64, 0x70, 0x7F, 0xFF, 0x61, 0x6F, 0x7D, 0xFF, 0x61, 0x6F, 0x7D, 0xFF,
    0x5E, 0x6B, 0x79, 0xFF, 0x57, 0x66, 0x75, 0xFF, 0x54, 0x64, 0x74, 0xFF, 0x53, 0x62, 0x71, 0xFB, 0x45, 0x53, 0x62, 0xFF, 0x26, 0x34, 0x41, 0x84,
    0x00, 0x00, 0x00, 0x00, 0x3F, 0x3F, 0x3F, 0x04, 0x00, 0x00, 0x00, 0x00, 0x00, 0x00, 0x00, 0x00, 0x00, 0x00, 0x00, 0x00, 0x00, 0x00, 0x00, 0x00,
    0x00, 0x00, 0x00, 0x00, 0x00, 0x00, 0x00, 0x00, 0x00, 0x00, 0x00, 0x00, 0x00, 0x00, 0x00, 0x00, 0x00, 0x00, 0x00, 0x00, 0xFF, 0xFF, 0xFF, 0x03,
    0x00, 0x00, 0x00, 0x00, 0x9C, 0x9B, 0x94, 0xA1, 0xDD, 0xD9, 0xD1, 0xFF, 0xAF, 0xA8, 0xA2, 0xFB, 0x94, 0x8D, 0x87, 0xFF, 0x9B, 0x91, 0x8C, 0xFF,
    0x9D, 0x95, 0x95, 0xFF, 0x9B, 0x99, 0x9A, 0xFF, 0xAE, 0xB0, 0xB1, 0xFF, 0x9D, 0xA2, 0xAB, 0xFF, 0x9D, 0xA5, 0xAB, 0xFF, 0x9E, 0xA9, 0xAE, 0xFF,
    0x99, 0xA3, 0xAA, 0xFF, 0x8F, 0x9A, 0xA2, 0xFF, 0x96, 0xA2, 0xA9, 0xFF, 0xA4, 0xB0, 0xB9, 0xFF, 0xA3, 0xAF, 0xB8, 0xFF, 0x98, 0xA4, 0xAD, 0xFF,
    0x8C, 0x97, 0xA1, 0xFF, 0x85, 0x90, 0x9A, 0xFF, 0x81, 0x8C, 0x97, 0xFF, 0x79, 0x83, 0x8E, 0xFF, 0x72, 0x7C, 0x87, 0xFF, 0x6F, 0x79, 0x83, 0xFF,
    0x68, 0x72, 0x7D, 0xFF, 0x60, 0x6C, 0x77, 0xFF, 0x5A, 0x66, 0x73, 0xFF, 0x55, 0x61, 0x6D, 0xFF, 0x51, 0x5F, 0x6B, 0xFF, 0x53, 0x61, 0x6D, 0xFF,
    0x55, 0x63, 0x6F, 0xFF, 0x59, 0x69, 0x76, 0xFF, 0x54, 0x64, 0x72, 0xFF, 0x4D, 0x5D, 0x6B, 0xFB, 0x4C, 0x5D, 0x6C, 0xFF, 0x36, 0x44, 0x50, 0x7F,
    0x00, 0x00, 0x00, 0x00, 0x3F, 0x3F, 0x7F, 0x04, 0x00, 0x00, 0x00, 0x00, 0x00, 0x00, 0x00, 0x00, 0x00, 0x00, 0x00, 0x00, 0x00, 0x00, 0x00, 0x00,
    0x00, 0x00, 0x00, 0x00, 0x00, 0x00, 0x00, 0x00, 0x00, 0x00, 0x00, 0x00, 0x00, 0x00, 0x00, 0x00, 0x00, 0x00, 0x00, 0x01, 0x00, 0x00, 0x00, 0x00,
    0x00, 0x00, 0x00, 0x0C, 0xA2, 0xA1, 0x9D, 0xE0, 0xD3, 0xCE, 0xC8, 0xFF, 0xA6, 0x9E, 0x99, 0xFD, 0x90, 0x88, 0x83, 0xFF, 0x97, 0x91, 0x8D, 0xFF,
    0x8F, 0x8A, 0x8E, 0xFF, 0x84, 0x83, 0x8B, 0xFF, 0x9C, 0xA1, 0xA7, 0xFF, 0x8D, 0x97, 0xA1, 0xFF, 0x8D, 0x99, 0xA1, 0xFF, 0x9F, 0xAC, 0xB1, 0xFF,
    0x9F, 0xA9, 0xB1, 0xFF, 0xA3, 0xAE, 0xB6, 0xFF, 0x9F, 0xAC, 0xB3, 0xFF, 0x96, 0xA2, 0xAA, 0xFF, 0x99, 0xA5, 0xAE, 0xFF, 0x9A, 0xA5, 0xAF, 0xFF,
    0x94, 0x9F, 0xA7, 0xFF, 0x8A, 0x94, 0x9C, 0xFF, 0x85, 0x8F, 0x97, 0xFF, 0x86, 0x91, 0x97, 0xFF, 0x86, 0x90, 0x96, 0xFF, 0x7E, 0x88, 0x8F, 0xFF,
    0x75, 0x7F, 0x87, 0xFF, 0x68, 0x73, 0x7B, 0xFF, 0x5D, 0x69, 0x71, 0xFF, 0x56, 0x62, 0x6C, 0xFF, 0x51, 0x5E, 0x67, 0xFF, 0x4A, 0x58, 0x62, 0xFF,
    0x43, 0x52, 0x5B, 0xFF, 0x3E, 0x4E, 0x5A, 0xFF, 0x3C, 0x4C, 0x59, 0xFF, 0x40, 0x51, 0x5D, 0xFB, 0x49, 0x5D, 0x6A, 0xFF, 0x3D, 0x4F, 0x5A, 0x8D,
    0x00, 0x00, 0x00, 0x00, 0x3F, 0x3F, 0x3F, 0x04, 0x00, 0x00, 0x00, 0x00, 0x00, 0x00, 0x00, 0x00, 0x00, 0x00, 0x00, 0x00, 0x00, 0x00, 0x00, 0x00,
    0x00, 0x00, 0x00, 0x00, 0x00, 0x00, 0x00, 0x00, 0x00, 0x00, 0x00, 0x00, 0x00, 0x00, 0x00, 0x00, 0x7F, 0x7F, 0x7F, 0x02, 0x00, 0x00, 0x00, 0x00,
    0x25, 0x25, 0x21, 0x36, 0xA8, 0xA5, 0xA2, 0xFD, 0xC4, 0xBF, 0xBA, 0xFF, 0x9B, 0x96, 0x93, 0xFF, 0x8A, 0x85, 0x83, 0xFF, 0x82, 0x7F, 0x83, 0xFF,
    0x72, 0x71, 0x78, 0xFF, 0x5E, 0x5F, 0x65, 0xFF, 0x8B, 0x8F, 0x96, 0xFF, 0x9C, 0xA8, 0xAE, 0xFF, 0x93, 0xA2, 0xA9, 0xFF, 0x96, 0xA2, 0xAE, 0xFF,
    0x92, 0x9D, 0xA8, 0xFF, 0x8C, 0x99, 0xA2, 0xFF, 0x92, 0x9E, 0xA7, 0xFF, 0x9F, 0xA9, 0xB2, 0xFF, 0x8F, 0x99, 0xA1, 0xFF, 0x86, 0x90, 0x98, 0xFF,
    0x93, 0x9E, 0xA6, 0xFF, 0x9C, 0xA6, 0xAE, 0xFF, 0x95, 0x9E, 0xA7, 0xFF, 0x7E, 0x89, 0x90, 0xFF, 0x6B, 0x74, 0x7C, 0xFF, 0x62, 0x69, 0x72, 0xFF,
    0x59, 0x63, 0x6B, 0xFF, 0x53, 0x5D, 0x66, 0xFF, 0x50, 0x5A, 0x64, 0xFF, 0x4B, 0x57, 0x60, 0xFF, 0x48, 0x54, 0x5F, 0xFF, 0x45, 0x52, 0x5D, 0xFF,
    0x46, 0x54, 0x60, 0xFF, 0x46, 0x55, 0x63, 0xFF, 0x46, 0x56, 0x62, 0xFF, 0x39, 0x4A, 0x52, 0xFC, 0x35, 0x43, 0x4D, 0xFF, 0x3D, 0x4C, 0x57, 0x9D,
    0x00, 0x00, 0x00, 0x00, 0x55, 0x55, 0x55, 0x03, 0x00, 0x00, 0x00, 0x00, 0x00, 0x00, 0x00, 0x00, 0x00, 0x00, 0x00, 0x00, 0x00, 0x00, 0x00, 0x00,
    0x00, 0x00, 0x00, 0x00, 0x00, 0x00, 0x00, 0x00, 0x00, 0x00, 0x00, 0x00, 0x00, 0x00, 0x00, 0x00, 0x3F, 0x3F, 0x3F, 0x04, 0x00, 0x00, 0x00, 0x00,
    0x3D, 0x3A, 0x37, 0x60, 0xAB, 0xAA, 0xA5, 0xFF, 0xAF, 0xAB, 0xAA, 0xFC, 0x80, 0x7C, 0x7F, 0xFF, 0x6C, 0x69, 0x6C, 0xFF, 0x6C, 0x6A, 0x6F, 0xFF,
    0x7C, 0x7C, 0x7F, 0xFF, 0x8A, 0x8B, 0x8B, 0xFF, 0x98, 0x9B, 0x9C, 0xFF, 0xAD, 0xB5, 0xB9, 0xFF, 0x88, 0x92, 0x99, 0xFF, 0x7F, 0x88, 0x94, 0xFF,
    0x81, 0x8D, 0x97, 0xFF, 0x8C, 0x99, 0xA2, 0xFF, 0x8F, 0x9B, 0xA5, 0xFF, 0x6F, 0x7A, 0x83, 0xFF, 0x8B, 0x95, 0x9D, 0xFF, 0xA7, 0xB1, 0xB9, 0xFF,
    0x9F, 0xA7, 0xB0, 0xFF, 0x84, 0x8C, 0x95, 0xFF, 0x73, 0x7B, 0x84, 0xFF, 0x78, 0x80, 0x89, 0xFF, 0x80, 0x88, 0x91, 0xFF, 0x81, 0x89, 0x92, 0xFF,
    0x79, 0x83, 0x8C, 0xFF, 0x70, 0x7A, 0x84, 0xFF, 0x68, 0x72, 0x7C, 0xFF, 0x60, 0x6D, 0x76, 0xFF, 0x57, 0x63, 0x6F, 0xFF, 0x4F, 0x5A, 0x67, 0xFF,
    0x46, 0x52, 0x5E, 0xFF, 0x41, 0x4E, 0x5B, 0xFF, 0x3B, 0x49, 0x54, 0xFF, 0x2D, 0x3B, 0x42, 0xFC, 0x2E, 0x3B, 0x42, 0xFF, 0x40, 0x4C, 0x57, 0xA9,
    0x00, 0x00, 0x00, 0x00, 0x00, 0x55, 0x55, 0x03, 0x00, 0x00, 0x00, 0x00, 0x00, 0x00, 0x00, 0x00, 0x00, 0x00, 0x00, 0x00, 0x00, 0x00, 0x00, 0x00,
    0x00, 0x00, 0x00, 0x00, 0x00, 0x00, 0x00, 0x00, 0x00, 0x00, 0x00, 0x00, 0x00, 0x00, 0x00, 0x00, 0x55, 0x55, 0x55, 0x03, 0x00, 0x00, 0x00, 0x00,
    0x2F, 0x2D, 0x2B, 0x7C, 0x99, 0x97, 0x95, 0xFF, 0x91, 0x8E, 0x91, 0xFC, 0x7F, 0x7E, 0x84, 0xFF, 0x91, 0x90, 0x95, 0xFF, 0xA9, 0xAA, 0xAB, 0xFF,
    0xAA, 0xAA, 0xAD, 0xFF, 0x95, 0x95, 0x9A, 0xFF, 0x94, 0x96, 0x99, 0xFF, 0x9B, 0x9F, 0xA4, 0xFF, 0x99, 0x9F, 0xA4, 0xFF, 0x84, 0x8D, 0x97, 0xFF,
    0x84, 0x8F, 0x99, 0xFF, 0x86, 0x92, 0x9B, 0xFF, 0x64, 0x70, 0x79, 0xFF, 0x6C, 0x77, 0x7F, 0xFF, 0x9A, 0xA4, 0xAB, 0xFF, 0x93, 0x9C, 0xA4, 0xFF,
    0x7E, 0x85, 0x8E, 0xFF, 0x8B, 0x90, 0x9A, 0xFF, 0xA0, 0xA8, 0xB0, 0xFF, 0xA6, 0xAD, 0xB6, 0xFF, 0xA3, 0xAA, 0xB2, 0xFF, 0x95, 0x9D, 0xA6, 0xFF,
    0x84, 0x8E, 0x97, 0xFF, 0x77, 0x80, 0x8B, 0xFF, 0x6B, 0x75, 0x80, 0xFF, 0x63, 0x6F, 0x78, 0xFF, 0x60, 0x6B, 0x77, 0xFF, 0x5C, 0x68, 0x74, 0xFF,
    0x54, 0x60, 0x6C, 0xFF, 0x4E, 0x59, 0x66, 0xFF, 0x32, 0x3E, 0x49, 0xFF, 0x2B, 0x36, 0x3E, 0xFC, 0x2D, 0x3A, 0x45, 0xFF, 0x3C, 0x4C, 0x57, 0xB5,
    0x00, 0x00, 0x00, 0x00, 0x00, 0x00, 0x00, 0x02, 0x00, 0x00, 0x00, 0x00, 0x00, 0x00, 0x00, 0x00, 0x00, 0x00, 0x00, 0x00, 0x00, 0x00, 0x00, 0x00,
    0x00, 0x00, 0x00, 0x00, 0x00, 0x00, 0x00, 0x00, 0x00, 0x00, 0x00, 0x00, 0x00, 0x00, 0x00, 0x00, 0x00, 0x00, 0x00, 0x03, 0x00, 0x00, 0x00, 0x00,
    0x00, 0x00, 0x00, 0x67, 0x7D, 0x7B, 0x7F, 0xFF, 0xAD, 0xAD, 0xB0, 0xFE, 0xAC, 0xAB, 0xB0, 0xFF, 0x99, 0x99, 0xA0, 0xFF, 0x77, 0x78, 0x81, 0xFF,
    0x60, 0x61, 0x6B, 0xFF, 0x56, 0x57, 0x63, 0xFF, 0x8E, 0x91, 0x9A, 0xFF, 0x8C, 0x90, 0x97, 0xFF, 0x73, 0x76, 0x7E, 0xFF, 0x88, 0x8F, 0x9A, 0xFF,
    0x83, 0x8E, 0x96, 0xFF, 0x72, 0x7E, 0x85, 0xFF, 0x62, 0x6C, 0x74, 0xFF, 0x6F, 0x79, 0x81, 0xFF, 0x8E, 0x98, 0xA0, 0xFF, 0x84, 0x8D, 0x95, 0xFF,
    0x98, 0x9D, 0xA6, 0xFF, 0xA7, 0xAD, 0xB5, 0xFF, 0xA9, 0xAE, 0xB5, 0xFF, 0xA8, 0xAD, 0xB5, 0xFF, 0xA3, 0xA9, 0xB0, 0xFF, 0x96, 0x9E, 0xA6, 0xFF,
    0x85, 0x8E, 0x99, 0xFF, 0x74, 0x7E, 0x88, 0xFF, 0x69, 0x73, 0x7D, 0xFF, 0x60, 0x6C, 0x75, 0xFF, 0x5C, 0x68, 0x73, 0xFF, 0x55, 0x60, 0x6C, 0xFF,
    0x50, 0x5C, 0x68, 0xFF, 0x48, 0x54, 0x61, 0xFF, 0x2F, 0x3B, 0x48, 0xFF, 0x2C, 0x38, 0x41, 0xFC, 0x2D, 0x39, 0x43, 0xFF, 0x3C, 0x4A, 0x55, 0xBA,
    0x00, 0x00, 0x00, 0x00, 0x00, 0x00, 0x00, 0x02, 0x00, 0x00, 0x00, 0x00, 0x00, 0x00, 0x00, 0x00, 0x00, 0x00, 0x00, 0x00, 0x00, 0x00, 0x00, 0x00,
    0x00, 0x00, 0x00, 0x00, 0x00, 0x00, 0x00, 0x00, 0x00, 0x00, 0x00, 0x00, 0x00, 0x00, 0x00, 0x00, 0x55, 0x55, 0x55, 0x03, 0x00, 0x00, 0x00, 0x00,
    0x79, 0x77, 0x7D, 0x84, 0x9C, 0x9D, 0xA3, 0xFF, 0x89, 0x8A, 0x90, 0xFD, 0x61, 0x62, 0x6A, 0xFF, 0x48, 0x4A, 0x53, 0xFF, 0x48, 0x49, 0x53, 0xFF,
    0x58, 0x58, 0x63, 0xFF, 0x5D, 0x5D, 0x68, 0xFF, 0x80, 0x83, 0x8B, 0xFF, 0x89, 0x8C, 0x94, 0xFF, 0x75, 0x78, 0x80, 0xFF, 0x75, 0x7B, 0x85, 0xFF,
    0x83, 0x8B, 0x94, 0xFF, 0x63, 0x6E, 0x76, 0xFF, 0x5E, 0x69, 0x71, 0xFF, 0x6C, 0x76, 0x7E, 0xFF, 0x91, 0x9B, 0xA3, 0xFF, 0x81, 0x8A, 0x92, 0xFF,
    0x9B, 0xA0, 0xAA, 0xFF, 0xA5, 0xAA, 0xB2, 0xFF, 0xA7, 0xAD, 0xB3, 0xFF, 0xA6, 0xAB, 0xB3, 0xFF, 0x9D, 0xA5, 0xAB, 0xFF, 0x91, 0x99, 0xA1, 0xFF,
    0x82, 0x8B, 0x96, 0xFF, 0x73, 0x7C, 0x87, 0xFF, 0x67, 0x70, 0x7B, 0xFF, 0x5D, 0x69, 0x73, 0xFF, 0x5A, 0x65, 0x70, 0xFF, 0x51, 0x5C, 0x68, 0xFF,
    0x4D, 0x59, 0x64, 0xFF, 0x41, 0x4C, 0x5A, 0xFF, 0x2C, 0x37, 0x45, 0xFF, 0x2C, 0x38, 0x42, 0xFC, 0x2B, 0x38, 0x44, 0xFF, 0x38, 0x44, 0x50, 0xC8,
    0x00, 0x00, 0x00, 0x00, 0x00, 0x00, 0x00, 0x01, 0x00, 0x00, 0x00, 0x00, 0x00, 0x00, 0x00, 0x00, 0x00, 0x00, 0x00, 0x00, 0x00, 0x00, 0x00, 0x00,
    0x00, 0x00, 0x00, 0x00, 0x00, 0x00, 0x00, 0x00, 0x00, 0x00, 0x00, 0x00, 0x00, 0x00, 0x00, 0x00, 0x00, 0x00, 0x00, 0x00, 0x5E, 0x60, 0x66, 0x64,
    0x92, 0x92, 0x99, 0xFF, 0x83, 0x84, 0x8D, 0xFC, 0x82, 0x85, 0x8F, 0xFF, 0x5F, 0x62, 0x6C, 0xFF, 0x45, 0x47, 0x4E, 0xFF, 0x4E, 0x51, 0x59, 0xFF,
    0x53, 0x55, 0x60, 0xFF, 0x5C, 0x5F, 0x6A, 0xFF, 0x65, 0x69, 0x73, 0xFF, 0x84, 0x88, 0x90, 0xFF, 0x84, 0x87, 0x90, 0xFF, 0x75, 0x7A, 0x82, 0xFF,
    0x85, 0x8B, 0x94, 0xFF, 0x62, 0x6C, 0x74, 0xFF, 0x59, 0x63, 0x6B, 0xFF, 0x66, 0x70, 0x78, 0xFF, 0x8B, 0x95, 0x9D, 0xFF, 0x7A, 0x83, 0x8B, 0xFF,
    0x90, 0x98, 0xA2, 0xFF, 0x9C, 0xA3, 0xAB, 0xFF, 0x9C, 0xA3, 0xA9, 0xFF, 0x99, 0xA0, 0xA6, 0xFF, 0x91, 0x99, 0xA0, 0xFF, 0x85, 0x8F, 0x96, 0xFF,
    0x7A, 0x84, 0x8E, 0xFF, 0x6E, 0x78, 0x83, 0xFF, 0x63, 0x6E, 0x7A, 0xFF, 0x5C, 0x68, 0x72, 0xFF, 0x56, 0x62, 0x6D, 0xFF, 0x4F, 0x5A, 0x66, 0xFF,
    0x4C, 0x58, 0x64, 0xFF, 0x3C, 0x48, 0x54, 0xFF, 0x2A, 0x36, 0x42, 0xFF, 0x29, 0x35, 0x40, 0xFD, 0x28, 0x36, 0x43, 0xFF, 0x35, 0x42, 0x4C, 0xD3,
    0xFF, 0xFF, 0xFF, 0x01, 0x00, 0x00, 0x00, 0x00, 0x00, 0x00, 0x00, 0x00, 0x00, 0x00, 0x00, 0x00, 0x00, 0x00, 0x00, 0x00, 0x00, 0x00, 0x00, 0x00,
    0x00, 0x00, 0x00, 0x00, 0x00, 0x00, 0x00, 0x00, 0x00, 0x00, 0x00, 0x00, 0x00, 0x00, 0x00, 0x00, 0x00, 0x00, 0x00, 0x0B, 0x44, 0x45, 0x4A, 0xCA,
    0x8A, 0x8C, 0x95, 0xFE, 0x90, 0x91, 0x9A, 0xFD, 0x75, 0x7A, 0x82, 0xFF, 0x6E, 0x70, 0x77, 0xFF, 0x52, 0x50, 0x55, 0xFF, 0x56, 0x53, 0x5A, 0xFF,
    0x5D, 0x5C, 0x65, 0xFF, 0x65, 0x66, 0x73, 0xFF, 0x61, 0x66, 0x70, 0xFF, 0x6E, 0x74, 0x7D, 0xFF, 0x6D, 0x70, 0x7A, 0xFF, 0x74, 0x78, 0x7F, 0xFF,
    0x80, 0x87, 0x8D, 0xFF, 0x5F, 0x69, 0x6F, 0xFF, 0x53, 0x5D, 0x65, 0xFF, 0x5E, 0x68, 0x70, 0xFF, 0x7E, 0x88, 0x90, 0xFF, 0x70, 0x7A, 0x82, 0xFF,
    0x81, 0x8B, 0x93, 0xFF, 0x8C, 0x95, 0x9D, 0xFF, 0x8A, 0x92, 0x99, 0xFF, 0x88, 0x90, 0x97, 0xFF, 0x83, 0x8C, 0x94, 0xFF, 0x7A, 0x85, 0x8D, 0xFF,
    0x70, 0x7A, 0x84, 0xFF, 0x66, 0x71, 0x7C, 0xFF, 0x5E, 0x6A, 0x74, 0xFF, 0x59, 0x64, 0x70, 0xFF, 0x52, 0x5E, 0x6A, 0xFF, 0x4C, 0x57, 0x63, 0xFF,
    0x4D, 0x59, 0x65, 0xFF, 0x38, 0x44, 0x4F, 0xFF, 0x2E, 0x3A, 0x44, 0xFF, 0x2C, 0x38, 0x41, 0xFD, 0x26, 0x34, 0x3E, 0xFF, 0x37, 0x45, 0x4F, 0xDD,
    0xAA, 0xAA, 0xAA, 0x09, 0x00, 0x00, 0x00, 0x00, 0x00, 0x00, 0x00, 0x00, 0x00, 0x00, 0x00, 0x00, 0x00, 0x00, 0x00, 0x00, 0x00, 0x00, 0x00, 0x00,
    0x00, 0x00, 0x00, 0x00, 0x00, 0x00, 0x00, 0x00, 0x00, 0x00, 0x00, 0x00, 0x00, 0x00, 0x00, 0x00, 0x00, 0x00, 0x00, 0x0B, 0x30, 0x31, 0x36, 0xBF,
    0x80, 0x81, 0x8C, 0xFF, 0x7E, 0x80, 0x89, 0xFD, 0x6C, 0x6D, 0x75, 0xFF, 0x85, 0x83, 0x87, 0xFF, 0x61, 0x5A, 0x5D, 0xFF, 0x61, 0x59, 0x5D, 0xFF,
    0x73, 0x6F, 0x75, 0xFF, 0x72, 0x71, 0x7C, 0xFF, 0x6B, 0x6E, 0x79, 0xFF, 0x60, 0x66, 0x70, 0xFF, 0x59, 0x5D, 0x67, 0xFF, 0x79, 0x7C, 0x84, 0xFF,
    0x65, 0x6B, 0x72, 0xFF, 0x5F, 0x67, 0x6E, 0xFF, 0x4C, 0x56, 0x5E, 0xFF, 0x59, 0x63, 0x6B, 0xFF, 0x76, 0x80, 0x88, 0xFF, 0x63, 0x6D, 0x75, 0xFF,
    0x68, 0x72, 0x7A, 0xFF, 0x85, 0x8E, 0x97, 0xFF, 0x7F, 0x86, 0x91, 0xFF, 0x7B, 0x82, 0x8E, 0xFF, 0x76, 0x7F, 0x88, 0xFF, 0x6F, 0x7A, 0x83, 0xFF,
    0x67, 0x71, 0x7B, 0xFF, 0x5E, 0x6A, 0x73, 0xFF, 0x58, 0x64, 0x6E, 0xFF, 0x54, 0x60, 0x6C, 0xFF, 0x50, 0x5B, 0x67, 0xFF, 0x48, 0x54, 0x60, 0xFF,
    0x41, 0x4C, 0x58, 0xFF, 0x3D, 0x49, 0x53, 0xFF, 0x41, 0x4D, 0x56, 0xFF, 0x44, 0x50, 0x59, 0xFD, 0x2D, 0x3B, 0x45, 0xFF, 0x35, 0x41, 0x4D, 0xE4,
    0x7F, 0x9F, 0x9F, 0x10, 0x00, 0x00, 0x00, 0x00, 0x00, 0x00, 0x00, 0x00, 0x00, 0x00, 0x00, 0x00, 0x00, 0x00, 0x00, 0x00, 0x00, 0x00, 0x00, 0x00,
    0x00, 0x00, 0x00, 0x00, 0x00, 0x00, 0x00, 0x00, 0x00, 0x00, 0x00, 0x00, 0x00, 0x00, 0x00, 0x00, 0x00, 0x00, 0x00, 0x00, 0x1D, 0x1D, 0x22, 0x9B,
    0x63, 0x64, 0x6F, 0xFF, 0x69, 0x69, 0x75, 0xFD, 0x75, 0x73, 0x7A, 0xFF, 0x78, 0x72, 0x76, 0xFF, 0x6A, 0x61, 0x62, 0xFF, 0x79, 0x6E, 0x6F, 0xFF,
    0x84, 0x7D, 0x7E, 0xFF, 0x8A, 0x87, 0x88, 0xFF, 0x72, 0x75, 0x7E, 0xFF, 0x5C, 0x61, 0x6E, 0xFF, 0x6B, 0x6D, 0x78, 0xFF, 0x83, 0x87, 0x8F, 0xFF,
    0x44, 0x4A, 0x51, 0xFF, 0x60, 0x69, 0x70, 0xFF, 0x46, 0x50, 0x58, 0xFF, 0x52, 0x5C, 0x63, 0xFF, 0x70, 0x7A, 0x82, 0xFF, 0x69, 0x72, 0x7B, 0xFF,
    0x55, 0x5F, 0x69, 0xFF, 0x62, 0x6B, 0x77, 0xFF, 0x74, 0x7C, 0x89, 0xFF, 0x74, 0x7C, 0x8A, 0xFF, 0x6D, 0x77, 0x83, 0xFF, 0x67, 0x71, 0x7C, 0xFF,
    0x60, 0x69, 0x75, 0xFF, 0x5A, 0x65, 0x70, 0xFF, 0x54, 0x60, 0x6B, 0xFF, 0x50, 0x5B, 0x68, 0xFF, 0x4A, 0x56, 0x62, 0xFF, 0x4F, 0x5B, 0x67, 0xFF,
    0x58, 0x63, 0x6F, 0xFF, 0x43, 0x4F, 0x59, 0xFF, 0x32, 0x3E, 0x48, 0xFF, 0x2C, 0x38, 0x41, 0xFE, 0x27, 0x35, 0x3E, 0xFF, 0x32, 0x41, 0x4B, 0xED,
    0x6B, 0x7F, 0x7F, 0x1A, 0x00, 0x00, 0x00, 0x00, 0x00, 0x00, 0x00, 0x00, 0x00, 0x00, 0x00, 0x00, 0x00, 0x00, 0x00, 0x00, 0x00, 0x00, 0x00, 0x00,
    0x00, 0x00, 0x00, 0x00, 0x00, 0x00, 0x00, 0x00, 0x00, 0x00, 0x00, 0x00, 0x00, 0x00, 0x00, 0x00, 0x00, 0x00, 0x00, 0x00, 0x04, 0x04, 0x04, 0x7F,
    0x5B, 0x5D, 0x68, 0xFF, 0x77, 0x77, 0x83, 0xFE, 0x72, 0x6E, 0x76, 0xFF, 0x71, 0x6A, 0x6E, 0xFF, 0x76, 0x6B, 0x6D, 0xFF, 0x78, 0x6D, 0x6D, 0xFF,
    0x81, 0x79, 0x76, 0xFF, 0x9D, 0x9A, 0x96, 0xFF, 0x71, 0x71, 0x77, 0xFF, 0x53, 0x57, 0x64, 0xFF, 0x8A, 0x8C, 0x94, 0xFF, 0x6A, 0x6E, 0x74, 0xFF,
    0x29, 0x2F, 0x36, 0xFF, 0x64, 0x6C, 0x73, 0xFF, 0x44, 0x4D, 0x56, 0xFF, 0x4B, 0x55, 0x5D, 0xFF, 0x5C, 0x66, 0x6F, 0xFF, 0x6E, 0x77, 0x82, 0xFF,
    0x6B, 0x75, 0x7F, 0xFF, 0x61, 0x6B, 0x76, 0xFF, 0x59, 0x64, 0x70, 0xFF, 0x5F, 0x6B, 0x77, 0xFF, 0x5F, 0x6B, 0x77, 0xFF, 0x5C, 0x68, 0x73, 0xFF,
    0x54, 0x60, 0x6C, 0xFF, 0x51, 0x5D, 0x69, 0xFF, 0x52, 0x5E, 0x6A, 0xFF, 0x5D, 0x68, 0x75, 0xFF, 0x61, 0x6D, 0x79, 0xFF, 0x59, 0x65, 0x71, 0xFF,
    0x40, 0x4C, 0x57, 0xFF, 0x33, 0x3F, 0x49, 0xFF, 0x32, 0x3E, 0x47, 0xFF, 0x27, 0x33, 0x3C, 0xFE, 0x25, 0x32, 0x3B, 0xFF, 0x2F, 0x3F, 0x47, 0xF5,
    0x5A, 0x70, 0x78, 0x22, 0x00, 0x00, 0x00, 0x00, 0x00, 0x00, 0x00, 0x00, 0x00, 0x00, 0x00, 0x00, 0x00, 0x00, 0x00, 0x00, 0x00, 0x00, 0x00, 0x00,
    0x00, 0x00, 0x00, 0x00, 0x00, 0x00, 0x00, 0x00, 0x00, 0x00, 0x00, 0x00, 0x00, 0x00, 0x00, 0x00, 0x00, 0x00, 0x00, 0x00, 0x00, 0x00, 0x00, 0x55,
    0x4F, 0x52, 0x5A, 0xFC, 0x93, 0x96, 0x9F, 0xFF, 0x84, 0x81, 0x89, 0xFE, 0x7C, 0x76, 0x7A, 0xFF, 0x76, 0x6B, 0x6D, 0xFF, 0x6E, 0x63, 0x63, 0xFF,
    0x7E, 0x76, 0x73, 0xFF, 0xAF, 0xAA, 0xA7, 0xFF, 0x69, 0x69, 0x6B, 0xFF, 0x60, 0x64, 0x6B, 0xFF, 0xA1, 0xA3, 0xA8, 0xFF, 0x41, 0x44, 0x4A, 0xFF,
    0x25, 0x2A, 0x32, 0xFF, 0x5E, 0x67, 0x6D, 0xFF, 0x41, 0x4B, 0x52, 0xFF, 0x46, 0x4F, 0x57, 0xFF, 0x4A, 0x54, 0x5D, 0xFF, 0x51, 0x5B, 0x65, 0xFF,
    0x61, 0x6D, 0x77, 0xFF, 0x71, 0x7E, 0x89, 0xFF, 0x6F, 0x7C, 0x87, 0xFF, 0x63, 0x72, 0x7D, 0xFF, 0x5C, 0x6B, 0x76, 0xFF, 0x59, 0x68, 0x72, 0xFF,
    0x5B, 0x6A, 0x73, 0xFF, 0x64, 0x71, 0x7C, 0xFF, 0x6B, 0x77, 0x83, 0xFF, 0x5C, 0x67, 0x73, 0xFF, 0x42, 0x4E, 0x5A, 0xFF, 0x35, 0x41, 0x4D, 0xFF,
    0x37, 0x43, 0x4F, 0xFF, 0x37, 0x44, 0x4D, 0xFF, 0x41, 0x4D, 0x57, 0xFF, 0x2C, 0x38, 0x42, 0xFE, 0x25, 0x31, 0x3B, 0xFF, 0x2A, 0x3A, 0x42, 0xFD,
    0x37, 0x4A, 0x57, 0x29, 0x00, 0x00, 0x00, 0x00, 0x00, 0x00, 0x00, 0x00, 0x00, 0x00, 0x00, 0x00, 0x00, 0x00, 0x00, 0x00, 0x00, 0x00, 0x00, 0x00,
    0x00, 0x00, 0x00, 0x00, 0x00, 0x00, 0x00, 0x00, 0x00, 0x00, 0x00, 0x00, 0x00, 0x00, 0x00, 0x00, 0x00, 0x00, 0x00, 0x00, 0x00, 0x00, 0x00, 0x2F,
    0x48, 0x4D, 0x52, 0xEF, 0x94, 0x98, 0x9E, 0xFF, 0x86, 0x83, 0x88, 0xFE, 0x86, 0x7F, 0x82, 0xFF, 0x78, 0x6D, 0x6E, 0xFF, 0x75, 0x68, 0x67, 0xFF,
    0x80, 0x75, 0x73, 0xFF, 0xB0, 0xAA, 0xA6, 0xFF, 0x69, 0x67, 0x66, 0xFF, 0x8F, 0x90, 0x93, 0xFF, 0x74, 0x75, 0x7B, 0xFF, 0x29, 0x2C, 0x36, 0xFF,
    0x23, 0x26, 0x2C, 0xFF, 0x51, 0x5D, 0x61, 0xFF, 0x40, 0x4B, 0x52, 0xFF, 0x41, 0x4B, 0x52, 0xFF, 0x46, 0x51, 0x59, 0xFF, 0x49, 0x54, 0x5E, 0xFF,
    0x46, 0x53, 0x5C, 0xFF, 0x4B, 0x58, 0x63, 0xFF, 0x55, 0x62, 0x6E, 0xFF, 0x5F, 0x6C, 0x77, 0xFF, 0x66, 0x74, 0x7D, 0xFF, 0x69, 0x77, 0x7F, 0xFF,
    0x66, 0x75, 0x7D, 0xFF, 0x5C, 0x68, 0x73, 0xFF, 0x46, 0x52, 0x5D, 0xFF, 0x3E, 0x4A, 0x56, 0xFF, 0x40, 0x4C, 0x58, 0xFF, 0x42, 0x4E, 0x5A, 0xFF,
    0x3E, 0x49, 0x56, 0xFF, 0x3D, 0x49, 0x53, 0xFF, 0x46, 0x52, 0x5B, 0xFF, 0x37, 0x43, 0x4D, 0xFF, 0x23, 0x2F, 0x39, 0xFE, 0x2A, 0x37, 0x41, 0xFF,
    0x2D, 0x3B, 0x44, 0x38, 0x00, 0x00, 0x00, 0x00, 0x00, 0x00, 0x00, 0x00, 0x00, 0x00, 0x00, 0x00, 0x00, 0x00, 0x00, 0x00, 0x00, 0x00, 0x00, 0x00,
    0x00, 0x00, 0x00, 0x00, 0x00, 0x00, 0x00, 0x00, 0x00, 0x00, 0x00, 0x00, 0x00, 0x00, 0x00, 0x00, 0x00, 0x00, 0x00, 0x00, 0x00, 0x00, 0x00, 0x1B,
    0x42, 0x44, 0x48, 0xE2, 0x8F, 0x91, 0x94, 0xFF, 0x79, 0x79, 0x7C, 0xFE, 0x7B, 0x74, 0x76, 0xFF, 0x77, 0x6D, 0x6C, 0xFF, 0x79, 0x6C, 0x6B, 0xFF,
    0x7C, 0x72, 0x70, 0xFF, 0xB7, 0xB2, 0xAF, 0xFF, 0x95, 0x92, 0x94, 0xFF, 0x83, 0x84, 0x89, 0xFF, 0x38, 0x3C, 0x47, 0xFF, 0x1E, 0x21, 0x2B, 0xFF,
    0x0D, 0x10, 0x14, 0xFF, 0x47, 0x53, 0x59, 0xFF, 0x3F, 0x49, 0x52, 0xFF, 0x3E, 0x47, 0x50, 0xFF, 0x41, 0x4C, 0x54, 0xFF, 0x44, 0x51, 0x5A, 0xFF,
    0x48, 0x55, 0x5E, 0xFF, 0x44, 0x50, 0x5B, 0xFF, 0x3D, 0x49, 0x56, 0xFF, 0x3B, 0x47, 0x52, 0xFF, 0x39, 0x45, 0x4F, 0xFF, 0x38, 0x44, 0x4D, 0xFF,
    0x37, 0x43, 0x4D, 0xFF, 0x3C, 0x47, 0x51, 0xFF, 0x46, 0x51, 0x5C, 0xFF, 0x4D, 0x58, 0x65, 0xFF, 0x45, 0x51, 0x5D, 0xFF, 0x40, 0x4C, 0x58, 0xFF,
    0x3F, 0x4A, 0x56, 0xFF, 0x3D, 0x49, 0x53, 0xFF, 0x45, 0x52, 0x5B, 0xFF, 0x3A, 0x46, 0x50, 0xFF, 0x22, 0x2E, 0x38, 0xFD, 0x2B, 0x38, 0x42, 0xFF,
    0x29, 0x36, 0x40, 0x4F, 0x00, 0x00, 0x00, 0x00, 0x00, 0x00, 0x00, 0x00, 0x00, 0x00, 0x00, 0x00, 0x00, 0x00, 0x00, 0x00, 0x00, 0x00, 0x00, 0x00,
    0x00, 0x00, 0x00, 0x00, 0x00, 0x00, 0x00, 0x00, 0x00, 0x00, 0x00, 0x00, 0x00, 0x00, 0x00, 0x00, 0x00, 0x00, 0x00, 0x00, 0x00, 0x00, 0x00, 0x0F,
    0x41, 0x40, 0x41, 0xCF, 0x8B, 0x8C, 0x8C, 0xFF, 0x72, 0x72, 0x74, 0xFD, 0x71, 0x6B, 0x6C, 0xFF, 0x73, 0x69, 0x6B, 0xFF, 0x6B, 0x60, 0x60, 0xFF,
    0x85, 0x7F, 0x7C, 0xFF, 0xB7, 0xB6, 0xB2, 0xFF, 0x7B, 0x7C, 0x80, 0xFF, 0x33, 0x38, 0x42, 0xFE, 0x24, 0x2B, 0x38, 0xFE, 0x0C, 0x0E, 0x15, 0xFF,
    0x14, 0x16, 0x1D, 0xFF, 0x52, 0x5C, 0x68, 0xFF, 0x3B, 0x45, 0x4E, 0xFF, 0x3A, 0x44, 0x4C, 0xFF, 0x3B, 0x46, 0x4E, 0xFF, 0x3F, 0x4B, 0x55, 0xFF,
    0x40, 0x4C, 0x55, 0xFF, 0x45, 0x50, 0x5B, 0xFF, 0x47, 0x53, 0x60, 0xFF, 0x48, 0x54, 0x60, 0xFF, 0x48, 0x53, 0x60, 0xFF, 0x48, 0x53, 0x61, 0xFF,
    0x4C, 0x58, 0x65, 0xFF, 0x4B, 0x57, 0x63, 0xFF, 0x4B, 0x56, 0x62, 0xFF, 0x43, 0x4F, 0x5B, 0xFF, 0x40, 0x4D, 0x59, 0xFF, 0x41, 0x4C, 0x58, 0xFF,
    0x3F, 0x4B, 0x57, 0xFF, 0x3A, 0x47, 0x50, 0xFF, 0x47, 0x54, 0x5D, 0xFF, 0x31, 0x3D, 0x47, 0xFF, 0x23, 0x2F, 0x39, 0xFC, 0x2A, 0x36, 0x41, 0xFF,
    0x28, 0x32, 0x3C, 0x66, 0x00, 0x00, 0x00, 0x00, 0x00, 0x00, 0x00, 0x00, 0x00, 0x00, 0x00, 0x00, 0x00, 0x00, 0x00, 0x00, 0x00, 0x00, 0x00, 0x00,
    0x00, 0x00, 0x00, 0x00, 0x00, 0x00, 0x00, 0x00, 0x00, 0x00, 0x00, 0x00, 0x00, 0x00, 0x00, 0x00, 0x00, 0x00, 0x00, 0x00, 0x00, 0x00, 0x00, 0x01,
    0x42, 0x41, 0x41, 0xB8, 0x87, 0x84, 0x85, 0xFF, 0x71, 0x6E, 0x6F, 0xFD, 0x66, 0x60, 0x62, 0xFF, 0x61, 0x5A, 0x5B, 0xFF, 0x7D, 0x76, 0x75, 0xFF,
    0xAF, 0xAB, 0xAB, 0xFF, 0x70, 0x72, 0x74, 0xFE, 0x40, 0x45, 0x50, 0xFE, 0x33, 0x3B, 0x47, 0xFF, 0x1A, 0x20, 0x29, 0xFF, 0x0E, 0x10, 0x15, 0xFF,
    0x24, 0x27, 0x2F, 0xFF, 0x4B, 0x54, 0x5F, 0xFF, 0x45, 0x51, 0x5A, 0xFF, 0x36, 0x42, 0x4B, 0xFF, 0x35, 0x41, 0x4A, 0xFF, 0x38, 0x44, 0x4E, 0xFF,
    0x39, 0x45, 0x4E, 0xFF, 0x3A, 0x46, 0x4F, 0xFF, 0x3B, 0x47, 0x50, 0xFF, 0x3F, 0x4B, 0x54, 0xFF, 0x3E, 0x4A, 0x56, 0xFF, 0x3C, 0x48, 0x54, 0xFF,
    0x3E, 0x4A, 0x57, 0xFF, 0x40, 0x4C, 0x58, 0xFF, 0x3E, 0x49, 0x55, 0xFF, 0x3A, 0x45, 0x52, 0xFF, 0x3F, 0x4B, 0x55, 0xFF, 0x3D, 0x49, 0x53, 0xFF,
    0x3B, 0x47, 0x51, 0xFF, 0x44, 0x4E, 0x59, 0xFF, 0x47, 0x51, 0x5B, 0xFF, 0x25, 0x2E, 0x39, 0xFF, 0x27, 0x31, 0x39, 0xFB, 0x2A, 0x35, 0x3E, 0xFF,
    0x25, 0x2F, 0x37, 0x80, 0x00, 0x00, 0x00, 0x00, 0x00, 0x00, 0x00, 0x00, 0x00, 0x00, 0x00, 0x00, 0x00, 0x00, 0x00, 0x00, 0x00, 0x00, 0x00, 0x00,
    0x00, 0x00, 0x00, 0x00, 0x00, 0x00, 0x00, 0x00, 0x00, 0x00, 0x00, 0x00, 0x00, 0x00, 0x00, 0x00, 0xFF, 0xFF, 0xFF, 0x01, 0x00, 0x00, 0x00, 0x00,
    0x2A, 0x2A, 0x2A, 0xA3, 0x77, 0x76, 0x77, 0xFF, 0x63, 0x61, 0x62, 0xFD, 0x6D, 0x6B, 0x6C, 0xFF, 0x9B, 0x9A, 0x99, 0xFF, 0x96, 0x96, 0x9A, 0xFE,
    0x66, 0x66, 0x71, 0xFE, 0x47, 0x47, 0x55, 0xFF, 0x31, 0x34, 0x3E, 0xFF, 0x14, 0x16, 0x1D, 0xDF, 0x02, 0x04, 0x07, 0xD5, 0x0E, 0x0F, 0x13, 0xF6,
    0x1A, 0x1D, 0x23, 0xFF, 0x3A, 0x43, 0x4C, 0xFE, 0x45, 0x51, 0x5B, 0xFF, 0x36, 0x42, 0x4C, 0xFF, 0x35, 0x41, 0x4B, 0xFF, 0x31, 0x3E, 0x47, 0xFF,
    0x35, 0x41, 0x4A, 0xFF, 0x35, 0x42, 0x4B, 0xFF, 0x36, 0x42, 0x4B, 0xFF, 0x37, 0x44, 0x4D, 0xFF, 0x37, 0x43, 0x4E, 0xFF, 0x37, 0x43, 0x4F, 0xFF,
    0x34, 0x40, 0x4C, 0xFF, 0x31, 0x3D, 0x49, 0xFF, 0x36, 0x42, 0x4E, 0xFF, 0x38, 0x44, 0x50, 0xFF, 0x33, 0x3F, 0x49, 0xFF, 0x36, 0x42, 0x4B, 0xFF,
    0x3D, 0x49, 0x53, 0xFF, 0x5B, 0x64, 0x6F, 0xFF, 0x34, 0x3E, 0x49, 0xFF, 0x23, 0x2C, 0x38, 0xFF, 0x26, 0x30, 0x38, 0xFB, 0x29, 0x34, 0x3D, 0xFF,
    0x25, 0x30, 0x37, 0x89, 0x00, 0x00, 0x00, 0x00, 0x00, 0x00, 0x00, 0x00, 0x00, 0x00, 0x00, 0x00, 0x00, 0x00, 0x00, 0x00, 0x00, 0x00, 0x00, 0x00,
    0x00, 0x00, 0x00, 0x00, 0x00, 0x00, 0x00, 0x00, 0x00, 0x00, 0x00, 0x00, 0x00, 0x00, 0x00, 0x00, 0x7F, 0x7F, 0x7F, 0x02, 0x00, 0x00, 0x00, 0x00,
    0x17, 0x17, 0x17, 0x90, 0x6D, 0x6D, 0x6D, 0xFF, 0x94, 0x95, 0x94, 0xFD, 0xA7, 0xA9, 0xAA, 0xFE, 0x7D, 0x81, 0x83, 0xFC, 0x53, 0x57, 0x63, 0xFF,
    0x34, 0x36, 0x41, 0xFF, 0x14, 0x14, 0x18, 0xD0, 0x00, 0x00, 0x02, 0x7D, 0x00, 0x00, 0x00, 0x24, 0x00, 0x00, 0x00, 0x4E, 0x02, 0x02, 0x03, 0xCA,
    0x0D, 0x0F, 0x13, 0xF5, 0x3B, 0x42, 0x48, 0xFF, 0x3E, 0x4A, 0x52, 0xFF, 0x32, 0x3E, 0x48, 0xFF, 0x3D, 0x49, 0x52, 0xFF, 0x35, 0x42, 0x4B, 0xFF,
    0x31, 0x3D, 0x46, 0xFF, 0x35, 0x41, 0x4B, 0xFF, 0x35, 0x41, 0x4B, 0xFF, 0x35, 0x41, 0x4B, 0xFF, 0x35, 0x41, 0x4B, 0xFF, 0x32, 0x3E, 0x4A, 0xFF,
    0x35, 0x41, 0x4D, 0xFF, 0x3B, 0x47, 0x53, 0xFF, 0x39, 0x45, 0x51, 0xFF, 0x32, 0x3E, 0x4A, 0xFF, 0x31, 0x3D, 0x47, 0xFF, 0x3F, 0x4B, 0x54, 0xFF,
    0x55, 0x60, 0x6A, 0xFF, 0x50, 0x5A, 0x64, 0xFF, 0x24, 0x2E, 0x39, 0xFF, 0x25, 0x2F, 0x39, 0xFF, 0x25, 0x2F, 0x36, 0xFB, 0x27, 0x33, 0x3A, 0xFF,
    0x24, 0x2D, 0x36, 0x8C, 0x00, 0x00, 0x00, 0x00, 0x00, 0x00, 0x00, 0x00, 0x00, 0x00, 0x00, 0x00, 0x00, 0x00, 0x00, 0x00, 0x00, 0x00, 0x00, 0x00,
    0x00, 0x00, 0x00, 0x00, 0x00, 0x00, 0x00, 0x00, 0x00, 0x00, 0x00, 0x00, 0x00, 0x00, 0x00, 0x00, 0x55, 0xAA, 0x55, 0x03, 0x00, 0x00, 0x00, 0x00,
    0x2E, 0x2E, 0x2C, 0x7F, 0xA5, 0xA6, 0xA5, 0xFE, 0x9D, 0xA1, 0xA1, 0xFB, 0x63, 0x68, 0x6E, 0xFE, 0x3E, 0x42, 0x4E, 0xFF, 0x1E, 0x24, 0x27, 0xE7,
    0x00, 0x02, 0x02, 0x72, 0x00, 0x00, 0x00, 0x13, 0x00, 0x00, 0x00, 0x00, 0x00, 0x00, 0x00, 0x00, 0x00, 0x00, 0x00, 0x00, 0x03, 0x03, 0x03, 0x46,
    0x00, 0x00, 0x00, 0xC9, 0x38, 0x3D, 0x40, 0xF3, 0x45, 0x51, 0x5B, 0xFF, 0x2D, 0x39, 0x43, 0xFE, 0x32, 0x3E, 0x48, 0xFF, 0x2F, 0x3B, 0x45, 0xFF,
    0x34, 0x40, 0x4A, 0xFF, 0x31, 0x3D, 0x47, 0xFF, 0x34, 0x40, 0x4A, 0xFF, 0x36, 0x42, 0x4C, 0xFF, 0x37, 0x43, 0x4C, 0xFF, 0x34, 0x40, 0x4A, 0xFF,
    0x36, 0x42, 0x4C, 0xFF, 0x34, 0x40, 0x4A, 0xFF, 0x33, 0x3F, 0x48, 0xFF, 0x39, 0x45, 0x4F, 0xFF, 0x46, 0x51, 0x5A, 0xFF, 0x4E, 0x58, 0x60, 0xFF,
    0x4E, 0x58, 0x61, 0xFF, 0x3F, 0x49, 0x51, 0xFF, 0x27, 0x31, 0x39, 0xFF, 0x23, 0x2D, 0x35, 0xFF, 0x23, 0x2B, 0x32, 0xFB, 0x27, 0x2F, 0x36, 0xFF,
    0x26, 0x2D, 0x33, 0x9D, 0x00, 0x00, 0x00, 0x00, 0x00, 0x00, 0x00, 0x00, 0x00, 0x00, 0x00, 0x00, 0x00, 0x00, 0x00, 0x00, 0x00, 0x00, 0x00, 0x00,
    0x00, 0x00, 0x00, 0x00, 0x00, 0x00, 0x00, 0x00, 0x00, 0x00, 0x00, 0x00, 0x00, 0x00, 0x00, 0x00, 0xAA, 0xAA, 0xAA, 0x03, 0x00, 0x00, 0x00, 0x00,
    0x60, 0x60, 0x63, 0xA2, 0x77, 0x75, 0x7C, 0xFF, 0x4A, 0x4A, 0x55, 0xFF, 0x2C, 0x2E, 0x35, 0xFE, 0x0D, 0x10, 0x12, 0xA7, 0x00, 0x00, 0x00, 0x28,
    0x00, 0x00, 0x00, 0x00, 0x00, 0x00, 0x00, 0x00, 0x00, 0x00, 0x00, 0x02, 0x00, 0x00, 0x00, 0x02, 0x00, 0x00, 0x00, 0x03, 0x00, 0x00, 0x00, 0x00,
    0x00, 0x00, 0x00, 0x3C, 0x25, 0x29, 0x2B, 0xD2, 0x40, 0x4C, 0x56, 0xFF, 0x31, 0x3D, 0x47, 0xFE, 0x2D, 0x39, 0x43, 0xFF, 0x2D, 0x39, 0x42, 0xFF,
    0x3E, 0x49, 0x53, 0xFF, 0x3A, 0x46, 0x50, 0xFF, 0x2D, 0x39, 0x43, 0xFF, 0x32, 0x3E, 0x48, 0xFF, 0x38, 0x44, 0x4E, 0xFF, 0x39, 0x46, 0x4F, 0xFF,
    0x3A, 0x47, 0x50, 0xFF, 0x3C, 0x48, 0x51, 0xFF, 0x42, 0x4E, 0x58, 0xFF, 0x43, 0x4F, 0x59, 0xFF, 0x3C, 0x46, 0x4F, 0xFF, 0x38, 0x41, 0x4A, 0xFF,
    0x3C, 0x45, 0x4D, 0xFF, 0x43, 0x4B, 0x54, 0xFF, 0x28, 0x31, 0x39, 0xFF, 0x23, 0x2C, 0x34, 0xFF, 0x23, 0x2B, 0x32, 0xFC, 0x25, 0x2D, 0x34, 0xFF,
    0x20, 0x28, 0x2E, 0xA5, 0x00, 0x00, 0x00, 0x00, 0x00, 0x00, 0x00, 0x00, 0x00, 0x00, 0x00, 0x00, 0x00, 0x00, 0x00, 0x00, 0x00, 0x00, 0x00, 0x00,
    0x00, 0x00, 0x00, 0x00, 0x00, 0x00, 0x00, 0x00, 0x00, 0x00, 0x00, 0x00, 0x00, 0x00, 0x00, 0x00, 0x00, 0x00, 0x00, 0x00, 0x00, 0x00, 0x00, 0x1A,
    0x0C, 0x0D, 0x0F, 0xE2, 0x1A, 0x1A, 0x22, 0xF8, 0x16, 0x16, 0x1E, 0xC2, 0x00, 0x00, 0x00, 0x55, 0x00, 0x00, 0x00, 0x00, 0x00, 0x00, 0x00, 0x00,
    0x00, 0x00, 0x00, 0x03, 0x00, 0x00, 0x00, 0x01, 0x00, 0x00, 0x00, 0x00, 0x00, 0x00, 0x00, 0x00, 0x00, 0x00, 0x00, 0x00, 0x7F, 0x7F, 0x7F, 0x02,
    0x00, 0x00, 0x00, 0x00, 0x15, 0x1A, 0x1B, 0x9C, 0x30, 0x3B, 0x45, 0xFF, 0x29, 0x35, 0x3F, 0xFD, 0x2F, 0x3B, 0x45, 0xFF, 0x37, 0x43, 0x4C, 0xFF,
    0x35, 0x41, 0x4B, 0xFF, 0x39, 0x45, 0x4E, 0xFF, 0x3C, 0x48, 0x52, 0xFF, 0x2F, 0x3B, 0x44, 0xFF, 0x33, 0x3F, 0x49, 0xFF, 0x3B, 0x47, 0x51, 0xFF,
    0x3D, 0x4A, 0x53, 0xFF, 0x3D, 0x49, 0x53, 0xFF, 0x39, 0x45, 0x4F, 0xFF, 0x2F, 0x3B, 0x45, 0xFF, 0x30, 0x38, 0x41, 0xFF, 0x38, 0x3F, 0x48, 0xFF,
    0x42, 0x49, 0x50, 0xFF, 0x46, 0x4E, 0x56, 0xFF, 0x2B, 0x33, 0x3C, 0xFF, 0x20, 0x27, 0x2F, 0xFF, 0x20, 0x27, 0x2E, 0xFC, 0x23, 0x2B, 0x31, 0xFF,
    0x1F, 0x27, 0x2F, 0xA8, 0x00, 0x00, 0x00, 0x00, 0x00, 0x00, 0x00, 0x00, 0x00, 0x00, 0x00, 0x00, 0x00, 0x00, 0x00, 0x00, 0x00, 0x00, 0x00, 0x00,
    0x00, 0x00, 0x00, 0x00, 0x00, 0x00, 0x00, 0x00, 0x00, 0x00, 0x00, 0x00, 0x00, 0x00, 0x00, 0x00, 0x00, 0x00, 0x00, 0x00, 0x00, 0x00, 0x00, 0x0D,
    0x00, 0x00, 0x00, 0x75, 0x00, 0x00, 0x00, 0x52, 0x00, 0x00, 0x00, 0x0A, 0x00, 0x00, 0x00, 0x00, 0x00, 0x00, 0xFF, 0x01, 0x00, 0x00, 0x00, 0x02,
    0x00, 0x00, 0x00, 0x00, 0x00, 0x00, 0x00, 0x00, 0x00, 0x00, 0x00, 0x00, 0x00, 0x00, 0x00, 0x00, 0x00, 0x00, 0x00, 0x00, 0x00, 0x00, 0x55, 0x03,
    0x00, 0x00, 0x00, 0x01, 0x0E, 0x13, 0x17, 0x78, 0x2C, 0x37, 0x41, 0xFF, 0x26, 0x34, 0x3D, 0xFE, 0x2E, 0x3A, 0x43, 0xFF, 0x33, 0x40, 0x49, 0xFF,
    0x35, 0x41, 0x4B, 0xFF, 0x35, 0x41, 0x4B, 0xFF, 0x39, 0x45, 0x4E, 0xFF, 0x42, 0x4E, 0x57, 0xFF, 0x35, 0x41, 0x4B, 0xFF, 0x35, 0x41, 0x4A, 0xFF,
    0x3D, 0x49, 0x53, 0xFF, 0x3D, 0x48, 0x52, 0xFF, 0x3A, 0x44, 0x4E, 0xFF, 0x36, 0x40, 0x4A, 0xFF, 0x3E, 0x44, 0x4F, 0xFF, 0x45, 0x4A, 0x53, 0xFF,
    0x45, 0x4B, 0x52, 0xFF, 0x44, 0x4B, 0x52, 0xFF, 0x24, 0x2C, 0x32, 0xFF, 0x1F, 0x27, 0x2D, 0xFF, 0x1F, 0x25, 0x2B, 0xFC, 0x21, 0x27, 0x2E, 0xFF,
    0x20, 0x25, 0x2C, 0xB7, 0x00, 0x00, 0x00, 0x00, 0x00, 0x00, 0x00, 0x00, 0x00, 0x00, 0x00, 0x00, 0x00, 0x00, 0x00, 0x00, 0x00, 0x00, 0x00, 0x00,
    0x00, 0x00, 0x00, 0x00, 0x00, 0x00, 0x00, 0x00, 0x00, 0x00, 0x00, 0x00, 0x00, 0x00, 0x00, 0x00, 0x00, 0x00, 0x00, 0x00, 0x00, 0x00, 0x00, 0x00,
    0x00, 0x00, 0x00, 0x00, 0x00, 0x00, 0x00, 0x00, 0x00, 0x00, 0x00, 0x00, 0x00, 0x00, 0x00, 0x03, 0x00, 0x00, 0x00, 0x00, 0x00, 0x00, 0x00, 0x00,
    0x00, 0x00, 0x00, 0x00, 0x00, 0x00, 0x00, 0x00, 0x00, 0x00, 0x00, 0x00, 0x00, 0x00, 0x00, 0x00, 0x00, 0x00, 0x00, 0x00, 0x00, 0x00, 0x00, 0x03,
    0x00, 0x00, 0x00, 0x00, 0x08, 0x0B, 0x11, 0x5A, 0x2A, 0x35, 0x3E, 0xFF, 0x2A, 0x37, 0x40, 0xFE, 0x27, 0x34, 0x3D, 0xFF, 0x2E, 0x3A, 0x44, 0xFF,
    0x35, 0x41, 0x4B, 0xFF, 0x35, 0x41, 0x4B, 0xFF, 0x35, 0x41, 0x4B, 0xFF, 0x36, 0x42, 0x4C, 0xFF, 0x41, 0x4D, 0x57, 0xFF, 0x3B, 0x48, 0x51, 0xFF,
    0x3E, 0x4A, 0x54, 0xFF, 0x3C, 0x47, 0x51, 0xFF, 0x44, 0x4D, 0x58, 0xFF, 0x4E, 0x56, 0x61, 0xFF, 0x50, 0x54, 0x61, 0xFF, 0x4E, 0x51, 0x5B, 0xFF,
    0x50, 0x54, 0x5C, 0xFF, 0x4B, 0x51, 0x58, 0xFF, 0x2E, 0x34, 0x3B, 0xFF, 0x1D, 0x23, 0x2A, 0xFF, 0x1D, 0x22, 0x2A, 0xFD, 0x1E, 0x25, 0x2C, 0xFF,
    0x1E, 0x25, 0x2C, 0xC7, 0x00, 0x00, 0x00, 0x00, 0x00, 0x00, 0x00, 0x00, 0x00, 0x00, 0x00, 0x00, 0x00, 0x00, 0x00, 0x00, 0x00, 0x00, 0x00, 0x00,
    0x00, 0x00, 0x00, 0x00, 0x00, 0x00, 0x00, 0x00, 0x00, 0x00, 0x00, 0x00, 0x00, 0x00, 0x00, 0x00, 0x00, 0x00, 0x00, 0x00, 0x00, 0x00, 0x00, 0x00,
    0x00, 0x00, 0x00, 0x02, 0x00, 0x00, 0x00, 0x03, 0x00, 0x00, 0x00, 0x01, 0x00, 0x00, 0x00, 0x00, 0x00, 0x00, 0x00, 0x00, 0x00, 0x00, 0x00, 0x00,
    0x00, 0x00, 0x00, 0x00, 0x00, 0x00, 0x00, 0x00, 0x00, 0x00, 0x00, 0x00, 0x00, 0x00, 0x00, 0x00, 0x00, 0x00, 0x00, 0x00, 0x00, 0x00, 0x00, 0x03,
    0x00, 0x00, 0x00, 0x00, 0x00, 0x00, 0x00, 0x42, 0x22, 0x2C, 0x35, 0xF5, 0x28, 0x36, 0x3F, 0xFE, 0x29, 0x33, 0x3C, 0xFD, 0x28, 0x35, 0x3E, 0xFF,
    0x2E, 0x3A, 0x43, 0xFF, 0x34, 0x40, 0x49, 0xFF, 0x36, 0x41, 0x4B, 0xFF, 0x39, 0x44, 0x4E, 0xFF, 0x39, 0x45, 0x4E, 0xFF, 0x3C, 0x48, 0x50, 0xFF,
    0x42, 0x4D, 0x56, 0xFF, 0x40, 0x4A, 0x53, 0xFF, 0x4E, 0x56, 0x61, 0xFF, 0x4B, 0x52, 0x5D, 0xFF, 0x48, 0x4D, 0x58, 0xFF, 0x51, 0x54, 0x5E, 0xFF,
    0x4B, 0x4E, 0x56, 0xFF, 0x45, 0x49, 0x51, 0xFF, 0x33, 0x38, 0x40, 0xFF, 0x19, 0x1E, 0x26, 0xFF, 0x1D, 0x22, 0x29, 0xFD, 0x1E, 0x23, 0x2A, 0xFF,
    0x1F, 0x24, 0x2A, 0xD9, 0x19, 0x19, 0x33, 0x0A, 0x00, 0x00, 0x00, 0x00, 0x00, 0x00, 0x00, 0x00, 0x00, 0x00, 0x00, 0x00, 0x00, 0x00, 0x00, 0x00,
    0x00, 0x00, 0x00, 0x00, 0x00, 0x00, 0x00, 0x00, 0x00, 0x00, 0x00, 0x00, 0x00, 0x00, 0x00, 0x00, 0x00, 0x00, 0x00, 0x00, 0x00, 0x00, 0x00, 0x00,
    0x00, 0x00, 0x00, 0x00, 0x00, 0x00, 0x00, 0x00, 0x00, 0x00, 0x00, 0x00, 0x00, 0x00, 0x00, 0x00, 0x00, 0x00, 0x00, 0x00, 0x00, 0x00, 0x00, 0x00,
    0x00, 0x00, 0x00, 0x00, 0x00, 0x00, 0x00, 0x00, 0x00, 0x00, 0x00, 0x00, 0x00, 0x00, 0x00, 0x00, 0x00, 0x00, 0x00, 0x00, 0x00, 0x00, 0x00, 0x02,
    0x00, 0x00, 0x00, 0x00, 0x00, 0x00, 0x00, 0x26, 0x1F, 0x28, 0x2E, 0xE4, 0x31, 0x40, 0x4C, 0xFF, 0x27, 0x34, 0x3F, 0xFF, 0x26, 0x33, 0x40, 0xFF,
    0x26, 0x33, 0x3E, 0xFF, 0x28, 0x35, 0x40, 0xFE, 0x2D, 0x3B, 0x45, 0xFE, 0x31, 0x3F, 0x49, 0xFE, 0x32, 0x3E, 0x48, 0xFE, 0x41, 0x4C, 0x57, 0xFF,
    0x43, 0x4D, 0x57, 0xFF, 0x44, 0x4D, 0x57, 0xFE, 0x48, 0x50, 0x5A, 0xFE, 0x4D, 0x54, 0x5D, 0xFF, 0x4E, 0x54, 0x5E, 0xFF, 0x41, 0x45, 0x4F, 0xFF,
    0x3B, 0x3D, 0x46, 0xFE, 0x3A, 0x3F, 0x46, 0xFE, 0x20, 0x26, 0x2C, 0xFE, 0x19, 0x1F, 0x25, 0xFE, 0x1C, 0x20, 0x27, 0xFE, 0x1F, 0x22, 0x29, 0xFE,
    0x20, 0x23, 0x29, 0xFA, 0x1C, 0x22, 0x22, 0x2D, 0x00, 0x00, 0x00, 0x00, 0x00, 0x00, 0x00, 0x00, 0x00, 0x00, 0x00, 0x00, 0x00, 0x00, 0x00, 0x00,
    0x00, 0x00, 0x00, 0x00, 0x00, 0x00, 0x00, 0x00, 0x00, 0x00, 0x00, 0x00, 0x00, 0x00, 0x00, 0x00, 0x00, 0x00, 0x00, 0x00, 0x00, 0x00, 0x00, 0x00,
    0x00, 0x00, 0x00, 0x00, 0x00, 0x00, 0x00, 0x00, 0x00, 0x00, 0x00, 0x00, 0x00, 0x00, 0x00, 0x00, 0x00, 0x00, 0x00, 0x00, 0x00, 0x00, 0x00, 0x00,
    0x00, 0x00, 0x00, 0x00, 0x00, 0x00, 0x00, 0x00, 0x00, 0x00, 0x00, 0x00, 0x00, 0x00, 0x00, 0x00, 0x00, 0x00, 0x00, 0x00, 0x00, 0x00, 0x00, 0x01,
    0x00, 0x00, 0x00, 0x01, 0x00, 0x00, 0x00, 0x10, 0x0A, 0x0A, 0x0C, 0xB2, 0x26, 0x2E, 0x36, 0xF2, 0x29, 0x33, 0x3B, 0xFB, 0x31, 0x3D, 0x48, 0xFF,
    0x2F, 0x3C, 0x46, 0xFF, 0x2E, 0x3B, 0x45, 0xFF, 0x2D, 0x3A, 0x43, 0xFF, 0x2C, 0x39, 0x41, 0xFF, 0x2A, 0x36, 0x3E, 0xFF, 0x33, 0x3D, 0x46, 0xFF,
    0x3D, 0x45, 0x50, 0xFD, 0x44, 0x4D, 0x57, 0xFF, 0x47, 0x4D, 0x56, 0xFF, 0x45, 0x48, 0x53, 0xFF, 0x4D, 0x50, 0x5B, 0xFE, 0x47, 0x4A, 0x53, 0xFD,
    0x44, 0x45, 0x4C, 0xFF, 0x30, 0x35, 0x3B, 0xFF, 0x1A, 0x21, 0x25, 0xFF, 0x16, 0x1C, 0x1F, 0xFF, 0x15, 0x1A, 0x1E, 0xFE, 0x17, 0x1B, 0x20, 0xFF,
    0x12, 0x14, 0x1A, 0xA5, 0x00, 0x2A, 0x2A, 0x06, 0x00, 0x00, 0x00, 0x00, 0x00, 0x00, 0x00, 0x00, 0x00, 0x00, 0x00, 0x00, 0x00, 0x00, 0x00, 0x00,
    0x00, 0x00, 0x00, 0x00, 0x00, 0x00, 0x00, 0x00, 0x00, 0x00, 0x00, 0x00, 0x00, 0x00, 0x00, 0x00, 0x00, 0x00, 0x00, 0x00, 0x00, 0x00, 0x00, 0x00,
    0x00, 0x00, 0x00, 0x00, 0x00, 0x00, 0x00, 0x00, 0x00, 0x00, 0x00, 0x00, 0x00, 0x00, 0x00, 0x00, 0x00, 0x00, 0x00, 0x00, 0x00, 0x00, 0x00, 0x00,
    0x00, 0x00, 0x00, 0x00, 0x00, 0x00, 0x00, 0x00, 0x00, 0x00, 0x00, 0x00, 0x00, 0x00, 0x00, 0x00, 0x00, 0x00, 0x00, 0x00, 0x00, 0x00, 0x00, 0x00,
    0x00, 0x00, 0x00, 0x01, 0x00, 0x00, 0x00, 0x00, 0x00, 0x00, 0x00, 0x26, 0x00, 0x00, 0x00, 0x7F, 0x06, 0x06, 0x07, 0xA6, 0x0E, 0x11, 0x15, 0xB2,
    0x0E, 0x12, 0x16, 0xBF, 0x0F, 0x14, 0x18, 0xC5, 0x0C, 0x12, 0x16, 0xC5, 0x0D, 0x11, 0x15, 0xC0, 0x08, 0x0B, 0x0F, 0xB2, 0x04, 0x05, 0x08, 0xAE,
    0x0A, 0x0B, 0x0F, 0xC7, 0x1E, 0x20, 0x24, 0xEC, 0x2C, 0x2F, 0x34, 0xFA, 0x38, 0x3B, 0x40, 0xFF, 0x2F, 0x32, 0x37, 0xFF, 0x21, 0x24, 0x28, 0xFF,
    0x14, 0x16, 0x19, 0xF2, 0x06, 0x08, 0x0B, 0xCB, 0x06, 0x0A, 0x0D, 0xC1, 0x05, 0x0A, 0x08, 0xAF, 0x03, 0x06, 0x04, 0x9E, 0x00, 0x02, 0x02, 0x7A,
    0x00, 0x00, 0x00, 0x12, 0x00, 0x00, 0x00, 0x00, 0x00, 0x00, 0x00, 0x00, 0x00, 0x00, 0x00, 0x00, 0x00, 0x00, 0x00, 0x00, 0x00, 0x00, 0x00, 0x00,
    0x00, 0x00, 0x00, 0x00, 0x00, 0x00, 0x00, 0x00, 0x00, 0x00, 0x00, 0x00, 0x00, 0x00, 0x00, 0x00, 0x00, 0x00, 0x00, 0x00, 0x00, 0x00, 0x00, 0x00,
    0x00, 0x00, 0x00, 0x00, 0x00, 0x00, 0x00, 0x00, 0x00, 0x00, 0x00, 0x00, 0x00, 0x00, 0x00, 0x00, 0x00, 0x00, 0x00, 0x00, 0x00, 0x00, 0x00, 0x00,
    0x00, 0x00, 0x00, 0x00, 0x00, 0x00, 0x00, 0x00, 0x00, 0x00, 0x00, 0x00, 0x00, 0x00, 0x00, 0x00, 0x00, 0x00, 0x00, 0x00, 0x00, 0x00, 0x00, 0x00,
    0x00, 0x00, 0x00, 0x00, 0x00, 0x00, 0x00, 0x00, 0x00, 0x00, 0x00, 0x00, 0x00, 0x00, 0x00, 0x00, 0x00, 0x00, 0x00, 0x05, 0x00, 0x00, 0x00, 0x0A,
    0x00, 0x00, 0x00, 0x14, 0x00, 0x00, 0x00, 0x15, 0x00, 0x00, 0x00, 0x16, 0x00, 0x00, 0x00, 0x11, 0x00, 0x00, 0x00, 0x08, 0x00, 0x00, 0x00, 0x07,
    0x00, 0x00, 0x00, 0x24, 0x00, 0x00, 0x00, 0x6C, 0x00, 0x00, 0x00, 0xA2, 0x03, 0x05, 0x03, 0xC4, 0x00, 0x00, 0x00, 0xD6, 0x00, 0x00, 0x01, 0xB9,
    0x00, 0x00, 0x00, 0x38, 0x00, 0x00, 0x00, 0x19, 0x00, 0x00, 0x00, 0x12, 0x00, 0x00, 0x00, 0x05, 0x00, 0x00, 0x00, 0x00, 0x00, 0x00, 0x00, 0x00,
    0x00, 0x00, 0x00, 0x00, 0x00, 0x00, 0x00, 0x00, 0x00, 0x00, 0x00, 0x00, 0x00, 0x00, 0x00, 0x00, 0x00, 0x00, 0x00, 0x00, 0x00, 0x00, 0x00, 0x00,
    0x00, 0x00, 0x00, 0x00, 0x00, 0x00, 0x00, 0x00, 0x00, 0x00, 0x00, 0x00, 0x00, 0x00, 0x00, 0x00, 0x00, 0x00, 0x00, 0x00, 0x00, 0x00, 0x00, 0x00,
    0x00, 0x00, 0x00, 0x00, 0x00, 0x00, 0x00, 0x00, 0x00, 0x00, 0x00, 0x00, 0x00, 0x00, 0x00, 0x00, 0x00, 0x00, 0x00, 0x00, 0x00, 0x00, 0x00, 0x00,
    0x00, 0x00, 0x00, 0x00, 0x00, 0x00, 0x00, 0x00, 0x00, 0x00, 0x00, 0x00, 0x00, 0x00, 0x00, 0x00, 0x00, 0x00, 0x00, 0x00, 0x00, 0x00, 0x00, 0x00,
    0x00, 0x00, 0x00, 0x00, 0x00, 0x00, 0x00, 0x00, 0x00, 0x00, 0x00, 0x02, 0x00, 0x00, 0x00, 0x02, 0x00, 0x00, 0x00, 0x00, 0x00, 0x00, 0x00, 0x00,
    0x00, 0x00, 0x00, 0x00, 0x00, 0x00, 0x00, 0x00, 0x00, 0x00, 0x00, 0x00, 0x00, 0x00, 0x00, 0x00, 0x00, 0x00, 0x00, 0x00, 0x00, 0x00, 0x00, 0x00,
    0x00, 0x00, 0x00, 0x00, 0x00, 0x00, 0x00, 0x00, 0x33, 0x00, 0x00, 0x05, 0x00, 0x00, 0x00, 0x22, 0x00, 0x00, 0x00, 0x2D, 0x00, 0x00, 0x00, 0x0E,
    0x00, 0x00, 0x00, 0x00, 0x00, 0x00, 0x00, 0x00, 0x00, 0x00, 0x00, 0x00, 0x00, 0x00, 0x00, 0x00, 0x00, 0x00, 0x00, 0x01, 0x00, 0x00, 0x00, 0x03,
    0x00, 0x00, 0x00, 0x01, 0x00, 0x00, 0x00, 0x00, 0x00, 0x00, 0x00, 0x00, 0x00, 0x00, 0x00, 0x00, 0x00, 0x00, 0x00, 0x00, 0x00, 0x00, 0x00, 0x00,
    0x00, 0x00, 0x00, 0x00, 0x00, 0x00, 0x00, 0x00, 0x00, 0x00, 0x00, 0x00, 0x00, 0x00, 0x00, 0x00, 0x00, 0x00, 0x00, 0x00, 0x00, 0x00, 0x00, 0x00,
    0x00, 0x00, 0x00, 0x00, 0x00, 0x00, 0x00, 0x00, 0x00, 0x00, 0x00, 0x00, 0x00, 0x00, 0x00, 0x00, 0x00, 0x00, 0x00, 0x00, 0x00, 0x00, 0x00, 0x00,
    0x00, 0x00, 0x00, 0x00, 0x00, 0x00, 0x00, 0x00, 0x00, 0x00, 0x00, 0x00, 0x00, 0x00, 0x00, 0x00, 0x00, 0x00, 0x00, 0x00, 0x00, 0x00, 0x00, 0x00,
    0x00, 0x00, 0x00, 0x00, 0x00, 0x00, 0x00, 0x00, 0x00, 0x00, 0x00, 0x00, 0x00, 0x00, 0x00, 0x00, 0x00, 0x00, 0x00, 0x00, 0x00, 0x00, 0x00, 0x00,
    0x00, 0x00, 0x00, 0x00, 0x00, 0x00, 0x00, 0x00, 0x00, 0x00, 0x00, 0x00, 0x00, 0x00, 0x00, 0x00, 0x00, 0x00, 0x00, 0x00, 0x00, 0x00, 0x00, 0x00,
    0x00, 0x00, 0x00, 0x00, 0x00, 0x00, 0x00, 0x00, 0x00, 0x00, 0x00, 0x00, 0x00, 0x00, 0x00, 0x00, 0x00, 0x00, 0x00, 0x00, 0x00, 0x00, 0x00, 0x00,
    0x00, 0x00, 0x00, 0x00, 0x00, 0x00, 0x00, 0x00, 0x00, 0x00, 0x00, 0x00, 0x00, 0x00, 0x00, 0x00, 0x00, 0x00, 0x00, 0x00, 0x00, 0x00, 0x00, 0x00,
    0x00, 0x00, 0x00, 0x00, 0x00, 0x00, 0x00, 0x00, 0x00, 0x00, 0x00, 0x00, 0x00, 0x00, 0x00, 0x00, 0x00, 0x00, 0x00, 0x00, 0x00, 0x00, 0x00, 0x00,
    0x00, 0x00, 0x00, 0x00, 0x00, 0x00, 0x00, 0x00, 0x00, 0x00, 0x00, 0x00, 0x00, 0x00, 0x00, 0x00, 0x00, 0x00, 0x00, 0x00, 0x00, 0x00, 0x00, 0x00,
    0x00, 0x00, 0x00, 0x00, 0x00, 0x00, 0x00, 0x00, 0x00, 0x00, 0x00, 0x00, 0x00, 0x00, 0x00, 0x00, 0x00, 0x00, 0x00, 0x00, 0x00, 0x00, 0x00, 0x00,
    0x00, 0x00, 0x00, 0x00, 0x00, 0x00, 0x00, 0x00, 0x00, 0x00, 0x00, 0x00, 0x00, 0x00, 0x00, 0x00, 0x00, 0x00, 0x00, 0x00, 0x00, 0x00, 0x00, 0x00,
    0x00, 0x00, 0x00, 0x00, 0x00, 0x00, 0x00, 0x00, 0x00, 0x00, 0x00, 0x00, 0x00, 0x00, 0x00, 0x00, 0x00, 0x00, 0x00, 0x00, 0x00, 0x00, 0x00, 0x00,
    0x00, 0x00, 0x00, 0x00, 0x00, 0x00, 0x00, 0x00, 0x00, 0x00, 0x00, 0x00, 0x00, 0x00, 0x00, 0x00, 0x00, 0x00, 0x00, 0x00, 0x00, 0x00, 0x00, 0x00,
    0x00, 0x00, 0x00, 0x00, 0x00, 0x00, 0x00, 0x00, 0x00, 0x00, 0x00, 0x00, 0x00, 0x00, 0x00, 0x00, 0x00, 0x00, 0x00, 0x00, 0x00, 0x00, 0x00, 0x00,
    0x00, 0x00, 0x00, 0x00, 0x00, 0x00, 0x00, 0x00, 0x00, 0x00, 0x00, 0x00, 0x00, 0x00, 0x00, 0x00, 0x00, 0x00, 0x00, 0x00, 0x00, 0x00, 0x00, 0x00,
    0x00, 0x00, 0x00, 0x00, 0x00, 0x00, 0x00, 0x00, 0x00, 0x00, 0x00, 0x00, 0x00, 0x00, 0x00, 0x00, 0x00, 0x00, 0x00, 0x00, 0x00, 0x00, 0x00, 0x00,
    0x00, 0x00, 0x00, 0x00, 0x00, 0x00, 0x00, 0x00, 0x00, 0x00, 0x00, 0x00, 0x00, 0x00, 0x00, 0x00, 0x00, 0x00, 0x00, 0x00, 0x00, 0x00, 0x00, 0x00,
    0x00, 0x00, 0x00, 0x00, 0x00, 0x00, 0x00, 0x00, 0x00, 0x00, 0x00, 0x00, 0x00, 0x00, 0x00, 0x00, 0x00, 0x00, 0x00, 0x00, 0x00, 0x00, 0x00, 0x00,
    0x00, 0x00, 0x00, 0x00, 0x00, 0x00, 0x00, 0x00, 0x00, 0x00, 0x00, 0x00, 0x00, 0x00, 0x00, 0x00, 0x00, 0x00, 0x00, 0x00, 0x00, 0x00, 0x00, 0x00,
    0x00, 0x00, 0x00, 0x00, 0x00, 0x00, 0x00, 0x00, 0x00, 0x00, 0x00, 0x00, 0x00, 0x00, 0x00, 0x00, 0x00, 0x00, 0x00, 0x00, 0x00, 0x00, 0x00, 0x00,
    0x00, 0x00, 0x00, 0x00, 0x00, 0x00, 0x00, 0x00, 0x00, 0x00, 0x00, 0x00, 0x00, 0x00, 0x00, 0x00, 0x00, 0x00, 0x00, 0x00, 0x00, 0x00, 0x00, 0x00,
    0x00, 0x00, 0x00, 0x00, 0x00, 0x00, 0x00, 0x00, 0x00, 0x00, 0x00, 0x00, 0x00, 0x00, 0x00, 0x00, 0x00, 0x00, 0x00, 0x00, 0x00, 0x00, 0x00, 0x00,
    0x00, 0x00, 0x00, 0x00, 0x00, 0x00, 0x00, 0x00, 0x00, 0x00, 0x00, 0x00, 0x00, 0x00, 0x00, 0x00, 0x00, 0x00, 0x00, 0x00, 0x00, 0x00, 0x00, 0x00,
    0x00, 0x00, 0x00, 0x00, 0x00, 0x00, 0x00, 0x00, 0x00, 0x00, 0x00, 0x00, 0x00, 0x00, 0x00, 0x00, 0x00, 0x00, 0x00, 0x00, 0x00, 0x00, 0x00, 0x00,
};
inline constexpr std::array<std::uint8_t, 9216> riot_chestpiece = {
    0x00, 0x00, 0x00, 0x00, 0x00, 0x00, 0x00, 0x00, 0x00, 0x00, 0x00, 0x00, 0x00, 0x00, 0x00, 0x00, 0x00, 0x00, 0x00, 0x00, 0x00, 0x00, 0x00, 0x00,
    0x00, 0x00, 0x00, 0x00, 0x00, 0x00, 0x00, 0x00, 0x00, 0x00, 0x00, 0x00, 0x00, 0x00, 0x00, 0x00, 0x00, 0x00, 0x00, 0x00, 0x00, 0x00, 0x00, 0x00,
    0x00, 0x00, 0x00, 0x00, 0x00, 0x00, 0x00, 0x00, 0x00, 0x00, 0x00, 0x00, 0x00, 0x00, 0x00, 0x00, 0x00, 0x00, 0x00, 0x00, 0x00, 0x00, 0x00, 0x00,
    0x00, 0x00, 0x00, 0x00, 0x00, 0x00, 0x00, 0x00, 0x00, 0x00, 0x00, 0x00, 0x00, 0x00, 0x00, 0x00, 0x00, 0x00, 0x00, 0x00, 0x00, 0x00, 0x00, 0x00,
    0x00, 0x00, 0x00, 0x00, 0x00, 0x00, 0x00, 0x00, 0x00, 0x00, 0x00, 0x00, 0x00, 0x00, 0x00, 0x00, 0x00, 0x00, 0x00, 0x00, 0x00, 0x00, 0x00, 0x00,
    0x00, 0x00, 0x00, 0x00, 0x00, 0x00, 0x00, 0x00, 0x00, 0x00, 0x00, 0x00, 0x00, 0x00, 0x00, 0x00, 0x00, 0x00, 0x00, 0x00, 0x00, 0x00, 0x00, 0x00,
    0x00, 0x00, 0x00, 0x00, 0x00, 0x00, 0x00, 0x00, 0x00, 0x00, 0x00, 0x00, 0x00, 0x00, 0x00, 0x00, 0x00, 0x00, 0x00, 0x00, 0x00, 0x00, 0x00, 0x00,
    0x00, 0x00, 0x00, 0x00, 0x00, 0x00, 0x00, 0x00, 0x00, 0x00, 0x00, 0x00, 0x00, 0x00, 0x00, 0x00, 0x00, 0x00, 0x00, 0x00, 0x00, 0x00, 0x00, 0x00,
    0x00, 0x00, 0x00, 0x00, 0x00, 0x00, 0x00, 0x00, 0x00, 0x00, 0x00, 0x00, 0x00, 0x00, 0x00, 0x00, 0x00, 0x00, 0x00, 0x00, 0x00, 0x00, 0x00, 0x00,
    0x00, 0x00, 0x00, 0x00, 0x00, 0x00, 0x00, 0x00, 0x00, 0x00, 0x00, 0x00, 0x00, 0x00, 0x00, 0x00, 0x00, 0x00, 0x00, 0x00, 0x00, 0x00, 0x00, 0x00,
    0x00, 0x00, 0x00, 0x00, 0x00, 0x00, 0x00, 0x00, 0x00, 0x00, 0x00, 0x00, 0x00, 0x00, 0x00, 0x00, 0x00, 0x00, 0x00, 0x00, 0x00, 0x00, 0x00, 0x00,
    0x00, 0x00, 0x00, 0x00, 0x00, 0x00, 0x00, 0x00, 0x00, 0x00, 0x00, 0x00, 0x00, 0x00, 0x00, 0x00, 0x00, 0x00, 0x00, 0x00, 0x00, 0x00, 0x00, 0x00,
    0x00, 0x00, 0x00, 0x00, 0x00, 0x00, 0x00, 0x00, 0x00, 0x00, 0x00, 0x00, 0x00, 0x00, 0x00, 0x00, 0x00, 0x00, 0x00, 0x00, 0x00, 0x00, 0x00, 0x00,
    0x00, 0x00, 0x00, 0x00, 0x00, 0x00, 0x00, 0x00, 0x00, 0x00, 0x00, 0x00, 0x00, 0x00, 0x00, 0x00, 0x00, 0x00, 0x00, 0x00, 0x00, 0x00, 0x00, 0x00,
    0x00, 0x00, 0x00, 0x00, 0x00, 0x00, 0x00, 0x00, 0x00, 0x00, 0x00, 0x00, 0x00, 0x00, 0x00, 0x00, 0x00, 0x00, 0x00, 0x00, 0x00, 0x00, 0x00, 0x00,
    0x00, 0x00, 0x00, 0x00, 0x00, 0x00, 0x00, 0x00, 0x00, 0x00, 0x00, 0x00, 0x00, 0x00, 0x00, 0x00, 0x00, 0x00, 0x00, 0x00, 0x00, 0x00, 0x00, 0x00,
    0x00, 0x00, 0x00, 0x00, 0x00, 0x00, 0x00, 0x00, 0x00, 0x00, 0x00, 0x00, 0x00, 0x00, 0x00, 0x00, 0x00, 0x00, 0x00, 0x00, 0x00, 0x00, 0x00, 0x00,
    0x00, 0x00, 0x00, 0x00, 0x00, 0x00, 0x00, 0x00, 0x00, 0x00, 0x00, 0x00, 0x00, 0x00, 0x00, 0x00, 0x00, 0x00, 0x00, 0x00, 0x00, 0x00, 0x00, 0x00,
    0x00, 0x00, 0x00, 0x00, 0x00, 0x00, 0x00, 0x00, 0x00, 0x00, 0x00, 0x00, 0x00, 0x00, 0x00, 0x00, 0x00, 0x00, 0x00, 0x00, 0x00, 0x00, 0x00, 0x00,
    0x00, 0x00, 0x00, 0x00, 0x00, 0x00, 0x00, 0x00, 0x00, 0x00, 0x00, 0x00, 0x00, 0x00, 0x00, 0x00, 0x00, 0x00, 0x00, 0x00, 0x00, 0x00, 0x00, 0x00,
    0x00, 0x00, 0x00, 0x00, 0x00, 0x00, 0x00, 0x00, 0x00, 0x00, 0x00, 0x00, 0x00, 0x00, 0x00, 0x00, 0x00, 0x00, 0x00, 0x00, 0x00, 0x00, 0x00, 0x00,
    0x00, 0x00, 0x00, 0x00, 0x00, 0x00, 0x00, 0x00, 0x00, 0x00, 0x00, 0x00, 0x00, 0x00, 0x00, 0x00, 0x00, 0x00, 0x00, 0x00, 0x00, 0x00, 0x00, 0x00,
    0x00, 0x00, 0x00, 0x00, 0x00, 0x00, 0x00, 0x00, 0x00, 0x00, 0x00, 0x00, 0x00, 0x00, 0x00, 0x00, 0x00, 0x00, 0x00, 0x00, 0x00, 0x00, 0x00, 0x00,
    0x00, 0x00, 0x00, 0x00, 0x00, 0x00, 0x00, 0x00, 0x00, 0x00, 0x00, 0x00, 0x00, 0x00, 0x00, 0x00, 0x00, 0x00, 0x00, 0x00, 0x00, 0x00, 0x00, 0x00,
    0x00, 0x00, 0x00, 0x00, 0x00, 0x00, 0x00, 0x00, 0x00, 0x00, 0x00, 0x00, 0x00, 0x00, 0x00, 0x00, 0x00, 0x00, 0x00, 0x00, 0x00, 0x00, 0x00, 0x00,
    0x00, 0x00, 0x00, 0x00, 0x00, 0x00, 0x00, 0x00, 0x00, 0x00, 0x00, 0x00, 0x00, 0x00, 0x00, 0x00, 0x00, 0x00, 0x00, 0x00, 0x00, 0x00, 0x00, 0x00,
    0x00, 0x00, 0x00, 0x00, 0x00, 0x00, 0x00, 0x00, 0x00, 0x00, 0x00, 0x00, 0x00, 0x00, 0x00, 0x00, 0x00, 0x00, 0x00, 0x01, 0x00, 0x00, 0x00, 0x00,
    0x1C, 0x1C, 0x22, 0x2C, 0x25, 0x20, 0x29, 0x3E, 0x26, 0x26, 0x26, 0x21, 0x00, 0x00, 0x00, 0x15, 0x00, 0x00, 0x00, 0x04, 0x00, 0x00, 0x00, 0x00,
    0x00, 0x00, 0x00, 0x00, 0x00, 0x00, 0x00, 0x00, 0x00, 0x00, 0x00, 0x00, 0x00, 0x00, 0x00, 0x00, 0x00, 0x00, 0x00, 0x02, 0x00, 0x00, 0x00, 0x03,
    0x00, 0x00, 0x00, 0x04, 0x00, 0x00, 0x00, 0x03, 0x00, 0x00, 0x00, 0x00, 0x00, 0x00, 0x00, 0x00, 0x00, 0x00, 0x00, 0x00, 0x00, 0x00, 0x00, 0x00,
    0x00, 0x00, 0x00, 0x00, 0x00, 0x00, 0x00, 0x00, 0x00, 0x00, 0x00, 0x00, 0x00, 0x00, 0x00, 0x00, 0x00, 0x00, 0x00, 0x00, 0x00, 0x00, 0x00, 0x00,
    0x00, 0x00, 0x00, 0x00, 0x00, 0x00, 0x00, 0x00, 0x00, 0x00, 0x00, 0x00, 0x00, 0x00, 0x00, 0x00, 0x00, 0x00, 0x00, 0x00, 0x00, 0x00, 0x00, 0x00,
    0x00, 0x00, 0x00, 0x00, 0x00, 0x00, 0x00, 0x00, 0x00, 0x00, 0x00, 0x00, 0x00, 0x00, 0x00, 0x00, 0x00, 0x00, 0x00, 0x00, 0x00, 0x00, 0x00, 0x00,
    0x00, 0x00, 0x00, 0x00, 0x00, 0x00, 0x00, 0x00, 0x00, 0x00, 0x00, 0x00, 0x00, 0x00, 0x00, 0x00, 0x00, 0x00, 0x00, 0x00, 0x00, 0x00, 0x00, 0x00,
    0x00, 0x00, 0x00, 0x00, 0x00, 0x00, 0x00, 0x00, 0x00, 0x00, 0x00, 0x00, 0x00, 0x00, 0x00, 0x01, 0x7F, 0x7F, 0x7F, 0x02, 0x35, 0x43, 0x35, 0x13,
    0x1F, 0x1F, 0x23, 0xE1, 0x20, 0x1F, 0x24, 0xFF, 0x30, 0x30, 0x35, 0xEE, 0x40, 0x3E, 0x44, 0xE8, 0x32, 0x31, 0x35, 0xD0, 0x1E, 0x1F, 0x21, 0xB0,
    0x07, 0x09, 0x09, 0x81, 0x00, 0x00, 0x03, 0x50, 0x0D, 0x0D, 0x14, 0x26, 0x33, 0x00, 0x00, 0x05, 0x00, 0x00, 0x00, 0x00, 0x00, 0x00, 0x00, 0x00,
    0x00, 0x00, 0x00, 0x00, 0x00, 0x00, 0x00, 0x00, 0x00, 0x00, 0x00, 0x01, 0x00, 0x00, 0x00, 0x03, 0x00, 0x00, 0x00, 0x00, 0x00, 0x00, 0x00, 0x00,
    0x00, 0x00, 0x00, 0x00, 0x00, 0x00, 0x00, 0x00, 0x00, 0x00, 0x00, 0x00, 0x00, 0x00, 0x00, 0x00, 0x00, 0x00, 0x00, 0x00, 0x00, 0x00, 0x00, 0x00,
    0x00, 0x00, 0x00, 0x00, 0x00, 0x00, 0x00, 0x00, 0x00, 0x00, 0x00, 0x00, 0x00, 0x00, 0x00, 0x00, 0x00, 0x00, 0x00, 0x00, 0x00, 0x00, 0x00, 0x00,
    0x00, 0x00, 0x00, 0x00, 0x00, 0x00, 0x00, 0x00, 0x00, 0x00, 0x00, 0x00, 0x00, 0x00, 0x00, 0x00, 0x00, 0x00, 0x00, 0x00, 0x00, 0x00, 0x00, 0x00,
    0x00, 0x00, 0x00, 0x00, 0x00, 0x00, 0x00, 0x00, 0x00, 0x00, 0x00, 0x00, 0x00, 0x00, 0x00, 0x00, 0x00, 0x00, 0x00, 0x00, 0x00, 0x00, 0x00, 0x00,
    0x00, 0x00, 0x00, 0x00, 0x00, 0x00, 0x00, 0x00, 0x00, 0x00, 0x00, 0x00, 0x55, 0x55, 0x55, 0x06, 0x00, 0x00, 0x00, 0x00, 0x11, 0x13, 0x13, 0x77,
    0x2C, 0x2D, 0x30, 0xFF, 0x1B, 0x1B, 0x1F, 0xFC, 0x2D, 0x2B, 0x30, 0xFF, 0x4D, 0x4B, 0x51, 0xFF, 0x29, 0x29, 0x2E, 0xFF, 0x3E, 0x40, 0x42, 0xFF,
    0x3B, 0x3D, 0x3F, 0xFF, 0x22, 0x23, 0x26, 0xFF, 0x0E, 0x0C, 0x11, 0xF7, 0x0E, 0x0C, 0x11, 0xD9, 0x0B, 0x0B, 0x0F, 0xB2, 0x0B, 0x0B, 0x0E, 0x9F,
    0x0B, 0x0B, 0x0F, 0x82, 0x0D, 0x0D, 0x12, 0x37, 0x00, 0x00, 0x00, 0x00, 0x00, 0x00, 0x00, 0x00, 0x00, 0x00, 0x00, 0x01, 0x00, 0x00, 0x00, 0x00,
    0x00, 0x00, 0x00, 0x00, 0x00, 0x00, 0x00, 0x00, 0x00, 0x00, 0x00, 0x00, 0x00, 0x00, 0x00, 0x00, 0x00, 0x00, 0x00, 0x00, 0x00, 0x00, 0x00, 0x00,
    0x00, 0x00, 0x00, 0x00, 0x00, 0x00, 0x00, 0x00, 0x00, 0x00, 0x00, 0x00, 0x00, 0x00, 0x00, 0x00, 0x00, 0x00, 0x00, 0x00, 0x00, 0x00, 0x00, 0x00,
    0x00, 0x00, 0x00, 0x00, 0x00, 0x00, 0x00, 0x00, 0x00, 0x00, 0x00, 0x00, 0x00, 0x00, 0x00, 0x00, 0x00, 0x00, 0x00, 0x00, 0x00, 0x00, 0x00, 0x00,
    0x00, 0x00, 0x00, 0x00, 0x00, 0x00, 0x00, 0x00, 0x00, 0x00, 0x00, 0x00, 0x00, 0x00, 0x00, 0x00, 0x00, 0x00, 0x00, 0x00, 0x00, 0x00, 0x00, 0x00,
    0x00, 0x00, 0x00, 0x00, 0x00, 0x00, 0x00, 0x01, 0xAA, 0xAA, 0xAA, 0x03, 0x00, 0x00, 0x00, 0x00, 0x4B, 0x4B, 0x4B, 0x11, 0x73, 0x73, 0x78, 0xD4,
    0x81, 0x82, 0x8A, 0xFD, 0x81, 0x86, 0x91, 0xFC, 0x74, 0x79, 0x82, 0xFE, 0x45, 0x49, 0x4F, 0xFE, 0x1C, 0x1E, 0x26, 0xFD, 0x21, 0x23, 0x27, 0xFC,
    0x2C, 0x2E, 0x32, 0xFB, 0x37, 0x37, 0x3C, 0xFC, 0x20, 0x1E, 0x25, 0xFF, 0x15, 0x14, 0x1A, 0xFF, 0x12, 0x11, 0x15, 0xFF, 0x12, 0x12, 0x15, 0xFF,
    0x10, 0x0F, 0x12, 0xFF, 0x0C, 0x0B, 0x0F, 0xFE, 0x07, 0x05, 0x0B, 0xB6, 0x03, 0x03, 0x06, 0x49, 0x00, 0x00, 0x00, 0x00, 0x00, 0x00, 0x00, 0x00,
    0x00, 0x00, 0x00, 0x01, 0x00, 0x00, 0x00, 0x00, 0x00, 0x00, 0x00, 0x00, 0x00, 0x00, 0x00, 0x00, 0x00, 0x00, 0x00, 0x00, 0x00, 0x00, 0x00, 0x00,
    0x00, 0x00, 0x00, 0x00, 0x00, 0x00, 0x00, 0x00, 0x00, 0x00, 0x00, 0x00, 0x00, 0x00, 0x00, 0x00, 0x00, 0x00, 0x00, 0x00, 0x00, 0x00, 0x00, 0x00,
    0x00, 0x00, 0x00, 0x00, 0x00, 0x00, 0x00, 0x00, 0x00, 0x00, 0x00, 0x00, 0x00, 0x00, 0x00, 0x00, 0x00, 0x00, 0x00, 0x00, 0x00, 0x00, 0x00, 0x00,
    0x00, 0x00, 0x00, 0x00, 0x00, 0x00, 0x00, 0x00, 0x00, 0x00, 0x00, 0x00, 0x00, 0x00, 0x00, 0x00, 0x00, 0x00, 0x00, 0x00, 0x00, 0x00, 0x00, 0x00,
    0x7F, 0x7F, 0x7F, 0x02, 0x00, 0x00, 0x00, 0x00, 0x00, 0x00, 0x00, 0x00, 0x77, 0x77, 0x7B, 0x42, 0x8D, 0x8C, 0x92, 0xD6, 0x9D, 0x97, 0xA0, 0xFF,
    0x98, 0x92, 0x9D, 0xFE, 0x9E, 0x9E, 0xAA, 0xFF, 0x8A, 0x92, 0x9D, 0xFF, 0x71, 0x77, 0x81, 0xFF, 0x49, 0x4C, 0x52, 0xFF, 0x26, 0x27, 0x2D, 0xFF,
    0x23, 0x25, 0x2A, 0xFF, 0x2F, 0x30, 0x37, 0xFF, 0x34, 0x35, 0x3D, 0xFE, 0x2C, 0x2D, 0x36, 0xFD, 0x27, 0x29, 0x2F, 0xFC, 0x2A, 0x2B, 0x31, 0xFB,
    0x2F, 0x2F, 0x36, 0xFB, 0x31, 0x31, 0x36, 0xFF, 0x2B, 0x2B, 0x2F, 0xFF, 0x1A, 0x19, 0x1E, 0xFF, 0x12, 0x11, 0x16, 0x96, 0x1C, 0x1C, 0x1C, 0x09,
    0x00, 0x00, 0x00, 0x02, 0x00, 0x00, 0x00, 0x01, 0x00, 0x00, 0x00, 0x00, 0x00, 0x00, 0x00, 0x00, 0x00, 0x00, 0x00, 0x00, 0x00, 0x00, 0x00, 0x00,
    0x00, 0x00, 0x00, 0x00, 0x00, 0x00, 0x00, 0x00, 0x00, 0x00, 0x00, 0x00, 0x00, 0x00, 0x00, 0x00, 0x00, 0x00, 0x00, 0x00, 0x00, 0x00, 0x00, 0x00,
    0x00, 0x00, 0x00, 0x00, 0x00, 0x00, 0x00, 0x00, 0x00, 0x00, 0x00, 0x00, 0x00, 0x00, 0x00, 0x00, 0x00, 0x00, 0x00, 0x00, 0x00, 0x00, 0x00, 0x00,
    0x00, 0x00, 0x00, 0x00, 0x00, 0x00, 0x00, 0x00, 0x00, 0x00, 0x00, 0x00, 0x00, 0x00, 0x00, 0x00, 0x00, 0x00, 0x00, 0x00, 0x7F, 0x7F, 0x7F, 0x04,
    0x00, 0x00, 0x00, 0x00, 0x00, 0x00, 0x15, 0x0C, 0x7F, 0x7F, 0x84, 0x92, 0x90, 0x90, 0x95, 0xFE, 0x97, 0x96, 0x9B, 0xFF, 0x8B, 0x86, 0x8C, 0xFE,
    0x9A, 0x94, 0x9C, 0xFF, 0x9D, 0x99, 0xA1, 0xFF, 0x99, 0x98, 0x9E, 0xFF, 0x94, 0x94, 0x9B, 0xFF, 0x70, 0x71, 0x79, 0xFF, 0x49, 0x4B, 0x51, 0xFF,
    0x2A, 0x2D, 0x33, 0xFF, 0x4F, 0x54, 0x5B, 0xFF, 0x40, 0x44, 0x4B, 0xFF, 0x38, 0x3B, 0x45, 0xFF, 0x36, 0x39, 0x42, 0xFF, 0x31, 0x34, 0x3C, 0xFF,
    0x27, 0x28, 0x31, 0xFF, 0x25, 0x27, 0x2C, 0xFF, 0x1C, 0x1D, 0x22, 0xFB, 0x12, 0x12, 0x17, 0xFE, 0x15, 0x16, 0x1A, 0xFA, 0x23, 0x2A, 0x31, 0x24,
    0x00, 0x00, 0x00, 0x01, 0x00, 0x00, 0x00, 0x02, 0x00, 0x00, 0x00, 0x00, 0x00, 0x00, 0x00, 0x00, 0x00, 0x00, 0x00, 0x00, 0x00, 0x00, 0x00, 0x00,
    0x00, 0x00, 0x00, 0x00, 0x00, 0x00, 0x00, 0x00, 0x00, 0x00, 0x00, 0x00, 0x00, 0x00, 0x00, 0x00, 0x00, 0x00, 0x00, 0x00, 0x00, 0x00, 0x00, 0x00,
    0x00, 0x00, 0x00, 0x00, 0x00, 0x00, 0x00, 0x00, 0x00, 0x00, 0x00, 0x00, 0x00, 0x00, 0x00, 0x00, 0x00, 0x00, 0x00, 0x00, 0x00, 0x00, 0x00, 0x00,
    0x00, 0x00, 0x00, 0x00, 0x00, 0x00, 0x00, 0x00, 0x00, 0x00, 0x00, 0x00, 0x7F, 0x7F, 0x7F, 0x02, 0x55, 0x55, 0x55, 0x03, 0x00, 0x00, 0x00, 0x00,
    0x66, 0x66, 0x66, 0x1E, 0x7B, 0x7A, 0x7C, 0xC6, 0x8C, 0x8B, 0x8F, 0xFF, 0x83, 0x82, 0x87, 0xFE, 0x84, 0x83, 0x88, 0xFD, 0x93, 0x90, 0x98, 0xFF,
    0x96, 0x92, 0x9A, 0xFF, 0x9B, 0x97, 0xA0, 0xFF, 0x93, 0x91, 0x9A, 0xFF, 0x95, 0x93, 0x9C, 0xFF, 0x98, 0x98, 0xA1, 0xFF, 0x72, 0x71, 0x79, 0xFF,
    0x51, 0x54, 0x5C, 0xFF, 0x43, 0x49, 0x51, 0xFF, 0x21, 0x26, 0x2E, 0xFF, 0x32, 0x35, 0x3E, 0xFF, 0x34, 0x37, 0x40, 0xFF, 0x38, 0x3A, 0x43, 0xFF,
    0x2F, 0x2F, 0x38, 0xFF, 0x26, 0x27, 0x2D, 0xFF, 0x1B, 0x1C, 0x21, 0xFB, 0x11, 0x13, 0x17, 0xFF, 0x2E, 0x31, 0x34, 0x9A, 0x00, 0x00, 0x00, 0x00,
    0x00, 0x00, 0x00, 0x01, 0x7F, 0x7F, 0x7F, 0x02, 0x00, 0x00, 0x00, 0x00, 0x00, 0x00, 0x00, 0x00, 0x00, 0x00, 0x00, 0x00, 0x00, 0x00, 0x00, 0x00,
    0x00, 0x00, 0x00, 0x00, 0x00, 0x00, 0x00, 0x00, 0x00, 0x00, 0x00, 0x00, 0x00, 0x00, 0x00, 0x00, 0x00, 0x00, 0x00, 0x00, 0x00, 0x00, 0x00, 0x00,
    0x00, 0x00, 0x00, 0x00, 0x00, 0x00, 0x00, 0x00, 0x00, 0x00, 0x00, 0x00, 0x00, 0x00, 0x00, 0x00, 0x00, 0x00, 0x00, 0x00, 0x00, 0x00, 0x00, 0x00,
    0x00, 0x00, 0x00, 0x00, 0x00, 0x00, 0x00, 0x00, 0x7F, 0x7F, 0x7F, 0x02, 0x00, 0x00, 0x00, 0x00, 0x00, 0x00, 0x00, 0x00, 0xB6, 0xB6, 0xB6, 0x4D,
    0x95, 0x95, 0x95, 0xE0, 0x92, 0x92, 0x94, 0xFF, 0x81, 0x80, 0x84, 0xFB, 0x81, 0x80, 0x85, 0xFF, 0x89, 0x88, 0x8F, 0xFF, 0x87, 0x85, 0x8A, 0xFF,
    0x83, 0x80, 0x84, 0xFF, 0x82, 0x7F, 0x86, 0xFF, 0x89, 0x86, 0x8E, 0xFF, 0x8F, 0x8E, 0x95, 0xFF, 0x92, 0x8F, 0x99, 0xFF, 0x86, 0x7F, 0x8A, 0xFF,
    0x67, 0x64, 0x6E, 0xFF, 0x46, 0x49, 0x51, 0xFF, 0x20, 0x24, 0x2B, 0xFF, 0x1A, 0x1A, 0x23, 0xFF, 0x21, 0x23, 0x2A, 0xFF, 0x23, 0x27, 0x2C, 0xFF,
    0x17, 0x18, 0x1E, 0xFF, 0x15, 0x17, 0x1B, 0xFF, 0x10, 0x11, 0x15, 0xFE, 0x20, 0x23, 0x27, 0xFE, 0x50, 0x56, 0x60, 0xE6, 0x4E, 0x52, 0x60, 0x7F,
    0x19, 0x19, 0x19, 0x0A, 0x00, 0x00, 0x00, 0x00, 0x7F, 0x7F, 0x7F, 0x02, 0x00, 0x00, 0x00, 0x00, 0x00, 0x00, 0x00, 0x00, 0x00, 0x00, 0x00, 0x00,
    0x00, 0x00, 0x00, 0x00, 0x00, 0x00, 0x00, 0x00, 0x00, 0x00, 0x00, 0x00, 0x00, 0x00, 0x00, 0x00, 0x00, 0x00, 0x00, 0x00, 0x00, 0x00, 0x00, 0x00,
    0x00, 0x00, 0x00, 0x00, 0x00, 0x00, 0x00, 0x00, 0x00, 0x00, 0x00, 0x00, 0x00, 0x00, 0x00, 0x00, 0x00, 0x00, 0x00, 0x00, 0x00, 0x00, 0x00, 0x00,
    0x00, 0x00, 0x00, 0x00, 0x7F, 0x7F, 0x7F, 0x02, 0x00, 0x00, 0x00, 0x00, 0x88, 0x88, 0x88, 0x36, 0x79, 0x79, 0x7B, 0xB6, 0x63, 0x63, 0x66, 0xFF,
    0x51, 0x51, 0x52, 0xFF, 0x6A, 0x69, 0x6A, 0xFC, 0x8F, 0x8E, 0x90, 0xFF, 0x9F, 0x9D, 0xA1, 0xFF, 0x91, 0x8E, 0x93, 0xFF, 0x84, 0x81, 0x82, 0xFF,
    0x7C, 0x79, 0x78, 0xFF, 0x72, 0x6F, 0x6F, 0xFF, 0x6C, 0x67, 0x69, 0xFF, 0x67, 0x64, 0x68, 0xFF, 0x7E, 0x79, 0x83, 0xFF, 0x78, 0x71, 0x7E, 0xFF,
    0x6D, 0x67, 0x71, 0xFF, 0x63, 0x60, 0x68, 0xFF, 0x58, 0x58, 0x5E, 0xFF, 0x34, 0x35, 0x3B, 0xFF, 0x04, 0x06, 0x0A, 0xFF, 0x15, 0x17, 0x1A, 0xFF,
    0x3D, 0x3F, 0x41, 0xFF, 0x13, 0x14, 0x18, 0xFF, 0x0F, 0x0F, 0x13, 0xFF, 0x2C, 0x2C, 0x30, 0xFF, 0x23, 0x27, 0x2F, 0xFF, 0x5E, 0x64, 0x73, 0xFF,
    0x6D, 0x74, 0x81, 0xC9, 0x4E, 0x55, 0x61, 0x2A, 0x00, 0x00, 0x00, 0x00, 0x7F, 0x7F, 0x7F, 0x02, 0x00, 0x00, 0x00, 0x00, 0x00, 0x00, 0x00, 0x00,
    0x00, 0x00, 0x00, 0x00, 0x00, 0x00, 0x00, 0x00, 0x00, 0x00, 0x00, 0x00, 0x00, 0x00, 0x00, 0x00, 0x00, 0x00, 0x00, 0x00, 0x00, 0x00, 0x00, 0x00,
    0x00, 0x00, 0x00, 0x00, 0x00, 0x00, 0x00, 0x00, 0x00, 0x00, 0x00, 0x00, 0x00, 0x00, 0x00, 0x00, 0x00, 0x00, 0x00, 0x00, 0x00, 0x00, 0x00, 0x00,
    0x7F, 0x7F, 0xFF, 0x02, 0x00, 0x00, 0x00, 0x00, 0x88, 0x84, 0x8D, 0x36, 0x74, 0x74, 0x7C, 0xF2, 0x68, 0x68, 0x6C, 0xFF, 0x4C, 0x4C, 0x4F, 0xFD,
    0x41, 0x41, 0x44, 0xFD, 0x28, 0x26, 0x29, 0xFF, 0x1B, 0x18, 0x1E, 0xFF, 0x4E, 0x4A, 0x52, 0xFF, 0x8A, 0x87, 0x8D, 0xFF, 0x85, 0x80, 0x84, 0xFF,
    0x78, 0x73, 0x75, 0xFF, 0x73, 0x6E, 0x6F, 0xFF, 0x6C, 0x67, 0x68, 0xFF, 0x57, 0x55, 0x58, 0xFF, 0x3E, 0x3F, 0x48, 0xFF, 0x4B, 0x4B, 0x55, 0xFF,
    0x64, 0x60, 0x69, 0xFF, 0x64, 0x5F, 0x66, 0xFF, 0x6A, 0x68, 0x6D, 0xFF, 0x6A, 0x69, 0x6E, 0xFF, 0x32, 0x33, 0x36, 0xFF, 0x20, 0x21, 0x22, 0xFF,
    0x26, 0x27, 0x29, 0xFF, 0x07, 0x07, 0x0B, 0xFF, 0x0C, 0x0B, 0x10, 0xFF, 0x19, 0x18, 0x1D, 0xFF, 0x23, 0x27, 0x2D, 0xFE, 0x51, 0x54, 0x61, 0xFA,
    0x77, 0x7D, 0x88, 0xFF, 0x74, 0x79, 0x83, 0xE4, 0x57, 0x57, 0x60, 0x1D, 0xFF, 0xFF, 0xFF, 0x01, 0x7F, 0x7F, 0x7F, 0x02, 0x00, 0x00, 0x00, 0x00,
    0x00, 0x00, 0x00, 0x00, 0x00, 0x00, 0x00, 0x00, 0x00, 0x00, 0x00, 0x00, 0x00, 0x00, 0x00, 0x00, 0x00, 0x00, 0x00, 0x00, 0x00, 0x00, 0x00, 0x00,
    0x00, 0x00, 0x00, 0x00, 0x00, 0x00, 0x00, 0x00, 0x00, 0x00, 0x00, 0x00, 0x00, 0x00, 0x00, 0x00, 0x00, 0x00, 0x00, 0x00, 0x00, 0x00, 0x00, 0x01,
    0x00, 0x00, 0x7F, 0x02, 0x00, 0x00, 0x00, 0x04, 0x66, 0x69, 0x70, 0xC7, 0x8B, 0x8D, 0x97, 0xFF, 0x90, 0x92, 0x9B, 0xF9, 0x86, 0x87, 0x8E, 0xFF,
    0x83, 0x84, 0x89, 0xFF, 0x9A, 0x9A, 0x9E, 0xFF, 0x6A, 0x6A, 0x71, 0xFF, 0x21, 0x20, 0x2A, 0xFF, 0x1F, 0x1F, 0x28, 0xFF, 0x77, 0x76, 0x7B, 0xFF,
    0x83, 0x80, 0x84, 0xFF, 0x6A, 0x68, 0x6C, 0xFF, 0x62, 0x60, 0x65, 0xFF, 0x4D, 0x4F, 0x57, 0xFF, 0x33, 0x39, 0x43, 0xFF, 0x2E, 0x35, 0x3E, 0xFF,
    0x31, 0x2F, 0x37, 0xFF, 0x65, 0x60, 0x66, 0xFF, 0x69, 0x66, 0x6C, 0xFF, 0x6A, 0x67, 0x6C, 0xFF, 0x6D, 0x6C, 0x6F, 0xFF, 0x77, 0x77, 0x79, 0xFF,
    0x5D, 0x5D, 0x5F, 0xFF, 0x4E, 0x4D, 0x51, 0xFF, 0x36, 0x35, 0x3A, 0xFF, 0x2F, 0x31, 0x36, 0xFF, 0x66, 0x6C, 0x77, 0xFF, 0x61, 0x65, 0x71, 0xFF,
    0x64, 0x65, 0x6B, 0xF9, 0x85, 0x87, 0x8F, 0xFF, 0x75, 0x7B, 0x81, 0xA7, 0x00, 0x00, 0x00, 0x00, 0x7F, 0x7F, 0x7F, 0x02, 0x00, 0x00, 0x00, 0x00,
    0x00, 0x00, 0x00, 0x00, 0x00, 0x00, 0x00, 0x00, 0x00, 0x00, 0x00, 0x00, 0x00, 0x00, 0x00, 0x00, 0x00, 0x00, 0x00, 0x00, 0x00, 0x00, 0x00, 0x00,
    0x00, 0x00, 0x00, 0x00, 0x00, 0x00, 0x00, 0x00, 0x00, 0x00, 0x00, 0x00, 0x00, 0x00, 0x00, 0x00, 0x00, 0x00, 0x00, 0x00, 0x3F, 0x3F, 0x3F, 0x04,
    0x00, 0x00, 0x00, 0x00, 0x3D, 0x40, 0x4A, 0x4B, 0x7F, 0x83, 0x8D, 0xFF, 0x98, 0x9D, 0xA6, 0xFC, 0x83, 0x85, 0x91, 0xFF, 0x7A, 0x79, 0x85, 0xFF,
    0x6F, 0x6E, 0x75, 0xFF, 0x8E, 0x8D, 0x96, 0xFF, 0x85, 0x88, 0x8F, 0xFF, 0x6E, 0x72, 0x7A, 0xFF, 0x49, 0x4E, 0x57, 0xFF, 0x24, 0x26, 0x2C, 0xFF,
    0x69, 0x6A, 0x6E, 0xFF, 0x70, 0x71, 0x77, 0xFF, 0x53, 0x55, 0x5C, 0xFF, 0x55, 0x59, 0x62, 0xFF, 0x4E, 0x52, 0x5C, 0xFF, 0x3A, 0x3C, 0x45, 0xFF,
    0x37, 0x35, 0x3C, 0xFF, 0x3E, 0x37, 0x3F, 0xFF, 0x65, 0x62, 0x67, 0xFF, 0x78, 0x74, 0x7A, 0xFF, 0x71, 0x6D, 0x72, 0xFF, 0x61, 0x61, 0x65, 0xFF,
    0x67, 0x68, 0x6C, 0xFF, 0x79, 0x7A, 0x80, 0xFF, 0x75, 0x76, 0x7E, 0xFF, 0x6A, 0x6C, 0x76, 0xFF, 0x69, 0x6D, 0x7B, 0xFF, 0x78, 0x79, 0x85, 0xFF,
    0x6F, 0x6B, 0x73, 0xFE, 0x61, 0x63, 0x69, 0xFE, 0x56, 0x5D, 0x65, 0xF4, 0x57, 0x60, 0x69, 0x1D, 0x00, 0x00, 0x00, 0x00, 0x7F, 0x7F, 0x7F, 0x02,
    0x00, 0x00, 0x00, 0x00, 0x00, 0x00, 0x00, 0x00, 0x00, 0x00, 0x00, 0x00, 0x00, 0x00, 0x00, 0x00, 0x00, 0x00, 0x00, 0x00, 0x00, 0x00, 0x00, 0x00,
    0x00, 0x00, 0x00, 0x00, 0x00, 0x00, 0x00, 0x00, 0x00, 0x00, 0x00, 0x00, 0x00, 0x00, 0x00, 0x00, 0x00, 0x00, 0x00, 0x00, 0xFF, 0xFF, 0xFF, 0x02,
    0x00, 0x00, 0x00, 0x01, 0x41, 0x44, 0x4B, 0xAC, 0x92, 0x97, 0xA1, 0xFE, 0x8F, 0x95, 0x9E, 0xFB, 0x89, 0x89, 0x93, 0xFF, 0x86, 0x83, 0x8D, 0xFF,
    0x78, 0x73, 0x7C, 0xFF, 0x74, 0x6F, 0x79, 0xFF, 0x6F, 0x72, 0x7B, 0xFF, 0x62, 0x6B, 0x75, 0xFF, 0x63, 0x6A, 0x73, 0xFF, 0x61, 0x64, 0x6A, 0xFF,
    0x28, 0x29, 0x2D, 0xFF, 0x5F, 0x61, 0x66, 0xFF, 0x7C, 0x80, 0x84, 0xFF, 0x4A, 0x4E, 0x54, 0xFF, 0x17, 0x1A, 0x21, 0xFF, 0x10, 0x0F, 0x17, 0xFF,
    0x4E, 0x4A, 0x52, 0xFF, 0x48, 0x41, 0x4A, 0xFF, 0x41, 0x3F, 0x44, 0xFF, 0x73, 0x72, 0x77, 0xFF, 0x76, 0x71, 0x75, 0xFF, 0x65, 0x64, 0x66, 0xFF,
    0x5D, 0x5C, 0x5F, 0xFF, 0x7B, 0x79, 0x7E, 0xFF, 0x9E, 0x9E, 0xA1, 0xFF, 0xA6, 0xA5, 0xA7, 0xFF, 0xA3, 0xA2, 0xAA, 0xFF, 0x9A, 0x98, 0xA2, 0xFF,
    0x92, 0x91, 0x9A, 0xFD, 0x72, 0x75, 0x7D, 0xFF, 0x28, 0x2B, 0x35, 0xD8, 0x27, 0x27, 0x27, 0x0D, 0x00, 0x00, 0x00, 0x00, 0x00, 0x00, 0x00, 0x01,
    0x00, 0x00, 0x00, 0x00, 0x00, 0x00, 0x00, 0x00, 0x00, 0x00, 0x00, 0x00, 0x00, 0x00, 0x00, 0x00, 0x00, 0x00, 0x00, 0x00, 0x00, 0x00, 0x00, 0x00,
    0x00, 0x00, 0x00, 0x00, 0x00, 0x00, 0x00, 0x00, 0x00, 0x00, 0x00, 0x00, 0x00, 0x00, 0x00, 0x00, 0x00, 0x00, 0x00, 0x00, 0x00, 0x00, 0x00, 0x00,
    0x00, 0x00, 0x00, 0x02, 0x4C, 0x4F, 0x51, 0xC4, 0x9E, 0xA3, 0xA9, 0xFF, 0x8B, 0x91, 0x96, 0xFD, 0x92, 0x92, 0x99, 0xFF, 0x7F, 0x7C, 0x84, 0xFF,
    0x7B, 0x78, 0x7F, 0xFF, 0x76, 0x72, 0x7B, 0xFF, 0x73, 0x76, 0x81, 0xFF, 0x6B, 0x73, 0x7F, 0xFF, 0x56, 0x5D, 0x68, 0xFF, 0x65, 0x69, 0x6F, 0xFF,
    0x82, 0x85, 0x88, 0xFF, 0x23, 0x25, 0x28, 0xFF, 0x2A, 0x2E, 0x30, 0xFF, 0x04, 0x08, 0x0A, 0xFF, 0x0E, 0x12, 0x15, 0xFF, 0x19, 0x19, 0x1E, 0xFF,
    0x47, 0x44, 0x4C, 0xFF, 0x47, 0x42, 0x49, 0xFF, 0x5B, 0x5B, 0x5F, 0xFF, 0x6A, 0x6F, 0x71, 0xFF, 0x63, 0x61, 0x65, 0xFF, 0x6D, 0x6A, 0x6B, 0xFF,
    0x4D, 0x4A, 0x48, 0xFF, 0xA7, 0xA3, 0xA0, 0xFF, 0xB5, 0xB1, 0xAF, 0xFF, 0x9F, 0x9D, 0x9D, 0xFF, 0x92, 0x94, 0x9C, 0xFF, 0x82, 0x87, 0x93, 0xFF,
    0x82, 0x8B, 0x98, 0xFE, 0x7E, 0x84, 0x90, 0xFF, 0x24, 0x24, 0x2D, 0xE5, 0x00, 0x00, 0x00, 0x0F, 0x00, 0x00, 0x00, 0x00, 0x00, 0x00, 0x00, 0x01,
    0x00, 0x00, 0x00, 0x00, 0x00, 0x00, 0x00, 0x00, 0x00, 0x00, 0x00, 0x00, 0x00, 0x00, 0x00, 0x00, 0x00, 0x00, 0x00, 0x00, 0x00, 0x00, 0x00, 0x00,
    0x00, 0x00, 0x00, 0x00, 0x00, 0x00, 0x00, 0x00, 0x00, 0x00, 0x00, 0x00, 0x00, 0x00, 0x00, 0x00, 0x00, 0x00, 0x00, 0x00, 0x00, 0x00, 0x00, 0x00,
    0x00, 0x00, 0x00, 0x03, 0x89, 0x8A, 0x8E, 0xCE, 0x9D, 0x9D, 0xA4, 0xFF, 0x86, 0x86, 0x8B, 0xFD, 0x81, 0x81, 0x85, 0xFF, 0x78, 0x76, 0x7B, 0xFF,
    0x78, 0x76, 0x7C, 0xFF, 0x72, 0x72, 0x7C, 0xFF, 0x6E, 0x75, 0x80, 0xFF, 0x69, 0x73, 0x7E, 0xFF, 0x57, 0x61, 0x6E, 0xFF, 0x47, 0x4E, 0x5A, 0xFF,
    0x7E, 0x82, 0x87, 0xFF, 0x27, 0x29, 0x2D, 0xFF, 0x09, 0x0A, 0x0F, 0xFF, 0x13, 0x15, 0x19, 0xFF, 0x15, 0x16, 0x1A, 0xFF, 0x21, 0x20, 0x25, 0xFF,
    0x3D, 0x3C, 0x42, 0xFF, 0x4F, 0x4C, 0x50, 0xFF, 0x4C, 0x4D, 0x50, 0xFF, 0x87, 0x91, 0x95, 0xFF, 0x60, 0x66, 0x6B, 0xFF, 0x56, 0x54, 0x58, 0xFF,
    0x9B, 0x98, 0x95, 0xFF, 0xB8, 0xB3, 0xB1, 0xFF, 0x98, 0x94, 0x95, 0xFF, 0x9B, 0x99, 0x9B, 0xFF, 0x97, 0x98, 0x9D, 0xFF, 0x90, 0x92, 0x9B, 0xFF,
    0x80, 0x85, 0x91, 0xFF, 0x78, 0x7B, 0x87, 0xFE, 0x66, 0x66, 0x6C, 0xF7, 0x33, 0x2D, 0x2D, 0x2D, 0x00, 0x00, 0x00, 0x00, 0x7F, 0x7F, 0x7F, 0x02,
    0x00, 0x00, 0x00, 0x00, 0x00, 0x00, 0x00, 0x00, 0x00, 0x00, 0x00, 0x00, 0x00, 0x00, 0x00, 0x00, 0x00, 0x00, 0x00, 0x00, 0x00, 0x00, 0x00, 0x00,
    0x00, 0x00, 0x00, 0x00, 0x00, 0x00, 0x00, 0x00, 0x00, 0x00, 0x00, 0x00, 0x00, 0x00, 0x00, 0x00, 0x00, 0x00, 0x00, 0x00, 0x00, 0x00, 0x00, 0x00,
    0x30, 0x37, 0x30, 0x25, 0x8C, 0x8E, 0x92, 0xF9, 0x9C, 0x9D, 0xA6, 0xFF, 0x8E, 0x8C, 0x92, 0xFE, 0x7E, 0x7C, 0x82, 0xFF, 0x76, 0x75, 0x79, 0xFF,
    0x70, 0x6E, 0x73, 0xFF, 0x6C, 0x6B, 0x76, 0xFF, 0x6B, 0x72, 0x7E, 0xFF, 0x64, 0x6E, 0x7A, 0xFF, 0x51, 0x59, 0x66, 0xFF, 0x4B, 0x53, 0x5E, 0xFF,
    0x44, 0x49, 0x4E, 0xFF, 0x17, 0x19, 0x1F, 0xFF, 0x20, 0x21, 0x26, 0xFF, 0x14, 0x15, 0x1A, 0xFF, 0x16, 0x17, 0x1B, 0xFF, 0x28, 0x28, 0x2C, 0xFF,
    0x34, 0x33, 0x37, 0xFF, 0x4D, 0x4C, 0x52, 0xFF, 0x24, 0x26, 0x2A, 0xFF, 0x7E, 0x83, 0x87, 0xFF, 0x9A, 0x9F, 0xA8, 0xFF, 0x68, 0x6A, 0x72, 0xFF,
    0xBA, 0xB8, 0xB7, 0xFF, 0xAB, 0xA8, 0xA9, 0xFF, 0x9C, 0x98, 0x9A, 0xFF, 0x9B, 0x97, 0x98, 0xFF, 0x9A, 0x95, 0x98, 0xFF, 0x93, 0x91, 0x97, 0xFF,
    0x7D, 0x7E, 0x87, 0xFF, 0x6F, 0x71, 0x79, 0xFC, 0x7C, 0x7C, 0x83, 0xFF, 0x58, 0x58, 0x5C, 0x71, 0x00, 0x00, 0x00, 0x00, 0x7F, 0x7F, 0x7F, 0x04,
    0x00, 0x00, 0x00, 0x00, 0x00, 0x00, 0x00, 0x00, 0x00, 0x00, 0x00, 0x00, 0x00, 0x00, 0x00, 0x00, 0x00, 0x00, 0x00, 0x00, 0x00, 0x00, 0x00, 0x00,
    0x00, 0x00, 0x00, 0x00, 0x00, 0x00, 0x00, 0x00, 0x00, 0x00, 0x00, 0x00, 0x00, 0x00, 0x00, 0x00, 0x00, 0x00, 0x00, 0x00, 0x00, 0x00, 0x00, 0x00,
    0x6C, 0x6F, 0x6F, 0x59, 0xA4, 0xA6, 0xAB, 0xFF, 0xA1, 0xA3, 0xA7, 0xFC, 0x86, 0x85, 0x8A, 0xFF, 0x82, 0x7F, 0x85, 0xFF, 0x92, 0x90, 0x93, 0xFF,
    0xAB, 0xA9, 0xAE, 0xFF, 0x7E, 0x80, 0x88, 0xFF, 0x5C, 0x63, 0x70, 0xFF, 0x55, 0x5D, 0x6B, 0xFF, 0x54, 0x5A, 0x68, 0xFF, 0x50, 0x56, 0x62, 0xFF,
    0x34, 0x39, 0x3F, 0xFF, 0x2A, 0x2C, 0x32, 0xFF, 0x26, 0x27, 0x2D, 0xFF, 0x14, 0x15, 0x19, 0xFF, 0x1A, 0x1B, 0x1E, 0xFF, 0x2D, 0x2C, 0x2F, 0xFF,
    0x2C, 0x2C, 0x2D, 0xFF, 0x38, 0x38, 0x3E, 0xFF, 0x44, 0x45, 0x4C, 0xFF, 0x6F, 0x72, 0x75, 0xFF, 0xAD, 0xB0, 0xB7, 0xFF, 0x84, 0x88, 0x93, 0xFF,
    0x9F, 0xA2, 0xA4, 0xFF, 0xAC, 0xAD, 0xAC, 0xFF, 0x9F, 0x9C, 0x9C, 0xFF, 0x9E, 0x96, 0x96, 0xFF, 0x9B, 0x94, 0x95, 0xFF, 0x8C, 0x88, 0x8E, 0xFF,
    0x74, 0x72, 0x7A, 0xFF, 0x73, 0x71, 0x78, 0xFB, 0x75, 0x77, 0x7E, 0xFF, 0x57, 0x59, 0x60, 0x8F, 0x00, 0x00, 0x00, 0x00, 0x7F, 0x7F, 0x7F, 0x04,
    0x00, 0x00, 0x00, 0x00, 0x00, 0x00, 0x00, 0x00, 0x00, 0x00, 0x00, 0x00, 0x00, 0x00, 0x00, 0x00, 0x00, 0x00, 0x00, 0x00, 0x00, 0x00, 0x00, 0x00,
    0x00, 0x00, 0x00, 0x00, 0x00, 0x00, 0x00, 0x00, 0x00, 0x00, 0x00, 0x00, 0x00, 0x00, 0x00, 0x00, 0x00, 0x00, 0x00, 0x00, 0x00, 0x00, 0x00, 0x00,
    0x53, 0x56, 0x58, 0x9C, 0x4B, 0x4D, 0x52, 0xFF, 0x18, 0x18, 0x1C, 0xFB, 0x19, 0x18, 0x1D, 0xFF, 0x22, 0x21, 0x26, 0xFF, 0x43, 0x40, 0x43, 0xFF,
    0x7D, 0x7C, 0x7F, 0xFF, 0x7F, 0x82, 0x88, 0xFF, 0x56, 0x5D, 0x67, 0xFF, 0x43, 0x49, 0x56, 0xFF, 0x48, 0x50, 0x5C, 0xFF, 0x4E, 0x54, 0x5E, 0xFF,
    0x30, 0x35, 0x3B, 0xFF, 0x2D, 0x30, 0x37, 0xFF, 0x1F, 0x21, 0x28, 0xFF, 0x16, 0x18, 0x1C, 0xFF, 0x1D, 0x1F, 0x21, 0xFF, 0x35, 0x35, 0x38, 0xFF,
    0x3A, 0x3A, 0x3A, 0xFF, 0x54, 0x54, 0x58, 0xFF, 0x73, 0x73, 0x7C, 0xFF, 0x72, 0x72, 0x79, 0xFF, 0xA4, 0xA8, 0xA9, 0xFF, 0x99, 0x9C, 0xA4, 0xFF,
    0x8A, 0x8E, 0x93, 0xFF, 0xAA, 0xAB, 0xAC, 0xFF, 0xA1, 0x9C, 0x9D, 0xFF, 0x9B, 0x92, 0x91, 0xFF, 0x9A, 0x92, 0x92, 0xFF, 0x81, 0x7E, 0x82, 0xFF,
    0x6C, 0x6A, 0x72, 0xFF, 0x6F, 0x6C, 0x73, 0xFB, 0x6E, 0x6E, 0x76, 0xFF, 0x55, 0x55, 0x5D, 0x9C, 0x00, 0x00, 0x00, 0x00, 0x7F, 0x7F, 0x7F, 0x04,
    0x00, 0x00, 0x00, 0x00, 0x00, 0x00, 0x00, 0x00, 0x00, 0x00, 0x00, 0x00, 0x00, 0x00, 0x00, 0x00, 0x00, 0x00, 0x00, 0x00, 0x00, 0x00, 0x00, 0x00,
    0x00, 0x00, 0x00, 0x00, 0x00, 0x00, 0x00, 0x00, 0x00, 0x00, 0x00, 0x00, 0x00, 0x00, 0x00, 0x00, 0x00, 0x00, 0x00, 0x00, 0x00, 0x00, 0x00, 0x08,
    0x13, 0x16, 0x17, 0xD0, 0x0D, 0x0F, 0x12, 0xFF, 0x15, 0x15, 0x1A, 0xFD, 0x19, 0x18, 0x1D, 0xFF, 0x15, 0x14, 0x19, 0xFF, 0x0D, 0x0C, 0x10, 0xFF,
    0x08, 0x09, 0x0C, 0xFF, 0x27, 0x29, 0x2E, 0xFF, 0x47, 0x4E, 0x55, 0xFF, 0x44, 0x4B, 0x54, 0xFF, 0x39, 0x3D, 0x46, 0xFF, 0x3F, 0x43, 0x4B, 0xFF,
    0x22, 0x25, 0x2D, 0xFF, 0x32, 0x33, 0x3C, 0xFF, 0x17, 0x19, 0x20, 0xFF, 0x2B, 0x2D, 0x31, 0xFF, 0x2B, 0x2C, 0x2D, 0xFF, 0x3B, 0x3B, 0x3C, 0xFF,
    0x2F, 0x2F, 0x2E, 0xFF, 0x62, 0x61, 0x65, 0xFF, 0x76, 0x74, 0x7E, 0xFF, 0x58, 0x58, 0x5E, 0xFF, 0x86, 0x88, 0x89, 0xFF, 0xA0, 0xA3, 0xAA, 0xFF,
    0x86, 0x8A, 0x8E, 0xFF, 0xA0, 0xA0, 0xA3, 0xFF, 0x9A, 0x94, 0x98, 0xFF, 0x96, 0x8D, 0x8F, 0xFF, 0x95, 0x8C, 0x8E, 0xFF, 0x7C, 0x78, 0x7D, 0xFF,
    0x6C, 0x6A, 0x72, 0xFF, 0x64, 0x5F, 0x69, 0xFB, 0x60, 0x5D, 0x66, 0xFE, 0x56, 0x54, 0x5C, 0x97, 0x00, 0x00, 0x00, 0x00, 0x7F, 0x7F, 0x7F, 0x04,
    0x00, 0x00, 0x00, 0x00, 0x00, 0x00, 0x00, 0x00, 0x00, 0x00, 0x00, 0x00, 0x00, 0x00, 0x00, 0x00, 0x00, 0x00, 0x00, 0x00, 0x00, 0x00, 0x00, 0x00,
    0x00, 0x00, 0x00, 0x00, 0x00, 0x00, 0x00, 0x00, 0x00, 0x00, 0x00, 0x00, 0x00, 0x00, 0x00, 0x00, 0x00, 0x00, 0x00, 0x00, 0x00, 0x00, 0x00, 0x10,
    0x0B, 0x0E, 0x0E, 0xC0, 0x1D, 0x1F, 0x22, 0xFF, 0x19, 0x1A, 0x1F, 0xFE, 0x1B, 0x1B, 0x1F, 0xFF, 0x1A, 0x1A, 0x1E, 0xFF, 0x1D, 0x1E, 0x23, 0xFF,
    0x21, 0x22, 0x28, 0xFF, 0x16, 0x19, 0x1E, 0xFF, 0x0D, 0x11, 0x16, 0xFF, 0x23, 0x28, 0x2D, 0xFF, 0x3E, 0x41, 0x47, 0xFF, 0x36, 0x39, 0x40, 0xFF,
    0x28, 0x2A, 0x32, 0xFF, 0x1F, 0x20, 0x27, 0xFF, 0x11, 0x12, 0x18, 0xFF, 0x39, 0x3B, 0x3E, 0xFF, 0x2A, 0x2C, 0x2C, 0xFF, 0x15, 0x15, 0x16, 0xFF,
    0x31, 0x30, 0x30, 0xFF, 0x5D, 0x5C, 0x60, 0xFF, 0x77, 0x76, 0x7E, 0xFF, 0x47, 0x47, 0x4B, 0xFF, 0x68, 0x6A, 0x6B, 0xFF, 0x8C, 0x8F, 0x98, 0xFF,
    0x73, 0x77, 0x7C, 0xFF, 0x80, 0x7E, 0x85, 0xFF, 0x77, 0x74, 0x7C, 0xFF, 0x7E, 0x77, 0x7A, 0xFF, 0x8B, 0x83, 0x86, 0xFF, 0x7A, 0x77, 0x7C, 0xFF,
    0x6A, 0x68, 0x71, 0xFF, 0x5E, 0x5D, 0x66, 0xFC, 0x5C, 0x5E, 0x66, 0xFF, 0x55, 0x55, 0x5D, 0x7D, 0x00, 0x00, 0x00, 0x00, 0x3F, 0x3F, 0x7F, 0x04,
    0x00, 0x00, 0x00, 0x00, 0x00, 0x00, 0x00, 0x00, 0x00, 0x00, 0x00, 0x00, 0x00, 0x00, 0x00, 0x00, 0x00, 0x00, 0x00, 0x00, 0x00, 0x00, 0x00, 0x00,
    0x00, 0x00, 0x00, 0x00, 0x00, 0x00, 0x00, 0x00, 0x00, 0x00, 0x00, 0x00, 0x00, 0x00, 0x00, 0x00, 0x00, 0x00, 0x00, 0x00, 0x00, 0x00, 0x00, 0x00,
    0x0D, 0x0F, 0x0D, 0x88, 0x1A, 0x1C, 0x1E, 0xFF, 0x16, 0x17, 0x1C, 0xFC, 0x17, 0x19, 0x1D, 0xFF, 0x15, 0x17, 0x1A, 0xFF, 0x16, 0x17, 0x1C, 0xFF,
    0x24, 0x25, 0x2C, 0xFF, 0x35, 0x35, 0x3C, 0xFF, 0x2E, 0x31, 0x37, 0xFF, 0x12, 0x16, 0x1A, 0xFF, 0x2B, 0x2E, 0x33, 0xFF, 0x3E, 0x42, 0x47, 0xFF,
    0x46, 0x49, 0x4D, 0xFF, 0x20, 0x22, 0x26, 0xFF, 0x12, 0x14, 0x18, 0xFF, 0x1F, 0x21, 0x23, 0xFF, 0x0A, 0x0C, 0x0C, 0xFF, 0x13, 0x13, 0x13, 0xFF,
    0x44, 0x44, 0x44, 0xFF, 0x5B, 0x5B, 0x5D, 0xFF, 0x6F, 0x6E, 0x72, 0xFF, 0x2A, 0x2B, 0x2C, 0xFF, 0x61, 0x64, 0x64, 0xFF, 0x74, 0x77, 0x81, 0xFF,
    0x61, 0x63, 0x6A, 0xFF, 0x7E, 0x7E, 0x84, 0xFF, 0x70, 0x71, 0x78, 0xFF, 0x6F, 0x6D, 0x71, 0xFF, 0x7F, 0x79, 0x7D, 0xFF, 0x75, 0x72, 0x79, 0xFF,
    0x6C, 0x6D, 0x76, 0xFE, 0x64, 0x67, 0x70, 0xFF, 0x5E, 0x64, 0x6C, 0xE5, 0x4E, 0x58, 0x58, 0x1A, 0x00, 0x00, 0x00, 0x00, 0x00, 0x00, 0x00, 0x02,
    0x00, 0x00, 0x00, 0x00, 0x00, 0x00, 0x00, 0x00, 0x00, 0x00, 0x00, 0x00, 0x00, 0x00, 0x00, 0x00, 0x00, 0x00, 0x00, 0x00, 0x00, 0x00, 0x00, 0x00,
    0x00, 0x00, 0x00, 0x00, 0x00, 0x00, 0x00, 0x00, 0x00, 0x00, 0x00, 0x00, 0x00, 0x00, 0x00, 0x00, 0x00, 0x00, 0x00, 0x00, 0x00, 0x00, 0x00, 0x00,
    0x0C, 0x0F, 0x0C, 0x76, 0x1A, 0x1C, 0x1E, 0xFE, 0x14, 0x15, 0x1A, 0xFC, 0x13, 0x15, 0x19, 0xFF, 0x18, 0x19, 0x1D, 0xFF, 0x18, 0x1A, 0x1E, 0xFF,
    0x27, 0x29, 0x30, 0xFF, 0x3E, 0x3F, 0x46, 0xFF, 0x42, 0x44, 0x4B, 0xFF, 0x35, 0x38, 0x40, 0xFF, 0x1B, 0x1C, 0x26, 0xFF, 0x20, 0x22, 0x2A, 0xFF,
    0x4D, 0x4D, 0x53, 0xFF, 0x40, 0x40, 0x44, 0xFF, 0x15, 0x17, 0x1B, 0xFF, 0x0D, 0x0F, 0x12, 0xFF, 0x0C, 0x0E, 0x0E, 0xFF, 0x1D, 0x1D, 0x1C, 0xFF,
    0x3E, 0x3E, 0x40, 0xFF, 0x46, 0x45, 0x47, 0xFF, 0x31, 0x31, 0x2F, 0xFF, 0x29, 0x2A, 0x2B, 0xFF, 0x74, 0x76, 0x7B, 0xFF, 0x62, 0x64, 0x6E, 0xFF,
    0x52, 0x53, 0x5B, 0xFF, 0x72, 0x74, 0x78, 0xFF, 0x93, 0x93, 0x97, 0xFF, 0x6E, 0x6D, 0x74, 0xFF, 0x7D, 0x7A, 0x84, 0xFF, 0x71, 0x70, 0x7A, 0xFF,
    0x70, 0x73, 0x7E, 0xFB, 0x74, 0x77, 0x84, 0xFF, 0x65, 0x69, 0x73, 0x99, 0x00, 0x00, 0x00, 0x00, 0xAA, 0xAA, 0xAA, 0x03, 0x00, 0x00, 0x00, 0x00,
    0x00, 0x00, 0x00, 0x00, 0x00, 0x00, 0x00, 0x00, 0x00, 0x00, 0x00, 0x00, 0x00, 0x00, 0x00, 0x00, 0x00, 0x00, 0x00, 0x00, 0x00, 0x00, 0x00, 0x00,
    0x00, 0x00, 0x00, 0x00, 0x00, 0x00, 0x00, 0x00, 0x00, 0x00, 0x00, 0x00, 0x00, 0x00, 0x00, 0x00, 0x00, 0x00, 0x00, 0x00, 0x00, 0x00, 0x00, 0x00,
    0x0B, 0x0B, 0x0B, 0x72, 0x18, 0x19, 0x1B, 0xFF, 0x10, 0x10, 0x14, 0xFC, 0x10, 0x10, 0x15, 0xFE, 0x12, 0x12, 0x17, 0xFF, 0x15, 0x14, 0x19, 0xFF,
    0x1A, 0x1A, 0x20, 0xFF, 0x28, 0x2A, 0x30, 0xFF, 0x31, 0x34, 0x3A, 0xFF, 0x3D, 0x40, 0x47, 0xFF, 0x37, 0x3A, 0x43, 0xFF, 0x1F, 0x20, 0x27, 0xFF,
    0x2F, 0x2E, 0x35, 0xFF, 0x4E, 0x4D, 0x54, 0xFF, 0x14, 0x14, 0x19, 0xFF, 0x0C, 0x0C, 0x10, 0xFF, 0x10, 0x10, 0x12, 0xFF, 0x17, 0x16, 0x18, 0xFF,
    0x26, 0x26, 0x29, 0xFF, 0x2D, 0x2C, 0x2E, 0xFF, 0x17, 0x14, 0x0F, 0xFF, 0x6D, 0x70, 0x74, 0xFF, 0x5B, 0x61, 0x6A, 0xFF, 0x61, 0x63, 0x6C, 0xFF,
    0x7E, 0x7F, 0x85, 0xFF, 0x6E, 0x6F, 0x73, 0xFF, 0x84, 0x84, 0x87, 0xFF, 0x78, 0x78, 0x82, 0xFF, 0x75, 0x75, 0x82, 0xFF, 0x6F, 0x6F, 0x7C, 0xFF,
    0x6C, 0x6E, 0x7A, 0xFB, 0x75, 0x78, 0x85, 0xFF, 0x61, 0x64, 0x6E, 0x9D, 0x00, 0x00, 0x00, 0x01, 0xAA, 0xAA, 0xAA, 0x03, 0x00, 0x00, 0x00, 0x00,
    0x00, 0x00, 0x00, 0x00, 0x00, 0x00, 0x00, 0x00, 0x00, 0x00, 0x00, 0x00, 0x00, 0x00, 0x00, 0x00, 0x00, 0x00, 0x00, 0x00, 0x00, 0x00, 0x00, 0x00,
    0x00, 0x00, 0x00, 0x00, 0x00, 0x00, 0x00, 0x00, 0x00, 0x00, 0x00, 0x00, 0x00, 0x00, 0x00, 0x00, 0x00, 0x00, 0x00, 0x00, 0x00, 0x00, 0x00, 0x00,
    0x00, 0x00, 0x00, 0x5D, 0x09, 0x09, 0x0A, 0xFA, 0x11, 0x10, 0x13, 0xFF, 0x10, 0x0F, 0x14, 0xFF, 0x0E, 0x0D, 0x12, 0xFF, 0x0D, 0x0C, 0x11, 0xFE,
    0x0D, 0x0C, 0x11, 0xFE, 0x0E, 0x0E, 0x15, 0xFF, 0x0E, 0x10, 0x15, 0xFF, 0x1D, 0x20, 0x23, 0xFF, 0x24, 0x27, 0x2C, 0xFF, 0x23, 0x24, 0x2A, 0xFF,
    0x12, 0x12, 0x19, 0xFF, 0x3A, 0x39, 0x40, 0xFF, 0x25, 0x24, 0x29, 0xFF, 0x08, 0x07, 0x0D, 0xFF, 0x10, 0x0F, 0x12, 0xFF, 0x12, 0x11, 0x14, 0xFF,
    0x13, 0x12, 0x15, 0xFF, 0x05, 0x05, 0x06, 0xFF, 0x47, 0x49, 0x4A, 0xFF, 0x67, 0x6C, 0x73, 0xFF, 0x6A, 0x72, 0x7C, 0xFF, 0x93, 0x95, 0x9C, 0xFF,
    0x85, 0x85, 0x88, 0xFF, 0x6C, 0x6C, 0x71, 0xFF, 0x79, 0x7B, 0x7F, 0xFF, 0x71, 0x72, 0x7C, 0xFF, 0x69, 0x69, 0x77, 0xFF, 0x66, 0x66, 0x74, 0xFF,
    0x65, 0x65, 0x74, 0xFC, 0x6F, 0x72, 0x7F, 0xFF, 0x49, 0x4D, 0x55, 0xBC, 0x00, 0x00, 0x00, 0x00, 0xFF, 0xFF, 0xFF, 0x01, 0x00, 0x00, 0x00, 0x00,
    0x00, 0x00, 0x00, 0x00, 0x00, 0x00, 0x00, 0x00, 0x00, 0x00, 0x00, 0x00, 0x00, 0x00, 0x00, 0x00, 0x00, 0x00, 0x00, 0x00, 0x00, 0x00, 0x00, 0x00,
    0x00, 0x00, 0x00, 0x00, 0x00, 0x00, 0x00, 0x00, 0x00, 0x00, 0x00, 0x00, 0x00, 0x00, 0x00, 0x00, 0x00, 0x00, 0x00, 0x00, 0x00, 0x00, 0x00, 0x01,
    0x00, 0x00, 0x00, 0x11, 0x00, 0x00, 0x00, 0x88, 0x04, 0x04, 0x06, 0xDB, 0x0C, 0x0B, 0x0F, 0xF9, 0x10, 0x0F, 0x14, 0xFF, 0x10, 0x0E, 0x14, 0xFF,
    0x0F, 0x0E, 0x13, 0xFF, 0x0D, 0x0C, 0x11, 0xFE, 0x0C, 0x0C, 0x0F, 0xFF, 0x0A, 0x0A, 0x0C, 0xFF, 0x0A, 0x0B, 0x0F, 0xFF, 0x0C, 0x0B, 0x10, 0xFF,
    0x0C, 0x0B, 0x11, 0xFF, 0x10, 0x0F, 0x16, 0xFF, 0x11, 0x10, 0x15, 0xFF, 0x0A, 0x0A, 0x0F, 0xFF, 0x13, 0x13, 0x16, 0xFF, 0x13, 0x13, 0x16, 0xFF,
    0x0D, 0x0D, 0x10, 0xFF, 0x41, 0x44, 0x47, 0xFF, 0x52, 0x5C, 0x64, 0xFF, 0x60, 0x68, 0x72, 0xFF, 0x82, 0x88, 0x8F, 0xFF, 0x55, 0x57, 0x60, 0xFF,
    0x53, 0x53, 0x58, 0xFF, 0x52, 0x52, 0x57, 0xFF, 0x70, 0x72, 0x77, 0xFF, 0x5C, 0x5D, 0x67, 0xFF, 0x58, 0x58, 0x65, 0xFF, 0x5B, 0x5B, 0x68, 0xFF,
    0x5B, 0x5C, 0x69, 0xFC, 0x66, 0x69, 0x78, 0xFF, 0x3F, 0x41, 0x4C, 0xBA, 0x00, 0x00, 0x00, 0x00, 0x7F, 0x7F, 0x7F, 0x02, 0x00, 0x00, 0x00, 0x00,
    0x00, 0x00, 0x00, 0x00, 0x00, 0x00, 0x00, 0x00, 0x00, 0x00, 0x00, 0x00, 0x00, 0x00, 0x00, 0x00, 0x00, 0x00, 0x00, 0x00, 0x00, 0x00, 0x00, 0x00,
    0x00, 0x00, 0x00, 0x00, 0x00, 0x00, 0x00, 0x00, 0x00, 0x00, 0x00, 0x00, 0x00, 0x00, 0x00, 0x00, 0x00, 0x00, 0x00, 0x00, 0x00, 0x00, 0x00, 0x00,
    0x00, 0x00, 0x00, 0x00, 0x00, 0x00, 0x00, 0x00, 0x00, 0x00, 0x00, 0x33, 0x00, 0x00, 0x00, 0x8A, 0x03, 0x03, 0x06, 0xD0, 0x09, 0x08, 0x0B, 0xF0,
    0x0B, 0x0A, 0x0D, 0xFE, 0x0C, 0x0B, 0x0F, 0xFF, 0x0D, 0x0C, 0x11, 0xFF, 0x0E, 0x0D, 0x11, 0xFF, 0x0D, 0x0C, 0x11, 0xFF, 0x0D, 0x0C, 0x11, 0xFF,
    0x0D, 0x0C, 0x12, 0xFF, 0x0C, 0x0C, 0x10, 0xFF, 0x13, 0x12, 0x16, 0xFF, 0x23, 0x22, 0x28, 0xFF, 0x25, 0x25, 0x29, 0xFF, 0x1E, 0x1E, 0x22, 0xFF,
    0x41, 0x43, 0x4A, 0xFF, 0x5E, 0x60, 0x6A, 0xFF, 0x41, 0x45, 0x50, 0xFF, 0x6E, 0x72, 0x7E, 0xFF, 0x56, 0x59, 0x63, 0xFF, 0x4F, 0x54, 0x5C, 0xFF,
    0x57, 0x5A, 0x62, 0xFF, 0x4B, 0x4C, 0x53, 0xFF, 0x59, 0x5B, 0x61, 0xFF, 0x43, 0x45, 0x4D, 0xFF, 0x49, 0x4B, 0x59, 0xFF, 0x53, 0x56, 0x61, 0xFF,
    0x52, 0x55, 0x62, 0xFC, 0x5E, 0x62, 0x72, 0xFF, 0x43, 0x47, 0x50, 0xC5, 0x00, 0x00, 0x00, 0x01, 0xFF, 0xFF, 0xFF, 0x01, 0x00, 0x00, 0x00, 0x00,
    0x00, 0x00, 0x00, 0x00, 0x00, 0x00, 0x00, 0x00, 0x00, 0x00, 0x00, 0x00, 0x00, 0x00, 0x00, 0x00, 0x00, 0x00, 0x00, 0x00, 0x00, 0x00, 0x00, 0x00,
    0x00, 0x00, 0x00, 0x00, 0x00, 0x00, 0x00, 0x00, 0x00, 0x00, 0x00, 0x00, 0x00, 0x00, 0x00, 0x00, 0x00, 0x00, 0x00, 0x00, 0x00, 0x00, 0x00, 0x00,
    0x00, 0x00, 0x00, 0x01, 0x00, 0x00, 0x00, 0x01, 0x00, 0x00, 0x00, 0x00, 0x00, 0x00, 0x00, 0x00, 0x00, 0x00, 0x00, 0x20, 0x00, 0x00, 0x00, 0x56,
    0x00, 0x00, 0x01, 0x83, 0x01, 0x01, 0x03, 0x97, 0x02, 0x04, 0x07, 0xB4, 0x0A, 0x0A, 0x0E, 0xF7, 0x0D, 0x0C, 0x11, 0xFF, 0x0D, 0x0C, 0x11, 0xFE,
    0x0D, 0x0C, 0x11, 0xFF, 0x0F, 0x0F, 0x12, 0xFF, 0x23, 0x22, 0x26, 0xFF, 0x3F, 0x3E, 0x46, 0xFF, 0x38, 0x37, 0x3B, 0xFF, 0x41, 0x42, 0x46, 0xFF,
    0x40, 0x43, 0x4C, 0xFF, 0x5C, 0x5F, 0x6A, 0xFF, 0x51, 0x52, 0x5D, 0xFF, 0x62, 0x63, 0x6E, 0xFF, 0x4B, 0x4E, 0x58, 0xFF, 0x4F, 0x55, 0x5E, 0xFF,
    0x46, 0x4C, 0x53, 0xFF, 0x40, 0x44, 0x4C, 0xFF, 0x47, 0x4A, 0x52, 0xFF, 0x32, 0x37, 0x3E, 0xFF, 0x42, 0x45, 0x50, 0xFF, 0x4D, 0x50, 0x5A, 0xFF,
    0x4D, 0x50, 0x5C, 0xFD, 0x5C, 0x62, 0x71, 0xFF, 0x4A, 0x4F, 0x59, 0xD0, 0x00, 0x00, 0x00, 0x00, 0xAA, 0xAA, 0xAA, 0x03, 0x00, 0x00, 0x00, 0x01,
    0x00, 0x00, 0x00, 0x00, 0x00, 0x00, 0x00, 0x00, 0x00, 0x00, 0x00, 0x00, 0x00, 0x00, 0x00, 0x00, 0x00, 0x00, 0x00, 0x00, 0x00, 0x00, 0x00, 0x00,
    0x00, 0x00, 0x00, 0x00, 0x00, 0x00, 0x00, 0x00, 0x00, 0x00, 0x00, 0x00, 0x00, 0x00, 0x00, 0x00, 0x00, 0x00, 0x00, 0x00, 0x00, 0x00, 0x00, 0x00,
    0x00, 0x00, 0x00, 0x00, 0x00, 0x00, 0x00, 0x00, 0x00, 0x00, 0x00, 0x02, 0x00, 0x00, 0x00, 0x02, 0x00, 0x00, 0x00, 0x00, 0x00, 0x00, 0x00, 0x00,
    0x00, 0x00, 0x00, 0x00, 0x00, 0x00, 0x00, 0x00, 0x00, 0x00, 0x00, 0x33, 0x09, 0x09, 0x0C, 0xF5, 0x0E, 0x0D, 0x12, 0xFF, 0x0D, 0x0C, 0x11, 0xFE,
    0x0E, 0x0D, 0x12, 0xFF, 0x09, 0x09, 0x0D, 0xFF, 0x18, 0x17, 0x1D, 0xFF, 0x3A, 0x39, 0x41, 0xFF, 0x34, 0x33, 0x38, 0xFF, 0x39, 0x39, 0x3E, 0xFF,
    0x35, 0x38, 0x40, 0xFF, 0x57, 0x5A, 0x64, 0xFF, 0x50, 0x51, 0x5C, 0xFF, 0x55, 0x56, 0x61, 0xFF, 0x46, 0x49, 0x54, 0xFF, 0x47, 0x4B, 0x55, 0xFF,
    0x3D, 0x41, 0x48, 0xFF, 0x38, 0x3E, 0x45, 0xFF, 0x4A, 0x50, 0x56, 0xFF, 0x2F, 0x34, 0x3A, 0xFF, 0x38, 0x3C, 0x44, 0xFF, 0x47, 0x49, 0x55, 0xFF,
    0x48, 0x4C, 0x5A, 0xFD, 0x54, 0x5A, 0x69, 0xFF, 0x52, 0x58, 0x61, 0xDC, 0x3C, 0x3C, 0x2D, 0x11, 0x00, 0x00, 0x00, 0x00, 0xFF, 0xFF, 0xFF, 0x01,
    0x00, 0x00, 0x00, 0x00, 0x00, 0x00, 0x00, 0x00, 0x00, 0x00, 0x00, 0x00, 0x00, 0x00, 0x00, 0x00, 0x00, 0x00, 0x00, 0x00, 0x00, 0x00, 0x00, 0x00,
    0x00, 0x00, 0x00, 0x00, 0x00, 0x00, 0x00, 0x00, 0x00, 0x00, 0x00, 0x00, 0x00, 0x00, 0x00, 0x00, 0x00, 0x00, 0x00, 0x00, 0x00, 0x00, 0x00, 0x00,
    0x00, 0x00, 0x00, 0x00, 0x00, 0x00, 0x00, 0x00, 0x00, 0x00, 0x00, 0x00, 0x00, 0x00, 0x00, 0x00, 0x00, 0x00, 0x00, 0x02, 0x00, 0x00, 0x00, 0x03,
    0x00, 0x00, 0x00, 0x03, 0x00, 0x00, 0x00, 0x01, 0x00, 0x00, 0x00, 0x18, 0x05, 0x05, 0x08, 0xD8, 0x0E, 0x0D, 0x12, 0xFF, 0x0B, 0x0D, 0x11, 0xFD,
    0x0D, 0x0E, 0x12, 0xFF, 0x0B, 0x0C, 0x10, 0xFF, 0x13, 0x14, 0x1B, 0xFF, 0x35, 0x36, 0x40, 0xFF, 0x27, 0x28, 0x2E, 0xFF, 0x2F, 0x2F, 0x34, 0xFF,
    0x2A, 0x2E, 0x36, 0xFF, 0x55, 0x58, 0x62, 0xFF, 0x46, 0x47, 0x52, 0xFF, 0x4D, 0x4E, 0x59, 0xFF, 0x41, 0x42, 0x4D, 0xFF, 0x41, 0x43, 0x4E, 0xFF,
    0x3A, 0x3D, 0x47, 0xFF, 0x38, 0x3D, 0x47, 0xFF, 0x4D, 0x52, 0x5C, 0xFF, 0x2E, 0x32, 0x3C, 0xFF, 0x35, 0x37, 0x43, 0xFF, 0x39, 0x3E, 0x4C, 0xFF,
    0x3E, 0x45, 0x54, 0xFF, 0x50, 0x57, 0x67, 0xFE, 0x6D, 0x73, 0x80, 0xFF, 0x62, 0x66, 0x75, 0xDF, 0x3F, 0x44, 0x55, 0x5D, 0x00, 0x00, 0x00, 0x00,
    0x00, 0x00, 0x00, 0x00, 0x00, 0x00, 0x00, 0x00, 0x00, 0x00, 0x00, 0x00, 0x00, 0x00, 0x00, 0x00, 0x00, 0x00, 0x00, 0x00, 0x00, 0x00, 0x00, 0x00,
    0x00, 0x00, 0x00, 0x00, 0x00, 0x00, 0x00, 0x00, 0x00, 0x00, 0x00, 0x00, 0x00, 0x00, 0x00, 0x00, 0x00, 0x00, 0x00, 0x00, 0x00, 0x00, 0x00, 0x00,
    0x00, 0x00, 0x00, 0x00, 0x00, 0x00, 0x00, 0x00, 0x00, 0x00, 0x00, 0x00, 0x00, 0x00, 0x00, 0x00, 0x00, 0x00, 0x00, 0x00, 0x00, 0x00, 0x00, 0x00,
    0x00, 0x00, 0x00, 0x01, 0x00, 0x00, 0x00, 0x00, 0x00, 0x00, 0x00, 0x02, 0x09, 0x09, 0x0B, 0xCF, 0x0E, 0x0D, 0x12, 0xFF, 0x0C, 0x0D, 0x12, 0xFD,
    0x19, 0x1B, 0x1F, 0xFF, 0x1C, 0x1E, 0x20, 0xFF, 0x0D, 0x0F, 0x12, 0xFF, 0x0A, 0x0B, 0x13, 0xFF, 0x19, 0x1A, 0x1E, 0xFF, 0x1D, 0x1D, 0x23, 0xFF,
    0x20, 0x24, 0x2C, 0xFF, 0x35, 0x3A, 0x44, 0xFF, 0x39, 0x3E, 0x48, 0xFF, 0x41, 0x46, 0x50, 0xFF, 0x42, 0x47, 0x50, 0xFF, 0x43, 0x48, 0x51, 0xFF,
    0x40, 0x45, 0x4F, 0xFF, 0x41, 0x46, 0x53, 0xFF, 0x51, 0x56, 0x64, 0xFF, 0x4B, 0x50, 0x60, 0xFF, 0x59, 0x5E, 0x6F, 0xFF, 0x5C, 0x64, 0x76, 0xFF,
    0x55, 0x5F, 0x72, 0xFF, 0x66, 0x6D, 0x7F, 0xFF, 0x78, 0x7C, 0x8F, 0xFD, 0x6F, 0x77, 0x88, 0xFF, 0x59, 0x62, 0x71, 0xF9, 0x2D, 0x34, 0x43, 0x22,
    0x00, 0x00, 0x00, 0x00, 0x00, 0x00, 0x00, 0x00, 0x00, 0x00, 0x00, 0x00, 0x00, 0x00, 0x00, 0x00, 0x00, 0x00, 0x00, 0x00, 0x00, 0x00, 0x00, 0x00,
    0x00, 0x00, 0x00, 0x00, 0x00, 0x00, 0x00, 0x00, 0x00, 0x00, 0x00, 0x00, 0x00, 0x00, 0x00, 0x00, 0x00, 0x00, 0x00, 0x00, 0x00, 0x00, 0x00, 0x00,
    0x00, 0x00, 0x00, 0x00, 0x00, 0x00, 0x00, 0x00, 0x00, 0x00, 0x00, 0x00, 0x00, 0x00, 0x00, 0x00, 0x00, 0x00, 0x00, 0x00, 0x00, 0x00, 0x00, 0x00,
    0x00, 0x00, 0x00, 0x01, 0x00, 0x00, 0x00, 0x00, 0x00, 0x00, 0x00, 0x19, 0x08, 0x08, 0x0A, 0xE8, 0x0F, 0x0E, 0x13, 0xFF, 0x0D, 0x0E, 0x12, 0xFE,
    0x10, 0x11, 0x15, 0xFF, 0x1E, 0x1F, 0x23, 0xFF, 0x20, 0x20, 0x27, 0xFF, 0x21, 0x20, 0x2B, 0xFF, 0x29, 0x29, 0x30, 0xFF, 0x1C, 0x1C, 0x23, 0xFF,
    0x27, 0x29, 0x34, 0xFF, 0x21, 0x27, 0x32, 0xFF, 0x2A, 0x2F, 0x37, 0xFF, 0x5B, 0x5F, 0x68, 0xFF, 0x67, 0x6F, 0x78, 0xFF, 0x62, 0x6C, 0x77, 0xFF,
    0x60, 0x68, 0x75, 0xFF, 0x60, 0x68, 0x76, 0xFF, 0x52, 0x58, 0x66, 0xFF, 0x60, 0x63, 0x72, 0xFF, 0x83, 0x8B, 0x9B, 0xFF, 0x6F, 0x79, 0x8D, 0xFF,
    0x7B, 0x85, 0x99, 0xFF, 0x4E, 0x53, 0x63, 0xFF, 0x4F, 0x54, 0x5E, 0xFF, 0x6D, 0x76, 0x81, 0xFD, 0x5A, 0x64, 0x74, 0xFB, 0x32, 0x3A, 0x47, 0x3D,
    0x00, 0x00, 0x00, 0x00, 0x00, 0x00, 0x00, 0x00, 0x00, 0x00, 0x00, 0x00, 0x00, 0x00, 0x00, 0x00, 0x00, 0x00, 0x00, 0x00, 0x00, 0x00, 0x00, 0x00,
    0x00, 0x00, 0x00, 0x00, 0x00, 0x00, 0x00, 0x00, 0x00, 0x00, 0x00, 0x00, 0x00, 0x00, 0x00, 0x00, 0x00, 0x00, 0x00, 0x00, 0x00, 0x00, 0x00, 0x00,
    0x00, 0x00, 0x00, 0x00, 0x00, 0x00, 0x00, 0x00, 0x00, 0x00, 0x00, 0x00, 0x00, 0x00, 0x00, 0x00, 0x00, 0x00, 0x00, 0x00, 0x00, 0x00, 0x00, 0x00,
    0x00, 0x00, 0x00, 0x01, 0x00, 0x00, 0x00, 0x01, 0x00, 0x00, 0x00, 0x13, 0x01, 0x01, 0x04, 0xB4, 0x0A, 0x09, 0x0E, 0xF9, 0x0A, 0x0B, 0x0F, 0xFF,
    0x0B, 0x0D, 0x11, 0xFF, 0x10, 0x11, 0x15, 0xFF, 0x15, 0x14, 0x19, 0xFF, 0x1A, 0x19, 0x1E, 0xFF, 0x13, 0x12, 0x17, 0xFF, 0x11, 0x11, 0x19, 0xFF,
    0x31, 0x34, 0x3E, 0xFF, 0x23, 0x28, 0x33, 0xFF, 0x2D, 0x2A, 0x2F, 0xFF, 0x58, 0x55, 0x5B, 0xFF, 0x61, 0x68, 0x74, 0xFF, 0x62, 0x69, 0x78, 0xFF,
    0x62, 0x68, 0x78, 0xFF, 0x75, 0x7F, 0x8D, 0xFF, 0x40, 0x46, 0x4F, 0xFF, 0x1E, 0x1D, 0x20, 0xFF, 0x6E, 0x71, 0x79, 0xFF, 0x7E, 0x88, 0x97, 0xFF,
    0x7A, 0x83, 0x96, 0xFF, 0x46, 0x4C, 0x5A, 0xFF, 0x15, 0x18, 0x1D, 0xFF, 0x62, 0x69, 0x6F, 0xFF, 0x5B, 0x63, 0x6B, 0xFB, 0x23, 0x2C, 0x31, 0x39,
    0x00, 0x00, 0x00, 0x00, 0x00, 0x00, 0x00, 0x00, 0x00, 0x00, 0x00, 0x00, 0x00, 0x00, 0x00, 0x00, 0x00, 0x00, 0x00, 0x00, 0x00, 0x00, 0x00, 0x00,
    0x00, 0x00, 0x00, 0x00, 0x00, 0x00, 0x00, 0x00, 0x00, 0x00, 0x00, 0x00, 0x00, 0x00, 0x00, 0x00, 0x00, 0x00, 0x00, 0x00, 0x00, 0x00, 0x00, 0x00,
    0x00, 0x00, 0x00, 0x00, 0x00, 0x00, 0x00, 0x00, 0x00, 0x00, 0x00, 0x00, 0x00, 0x00, 0x00, 0x00, 0x00, 0x00, 0x00, 0x00, 0x00, 0x00, 0x00, 0x00,
    0x00, 0x00, 0x00, 0x00, 0x00, 0x00, 0x00, 0x02, 0x00, 0x00, 0x00, 0x00, 0x00, 0x00, 0x00, 0x22, 0x0E, 0x0E, 0x12, 0xD9, 0x1D, 0x1E, 0x22, 0xFF,
    0x0F, 0x11, 0x15, 0xFD, 0x0D, 0x0F, 0x12, 0xFF, 0x0F, 0x0E, 0x13, 0xFF, 0x0E, 0x0D, 0x12, 0xFF, 0x0D, 0x0C, 0x10, 0xFF, 0x0C, 0x0C, 0x0F, 0xFF,
    0x1E, 0x20, 0x27, 0xFF, 0x1C, 0x20, 0x28, 0xFF, 0x2B, 0x28, 0x2D, 0xFF, 0x54, 0x51, 0x56, 0xFF, 0x59, 0x5F, 0x67, 0xFF, 0x4E, 0x56, 0x60, 0xFF,
    0x5B, 0x61, 0x6B, 0xFF, 0x5B, 0x66, 0x71, 0xFF, 0x2D, 0x33, 0x3B, 0xFF, 0x08, 0x07, 0x09, 0xFF, 0x51, 0x52, 0x57, 0xFF, 0x4C, 0x56, 0x61, 0xFF,
    0x5B, 0x67, 0x76, 0xFF, 0x4A, 0x4E, 0x5F, 0xFF, 0x13, 0x13, 0x19, 0xFE, 0x5A, 0x5F, 0x64, 0xFF, 0x51, 0x55, 0x5C, 0xF5, 0x2D, 0x33, 0x38, 0x2D,
    0x00, 0x00, 0x00, 0x00, 0x00, 0x00, 0x00, 0x00, 0x00, 0x00, 0x00, 0x00, 0x00, 0x00, 0x00, 0x00, 0x00, 0x00, 0x00, 0x00, 0x00, 0x00, 0x00, 0x00,
    0x00, 0x00, 0x00, 0x00, 0x00, 0x00, 0x00, 0x00, 0x00, 0x00, 0x00, 0x00, 0x00, 0x00, 0x00, 0x00, 0x00, 0x00, 0x00, 0x00, 0x00, 0x00, 0x00, 0x00,
    0x00, 0x00, 0x00, 0x00, 0x00, 0x00, 0x00, 0x00, 0x00, 0x00, 0x00, 0x00, 0x00, 0x00, 0x00, 0x00, 0x00, 0x00, 0x00, 0x00, 0x00, 0x00, 0x00, 0x00,
    0x00, 0x00, 0x00, 0x00, 0x00, 0x00, 0x00, 0x01, 0x00, 0x00, 0x00, 0x00, 0x00, 0x00, 0x00, 0x00, 0x28, 0x26, 0x2B, 0xC9, 0x3D, 0x3D, 0x41, 0xFE,
    0x35, 0x36, 0x3B, 0xFC, 0x31, 0x32, 0x37, 0xFF, 0x33, 0x32, 0x38, 0xFF, 0x26, 0x25, 0x2B, 0xFF, 0x24, 0x23, 0x26, 0xFF, 0x1B, 0x1B, 0x1E, 0xFF,
    0x16, 0x17, 0x1C, 0xFF, 0x0E, 0x12, 0x16, 0xFF, 0x29, 0x27, 0x2C, 0xFF, 0x52, 0x50, 0x56, 0xFF, 0x3E, 0x43, 0x49, 0xFF, 0x2D, 0x30, 0x37, 0xFF,
    0x40, 0x45, 0x4C, 0xFF, 0x3A, 0x42, 0x4E, 0xFF, 0x20, 0x27, 0x2F, 0xFF, 0x09, 0x0B, 0x0C, 0xFF, 0x40, 0x44, 0x46, 0xFF, 0x3A, 0x42, 0x4A, 0xFF,
    0x43, 0x48, 0x54, 0xFF, 0x40, 0x45, 0x53, 0xFF, 0x16, 0x15, 0x19, 0xFE, 0x50, 0x51, 0x56, 0xFF, 0x46, 0x4A, 0x51, 0xF5, 0x28, 0x28, 0x2E, 0x2C,
    0x00, 0x00, 0x00, 0x00, 0x00, 0x00, 0x00, 0x00, 0x00, 0x00, 0x00, 0x00, 0x00, 0x00, 0x00, 0x00, 0x00, 0x00, 0x00, 0x00, 0x00, 0x00, 0x00, 0x00,
    0x00, 0x00, 0x00, 0x00, 0x00, 0x00, 0x00, 0x00, 0x00, 0x00, 0x00, 0x00, 0x00, 0x00, 0x00, 0x00, 0x00, 0x00, 0x00, 0x00, 0x00, 0x00, 0x00, 0x00,
    0x00, 0x00, 0x00, 0x00, 0x00, 0x00, 0x00, 0x00, 0x00, 0x00, 0x00, 0x00, 0x00, 0x00, 0x00, 0x00, 0x00, 0x00, 0x00, 0x00, 0x00, 0x00, 0x00, 0x00,
    0x00, 0x00, 0x00, 0x00, 0x00, 0x00, 0x00, 0x01, 0x00, 0x00, 0x00, 0x00, 0x00, 0x00, 0x00, 0x0B, 0x20, 0x20, 0x22, 0xD6, 0x3E, 0x3C, 0x44, 0xFF,
    0x37, 0x35, 0x3F, 0xFE, 0x35, 0x33, 0x3C, 0xFF, 0x32, 0x31, 0x38, 0xFE, 0x22, 0x22, 0x27, 0xFE, 0x22, 0x22, 0x25, 0xFE, 0x1F, 0x1E, 0x23, 0xFE,
    0x16, 0x16, 0x1B, 0xFE, 0x08, 0x0B, 0x0E, 0xFF, 0x2A, 0x29, 0x2E, 0xFF, 0x49, 0x48, 0x4D, 0xFF, 0x33, 0x37, 0x3C, 0xFF, 0x43, 0x41, 0x49, 0xFF,
    0x4B, 0x4C, 0x54, 0xFF, 0x3F, 0x41, 0x4D, 0xFF, 0x1C, 0x1F, 0x29, 0xFF, 0x0C, 0x0E, 0x10, 0xFF, 0x36, 0x34, 0x39, 0xFF, 0x44, 0x46, 0x4D, 0xFF,
    0x49, 0x47, 0x4E, 0xFF, 0x3D, 0x41, 0x49, 0xFF, 0x1A, 0x17, 0x1A, 0xFE, 0x43, 0x41, 0x44, 0xFF, 0x37, 0x3A, 0x3F, 0xEA, 0x00, 0x00, 0x00, 0x1C,
    0x00, 0x00, 0x00, 0x00, 0x00, 0x00, 0x00, 0x00, 0x00, 0x00, 0x00, 0x00, 0x00, 0x00, 0x00, 0x00, 0x00, 0x00, 0x00, 0x00, 0x00, 0x00, 0x00, 0x00,
    0x00, 0x00, 0x00, 0x00, 0x00, 0x00, 0x00, 0x00, 0x00, 0x00, 0x00, 0x00, 0x00, 0x00, 0x00, 0x00, 0x00, 0x00, 0x00, 0x00, 0x00, 0x00, 0x00, 0x00,
    0x00, 0x00, 0x00, 0x00, 0x00, 0x00, 0x00, 0x00, 0x00, 0x00, 0x00, 0x00, 0x00, 0x00, 0x00, 0x00, 0x00, 0x00, 0x00, 0x00, 0x00, 0x00, 0x00, 0x00,
    0x00, 0x00, 0x00, 0x00, 0x00, 0x00, 0x00, 0x01, 0x00, 0x00, 0x00, 0x00, 0x00, 0x00, 0x00, 0x0C, 0x05, 0x05, 0x07, 0xAD, 0x13, 0x13, 0x18, 0xE6,
    0x1E, 0x1D, 0x22, 0xF8, 0x25, 0x24, 0x2A, 0xFF, 0x28, 0x27, 0x2D, 0xFF, 0x1E, 0x1D, 0x23, 0xFF, 0x19, 0x19, 0x1C, 0xFF, 0x19, 0x18, 0x1D, 0xFF,
    0x12, 0x12, 0x15, 0xFF, 0x09, 0x0C, 0x0F, 0xFF, 0x26, 0x23, 0x29, 0xFF, 0x47, 0x45, 0x4A, 0xFF, 0x35, 0x35, 0x39, 0xFF, 0x42, 0x3D, 0x41, 0xFF,
    0x47, 0x43, 0x48, 0xFF, 0x43, 0x41, 0x48, 0xFF, 0x22, 0x20, 0x28, 0xFF, 0x0A, 0x08, 0x0E, 0xFF, 0x35, 0x33, 0x39, 0xFF, 0x2D, 0x2B, 0x33, 0xFF,
    0x40, 0x3F, 0x43, 0xFF, 0x26, 0x27, 0x28, 0xFF, 0x13, 0x14, 0x13, 0xFD, 0x38, 0x39, 0x3A, 0xFD, 0x2B, 0x2D, 0x30, 0xEB, 0x00, 0x00, 0x0E, 0x12,
    0x00, 0x00, 0x00, 0x00, 0x00, 0x00, 0x00, 0x00, 0x00, 0x00, 0x00, 0x00, 0x00, 0x00, 0x00, 0x00, 0x00, 0x00, 0x00, 0x00, 0x00, 0x00, 0x00, 0x00,
    0x00, 0x00, 0x00, 0x00, 0x00, 0x00, 0x00, 0x00, 0x00, 0x00, 0x00, 0x00, 0x00, 0x00, 0x00, 0x00, 0x00, 0x00, 0x00, 0x00, 0x00, 0x00, 0x00, 0x00,
    0x00, 0x00, 0x00, 0x00, 0x00, 0x00, 0x00, 0x00, 0x00, 0x00, 0x00, 0x00, 0x00, 0x00, 0x00, 0x00, 0x00, 0x00, 0x00, 0x00, 0x00, 0x00, 0x00, 0x00,
    0x00, 0x00, 0x00, 0x00, 0x00, 0x00, 0x00, 0x00, 0x00, 0x00, 0x00, 0x00, 0x00, 0x00, 0x00, 0x01, 0x00, 0x00, 0x00, 0x0E, 0x00, 0x00, 0x00, 0x38,
    0x00, 0x00, 0x00, 0x6A, 0x00, 0x00, 0x01, 0x94, 0x05, 0x04, 0x06, 0xBC, 0x07, 0x07, 0x09, 0xD6, 0x07, 0x07, 0x08, 0xE4, 0x06, 0x05, 0x09, 0xDF,
    0x07, 0x07, 0x0A, 0xE2, 0x0A, 0x0A, 0x0D, 0xFE, 0x1B, 0x1A, 0x1E, 0xFE, 0x3F, 0x3C, 0x40, 0xFF, 0x3A, 0x39, 0x3B, 0xFF, 0x3E, 0x39, 0x3D, 0xFF,
    0x46, 0x41, 0x44, 0xFF, 0x47, 0x43, 0x44, 0xFF, 0x27, 0x24, 0x28, 0xFF, 0x0D, 0x0B, 0x11, 0xFF, 0x2F, 0x2D, 0x33, 0xFF, 0x24, 0x21, 0x28, 0xFF,
    0x35, 0x35, 0x39, 0xFF, 0x29, 0x2A, 0x2D, 0xFF, 0x28, 0x2A, 0x30, 0xFF, 0x1E, 0x21, 0x25, 0xFF, 0x11, 0x12, 0x14, 0xB0, 0x1F, 0x1F, 0x1F, 0x08,
    0x00, 0x00, 0x00, 0x00, 0x00, 0x00, 0x00, 0x00, 0x00, 0x00, 0x00, 0x00, 0x00, 0x00, 0x00, 0x00, 0x00, 0x00, 0x00, 0x00, 0x00, 0x00, 0x00, 0x00,
    0x00, 0x00, 0x00, 0x00, 0x00, 0x00, 0x00, 0x00, 0x00, 0x00, 0x00, 0x00, 0x00, 0x00, 0x00, 0x00, 0x00, 0x00, 0x00, 0x00, 0x00, 0x00, 0x00, 0x00,
    0x00, 0x00, 0x00, 0x00, 0x00, 0x00, 0x00, 0x00, 0x00, 0x00, 0x00, 0x00, 0x00, 0x00, 0x00, 0x00, 0x00, 0x00, 0x00, 0x00, 0x00, 0x00, 0x00, 0x00,
    0x00, 0x00, 0x00, 0x00, 0x00, 0x00, 0x00, 0x00, 0x00, 0x00, 0x00, 0x00, 0x00, 0x00, 0x00, 0x00, 0x00, 0x00, 0x00, 0x00, 0x00, 0x00, 0x00, 0x00,
    0x00, 0x00, 0x00, 0x00, 0x00, 0x00, 0x00, 0x00, 0x00, 0x00, 0x00, 0x0C, 0x00, 0x00, 0x00, 0x1F, 0x00, 0x00, 0x00, 0x32, 0x00, 0x00, 0x00, 0x23,
    0x00, 0x00, 0x00, 0x58, 0x05, 0x04, 0x05, 0xEA, 0x11, 0x10, 0x13, 0xFF, 0x2E, 0x2E, 0x30, 0xFE, 0x2D, 0x2B, 0x2E, 0xFF, 0x31, 0x2E, 0x31, 0xFF,
    0x34, 0x31, 0x34, 0xFF, 0x2E, 0x2B, 0x2E, 0xFF, 0x2C, 0x2C, 0x32, 0xFF, 0x26, 0x28, 0x30, 0xFF, 0x26, 0x28, 0x31, 0xFF, 0x29, 0x2B, 0x35, 0xFF,
    0x32, 0x34, 0x3E, 0xFD, 0x39, 0x3C, 0x46, 0xFE, 0x2B, 0x2D, 0x36, 0xCE, 0x07, 0x07, 0x0E, 0x6B, 0x00, 0x00, 0x00, 0x17, 0x00, 0x00, 0x00, 0x00,
    0x00, 0x00, 0x00, 0x00, 0x00, 0x00, 0x00, 0x00, 0x00, 0x00, 0x00, 0x00, 0x00, 0x00, 0x00, 0x00, 0x00, 0x00, 0x00, 0x00, 0x00, 0x00, 0x00, 0x00,
    0x00, 0x00, 0x00, 0x00, 0x00, 0x00, 0x00, 0x00, 0x00, 0x00, 0x00, 0x00, 0x00, 0x00, 0x00, 0x00, 0x00, 0x00, 0x00, 0x00, 0x00, 0x00, 0x00, 0x00,
    0x00, 0x00, 0x00, 0x00, 0x00, 0x00, 0x00, 0x00, 0x00, 0x00, 0x00, 0x00, 0x00, 0x00, 0x00, 0x00, 0x00, 0x00, 0x00, 0x00, 0x00, 0x00, 0x00, 0x00,
    0x00, 0x00, 0x00, 0x00, 0x00, 0x00, 0x00, 0x00, 0x00, 0x00, 0x00, 0x00, 0x00, 0x00, 0x00, 0x00, 0x00, 0x00, 0x00, 0x01, 0x00, 0x00, 0x00, 0x02,
    0x00, 0x00, 0x00, 0x03, 0x00, 0x00, 0x00, 0x01, 0x00, 0x00, 0x00, 0x00, 0x00, 0x00, 0x00, 0x00, 0x00, 0x00, 0x00, 0x00, 0x00, 0x00, 0x00, 0x00,
    0x00, 0x00, 0x00, 0x00, 0x00, 0x00, 0x00, 0x7A, 0x05, 0x05, 0x07, 0xEB, 0x10, 0x10, 0x12, 0xFE, 0x0E, 0x0F, 0x12, 0xFE, 0x0F, 0x11, 0x13, 0xFE,
    0x1A, 0x1D, 0x1F, 0xFE, 0x27, 0x2A, 0x31, 0xFE, 0x35, 0x39, 0x46, 0xFD, 0x36, 0x3D, 0x4D, 0xFE, 0x3C, 0x43, 0x54, 0xFE, 0x44, 0x4C, 0x5D, 0xFE,
    0x3D, 0x45, 0x55, 0xFE, 0x3B, 0x41, 0x4D, 0xFF, 0x28, 0x28, 0x2D, 0x32, 0x00, 0x00, 0x00, 0x00, 0x00, 0x00, 0x00, 0x00, 0x00, 0x00, 0x00, 0x00,
    0x00, 0x00, 0x00, 0x00, 0x00, 0x00, 0x00, 0x00, 0x00, 0x00, 0x00, 0x00, 0x00, 0x00, 0x00, 0x00, 0x00, 0x00, 0x00, 0x00, 0x00, 0x00, 0x00, 0x00,
    0x00, 0x00, 0x00, 0x00, 0x00, 0x00, 0x00, 0x00, 0x00, 0x00, 0x00, 0x00, 0x00, 0x00, 0x00, 0x00, 0x00, 0x00, 0x00, 0x00, 0x00, 0x00, 0x00, 0x00,
    0x00, 0x00, 0x00, 0x00, 0x00, 0x00, 0x00, 0x00, 0x00, 0x00, 0x00, 0x00, 0x00, 0x00, 0x00, 0x00, 0x00, 0x00, 0x00, 0x00, 0x00, 0x00, 0x00, 0x00,
    0x00, 0x00, 0x00, 0x00, 0x00, 0x00, 0x00, 0x00, 0x00, 0x00, 0x00, 0x00, 0x00, 0x00, 0x00, 0x00, 0x00, 0x00, 0x00, 0x00, 0x00, 0x00, 0x00, 0x00,
    0x00, 0x00, 0x00, 0x00, 0x00, 0x00, 0x00, 0x00, 0x00, 0x00, 0x00, 0x01, 0x00, 0x00, 0x00, 0x02, 0x00, 0x00, 0x00, 0x02, 0x00, 0x00, 0x00, 0x02,
    0x00, 0x00, 0x00, 0x02, 0x00, 0x00, 0x00, 0x01, 0x00, 0x00, 0x00, 0x63, 0x05, 0x05, 0x06, 0xE0, 0x0D, 0x11, 0x13, 0xFF, 0x0A, 0x10, 0x13, 0xFF,
    0x1D, 0x24, 0x27, 0xFF, 0x3A, 0x3F, 0x4B, 0xFF, 0x45, 0x4B, 0x59, 0xFF, 0x3E, 0x46, 0x54, 0xFF, 0x39, 0x3F, 0x4C, 0xFF, 0x33, 0x39, 0x46, 0xFF,
    0x28, 0x2E, 0x39, 0xFD, 0x1F, 0x23, 0x2A, 0x9C, 0x00, 0x00, 0x00, 0x01, 0x33, 0x33, 0x33, 0x05, 0x00, 0x00, 0x00, 0x01, 0x00, 0x00, 0x00, 0x00,
    0x00, 0x00, 0x00, 0x00, 0x00, 0x00, 0x00, 0x00, 0x00, 0x00, 0x00, 0x00, 0x00, 0x00, 0x00, 0x00, 0x00, 0x00, 0x00, 0x00, 0x00, 0x00, 0x00, 0x00,
    0x00, 0x00, 0x00, 0x00, 0x00, 0x00, 0x00, 0x00, 0x00, 0x00, 0x00, 0x00, 0x00, 0x00, 0x00, 0x00, 0x00, 0x00, 0x00, 0x00, 0x00, 0x00, 0x00, 0x00,
    0x00, 0x00, 0x00, 0x00, 0x00, 0x00, 0x00, 0x00, 0x00, 0x00, 0x00, 0x00, 0x00, 0x00, 0x00, 0x00, 0x00, 0x00, 0x00, 0x00, 0x00, 0x00, 0x00, 0x00,
    0x00, 0x00, 0x00, 0x00, 0x00, 0x00, 0x00, 0x00, 0x00, 0x00, 0x00, 0x00, 0x00, 0x00, 0x00, 0x00, 0x00, 0x00, 0x00, 0x00, 0x00, 0x00, 0x00, 0x00,
    0x00, 0x00, 0x00, 0x00, 0x00, 0x00, 0x00, 0x00, 0x00, 0x00, 0x00, 0x00, 0x00, 0x00, 0x00, 0x00, 0x00, 0x00, 0x00, 0x00, 0x00, 0x00, 0x00, 0x00,
    0x00, 0x00, 0x00, 0x00, 0x00, 0x00, 0x00, 0x01, 0x00, 0x00, 0x00, 0x00, 0x00, 0x00, 0x00, 0x57, 0x03, 0x04, 0x06, 0xCF, 0x04, 0x08, 0x09, 0xD9,
    0x0B, 0x0E, 0x10, 0xD7, 0x15, 0x16, 0x1B, 0xCA, 0x15, 0x16, 0x1C, 0xB2, 0x0D, 0x0F, 0x14, 0x99, 0x04, 0x06, 0x04, 0x7F, 0x00, 0x00, 0x00, 0x68,
    0x00, 0x00, 0x00, 0x48, 0x00, 0x00, 0x00, 0x06, 0x00, 0x00, 0x00, 0x00, 0x00, 0x00, 0x00, 0x01, 0x00, 0x00, 0x00, 0x00, 0x00, 0x00, 0x00, 0x00,
    0x00, 0x00, 0x00, 0x00, 0x00, 0x00, 0x00, 0x00, 0x00, 0x00, 0x00, 0x00, 0x00, 0x00, 0x00, 0x00, 0x00, 0x00, 0x00, 0x00, 0x00, 0x00, 0x00, 0x00,
    0x00, 0x00, 0x00, 0x00, 0x00, 0x00, 0x00, 0x00, 0x00, 0x00, 0x00, 0x00, 0x00, 0x00, 0x00, 0x00, 0x00, 0x00, 0x00, 0x00, 0x00, 0x00, 0x00, 0x00,
    0x00, 0x00, 0x00, 0x00, 0x00, 0x00, 0x00, 0x00, 0x00, 0x00, 0x00, 0x00, 0x00, 0x00, 0x00, 0x00, 0x00, 0x00, 0x00, 0x00, 0x00, 0x00, 0x00, 0x00,
    0x00, 0x00, 0x00, 0x00, 0x00, 0x00, 0x00, 0x00, 0x00, 0x00, 0x00, 0x00, 0x00, 0x00, 0x00, 0x00, 0x00, 0x00, 0x00, 0x00, 0x00, 0x00, 0x00, 0x00,
    0x00, 0x00, 0x00, 0x00, 0x00, 0x00, 0x00, 0x00, 0x00, 0x00, 0x00, 0x00, 0x00, 0x00, 0x00, 0x00, 0x00, 0x00, 0x00, 0x00, 0x00, 0x00, 0x00, 0x00,
    0x00, 0x00, 0x00, 0x00, 0x00, 0x00, 0x00, 0x01, 0x00, 0x00, 0x00, 0x02, 0x00, 0x00, 0x00, 0x00, 0x00, 0x00, 0x00, 0x20, 0x00, 0x00, 0x00, 0x29,
    0x00, 0x00, 0x00, 0x24, 0x00, 0x00, 0x00, 0x14, 0x00, 0x00, 0x00, 0x02, 0x00, 0x00, 0x00, 0x00, 0x00, 0x00, 0x00, 0x00, 0x00, 0x00, 0x00, 0x00,
    0x00, 0x00, 0x00, 0x00, 0x00, 0x00, 0x00, 0x00, 0x00, 0x00, 0x00, 0x00, 0x00, 0x00, 0x00, 0x00, 0x00, 0x00, 0x00, 0x00, 0x00, 0x00, 0x00, 0x00,
    0x00, 0x00, 0x00, 0x00, 0x00, 0x00, 0x00, 0x00, 0x00, 0x00, 0x00, 0x00, 0x00, 0x00, 0x00, 0x00, 0x00, 0x00, 0x00, 0x00, 0x00, 0x00, 0x00, 0x00,
    0x00, 0x00, 0x00, 0x00, 0x00, 0x00, 0x00, 0x00, 0x00, 0x00, 0x00, 0x00, 0x00, 0x00, 0x00, 0x00, 0x00, 0x00, 0x00, 0x00, 0x00, 0x00, 0x00, 0x00,
    0x00, 0x00, 0x00, 0x00, 0x00, 0x00, 0x00, 0x00, 0x00, 0x00, 0x00, 0x00, 0x00, 0x00, 0x00, 0x00, 0x00, 0x00, 0x00, 0x00, 0x00, 0x00, 0x00, 0x00,
    0x00, 0x00, 0x00, 0x00, 0x00, 0x00, 0x00, 0x00, 0x00, 0x00, 0x00, 0x00, 0x00, 0x00, 0x00, 0x00, 0x00, 0x00, 0x00, 0x00, 0x00, 0x00, 0x00, 0x00,
    0x00, 0x00, 0x00, 0x00, 0x00, 0x00, 0x00, 0x00, 0x00, 0x00, 0x00, 0x00, 0x00, 0x00, 0x00, 0x00, 0x00, 0x00, 0x00, 0x00, 0x00, 0x00, 0x00, 0x00,
    0x00, 0x00, 0x00, 0x00, 0x00, 0x00, 0x00, 0x00, 0x00, 0x00, 0x00, 0x00, 0x00, 0x00, 0x00, 0x00, 0x00, 0x00, 0x00, 0x00, 0x00, 0x00, 0x00, 0x00,
    0x00, 0x00, 0x00, 0x00, 0x00, 0x00, 0x00, 0x00, 0x00, 0x00, 0x00, 0x00, 0x00, 0x00, 0x00, 0x00, 0x00, 0x00, 0x00, 0x00, 0x00, 0x00, 0x00, 0x00,
    0x00, 0x00, 0x00, 0x00, 0x00, 0x00, 0x00, 0x00, 0x00, 0x00, 0x00, 0x00, 0x00, 0x00, 0x00, 0x00, 0x00, 0x00, 0x00, 0x00, 0x00, 0x00, 0x00, 0x00,
    0x00, 0x00, 0x00, 0x00, 0x00, 0x00, 0x00, 0x00, 0x00, 0x00, 0x00, 0x00, 0x00, 0x00, 0x00, 0x00, 0x00, 0x00, 0x00, 0x00, 0x00, 0x00, 0x00, 0x00,
    0x00, 0x00, 0x00, 0x00, 0x00, 0x00, 0x00, 0x00, 0x00, 0x00, 0x00, 0x00, 0x00, 0x00, 0x00, 0x00, 0x00, 0x00, 0x00, 0x00, 0x00, 0x00, 0x00, 0x00,
    0x00, 0x00, 0x00, 0x00, 0x00, 0x00, 0x00, 0x00, 0x00, 0x00, 0x00, 0x00, 0x00, 0x00, 0x00, 0x00, 0x00, 0x00, 0x00, 0x00, 0x00, 0x00, 0x00, 0x00,
    0x00, 0x00, 0x00, 0x00, 0x00, 0x00, 0x00, 0x00, 0x00, 0x00, 0x00, 0x00, 0x00, 0x00, 0x00, 0x00, 0x00, 0x00, 0x00, 0x00, 0x00, 0x00, 0x00, 0x00,
    0x00, 0x00, 0x00, 0x00, 0x00, 0x00, 0x00, 0x00, 0x00, 0x00, 0x00, 0x00, 0x00, 0x00, 0x00, 0x00, 0x00, 0x00, 0x00, 0x00, 0x00, 0x00, 0x00, 0x00,
    0x00, 0x00, 0x00, 0x00, 0x00, 0x00, 0x00, 0x00, 0x00, 0x00, 0x00, 0x00, 0x00, 0x00, 0x00, 0x00, 0x00, 0x00, 0x00, 0x00, 0x00, 0x00, 0x00, 0x00,
    0x00, 0x00, 0x00, 0x00, 0x00, 0x00, 0x00, 0x00, 0x00, 0x00, 0x00, 0x00, 0x00, 0x00, 0x00, 0x00, 0x00, 0x00, 0x00, 0x00, 0x00, 0x00, 0x00, 0x00,
    0x00, 0x00, 0x00, 0x00, 0x00, 0x00, 0x00, 0x00, 0x00, 0x00, 0x00, 0x00, 0x00, 0x00, 0x00, 0x00, 0x00, 0x00, 0x00, 0x00, 0x00, 0x00, 0x00, 0x00,
    0x00, 0x00, 0x00, 0x00, 0x00, 0x00, 0x00, 0x00, 0x00, 0x00, 0x00, 0x00, 0x00, 0x00, 0x00, 0x00, 0x00, 0x00, 0x00, 0x00, 0x00, 0x00, 0x00, 0x00,
    0x00, 0x00, 0x00, 0x00, 0x00, 0x00, 0x00, 0x00, 0x00, 0x00, 0x00, 0x00, 0x00, 0x00, 0x00, 0x00, 0x00, 0x00, 0x00, 0x00, 0x00, 0x00, 0x00, 0x00,
    0x00, 0x00, 0x00, 0x00, 0x00, 0x00, 0x00, 0x00, 0x00, 0x00, 0x00, 0x00, 0x00, 0x00, 0x00, 0x00, 0x00, 0x00, 0x00, 0x00, 0x00, 0x00, 0x00, 0x00,
    0x00, 0x00, 0x00, 0x00, 0x00, 0x00, 0x00, 0x00, 0x00, 0x00, 0x00, 0x00, 0x00, 0x00, 0x00, 0x00, 0x00, 0x00, 0x00, 0x00, 0x00, 0x00, 0x00, 0x00,
    0x00, 0x00, 0x00, 0x00, 0x00, 0x00, 0x00, 0x00, 0x00, 0x00, 0x00, 0x00, 0x00, 0x00, 0x00, 0x00, 0x00, 0x00, 0x00, 0x00, 0x00, 0x00, 0x00, 0x00,
    0x00, 0x00, 0x00, 0x00, 0x00, 0x00, 0x00, 0x00, 0x00, 0x00, 0x00, 0x00, 0x00, 0x00, 0x00, 0x00, 0x00, 0x00, 0x00, 0x00, 0x00, 0x00, 0x00, 0x00,
    0x00, 0x00, 0x00, 0x00, 0x00, 0x00, 0x00, 0x00, 0x00, 0x00, 0x00, 0x00, 0x00, 0x00, 0x00, 0x00, 0x00, 0x00, 0x00, 0x00, 0x00, 0x00, 0x00, 0x00,
    0x00, 0x00, 0x00, 0x00, 0x00, 0x00, 0x00, 0x00, 0x00, 0x00, 0x00, 0x00, 0x00, 0x00, 0x00, 0x00, 0x00, 0x00, 0x00, 0x00, 0x00, 0x00, 0x00, 0x00,
    0x00, 0x00, 0x00, 0x00, 0x00, 0x00, 0x00, 0x00, 0x00, 0x00, 0x00, 0x00, 0x00, 0x00, 0x00, 0x00, 0x00, 0x00, 0x00, 0x00, 0x00, 0x00, 0x00, 0x00,
};
inline constexpr std::array<std::uint8_t, 9216> riot_gauntlets = {
    0x00, 0x00, 0x00, 0x00, 0x00, 0x00, 0x00, 0x00, 0x00, 0x00, 0x00, 0x00, 0x00, 0x00, 0x00, 0x00, 0x00, 0x00, 0x00, 0x00, 0x00, 0x00, 0x00, 0x00,
    0x00, 0x00, 0x00, 0x00, 0x00, 0x00, 0x00, 0x00, 0x00, 0x00, 0x00, 0x00, 0x00, 0x00, 0x00, 0x00, 0x00, 0x00, 0x00, 0x00, 0x00, 0x00, 0x00, 0x00,
    0x00, 0x00, 0x00, 0x00, 0x00, 0x00, 0x00, 0x00, 0x00, 0x00, 0x00, 0x00, 0x00, 0x00, 0x00, 0x00, 0x00, 0x00, 0x00, 0x00, 0x00, 0x00, 0x00, 0x00,
    0x00, 0x00, 0x00, 0x00, 0x00, 0x00, 0x00, 0x00, 0x00, 0x00, 0x00, 0x00, 0x00, 0x00, 0x00, 0x00, 0x00, 0x00, 0x00, 0x00, 0x00, 0x00, 0x00, 0x00,
    0x00, 0x00, 0x00, 0x00, 0x00, 0x00, 0x00, 0x00, 0x00, 0x00, 0x00, 0x00, 0x00, 0x00, 0x00, 0x00, 0x00, 0x00, 0x00, 0x00, 0x00, 0x00, 0x00, 0x00,
    0x00, 0x00, 0x00, 0x00, 0x00, 0x00, 0x00, 0x00, 0x00, 0x00, 0x00, 0x00, 0x00, 0x00, 0x00, 0x00, 0x00, 0x00, 0x00, 0x00, 0x00, 0x00, 0x00, 0x00,
    0x00, 0x00, 0x00, 0x00, 0x00, 0x00, 0x00, 0x00, 0x00, 0x00, 0x00, 0x00, 0x00, 0x00, 0x00, 0x00, 0x00, 0x00, 0x00, 0x00, 0x00, 0x00, 0x00, 0x00,
    0x00, 0x00, 0x00, 0x00, 0x00, 0x00, 0x00, 0x00, 0x00, 0x00, 0x00, 0x00, 0x00, 0x00, 0x00, 0x00, 0x00, 0x00, 0x00, 0x00, 0x00, 0x00, 0x00, 0x00,
    0x00, 0x00, 0x00, 0x00, 0x00, 0x00, 0x00, 0x00, 0x00, 0x00, 0x00, 0x00, 0x00, 0x00, 0x00, 0x00, 0x00, 0x00, 0x00, 0x00, 0x00, 0x00, 0x00, 0x00,
    0x00, 0x00, 0x00, 0x00, 0x00, 0x00, 0x00, 0x00, 0x00, 0x00, 0x00, 0x00, 0x00, 0x00, 0x00, 0x00, 0x00, 0x00, 0x00, 0x00, 0x00, 0x00, 0x00, 0x00,
    0x00, 0x00, 0x00, 0x00, 0x00, 0x00, 0x00, 0x00, 0x00, 0x00, 0x00, 0x00, 0x00, 0x00, 0x00, 0x00, 0x00, 0x00, 0x00, 0x00, 0x00, 0x00, 0x00, 0x00,
    0x00, 0x00, 0x00, 0x00, 0x00, 0x00, 0x00, 0x00, 0x00, 0x00, 0x00, 0x00, 0x00, 0x00, 0x00, 0x00, 0x00, 0x00, 0x00, 0x00, 0x00, 0x00, 0x00, 0x00,
    0x00, 0x00, 0x00, 0x00, 0x00, 0x00, 0x00, 0x00, 0x00, 0x00, 0x00, 0x00, 0x00, 0x00, 0x00, 0x00, 0x00, 0x00, 0x00, 0x00, 0x00, 0x00, 0x00, 0x00,
    0x00, 0x00, 0x00, 0x00, 0x00, 0x00, 0x00, 0x00, 0x00, 0x00, 0x00, 0x00, 0x00, 0x00, 0x00, 0x00, 0x00, 0x00, 0x00, 0x00, 0x00, 0x00, 0x00, 0x00,
    0x00, 0x00, 0x00, 0x00, 0x00, 0x00, 0x00, 0x00, 0x00, 0x00, 0x00, 0x00, 0x00, 0x00, 0x00, 0x00, 0x00, 0x00, 0x00, 0x00, 0x00, 0x00, 0x00, 0x00,
    0x00, 0x00, 0x00, 0x00, 0x00, 0x00, 0x00, 0x00, 0x00, 0x00, 0x00, 0x00, 0x00, 0x00, 0x00, 0x00, 0x00, 0x00, 0x00, 0x00, 0x00, 0x00, 0x00, 0x00,
    0x00, 0x00, 0x00, 0x00, 0x00, 0x00, 0x00, 0x00, 0x00, 0x00, 0x00, 0x00, 0x00, 0x00, 0x00, 0x00, 0x00, 0x00, 0x00, 0x00, 0x00, 0x00, 0x00, 0x00,
    0x00, 0x00, 0x00, 0x00, 0x00, 0x00, 0x00, 0x00, 0x00, 0x00, 0x00, 0x00, 0x00, 0x00, 0x00, 0x00, 0x00, 0x00, 0x00, 0x00, 0x00, 0x00, 0x00, 0x00,
    0x00, 0x00, 0x00, 0x00, 0x00, 0x00, 0x00, 0x00, 0x00, 0x00, 0x00, 0x00, 0x00, 0x00, 0x00, 0x00, 0x00, 0x00, 0x00, 0x00, 0x00, 0x00, 0x00, 0x00,
    0x00, 0x00, 0x00, 0x00, 0x00, 0x00, 0x00, 0x00, 0x00, 0x00, 0x00, 0x00, 0x00, 0x00, 0x00, 0x00, 0x00, 0x00, 0x00, 0x00, 0x00, 0x00, 0x00, 0x00,
    0x00, 0x00, 0x00, 0x00, 0x00, 0x00, 0x00, 0x00, 0x00, 0x00, 0x00, 0x00, 0x00, 0x00, 0x00, 0x00, 0x00, 0x00, 0x00, 0x00, 0x00, 0x00, 0x00, 0x00,
    0x00, 0x00, 0x00, 0x00, 0x00, 0x00, 0x00, 0x00, 0x00, 0x00, 0x00, 0x00, 0x00, 0x00, 0x00, 0x00, 0x00, 0x00, 0x00, 0x00, 0x00, 0x00, 0x00, 0x00,
    0x00, 0x00, 0x00, 0x00, 0x00, 0x00, 0x00, 0x00, 0x00, 0x00, 0x00, 0x00, 0x00, 0x00, 0x00, 0x00, 0x00, 0x00, 0x00, 0x00, 0x00, 0x00, 0x00, 0x00,
    0x00, 0x00, 0x00, 0x00, 0x00, 0x00, 0x00, 0x00, 0x00, 0x00, 0x00, 0x00, 0x00, 0x00, 0x00, 0x00, 0x00, 0x00, 0x00, 0x00, 0x00, 0x00, 0x00, 0x00,
    0x00, 0x00, 0x00, 0x00, 0x00, 0x00, 0x00, 0x00, 0x00, 0x00, 0x00, 0x00, 0x00, 0x00, 0x00, 0x00, 0x00, 0x00, 0x00, 0x00, 0x00, 0x00, 0x00, 0x00,
    0x00, 0x00, 0x00, 0x00, 0x00, 0x00, 0x00, 0x00, 0x00, 0x00, 0x00, 0x01, 0xAA, 0xAA, 0xAA, 0x03, 0x00, 0x00, 0x00, 0x00, 0x00, 0x00, 0x00, 0x00,
    0x46, 0x46, 0x4D, 0x24, 0x6E, 0x6E, 0x74, 0x2E, 0x64, 0x64, 0x6C, 0x21, 0x7F, 0x7F, 0x7F, 0x02, 0x00, 0x00, 0x00, 0x00, 0x00, 0x00, 0x00, 0x00,
    0x55, 0x55, 0xAA, 0x03, 0x00, 0x00, 0x00, 0x00, 0x00, 0x00, 0x00, 0x00, 0x00, 0x00, 0x00, 0x00, 0x00, 0x00, 0x00, 0x00, 0x00, 0x00, 0x00, 0x00,
    0x00, 0x00, 0x00, 0x00, 0x00, 0x00, 0x00, 0x00, 0x00, 0x00, 0x00, 0x00, 0x00, 0x00, 0x00, 0x00, 0x00, 0x00, 0x00, 0x00, 0x00, 0x00, 0x00, 0x00,
    0x00, 0x00, 0x00, 0x00, 0x00, 0x00, 0x00, 0x00, 0x00, 0x00, 0x00, 0x00, 0x00, 0x00, 0x00, 0x00, 0x00, 0x00, 0x00, 0x00, 0x00, 0x00, 0x00, 0x00,
    0x00, 0x00, 0x00, 0x00, 0x00, 0x00, 0x00, 0x00, 0x00, 0x00, 0x00, 0x00, 0x00, 0x00, 0x00, 0x00, 0x00, 0x00, 0x00, 0x00, 0x00, 0x00, 0x00, 0x00,
    0x00, 0x00, 0x00, 0x00, 0x00, 0x00, 0x00, 0x00, 0x00, 0x00, 0x00, 0x00, 0x00, 0x00, 0x00, 0x00, 0x00, 0x00, 0x00, 0x00, 0x00, 0x00, 0x00, 0x00,
    0x00, 0x00, 0x00, 0x00, 0x00, 0x00, 0x00, 0x00, 0x00, 0x00, 0x00, 0x00, 0x00, 0x00, 0x00, 0x00, 0x00, 0x00, 0x00, 0x00, 0x00, 0x00, 0x00, 0x00,
    0x00, 0x00, 0x00, 0x00, 0x00, 0x00, 0x00, 0x00, 0x00, 0x00, 0x00, 0x00, 0x00, 0x00, 0x00, 0x00, 0x60, 0x60, 0x6E, 0x25, 0x54, 0x54, 0x5F, 0xAD,
    0x52, 0x4E, 0x5C, 0xEF, 0x70, 0x6E, 0x79, 0xF3, 0x72, 0x70, 0x7A, 0xED, 0x65, 0x64, 0x6D, 0xCB, 0x4D, 0x4D, 0x55, 0x5C, 0x00, 0x00, 0x00, 0x00,
    0x00, 0x00, 0x00, 0x00, 0x00, 0x00, 0x00, 0x01, 0x00, 0x00, 0x00, 0x02, 0x00, 0x00, 0x00, 0x00, 0x00, 0x00, 0x00, 0x00, 0x00, 0x00, 0x00, 0x00,
    0x00, 0x00, 0x00, 0x00, 0x00, 0x00, 0x00, 0x00, 0x00, 0x00, 0x00, 0x00, 0x00, 0x00, 0x00, 0x00, 0x00, 0x00, 0x00, 0x00, 0x00, 0x00, 0x00, 0x00,
    0x00, 0x00, 0x00, 0x00, 0x00, 0x00, 0x00, 0x02, 0x00, 0x00, 0x00, 0x02, 0x00, 0x00, 0x00, 0x00, 0x00, 0x00, 0x00, 0x00, 0x00, 0x00, 0x00, 0x00,
    0x00, 0x00, 0x00, 0x00, 0x00, 0x00, 0x00, 0x00, 0x00, 0x00, 0x00, 0x00, 0x00, 0x00, 0x00, 0x00, 0x00, 0x00, 0x00, 0x00, 0x00, 0x00, 0x00, 0x00,
    0x00, 0x00, 0x00, 0x00, 0x00, 0x00, 0x00, 0x00, 0x00, 0x00, 0x00, 0x00, 0x00, 0x00, 0x00, 0x00, 0x00, 0x00, 0x00, 0x00, 0x00, 0x00, 0x00, 0x00,
    0x00, 0x00, 0x00, 0x00, 0x00, 0x00, 0x00, 0x00, 0x00, 0x00, 0x00, 0x00, 0x00, 0x00, 0x00, 0x00, 0x00, 0x00, 0x00, 0x00, 0x00, 0x00, 0x00, 0x00,
    0xFF, 0xFF, 0xFF, 0x01, 0x00, 0x00, 0x00, 0x01, 0x66, 0x7F, 0x7F, 0x0A, 0x94, 0x99, 0x9D, 0x9B, 0x74, 0x7A, 0x87, 0xF5, 0x62, 0x66, 0x72, 0xFF,
    0x3C, 0x3B, 0x44, 0xFF, 0x4D, 0x4B, 0x54, 0xFF, 0x62, 0x61, 0x6A, 0xFF, 0x78, 0x77, 0x7F, 0xFF, 0x64, 0x63, 0x6D, 0xFF, 0x5F, 0x5E, 0x67, 0xC3,
    0x6C, 0x6C, 0x75, 0x50, 0x00, 0x00, 0x00, 0x00, 0x00, 0x00, 0x00, 0x00, 0x00, 0x00, 0x00, 0x02, 0x00, 0x00, 0x00, 0x00, 0x00, 0x00, 0x00, 0x00,
    0x00, 0x00, 0x00, 0x00, 0x00, 0x00, 0x00, 0x00, 0x00, 0x00, 0x00, 0x00, 0x00, 0x00, 0x00, 0x00, 0x00, 0x00, 0x00, 0x00, 0x00, 0x00, 0x00, 0x01,
    0x00, 0x00, 0x00, 0x02, 0x00, 0x00, 0x00, 0x00, 0x00, 0x00, 0x00, 0x00, 0x00, 0x00, 0x00, 0x01, 0xFF, 0xFF, 0xFF, 0x01, 0x00, 0x00, 0x00, 0x01,
    0x00, 0x00, 0x00, 0x00, 0x00, 0x00, 0x00, 0x00, 0x00, 0x00, 0x00, 0x00, 0x00, 0x00, 0x00, 0x00, 0x00, 0x00, 0x00, 0x00, 0x00, 0x00, 0x00, 0x00,
    0x00, 0x00, 0x00, 0x00, 0x00, 0x00, 0x00, 0x00, 0x00, 0x00, 0x00, 0x00, 0x00, 0x00, 0x00, 0x00, 0x00, 0x00, 0x00, 0x00, 0x00, 0x00, 0x00, 0x00,
    0x00, 0x00, 0x00, 0x00, 0x00, 0x00, 0x00, 0x00, 0x00, 0x00, 0x00, 0x00, 0x00, 0x00, 0x00, 0x00, 0x00, 0x00, 0x00, 0x00, 0x00, 0x00, 0x00, 0x00,
    0x7F, 0xFF, 0xFF, 0x02, 0x00, 0x00, 0x00, 0x00, 0xA3, 0xA6, 0xAB, 0x99, 0x8E, 0x93, 0xA0, 0xFF, 0x68, 0x6D, 0x81, 0xFF, 0x63, 0x68, 0x76, 0xF5,
    0x06, 0x07, 0x0A, 0xA9, 0x00, 0x00, 0x00, 0xA0, 0x08, 0x08, 0x0C, 0xBB, 0x1E, 0x1E, 0x22, 0xE1, 0x33, 0x31, 0x38, 0xF5, 0x59, 0x57, 0x60, 0xFF,
    0x81, 0x7F, 0x89, 0xFF, 0x63, 0x62, 0x6B, 0xB0, 0x34, 0x2D, 0x34, 0x27, 0x00, 0x00, 0x00, 0x00, 0x00, 0x00, 0xFF, 0x01, 0x00, 0x00, 0x00, 0x00,
    0x00, 0x00, 0x00, 0x00, 0x00, 0x00, 0x00, 0x00, 0x00, 0x00, 0x00, 0x00, 0x00, 0x00, 0x00, 0x00, 0x00, 0x00, 0x00, 0x00, 0x00, 0x00, 0x00, 0x00,
    0x00, 0x00, 0x00, 0x00, 0x07, 0x07, 0x0E, 0x23, 0x08, 0x08, 0x08, 0x1D, 0x00, 0x00, 0x00, 0x00, 0x00, 0x00, 0x00, 0x00, 0x00, 0x00, 0x00, 0x00,
    0x00, 0x00, 0x00, 0x00, 0x00, 0x00, 0x00, 0x00, 0x00, 0x00, 0x00, 0x00, 0x00, 0x00, 0x00, 0x00, 0x00, 0x00, 0x00, 0x00, 0x00, 0x00, 0x00, 0x00,
    0x00, 0x00, 0x00, 0x00, 0x00, 0x00, 0x00, 0x00, 0x00, 0x00, 0x00, 0x00, 0x00, 0x00, 0x00, 0x00, 0x00, 0x00, 0x00, 0x00, 0x00, 0x00, 0x00, 0x00,
    0x00, 0x00, 0x00, 0x00, 0x00, 0x00, 0x00, 0x00, 0x00, 0x00, 0x00, 0x00, 0x00, 0x00, 0x00, 0x00, 0x00, 0x00, 0x00, 0x00, 0x00, 0x00, 0x00, 0x00,
    0x00, 0x00, 0x00, 0x00, 0x7B, 0x7B, 0x7B, 0x3C, 0x95, 0x98, 0x9E, 0xFF, 0x6F, 0x73, 0x80, 0xF8, 0x69, 0x6D, 0x80, 0xFE, 0x53, 0x56, 0x66, 0x9F,
    0x00, 0x00, 0x00, 0x00, 0x00, 0x00, 0x00, 0x00, 0x00, 0x00, 0x00, 0x02, 0x00, 0x00, 0x00, 0x3A, 0x00, 0x00, 0x00, 0x94, 0x07, 0x07, 0x08, 0xD6,
    0x47, 0x45, 0x4E, 0xF7, 0x76, 0x75, 0x7D, 0xFF, 0x21, 0x20, 0x26, 0xED, 0x0B, 0x0B, 0x11, 0x2C, 0x00, 0x00, 0x00, 0x00, 0x00, 0x00, 0x00, 0x02,
    0x00, 0x00, 0x00, 0x00, 0x00, 0x00, 0x00, 0x00, 0x00, 0x00, 0x00, 0x00, 0x00, 0x00, 0x00, 0x01, 0x00, 0x00, 0x00, 0x04, 0x00, 0x13, 0x13, 0x0D,
    0x0C, 0x0C, 0x10, 0xAA, 0x0D, 0x0C, 0x11, 0xF7, 0x10, 0x0F, 0x14, 0xEE, 0x06, 0x03, 0x0A, 0xCA, 0x39, 0x37, 0x3B, 0xBE, 0x76, 0x76, 0x76, 0x1C,
    0x00, 0x00, 0x00, 0x00, 0x00, 0x00, 0x00, 0x01, 0x00, 0x00, 0x00, 0x00, 0x00, 0x00, 0x00, 0x00, 0x00, 0x00, 0x00, 0x00, 0x00, 0x00, 0x00, 0x00,
    0x00, 0x00, 0x00, 0x00, 0x00, 0x00, 0x00, 0x00, 0x00, 0x00, 0x00, 0x00, 0x00, 0x00, 0x00, 0x00, 0x00, 0x00, 0x00, 0x00, 0x00, 0x00, 0x00, 0x00,
    0x00, 0x00, 0x00, 0x00, 0x00, 0x00, 0x00, 0x00, 0x00, 0x00, 0x00, 0x00, 0x00, 0x00, 0x00, 0x00, 0x00, 0x00, 0x00, 0x00, 0x00, 0x00, 0x00, 0x00,
    0x00, 0x00, 0x00, 0x00, 0x59, 0x59, 0x5C, 0x8F, 0x8F, 0x91, 0x99, 0xFE, 0x67, 0x6C, 0x74, 0xFA, 0x43, 0x45, 0x4F, 0xFF, 0x50, 0x51, 0x59, 0xE1,
    0x71, 0x6F, 0x74, 0x8E, 0x91, 0x91, 0x93, 0x8A, 0x92, 0x92, 0x92, 0x78, 0xAB, 0xA7, 0xA7, 0x4C, 0x90, 0x90, 0x90, 0x25, 0x00, 0x00, 0x00, 0x40,
    0x00, 0x00, 0x00, 0xBE, 0x20, 0x1D, 0x23, 0xF9, 0x33, 0x30, 0x38, 0xFF, 0x3B, 0x39, 0x3F, 0xB5, 0x00, 0x00, 0x00, 0x00, 0x7F, 0x7F, 0x7F, 0x02,
    0x00, 0x00, 0x00, 0x00, 0x00, 0x00, 0x00, 0x00, 0x00, 0x00, 0x00, 0x01, 0x00, 0x00, 0x00, 0x04, 0x00, 0x00, 0x00, 0x00, 0x0A, 0x0A, 0x0E, 0x7F,
    0x0F, 0x0D, 0x13, 0xFF, 0x0E, 0x0F, 0x13, 0xFE, 0x06, 0x07, 0x0B, 0xFF, 0x18, 0x16, 0x1B, 0xFF, 0x96, 0x93, 0x96, 0xFF, 0x83, 0x81, 0x81, 0x72,
    0x00, 0x00, 0x00, 0x00, 0x7F, 0x7F, 0x7F, 0x04, 0x00, 0x00, 0x00, 0x00, 0x00, 0x00, 0x00, 0x00, 0x00, 0x00, 0x00, 0x00, 0x00, 0x00, 0x00, 0x00,
    0x00, 0x00, 0x00, 0x00, 0x00, 0x00, 0x00, 0x00, 0x00, 0x00, 0x00, 0x00, 0x00, 0x00, 0x00, 0x00, 0x00, 0x00, 0x00, 0x00, 0x00, 0x00, 0x00, 0x00,
    0x00, 0x00, 0x00, 0x00, 0x00, 0x00, 0x00, 0x00, 0x00, 0x00, 0x00, 0x00, 0x00, 0x00, 0x00, 0x00, 0x00, 0x00, 0x00, 0x00, 0x00, 0x00, 0x00, 0x00,
    0x00, 0x00, 0x00, 0x00, 0x42, 0x41, 0x4A, 0xB8, 0x53, 0x55, 0x60, 0xFF, 0x52, 0x57, 0x5C, 0xFC, 0x28, 0x2A, 0x2F, 0xFF, 0x73, 0x72, 0x78, 0xFF,
    0x72, 0x6F, 0x74, 0xFF, 0x83, 0x83, 0x86, 0xFF, 0xAB, 0xAA, 0xAC, 0xFF, 0x9C, 0x99, 0x9D, 0xFF, 0x9F, 0x9C, 0x9F, 0xF6, 0x93, 0x90, 0x95, 0xAB,
    0x55, 0x52, 0x53, 0xA1, 0x05, 0x02, 0x07, 0xD8, 0x22, 0x20, 0x26, 0xFF, 0x33, 0x33, 0x37, 0x8A, 0x00, 0x00, 0x00, 0x00, 0x00, 0x00, 0x55, 0x03,
    0x00, 0x00, 0x00, 0x00, 0x00, 0x00, 0x00, 0x01, 0x00, 0x00, 0x00, 0x00, 0x00, 0x00, 0x00, 0x00, 0x09, 0x09, 0x0B, 0x6C, 0x0C, 0x0B, 0x10, 0xF5,
    0x0E, 0x0E, 0x12, 0xFB, 0x04, 0x06, 0x0A, 0xFE, 0x1C, 0x1D, 0x21, 0xFD, 0x73, 0x70, 0x76, 0xFA, 0x9B, 0x97, 0x9B, 0xFE, 0x8D, 0x8D, 0x8D, 0x3F,
    0x7F, 0x7F, 0x7F, 0x02, 0x7F, 0x7F, 0x7F, 0x02, 0x00, 0x00, 0x00, 0x00, 0x00, 0x00, 0x00, 0x00, 0x00, 0x00, 0x00, 0x00, 0x00, 0x00, 0x00, 0x00,
    0x00, 0x00, 0x00, 0x00, 0x00, 0x00, 0x00, 0x00, 0x00, 0x00, 0x00, 0x00, 0x00, 0x00, 0x00, 0x00, 0x00, 0x00, 0x00, 0x00, 0x00, 0x00, 0x00, 0x00,
    0x00, 0x00, 0x00, 0x00, 0x00, 0x00, 0x00, 0x00, 0x00, 0x00, 0x00, 0x00, 0x00, 0x00, 0x00, 0x00, 0x00, 0x00, 0x00, 0x00, 0x00, 0x00, 0x00, 0x00,
    0x00, 0x00, 0x00, 0x10, 0x26, 0x26, 0x29, 0xC6, 0x43, 0x44, 0x4B, 0xFE, 0x39, 0x3B, 0x41, 0xFE, 0x53, 0x53, 0x58, 0xFF, 0x2F, 0x2E, 0x32, 0xFE,
    0x25, 0x23, 0x26, 0xFB, 0x22, 0x22, 0x25, 0xFC, 0x44, 0x43, 0x47, 0xFB, 0x5E, 0x5B, 0x60, 0xFC, 0x76, 0x73, 0x79, 0xFF, 0x6E, 0x6B, 0x70, 0xFF,
    0x7B, 0x78, 0x7A, 0xFF, 0x4F, 0x4D, 0x4F, 0xEC, 0x0F, 0x0C, 0x10, 0xDD, 0x11, 0x11, 0x22, 0x0F, 0x00, 0x00, 0x00, 0x00, 0x00, 0x00, 0x00, 0x01,
    0x00, 0x00, 0x00, 0x01, 0x00, 0x00, 0x00, 0x02, 0x00, 0x00, 0x00, 0x06, 0x0B, 0x0A, 0x0D, 0x97, 0x0C, 0x0C, 0x0F, 0xFF, 0x0D, 0x0C, 0x11, 0xFD,
    0x08, 0x08, 0x0C, 0xFC, 0x27, 0x28, 0x2C, 0xFE, 0x57, 0x58, 0x5C, 0xFC, 0x68, 0x65, 0x6A, 0xFE, 0x69, 0x63, 0x67, 0x8F, 0x00, 0x00, 0x00, 0x00,
    0x00, 0x00, 0x00, 0x00, 0x00, 0x00, 0x00, 0x01, 0x00, 0x00, 0x00, 0x00, 0x00, 0x00, 0x00, 0x00, 0x00, 0x00, 0x00, 0x00, 0x00, 0x00, 0x00, 0x00,
    0x00, 0x00, 0x00, 0x00, 0x00, 0x00, 0x00, 0x00, 0x00, 0x00, 0x00, 0x00, 0x00, 0x00, 0x00, 0x00, 0x00, 0x00, 0x00, 0x00, 0x00, 0x00, 0x00, 0x00,
    0x00, 0x00, 0x00, 0x00, 0x00, 0x00, 0x00, 0x00, 0x00, 0x00, 0x00, 0x00, 0x00, 0x00, 0x00, 0x00, 0x00, 0x00, 0x00, 0x00, 0x00, 0x00, 0x00, 0x00,
    0x00, 0x00, 0x00, 0x04, 0x02, 0x02, 0x02, 0x6C, 0x2B, 0x2C, 0x2D, 0xEA, 0x6A, 0x6B, 0x71, 0xFE, 0x69, 0x68, 0x6D, 0xFE, 0x00, 0x00, 0x00, 0xFE,
    0x2C, 0x2B, 0x2A, 0xFF, 0x63, 0x62, 0x61, 0xFF, 0x80, 0x7C, 0x7D, 0xFF, 0x83, 0x7E, 0x80, 0xFF, 0x7F, 0x7C, 0x81, 0xFE, 0x83, 0x83, 0x87, 0xFC,
    0x78, 0x79, 0x79, 0xFC, 0x5C, 0x58, 0x59, 0xFF, 0x34, 0x30, 0x33, 0xDB, 0x00, 0x00, 0x00, 0x06, 0x00, 0x00, 0x00, 0x00, 0x00, 0x00, 0x00, 0x01,
    0x00, 0x00, 0x00, 0x02, 0x00, 0x00, 0x00, 0x00, 0x0C, 0x0A, 0x0D, 0x93, 0x0E, 0x0D, 0x11, 0xFF, 0x0D, 0x0C, 0x10, 0xFC, 0x0B, 0x0A, 0x0D, 0xF7,
    0x1F, 0x1E, 0x21, 0xF5, 0x3E, 0x3E, 0x41, 0xFE, 0x35, 0x35, 0x3A, 0xFE, 0x21, 0x1E, 0x23, 0xF9, 0x0A, 0x06, 0x0C, 0xC7, 0x19, 0x16, 0x19, 0xBF,
    0x84, 0x81, 0x81, 0x47, 0x00, 0x00, 0x00, 0x00, 0x7F, 0x7F, 0x7F, 0x02, 0x00, 0x00, 0x00, 0x00, 0x00, 0x00, 0x00, 0x00, 0x00, 0x00, 0x00, 0x00,
    0x00, 0x00, 0x00, 0x00, 0x00, 0x00, 0x00, 0x00, 0x00, 0x00, 0x00, 0x00, 0x00, 0x00, 0x00, 0x00, 0x00, 0x00, 0x00, 0x00, 0x00, 0x00, 0x00, 0x00,
    0x00, 0x00, 0x00, 0x00, 0x00, 0x00, 0x00, 0x00, 0x00, 0x00, 0x00, 0x00, 0x00, 0x00, 0x00, 0x00, 0x00, 0x00, 0x00, 0x00, 0x00, 0x00, 0x00, 0x00,
    0x00, 0x00, 0x00, 0x00, 0x3F, 0x3F, 0x3F, 0x04, 0x00, 0x00, 0x00, 0x8A, 0x62, 0x62, 0x65, 0xEE, 0x3A, 0x38, 0x3A, 0xFE, 0x79, 0x78, 0x75, 0xFB,
    0xC9, 0xC8, 0xBF, 0xFF, 0xD2, 0xCE, 0xC4, 0xFF, 0xC0, 0xBA, 0xB4, 0xFF, 0x9D, 0x98, 0x98, 0xFF, 0x91, 0x8F, 0x94, 0xFF, 0x95, 0x98, 0x9C, 0xFF,
    0x9F, 0xA2, 0xA4, 0xFE, 0x8E, 0x8C, 0x8F, 0xFE, 0x21, 0x20, 0x26, 0xFA, 0x17, 0x17, 0x1D, 0x2B, 0x00, 0x00, 0x00, 0x00, 0x00, 0x00, 0x00, 0x04,
    0x00, 0x00, 0x00, 0x00, 0x00, 0x00, 0x00, 0x27, 0x0B, 0x0A, 0x0C, 0xF9, 0x0D, 0x0C, 0x10, 0xFD, 0x0D, 0x0C, 0x10, 0xFD, 0x0F, 0x0E, 0x11, 0xFF,
    0x1E, 0x1E, 0x20, 0xFF, 0x19, 0x18, 0x1B, 0xFF, 0x10, 0x0F, 0x15, 0xFF, 0x0A, 0x07, 0x0D, 0xFF, 0x0C, 0x09, 0x0F, 0xFF, 0x6F, 0x6B, 0x70, 0xFF,
    0xB4, 0xAF, 0xAF, 0xDA, 0x6D, 0x6D, 0x5B, 0x0E, 0xFF, 0xFF, 0xFF, 0x01, 0xFF, 0xFF, 0xFF, 0x01, 0x00, 0x00, 0x00, 0x00, 0x00, 0x00, 0x00, 0x00,
    0x00, 0x00, 0x00, 0x00, 0x00, 0x00, 0x00, 0x00, 0x00, 0x00, 0x00, 0x00, 0x00, 0x00, 0x00, 0x00, 0x00, 0x00, 0x00, 0x00, 0x00, 0x00, 0x00, 0x00,
    0x00, 0x00, 0x00, 0x00, 0x00, 0x00, 0x00, 0x00, 0x00, 0x00, 0x00, 0x00, 0x00, 0x00, 0x00, 0x00, 0x00, 0x00, 0x00, 0x00, 0x00, 0x00, 0x00, 0x00,
    0x00, 0x00, 0x00, 0x02, 0x00, 0x00, 0x00, 0x00, 0x12, 0x12, 0x12, 0x0E, 0x25, 0x25, 0x25, 0xCD, 0x5F, 0x5E, 0x5C, 0xFF, 0xD8, 0xD5, 0xCF, 0xFE,
    0xB0, 0xA9, 0xA2, 0xFF, 0xAC, 0xA3, 0x9D, 0xFF, 0xA8, 0x9F, 0x9B, 0xFF, 0x92, 0x8C, 0x8D, 0xFF, 0x8C, 0x8A, 0x8F, 0xFF, 0x8E, 0x92, 0x98, 0xFF,
    0x8A, 0x90, 0x95, 0xFF, 0x74, 0x75, 0x7A, 0xFD, 0x4D, 0x4F, 0x58, 0xFF, 0x31, 0x34, 0x3D, 0x53, 0x00, 0x00, 0x00, 0x00, 0x2A, 0x2A, 0x2A, 0x06,
    0x00, 0x00, 0x00, 0x00, 0x00, 0x00, 0x00, 0x41, 0x06, 0x06, 0x07, 0xE6, 0x0E, 0x0E, 0x11, 0xFE, 0x0D, 0x0C, 0x11, 0xFE, 0x0D, 0x0C, 0x0F, 0xFF,
    0x0C, 0x0B, 0x0E, 0xFF, 0x0C, 0x0B, 0x0E, 0xFF, 0x08, 0x06, 0x0C, 0xFF, 0x16, 0x14, 0x19, 0xFF, 0x6A, 0x67, 0x6C, 0xFD, 0xAC, 0xA6, 0xAB, 0xF9,
    0xB5, 0xB0, 0xAF, 0xFF, 0xAD, 0xAA, 0xA6, 0x6D, 0x00, 0x00, 0x00, 0x00, 0xBF, 0xBF, 0xBF, 0x04, 0x00, 0x00, 0x00, 0x00, 0x00, 0x00, 0x00, 0x00,
    0x00, 0x00, 0x00, 0x00, 0x00, 0x00, 0x00, 0x00, 0x00, 0x00, 0x00, 0x00, 0x00, 0x00, 0x00, 0x00, 0x00, 0x00, 0x00, 0x00, 0x00, 0x00, 0x00, 0x00,
    0x00, 0x00, 0x00, 0x00, 0x00, 0x00, 0x00, 0x00, 0x00, 0x00, 0x00, 0x00, 0x00, 0x00, 0x00, 0x00, 0x00, 0x00, 0x00, 0x00, 0x00, 0x00, 0x00, 0x00,
    0x00, 0x00, 0x00, 0x01, 0xFF, 0xFF, 0xFF, 0x01, 0x00, 0x00, 0x00, 0x00, 0x87, 0x84, 0x86, 0xC4, 0x8A, 0x88, 0x86, 0xFF, 0xB0, 0xAF, 0xA6, 0xFD,
    0xB1, 0xA8, 0xA0, 0xFF, 0xBB, 0xB0, 0xA8, 0xFF, 0xB2, 0xA7, 0xA3, 0xFF, 0x9A, 0x92, 0x93, 0xFF, 0x8F, 0x8B, 0x91, 0xFF, 0x95, 0x99, 0xA0, 0xFF,
    0x89, 0x8F, 0x98, 0xFF, 0x74, 0x74, 0x7A, 0xFD, 0x5D, 0x63, 0x70, 0xFF, 0x34, 0x3E, 0x4C, 0x49, 0x00, 0x00, 0x00, 0x00, 0x55, 0x55, 0x55, 0x03,
    0x00, 0x00, 0x00, 0x01, 0x00, 0x00, 0x00, 0x06, 0x07, 0x07, 0x07, 0xAC, 0x0E, 0x0D, 0x11, 0xFE, 0x0D, 0x0C, 0x11, 0xFD, 0x0D, 0x0C, 0x11, 0xFF,
    0x0E, 0x0C, 0x11, 0xFF, 0x0C, 0x0A, 0x10, 0xFF, 0x23, 0x22, 0x27, 0xFF, 0x53, 0x53, 0x58, 0xFF, 0x67, 0x61, 0x67, 0xFF, 0x96, 0x8D, 0x91, 0xFB,
    0xA4, 0xA0, 0x9D, 0xFE, 0xBB, 0xB9, 0xB4, 0x8C, 0x00, 0x00, 0x00, 0x00, 0xFF, 0xFF, 0xFF, 0x03, 0x00, 0x00, 0x00, 0x00, 0x00, 0x00, 0x00, 0x00,
    0x00, 0x00, 0x00, 0x00, 0x00, 0x00, 0x00, 0x00, 0x00, 0x00, 0x00, 0x00, 0x00, 0x00, 0x00, 0x00, 0x00, 0x00, 0x00, 0x00, 0x00, 0x00, 0x00, 0x00,
    0x00, 0x00, 0x00, 0x00, 0x00, 0x00, 0x00, 0x00, 0x00, 0x00, 0x00, 0x00, 0x00, 0x00, 0x00, 0x00, 0x00, 0x00, 0x00, 0x00, 0x00, 0x00, 0x00, 0x00,
    0x00, 0x00, 0x00, 0x01, 0x00, 0x00, 0x00, 0x00, 0x00, 0x00, 0x00, 0x16, 0xAA, 0xA8, 0xA8, 0xE6, 0x8F, 0x8D, 0x8C, 0xFF, 0xA3, 0xA1, 0x98, 0xFE,
    0xB8, 0xAF, 0xA6, 0xFF, 0xB6, 0xAC, 0xA3, 0xFF, 0xA5, 0x9B, 0x96, 0xFF, 0x93, 0x8A, 0x8C, 0xFF, 0x8C, 0x87, 0x8D, 0xFF, 0x94, 0x96, 0x9D, 0xFF,
    0x85, 0x89, 0x90, 0xFE, 0x6F, 0x71, 0x79, 0xFF, 0x57, 0x5E, 0x6D, 0xFA, 0x20, 0x2D, 0x3A, 0x27, 0x00, 0x00, 0x00, 0x00, 0x00, 0x7F, 0x7F, 0x02,
    0x00, 0x00, 0x00, 0x02, 0x00, 0x00, 0x00, 0x00, 0x01, 0x01, 0x01, 0x91, 0x0C, 0x0B, 0x0F, 0xFF, 0x0D, 0x0C, 0x12, 0xFE, 0x0D, 0x0C, 0x11, 0xFF,
    0x0E, 0x0D, 0x12, 0xFF, 0x0A, 0x09, 0x0E, 0xFF, 0x38, 0x37, 0x3C, 0xFF, 0x52, 0x52, 0x56, 0xFF, 0x7F, 0x7B, 0x7F, 0xFF, 0xAF, 0xA7, 0xAB, 0xFC,
    0x9A, 0x94, 0x92, 0xFF, 0xB5, 0xB1, 0xAB, 0xB2, 0x00, 0x00, 0x00, 0x00, 0xAA, 0xAA, 0xAA, 0x03, 0x00, 0x00, 0x00, 0x00, 0x00, 0x00, 0x00, 0x00,
    0x00, 0x00, 0x00, 0x00, 0x00, 0x00, 0x00, 0x00, 0x00, 0x00, 0x00, 0x00, 0x00, 0x00, 0x00, 0x00, 0x00, 0x00, 0x00, 0x00, 0x00, 0x00, 0x00, 0x00,
    0x00, 0x00, 0x00, 0x00, 0x00, 0x00, 0x00, 0x00, 0x00, 0x00, 0x00, 0x00, 0x00, 0x00, 0x00, 0x00, 0x00, 0x00, 0x00, 0x00, 0x00, 0x00, 0x00, 0x00,
    0x00, 0x00, 0x00, 0x02, 0x00, 0x00, 0x00, 0x00, 0x00, 0x00, 0x00, 0x32, 0x71, 0x70, 0x70, 0xEC, 0xA1, 0x9F, 0x9E, 0xFF, 0x98, 0x95, 0x8F, 0xFE,
    0xBC, 0xB3, 0xAB, 0xFF, 0xAA, 0xA0, 0x99, 0xFF, 0xA5, 0x9A, 0x96, 0xFF, 0x91, 0x89, 0x89, 0xFF, 0x8D, 0x89, 0x8D, 0xFF, 0x98, 0x97, 0x9F, 0xFF,
    0x81, 0x84, 0x8A, 0xFD, 0x59, 0x5C, 0x65, 0xFF, 0x48, 0x4F, 0x5C, 0xE8, 0x1A, 0x28, 0x35, 0x13, 0x00, 0x00, 0x00, 0x00, 0x00, 0x00, 0x00, 0x01,
    0x00, 0x00, 0x00, 0x03, 0x00, 0x00, 0x00, 0x00, 0x00, 0x00, 0x00, 0x4F, 0x07, 0x07, 0x0A, 0xF1, 0x0D, 0x0C, 0x11, 0xFF, 0x0D, 0x0C, 0x11, 0xFE,
    0x0E, 0x0D, 0x12, 0xFF, 0x08, 0x06, 0x0B, 0xFF, 0x28, 0x29, 0x2F, 0xFF, 0x6E, 0x71, 0x77, 0xFF, 0x4B, 0x4A, 0x52, 0xFF, 0x5D, 0x58, 0x5C, 0xFD,
    0x9A, 0x90, 0x8F, 0xFF, 0xAF, 0xA7, 0xA4, 0xCD, 0xFF, 0xFF, 0xFF, 0x01, 0x00, 0x00, 0x00, 0x00, 0x00, 0x00, 0x00, 0x00, 0x00, 0x00, 0x00, 0x00,
    0x00, 0x00, 0x00, 0x00, 0x00, 0x00, 0x00, 0x00, 0x00, 0x00, 0x00, 0x00, 0x00, 0x00, 0x00, 0x00, 0x00, 0x00, 0x00, 0x00, 0x00, 0x00, 0x00, 0x00,
    0x00, 0x00, 0x00, 0x00, 0x00, 0x00, 0x00, 0x00, 0x00, 0x00, 0x00, 0x00, 0x00, 0x00, 0x00, 0x00, 0x00, 0x00, 0x00, 0x00, 0x00, 0x00, 0x00, 0x00,
    0x00, 0x00, 0x00, 0x01, 0x00, 0x00, 0x00, 0x00, 0x00, 0x00, 0x00, 0x0B, 0x47, 0x46, 0x46, 0xC1, 0xA0, 0x9E, 0x9E, 0xFF, 0x87, 0x84, 0x82, 0xFE,
    0xBC, 0xB3, 0xAE, 0xFF, 0xA7, 0x9D, 0x97, 0xFF, 0xAB, 0xA1, 0x9D, 0xFF, 0x98, 0x90, 0x90, 0xFF, 0x8D, 0x88, 0x8B, 0xFF, 0x90, 0x90, 0x98, 0xFF,
    0x7D, 0x81, 0x89, 0xFD, 0x4A, 0x4D, 0x56, 0xFF, 0x38, 0x3C, 0x46, 0xC6, 0x00, 0x00, 0x00, 0x02, 0xFF, 0xFF, 0xFF, 0x01, 0x00, 0x00, 0x00, 0x00,
    0x00, 0x00, 0x00, 0x01, 0x00, 0x00, 0x00, 0x01, 0x00, 0x00, 0x00, 0x0D, 0x02, 0x02, 0x04, 0xB8, 0x0D, 0x0C, 0x0F, 0xFF, 0x0D, 0x0C, 0x11, 0xFE,
    0x0E, 0x0D, 0x12, 0xFF, 0x0A, 0x09, 0x0E, 0xFF, 0x1B, 0x1E, 0x24, 0xFF, 0x38, 0x41, 0x4A, 0xFF, 0x36, 0x38, 0x47, 0xFF, 0x50, 0x4B, 0x54, 0xFE,
    0x91, 0x89, 0x89, 0xFF, 0x97, 0x90, 0x8C, 0xE0, 0xFF, 0xFF, 0xFF, 0x0D, 0x00, 0x00, 0x00, 0x00, 0xFF, 0xFF, 0xFF, 0x01, 0x00, 0x00, 0x00, 0x00,
    0x00, 0x00, 0x00, 0x00, 0x00, 0x00, 0x00, 0x00, 0x00, 0x00, 0x00, 0x00, 0x00, 0x00, 0x00, 0x00, 0x00, 0x00, 0x00, 0x00, 0x00, 0x00, 0x00, 0x00,
    0x00, 0x00, 0x00, 0x00, 0x00, 0x00, 0x00, 0x00, 0x00, 0x00, 0x00, 0x00, 0x00, 0x00, 0x00, 0x00, 0x00, 0x00, 0x00, 0x00, 0x00, 0x00, 0x00, 0x00,
    0x00, 0x00, 0x00, 0x00, 0x7F, 0x7F, 0x7F, 0x02, 0x00, 0x00, 0x00, 0x00, 0x23, 0x20, 0x22, 0x8E, 0x99, 0x97, 0x97, 0xFF, 0x79, 0x76, 0x74, 0xFD,
    0xB5, 0xAD, 0xA7, 0xFF, 0xA7, 0x9F, 0x98, 0xFF, 0xA5, 0x9D, 0x99, 0xFF, 0x84, 0x7F, 0x82, 0xFF, 0x83, 0x80, 0x86, 0xFF, 0x83, 0x85, 0x8E, 0xFF,
    0x81, 0x82, 0x8A, 0xFB, 0x44, 0x48, 0x50, 0xFF, 0x2D, 0x32, 0x39, 0x93, 0x00, 0x00, 0x00, 0x00, 0x55, 0x55, 0x55, 0x03, 0x00, 0x00, 0x00, 0x00,
    0x00, 0x00, 0x00, 0x00, 0x00, 0x00, 0x00, 0x03, 0x00, 0x00, 0x00, 0x00, 0x01, 0x01, 0x03, 0x82, 0x0D, 0x0D, 0x10, 0xFF, 0x0E, 0x0D, 0x11, 0xFE,
    0x0D, 0x0C, 0x11, 0xFF, 0x0D, 0x0C, 0x10, 0xFF, 0x25, 0x22, 0x27, 0xFF, 0x4F, 0x4F, 0x58, 0xFF, 0x4B, 0x4E, 0x59, 0xFF, 0x3F, 0x3A, 0x45, 0xFF,
    0x77, 0x70, 0x72, 0xFE, 0x8A, 0x84, 0x7C, 0xFD, 0xB6, 0xB2, 0xA8, 0x35, 0x00, 0x00, 0x00, 0x00, 0xFF, 0xFF, 0xFF, 0x02, 0x00, 0x00, 0x00, 0x00,
    0x00, 0x00, 0x00, 0x00, 0x00, 0x00, 0x00, 0x00, 0x00, 0x00, 0x00, 0x00, 0x00, 0x00, 0x00, 0x00, 0x00, 0x00, 0x00, 0x00, 0x00, 0x00, 0x00, 0x00,
    0x00, 0x00, 0x00, 0x00, 0x00, 0x00, 0x00, 0x00, 0x00, 0x00, 0x00, 0x00, 0x00, 0x00, 0x00, 0x00, 0x00, 0x00, 0x00, 0x00, 0x00, 0x00, 0x00, 0x00,
    0x00, 0x00, 0x00, 0x00, 0x00, 0x00, 0x00, 0x03, 0x00, 0x00, 0x00, 0x00, 0x02, 0x02, 0x02, 0x57, 0x81, 0x7F, 0x7F, 0xFC, 0x78, 0x76, 0x75, 0xFF,
    0xAC, 0xA5, 0x9E, 0xFE, 0x9C, 0x94, 0x8D, 0xFF, 0x99, 0x92, 0x90, 0xFF, 0x7F, 0x7B, 0x80, 0xFF, 0x78, 0x78, 0x80, 0xFF, 0x77, 0x7B, 0x85, 0xFF,
    0x81, 0x82, 0x89, 0xFC, 0x44, 0x48, 0x50, 0xFF, 0x22, 0x24, 0x2A, 0x5A, 0x00, 0x00, 0x00, 0x00, 0x55, 0x55, 0x55, 0x03, 0x00, 0x00, 0x00, 0x00,
    0x00, 0x00, 0x00, 0x00, 0x00, 0x00, 0x00, 0x03, 0x00, 0x00, 0x00, 0x01, 0x00, 0x00, 0x00, 0x56, 0x08, 0x08, 0x0A, 0xF8, 0x0E, 0x0D, 0x12, 0xFF,
    0x0B, 0x0B, 0x0F, 0xFE, 0x14, 0x13, 0x17, 0xFF, 0x30, 0x2C, 0x32, 0xFF, 0x3F, 0x3B, 0x43, 0xFF, 0x3C, 0x3E, 0x45, 0xFF, 0x3A, 0x38, 0x42, 0xFF,
    0x68, 0x63, 0x67, 0xFB, 0x92, 0x8C, 0x87, 0xFF, 0x8D, 0x89, 0x82, 0x75, 0x00, 0x00, 0x00, 0x00, 0x7F, 0x7F, 0x7F, 0x04, 0x00, 0x00, 0x00, 0x00,
    0x00, 0x00, 0x00, 0x00, 0x00, 0x00, 0x00, 0x00, 0x00, 0x00, 0x00, 0x00, 0x00, 0x00, 0x00, 0x00, 0x00, 0x00, 0x00, 0x00, 0x00, 0x00, 0x00, 0x00,
    0x00, 0x00, 0x00, 0x00, 0x00, 0x00, 0x00, 0x00, 0x00, 0x00, 0x00, 0x00, 0x00, 0x00, 0x00, 0x00, 0x00, 0x00, 0x00, 0x00, 0x00, 0x00, 0x00, 0x00,
    0x00, 0x00, 0x00, 0x00, 0x00, 0x00, 0x00, 0x02, 0x00, 0x00, 0x00, 0x00, 0x00, 0x00, 0x00, 0x2A, 0x76, 0x77, 0x77, 0xE7, 0x7E, 0x7E, 0x7D, 0xFF,
    0xA2, 0x9B, 0x95, 0xFE, 0x98, 0x8F, 0x8D, 0xFF, 0x92, 0x8A, 0x8D, 0xFF, 0x79, 0x75, 0x7A, 0xFF, 0x70, 0x70, 0x79, 0xFF, 0x6E, 0x70, 0x7B, 0xFF,
    0x7F, 0x82, 0x89, 0xFE, 0x53, 0x56, 0x5F, 0xFF, 0x0D, 0x11, 0x1A, 0x3A, 0x00, 0x00, 0x00, 0x00, 0x00, 0x00, 0x55, 0x03, 0x00, 0x00, 0x00, 0x00,
    0x00, 0x00, 0x00, 0x00, 0x00, 0x00, 0x00, 0x01, 0x00, 0x00, 0x00, 0x00, 0x00, 0x00, 0x00, 0x1B, 0x02, 0x01, 0x02, 0xBE, 0x0C, 0x0B, 0x0E, 0xFC,
    0x0D, 0x0C, 0x11, 0xFF, 0x12, 0x11, 0x16, 0xFE, 0x10, 0x10, 0x14, 0xFF, 0x3C, 0x3B, 0x42, 0xFF, 0x43, 0x44, 0x4D, 0xFF, 0x2E, 0x30, 0x3A, 0xFF,
    0x59, 0x59, 0x5E, 0xFC, 0x9D, 0x99, 0x9A, 0xFF, 0x86, 0x80, 0x80, 0xBA, 0x00, 0x00, 0x00, 0x00, 0x7F, 0x7F, 0x7F, 0x02, 0x00, 0x00, 0x00, 0x00,
    0x00, 0x00, 0x00, 0x00, 0x00, 0x00, 0x00, 0x00, 0x00, 0x00, 0x00, 0x00, 0x00, 0x00, 0x00, 0x00, 0x00, 0x00, 0x00, 0x00, 0x00, 0x00, 0x00, 0x00,
    0x00, 0x00, 0x00, 0x00, 0x00, 0x00, 0x00, 0x00, 0x00, 0x00, 0x00, 0x00, 0x00, 0x00, 0x00, 0x00, 0x00, 0x00, 0x00, 0x00, 0x00, 0x00, 0x00, 0x00,
    0x00, 0x00, 0x00, 0x00, 0x00, 0x00, 0x00, 0x01, 0x00, 0x00, 0x00, 0x00, 0x00, 0x00, 0x00, 0x0C, 0x64, 0x65, 0x65, 0xCB, 0x86, 0x85, 0x84, 0xFF,
    0x99, 0x93, 0x92, 0xFD, 0x94, 0x8D, 0x90, 0xFF, 0x8A, 0x82, 0x88, 0xFF, 0x75, 0x73, 0x79, 0xFF, 0x68, 0x68, 0x71, 0xFF, 0x66, 0x68, 0x72, 0xFF,
    0x74, 0x78, 0x7E, 0xFF, 0x48, 0x4B, 0x54, 0xFF, 0x14, 0x1A, 0x24, 0x31, 0x00, 0x00, 0x00, 0x00, 0x00, 0x00, 0x7F, 0x02, 0x00, 0x00, 0x00, 0x00,
    0x00, 0x00, 0x00, 0x00, 0x00, 0x00, 0x00, 0x00, 0x00, 0x00, 0x00, 0x02, 0x00, 0x00, 0x00, 0x00, 0x00, 0x00, 0x00, 0x4C, 0x03, 0x03, 0x04, 0xE2,
    0x0C, 0x0B, 0x0F, 0xFC, 0x0D, 0x0C, 0x11, 0xFF, 0x09, 0x08, 0x0D, 0xFF, 0x1E, 0x1D, 0x22, 0xFF, 0x59, 0x5C, 0x66, 0xFF, 0x25, 0x2A, 0x37, 0xFF,
    0x46, 0x48, 0x50, 0xFE, 0x82, 0x7F, 0x83, 0xFE, 0x8B, 0x86, 0x89, 0xF5, 0x66, 0x5E, 0x5E, 0x23, 0x00, 0x00, 0x00, 0x00, 0x7F, 0x7F, 0x7F, 0x02,
    0x00, 0x00, 0x00, 0x00, 0x00, 0x00, 0x00, 0x00, 0x00, 0x00, 0x00, 0x00, 0x00, 0x00, 0x00, 0x00, 0x00, 0x00, 0x00, 0x00, 0x00, 0x00, 0x00, 0x00,
    0x00, 0x00, 0x00, 0x00, 0x00, 0x00, 0x00, 0x00, 0x00, 0x00, 0x00, 0x00, 0x00, 0x00, 0x00, 0x00, 0x00, 0x00, 0x00, 0x00, 0x00, 0x00, 0x00, 0x00,
    0x00, 0x00, 0x00, 0x00, 0x00, 0x00, 0x00, 0x00, 0xFF, 0xFF, 0xFF, 0x01, 0x00, 0x00, 0x00, 0x00, 0x3E, 0x3C, 0x3E, 0x9F, 0x87, 0x84, 0x85, 0xFF,
    0x8D, 0x89, 0x8C, 0xFD, 0x93, 0x8E, 0x93, 0xFF, 0x84, 0x7F, 0x84, 0xFF, 0x6D, 0x6A, 0x6F, 0xFF, 0x63, 0x61, 0x69, 0xFF, 0x5C, 0x5D, 0x66, 0xFF,
    0x6B, 0x6E, 0x76, 0xFD, 0x51, 0x54, 0x5D, 0xFF, 0x2C, 0x2F, 0x35, 0x51, 0x00, 0x00, 0x00, 0x00, 0x55, 0x55, 0x55, 0x03, 0x00, 0x00, 0x00, 0x00,
    0x00, 0x00, 0x00, 0x00, 0x00, 0x00, 0x00, 0x00, 0x00, 0x00, 0x00, 0x00, 0x00, 0x00, 0x00, 0x02, 0x00, 0x00, 0x00, 0x01, 0x00, 0x00, 0x00, 0x6E,
    0x03, 0x03, 0x04, 0xD7, 0x0D, 0x0D, 0x0F, 0xFB, 0x0E, 0x0D, 0x11, 0xFE, 0x07, 0x06, 0x0A, 0xFF, 0x32, 0x36, 0x3E, 0xFF, 0x36, 0x3E, 0x4B, 0xFF,
    0x39, 0x41, 0x4A, 0xFF, 0x6C, 0x6B, 0x72, 0xFB, 0x8D, 0x86, 0x8B, 0xFF, 0x61, 0x5B, 0x61, 0x80, 0x00, 0x00, 0x00, 0x00, 0x7F, 0x7F, 0x7F, 0x04,
    0x00, 0x00, 0x00, 0x00, 0x00, 0x00, 0x00, 0x00, 0x00, 0x00, 0x00, 0x00, 0x00, 0x00, 0x00, 0x00, 0x00, 0x00, 0x00, 0x00, 0x00, 0x00, 0x00, 0x00,
    0x00, 0x00, 0x00, 0x00, 0x00, 0x00, 0x00, 0x00, 0x00, 0x00, 0x00, 0x00, 0x00, 0x00, 0x00, 0x00, 0x00, 0x00, 0x00, 0x00, 0x00, 0x00, 0x00, 0x00,
    0x00, 0x00, 0x00, 0x00, 0x00, 0x00, 0x00, 0x00, 0x55, 0x55, 0x55, 0x03, 0x00, 0x00, 0x00, 0x00, 0x27, 0x24, 0x24, 0x6F, 0x86, 0x84, 0x85, 0xFF,
    0x8E, 0x8B, 0x8D, 0xFE, 0xAC, 0xA9, 0xAB, 0xFF, 0x9A, 0x97, 0x9A, 0xFF, 0x7A, 0x77, 0x7E, 0xFF, 0x71, 0x6F, 0x77, 0xFF, 0x6B, 0x6C, 0x75, 0xFF,
    0x6C, 0x6E, 0x78, 0xFB, 0x50, 0x54, 0x5E, 0xFF, 0x28, 0x2B, 0x34, 0x97, 0x7F, 0x7F, 0x7F, 0x02, 0x55, 0x55, 0x55, 0x03, 0x00, 0x00, 0x00, 0x00,
    0x00, 0x00, 0x00, 0x00, 0x00, 0x00, 0x00, 0x00, 0x00, 0x00, 0x00, 0x00, 0x00, 0x00, 0x00, 0x00, 0x00, 0x00, 0x00, 0x02, 0x00, 0x00, 0x00, 0x00,
    0x00, 0x00, 0x00, 0x62, 0x09, 0x09, 0x09, 0xED, 0x0F, 0x0E, 0x11, 0xFF, 0x0D, 0x0C, 0x0F, 0xFE, 0x0B, 0x0D, 0x13, 0xFF, 0x3C, 0x41, 0x49, 0xFF,
    0x6D, 0x71, 0x78, 0xFF, 0x89, 0x87, 0x8F, 0xFC, 0x8F, 0x89, 0x90, 0xFE, 0x66, 0x61, 0x66, 0xAF, 0x00, 0x00, 0x00, 0x01, 0x7F, 0x7F, 0x7F, 0x02,
    0x00, 0x00, 0x00, 0x00, 0x00, 0x00, 0x00, 0x00, 0x00, 0x00, 0x00, 0x00, 0x00, 0x00, 0x00, 0x00, 0x00, 0x00, 0x00, 0x00, 0x00, 0x00, 0x00, 0x00,
    0x00, 0x00, 0x00, 0x00, 0x00, 0x00, 0x00, 0x00, 0x00, 0x00, 0x00, 0x00, 0x00, 0x00, 0x00, 0x00, 0x00, 0x00, 0x00, 0x00, 0x00, 0x00, 0x00, 0x00,
    0x00, 0x00, 0x00, 0x00, 0x00, 0x00, 0x00, 0x00, 0x00, 0x00, 0x00, 0x03, 0x00, 0x00, 0x00, 0x00, 0x11, 0x11, 0x11, 0x4B, 0x7B, 0x79, 0x7B, 0xFE,
    0x8D, 0x8B, 0x8A, 0xFF, 0xA7, 0xA5, 0xA4, 0xFE, 0x91, 0x8F, 0x92, 0xFF, 0x7B, 0x78, 0x82, 0xFF, 0x6D, 0x6B, 0x76, 0xFF, 0x6F, 0x70, 0x7A, 0xFF,
    0x62, 0x65, 0x6F, 0xFC, 0x62, 0x65, 0x6F, 0xFF, 0x47, 0x4A, 0x53, 0xAB, 0x00, 0x00, 0x00, 0x00, 0x55, 0x55, 0x55, 0x03, 0x00, 0x00, 0x00, 0x00,
    0x00, 0x00, 0x00, 0x00, 0x00, 0x00, 0x00, 0x00, 0x00, 0x00, 0x00, 0x00, 0x00, 0x00, 0x00, 0x00, 0x00, 0x00, 0x00, 0x01, 0x00, 0x00, 0x00, 0x01,
    0x00, 0x00, 0x00, 0x08, 0x04, 0x04, 0x04, 0xB7, 0x0C, 0x0C, 0x0F, 0xFB, 0x0D, 0x0C, 0x10, 0xFF, 0x10, 0x10, 0x14, 0xFE, 0x14, 0x13, 0x18, 0xFF,
    0x42, 0x40, 0x44, 0xFF, 0x48, 0x45, 0x4A, 0xFB, 0x60, 0x5C, 0x61, 0xFF, 0x74, 0x70, 0x72, 0x7F, 0x00, 0x00, 0x00, 0x00, 0x7F, 0x7F, 0x7F, 0x04,
    0x00, 0x00, 0x00, 0x00, 0x00, 0x00, 0x00, 0x00, 0x00, 0x00, 0x00, 0x00, 0x00, 0x00, 0x00, 0x00, 0x00, 0x00, 0x00, 0x00, 0x00, 0x00, 0x00, 0x00,
    0x00, 0x00, 0x00, 0x00, 0x00, 0x00, 0x00, 0x00, 0x00, 0x00, 0x00, 0x00, 0x00, 0x00, 0x00, 0x00, 0x00, 0x00, 0x00, 0x00, 0x00, 0x00, 0x00, 0x00,
    0x00, 0x00, 0x00, 0x00, 0x00, 0x00, 0x00, 0x00, 0x00, 0x00, 0x00, 0x03, 0x00, 0x00, 0x00, 0x00, 0x00, 0x00, 0x00, 0x38, 0x6C, 0x6B, 0x6E, 0xF8,
    0x6E, 0x6A, 0x72, 0xFF, 0x5D, 0x59, 0x63, 0xFE, 0x75, 0x71, 0x7C, 0xFF, 0x75, 0x72, 0x7B, 0xFF, 0x67, 0x64, 0x6F, 0xFF, 0x58, 0x58, 0x62, 0xFF,
    0x59, 0x5B, 0x64, 0xFF, 0x5F, 0x62, 0x6C, 0xFE, 0x59, 0x5B, 0x64, 0xF9, 0x40, 0x42, 0x4C, 0x86, 0x00, 0x00, 0x00, 0x00, 0x7F, 0x7F, 0x7F, 0x02,
    0x00, 0x00, 0x00, 0x00, 0x00, 0x00, 0x00, 0x00, 0x00, 0x00, 0x00, 0x00, 0x00, 0x00, 0x00, 0x00, 0x00, 0x00, 0x00, 0x00, 0x00, 0x00, 0x00, 0x02,
    0x00, 0x00, 0x00, 0x00, 0x00, 0x00, 0x00, 0x3F, 0x03, 0x03, 0x03, 0xC3, 0x0E, 0x0E, 0x12, 0xFB, 0x17, 0x15, 0x19, 0xFF, 0x25, 0x22, 0x26, 0xFF,
    0x38, 0x35, 0x39, 0xFF, 0x47, 0x44, 0x48, 0xFD, 0x67, 0x64, 0x67, 0xFE, 0x92, 0x8F, 0x93, 0xDB, 0x46, 0x46, 0x4D, 0x24, 0x00, 0x00, 0x00, 0x01,
    0x00, 0x00, 0x00, 0x00, 0x00, 0x00, 0x00, 0x00, 0x00, 0x00, 0x00, 0x00, 0x00, 0x00, 0x00, 0x00, 0x00, 0x00, 0x00, 0x00, 0x00, 0x00, 0x00, 0x00,
    0x00, 0x00, 0x00, 0x00, 0x00, 0x00, 0x00, 0x00, 0x00, 0x00, 0x00, 0x00, 0x00, 0x00, 0x00, 0x00, 0x00, 0x00, 0x00, 0x00, 0x00, 0x00, 0x00, 0x00,
    0x00, 0x00, 0x00, 0x00, 0x00, 0x00, 0x00, 0x00, 0x00, 0x00, 0x00, 0x02, 0x00, 0x00, 0x00, 0x00, 0x00, 0x00, 0x00, 0x2C, 0x43, 0x43, 0x43, 0xEF,
    0x51, 0x4E, 0x55, 0xFF, 0x5C, 0x59, 0x61, 0xFE, 0x6D, 0x69, 0x71, 0xFF, 0x6F, 0x6A, 0x73, 0xFF, 0x76, 0x71, 0x7B, 0xFF, 0x77, 0x74, 0x7F, 0xFF,
    0x74, 0x77, 0x82, 0xFF, 0x66, 0x69, 0x74, 0xFF, 0x47, 0x4A, 0x55, 0xFF, 0x55, 0x5C, 0x66, 0xFF, 0x43, 0x4B, 0x57, 0x40, 0x00, 0x00, 0x00, 0x00,
    0x55, 0x55, 0x55, 0x03, 0x00, 0x00, 0x00, 0x00, 0x00, 0x00, 0x00, 0x00, 0x00, 0x00, 0x00, 0x00, 0x00, 0x00, 0x00, 0x00, 0x00, 0x00, 0x00, 0x00,
    0x00, 0x00, 0x00, 0x03, 0x00, 0x00, 0x00, 0x00, 0x00, 0x00, 0x00, 0x4E, 0x17, 0x17, 0x1D, 0xF5, 0x26, 0x24, 0x28, 0xFF, 0x28, 0x26, 0x28, 0xFE,
    0x24, 0x22, 0x25, 0xFF, 0x18, 0x15, 0x19, 0xFF, 0x78, 0x74, 0x79, 0xFB, 0x7E, 0x7C, 0x80, 0xFF, 0x4D, 0x4A, 0x4F, 0x6D, 0x00, 0x00, 0x00, 0x00,
    0x00, 0x00, 0x00, 0x00, 0x00, 0x00, 0x00, 0x00, 0x00, 0x00, 0x00, 0x00, 0x00, 0x00, 0x00, 0x00, 0x00, 0x00, 0x00, 0x00, 0x00, 0x00, 0x00, 0x00,
    0x00, 0x00, 0x00, 0x00, 0x00, 0x00, 0x00, 0x00, 0x00, 0x00, 0x00, 0x00, 0x00, 0x00, 0x00, 0x00, 0x00, 0x00, 0x00, 0x00, 0x00, 0x00, 0x00, 0x00,
    0x00, 0x00, 0x00, 0x00, 0x00, 0x00, 0x00, 0x00, 0x00, 0x00, 0x00, 0x02, 0x00, 0x00, 0x00, 0x00, 0x00, 0x00, 0x00, 0x1A, 0x11, 0x0F, 0x11, 0xD2,
    0x30, 0x2F, 0x30, 0xFF, 0x5F, 0x5F, 0x61, 0xFE, 0x8F, 0x8F, 0x93, 0xFF, 0x99, 0x99, 0xA0, 0xFF, 0x86, 0x87, 0x8D, 0xFF, 0x77, 0x7A, 0x83, 0xFF,
    0x76, 0x78, 0x86, 0xFF, 0x79, 0x7B, 0x88, 0xFF, 0x51, 0x55, 0x62, 0xFC, 0x4D, 0x58, 0x64, 0xFD, 0x4A, 0x55, 0x60, 0xD4, 0x1C, 0x1C, 0x38, 0x09,
    0x00, 0x00, 0x00, 0x01, 0x00, 0x00, 0x00, 0x01, 0x00, 0x00, 0x00, 0x00, 0x00, 0x00, 0x00, 0x00, 0x00, 0x00, 0x00, 0x00, 0x00, 0x00, 0x00, 0x00,
    0x00, 0x00, 0x00, 0x02, 0x00, 0x00, 0x00, 0x02, 0x00, 0x00, 0x00, 0x19, 0x0C, 0x0B, 0x10, 0xDC, 0x13, 0x13, 0x17, 0xFF, 0x0C, 0x0D, 0x0F, 0xFE,
    0x0B, 0x0B, 0x0E, 0xFF, 0x0F, 0x0E, 0x12, 0xFF, 0x5E, 0x5C, 0x62, 0xFC, 0x7E, 0x7B, 0x81, 0xFE, 0x4A, 0x49, 0x4F, 0xA0, 0x00, 0x00, 0x00, 0x00,
    0x00, 0x00, 0x00, 0x00, 0x00, 0x00, 0x00, 0x00, 0x00, 0x00, 0x00, 0x00, 0x00, 0x00, 0x00, 0x00, 0x00, 0x00, 0x00, 0x00, 0x00, 0x00, 0x00, 0x00,
    0x00, 0x00, 0x00, 0x00, 0x00, 0x00, 0x00, 0x00, 0x00, 0x00, 0x00, 0x00, 0x00, 0x00, 0x00, 0x00, 0x00, 0x00, 0x00, 0x00, 0x00, 0x00, 0x00, 0x00,
    0x00, 0x00, 0x00, 0x00, 0x00, 0x00, 0x00, 0x00, 0x00, 0x00, 0x00, 0x00, 0xFF, 0xFF, 0xFF, 0x02, 0x00, 0x00, 0x00, 0x00, 0x26, 0x24, 0x26, 0xA6,
    0x8D, 0x8E, 0x8F, 0xFF, 0xA4, 0xAA, 0xAC, 0xFC, 0x89, 0x90, 0x97, 0xFF, 0x77, 0x7C, 0x89, 0xFF, 0x68, 0x6D, 0x7A, 0xFF, 0x65, 0x69, 0x76, 0xFF,
    0x5B, 0x60, 0x6C, 0xFF, 0x61, 0x66, 0x72, 0xFF, 0x5C, 0x61, 0x6D, 0xFF, 0x42, 0x49, 0x55, 0xFC, 0x51, 0x5C, 0x66, 0xFF, 0x43, 0x47, 0x4F, 0x84,
    0x00, 0x00, 0x00, 0x00, 0x7F, 0x7F, 0x7F, 0x02, 0x00, 0x00, 0x00, 0x00, 0x00, 0x00, 0x00, 0x00, 0x00, 0x00, 0x00, 0x00, 0x00, 0x00, 0x00, 0x00,
    0x00, 0x00, 0x00, 0x00, 0x00, 0x00, 0x00, 0x01, 0x00, 0x00, 0x00, 0x05, 0x04, 0x02, 0x05, 0xB1, 0x0D, 0x0C, 0x0F, 0xFF, 0x0C, 0x0B, 0x0E, 0xFD,
    0x12, 0x12, 0x16, 0xFF, 0x1F, 0x21, 0x25, 0xFF, 0x3A, 0x3D, 0x40, 0xFE, 0x71, 0x6F, 0x75, 0xFF, 0x56, 0x54, 0x5D, 0xE0, 0x2D, 0x2D, 0x3C, 0x11,
    0x00, 0x00, 0x00, 0x00, 0x00, 0x00, 0x00, 0x00, 0x00, 0x00, 0x00, 0x00, 0x00, 0x00, 0x00, 0x00, 0x00, 0x00, 0x00, 0x00, 0x00, 0x00, 0x00, 0x00,
    0x00, 0x00, 0x00, 0x00, 0x00, 0x00, 0x00, 0x00, 0x00, 0x00, 0x00, 0x00, 0x00, 0x00, 0x00, 0x00, 0x00, 0x00, 0x00, 0x00, 0x00, 0x00, 0x00, 0x00,
    0x00, 0x00, 0x00, 0x00, 0x00, 0x00, 0x00, 0x00, 0x00, 0x00, 0x00, 0x00, 0xFF, 0xFF, 0xFF, 0x02, 0x00, 0x00, 0x00, 0x00, 0x69, 0x69, 0x69, 0xA4,
    0xB6, 0xB8, 0xBC, 0xFF, 0x79, 0x7E, 0x87, 0xFC, 0x78, 0x7F, 0x88, 0xFF, 0x82, 0x85, 0x94, 0xFF, 0x70, 0x73, 0x81, 0xFF, 0x5F, 0x63, 0x70, 0xFF,
    0x5D, 0x61, 0x6D, 0xFF, 0x58, 0x5C, 0x68, 0xFF, 0x60, 0x63, 0x6E, 0xFF, 0x47, 0x49, 0x53, 0xFD, 0x47, 0x49, 0x52, 0xFE, 0x3B, 0x3B, 0x42, 0xF0,
    0x00, 0x00, 0x00, 0x0E, 0x00, 0x00, 0x00, 0x01, 0x00, 0x00, 0x00, 0x01, 0x00, 0x00, 0x00, 0x00, 0x00, 0x00, 0x00, 0x00, 0x00, 0x00, 0x00, 0x00,
    0x00, 0x00, 0x00, 0x00, 0x00, 0x00, 0x00, 0x03, 0x00, 0x00, 0x00, 0x00, 0x05, 0x05, 0x05, 0x85, 0x0E, 0x0D, 0x0F, 0xFF, 0x0D, 0x0B, 0x0E, 0xFD,
    0x10, 0x11, 0x15, 0xFF, 0x24, 0x28, 0x2C, 0xFF, 0x2D, 0x30, 0x34, 0xFE, 0x5D, 0x5B, 0x62, 0xFF, 0x55, 0x53, 0x5C, 0xE3, 0x36, 0x36, 0x45, 0x21,
    0x00, 0x00, 0x00, 0x00, 0x00, 0x00, 0x00, 0x00, 0x00, 0x00, 0x00, 0x00, 0x00, 0x00, 0x00, 0x00, 0x00, 0x00, 0x00, 0x00, 0x00, 0x00, 0x00, 0x00,
    0x00, 0x00, 0x00, 0x00, 0x00, 0x00, 0x00, 0x00, 0x00, 0x00, 0x00, 0x00, 0x00, 0x00, 0x00, 0x00, 0x00, 0x00, 0x00, 0x00, 0x00, 0x00, 0x00, 0x00,
    0x00, 0x00, 0x00, 0x00, 0x00, 0x00, 0x00, 0x00, 0x00, 0x00, 0x00, 0x00, 0xFF, 0xFF, 0xFF, 0x01, 0x00, 0x00, 0x00, 0x00, 0x4A, 0x4A, 0x4C, 0xA1,
    0x8A, 0x8C, 0x94, 0xFF, 0x7B, 0x80, 0x8A, 0xFD, 0x78, 0x7D, 0x8B, 0xFF, 0x7C, 0x7F, 0x8C, 0xFF, 0x71, 0x73, 0x7F, 0xFF, 0x59, 0x5C, 0x67, 0xFF,
    0x58, 0x5A, 0x67, 0xFF, 0x53, 0x56, 0x62, 0xFF, 0x56, 0x59, 0x62, 0xFF, 0x43, 0x44, 0x4B, 0xFF, 0x3F, 0x3D, 0x43, 0xFC, 0x39, 0x37, 0x3D, 0xFE,
    0x1B, 0x1B, 0x20, 0x66, 0x00, 0x00, 0x00, 0x00, 0x00, 0x00, 0x00, 0x03, 0x00, 0x00, 0x00, 0x00, 0x00, 0x00, 0x00, 0x00, 0x00, 0x00, 0x00, 0x00,
    0x00, 0x00, 0x00, 0x00, 0x00, 0x00, 0x00, 0x03, 0x00, 0x00, 0x00, 0x00, 0x02, 0x02, 0x05, 0x62, 0x0C, 0x0C, 0x0E, 0xFF, 0x0D, 0x0C, 0x10, 0xFE,
    0x09, 0x0B, 0x0F, 0xFF, 0x19, 0x1D, 0x22, 0xFF, 0x27, 0x28, 0x2F, 0xFB, 0x52, 0x4F, 0x57, 0xFF, 0x50, 0x4E, 0x56, 0xA2, 0x00, 0x00, 0x00, 0x00,
    0x00, 0x00, 0x00, 0x00, 0x00, 0x00, 0x00, 0x00, 0x00, 0x00, 0x00, 0x00, 0x00, 0x00, 0x00, 0x00, 0x00, 0x00, 0x00, 0x00, 0x00, 0x00, 0x00, 0x00,
    0x00, 0x00, 0x00, 0x00, 0x00, 0x00, 0x00, 0x00, 0x00, 0x00, 0x00, 0x00, 0x00, 0x00, 0x00, 0x00, 0x00, 0x00, 0x00, 0x00, 0x00, 0x00, 0x00, 0x00,
    0x00, 0x00, 0x00, 0x00, 0x00, 0x00, 0x00, 0x00, 0x00, 0x00, 0x00, 0x00, 0x55, 0xAA, 0xAA, 0x03, 0x00, 0x00, 0x00, 0x00, 0x45, 0x45, 0x47, 0x8B,
    0x8E, 0x8F, 0x95, 0xFF, 0x85, 0x88, 0x8F, 0xFC, 0x96, 0x99, 0xA1, 0xFF, 0x90, 0x93, 0x9A, 0xFF, 0x6D, 0x70, 0x78, 0xFF, 0x64, 0x68, 0x72, 0xFF,
    0x41, 0x44, 0x4D, 0xFF, 0x42, 0x43, 0x4D, 0xFF, 0x41, 0x42, 0x4A, 0xFF, 0x3F, 0x40, 0x46, 0xFF, 0x41, 0x3F, 0x46, 0xFD, 0x29, 0x28, 0x2F, 0xFF,
    0x28, 0x2A, 0x2F, 0xE0, 0x48, 0x48, 0x48, 0x0E, 0x00, 0x00, 0x00, 0x01, 0x00, 0x00, 0x00, 0x01, 0x00, 0x00, 0x00, 0x00, 0x00, 0x00, 0x00, 0x00,
    0x00, 0x00, 0x00, 0x00, 0x00, 0x00, 0x00, 0x03, 0x00, 0x00, 0x00, 0x00, 0x00, 0x00, 0x00, 0x46, 0x0A, 0x09, 0x0C, 0xF8, 0x0C, 0x0D, 0x10, 0xFF,
    0x0A, 0x0D, 0x11, 0xFE, 0x1A, 0x1C, 0x25, 0xFF, 0x26, 0x26, 0x2F, 0xFD, 0x1A, 0x19, 0x1F, 0xFF, 0x4F, 0x4F, 0x54, 0xCB, 0xAA, 0xAA, 0xAA, 0x03,
    0x00, 0x00, 0x00, 0x00, 0x00, 0x00, 0x00, 0x00, 0x00, 0x00, 0x00, 0x00, 0x00, 0x00, 0x00, 0x00, 0x00, 0x00, 0x00, 0x00, 0x00, 0x00, 0x00, 0x00,
    0x00, 0x00, 0x00, 0x00, 0x00, 0x00, 0x00, 0x00, 0x00, 0x00, 0x00, 0x00, 0x00, 0x00, 0x00, 0x00, 0x00, 0x00, 0x00, 0x00, 0x00, 0x00, 0x00, 0x00,
    0x00, 0x00, 0x00, 0x00, 0x00, 0x00, 0x00, 0x00, 0x00, 0x00, 0x00, 0x00, 0x55, 0x55, 0x55, 0x03, 0x00, 0x00, 0x00, 0x00, 0x29, 0x29, 0x29, 0x81,
    0x9D, 0x9B, 0x9C, 0xFF, 0x84, 0x84, 0x86, 0xFD, 0x66, 0x67, 0x6A, 0xFF, 0x47, 0x47, 0x4C, 0xFF, 0x41, 0x42, 0x49, 0xFF, 0x3B, 0x3D, 0x46, 0xFF,
    0x35, 0x37, 0x40, 0xFF, 0x3C, 0x3D, 0x46, 0xFF, 0x3D, 0x3D, 0x45, 0xFF, 0x3A, 0x39, 0x40, 0xFF, 0x49, 0x48, 0x4F, 0xFF, 0x1A, 0x1B, 0x22, 0xFC,
    0x3B, 0x3C, 0x43, 0xFF, 0x4C, 0x4F, 0x53, 0x74, 0x00, 0x00, 0x00, 0x00, 0x3F, 0x3F, 0x3F, 0x04, 0x00, 0x00, 0x00, 0x00, 0x00, 0x00, 0x00, 0x00,
    0x00, 0x00, 0x00, 0x00, 0x00, 0x00, 0x00, 0x02, 0x00, 0x00, 0x00, 0x00, 0x00, 0x00, 0x00, 0x1F, 0x09, 0x06, 0x0A, 0xDD, 0x0C, 0x0D, 0x0F, 0xFF,
    0x0E, 0x12, 0x16, 0xFE, 0x38, 0x3A, 0x41, 0xFF, 0x40, 0x40, 0x49, 0xFE, 0x15, 0x14, 0x1B, 0xFF, 0x23, 0x23, 0x27, 0xF5, 0x34, 0x34, 0x34, 0x27,
    0x00, 0x00, 0x00, 0x00, 0x00, 0x00, 0x00, 0x00, 0x00, 0x00, 0x00, 0x00, 0x00, 0x00, 0x00, 0x00, 0x00, 0x00, 0x00, 0x00, 0x00, 0x00, 0x00, 0x00,
    0x00, 0x00, 0x00, 0x00, 0x00, 0x00, 0x00, 0x00, 0x00, 0x00, 0x00, 0x00, 0x00, 0x00, 0x00, 0x00, 0x00, 0x00, 0x00, 0x00, 0x00, 0x00, 0x00, 0x00,
    0x00, 0x00, 0x00, 0x00, 0x00, 0x00, 0x00, 0x00, 0x00, 0x00, 0x00, 0x00, 0x00, 0x00, 0x00, 0x03, 0x00, 0x00, 0x00, 0x00, 0x02, 0x00, 0x00, 0x5C,
    0x36, 0x34, 0x36, 0xFC, 0x30, 0x2E, 0x32, 0xFF, 0x2D, 0x2B, 0x30, 0xFE, 0x3E, 0x3C, 0x42, 0xFF, 0x47, 0x46, 0x4D, 0xFF, 0x3C, 0x3D, 0x44, 0xFF,
    0x34, 0x35, 0x3C, 0xFF, 0x38, 0x38, 0x41, 0xFF, 0x30, 0x30, 0x37, 0xFF, 0x36, 0x35, 0x3C, 0xFF, 0x43, 0x42, 0x49, 0xFF, 0x0C, 0x0C, 0x12, 0xFE,
    0x3F, 0x40, 0x48, 0xFE, 0x56, 0x57, 0x5D, 0xCF, 0xBF, 0xBF, 0xBF, 0x04, 0x00, 0x00, 0x00, 0x01, 0x00, 0x00, 0x00, 0x01, 0x00, 0x00, 0x00, 0x00,
    0x00, 0x00, 0x00, 0x00, 0x00, 0x00, 0x00, 0x01, 0x00, 0x00, 0x00, 0x01, 0x00, 0x00, 0x00, 0x03, 0x0A, 0x0A, 0x0C, 0xDD, 0x0B, 0x0C, 0x10, 0xFF,
    0x22, 0x26, 0x2B, 0xFD, 0x53, 0x55, 0x5D, 0xFF, 0x56, 0x57, 0x60, 0xFD, 0x23, 0x24, 0x2B, 0xFF, 0x2C, 0x2C, 0x31, 0xCD, 0x00, 0x00, 0x00, 0x0B,
    0x00, 0x00, 0x00, 0x00, 0x00, 0x00, 0x00, 0x00, 0x00, 0x00, 0x00, 0x00, 0x00, 0x00, 0x00, 0x00, 0x00, 0x00, 0x00, 0x00, 0x00, 0x00, 0x00, 0x00,
    0x00, 0x00, 0x00, 0x00, 0x00, 0x00, 0x00, 0x00, 0x00, 0x00, 0x00, 0x00, 0x00, 0x00, 0x00, 0x00, 0x00, 0x00, 0x00, 0x00, 0x00, 0x00, 0x00, 0x00,
    0x00, 0x00, 0x00, 0x00, 0x00, 0x00, 0x00, 0x00, 0x00, 0x00, 0x00, 0x00, 0x00, 0x00, 0x00, 0x02, 0x00, 0x00, 0x00, 0x00, 0x05, 0x00, 0x05, 0x33,
    0x26, 0x27, 0x26, 0xF8, 0x30, 0x2F, 0x30, 0xFF, 0x35, 0x33, 0x36, 0xFE, 0x3A, 0x37, 0x3D, 0xFF, 0x39, 0x38, 0x3E, 0xFF, 0x33, 0x31, 0x38, 0xFF,
    0x3B, 0x3C, 0x42, 0xFF, 0x42, 0x44, 0x4A, 0xFF, 0x42, 0x42, 0x48, 0xFE, 0x4F, 0x4E, 0x52, 0xFF, 0x1F, 0x1E, 0x22, 0xE5, 0x08, 0x08, 0x0C, 0xF2,
    0x33, 0x34, 0x3E, 0xFE, 0x53, 0x56, 0x63, 0xE3, 0x6F, 0x6F, 0x6F, 0x10, 0x00, 0x00, 0x00, 0x00, 0x00, 0x00, 0x00, 0x01, 0x00, 0x00, 0x00, 0x00,
    0x00, 0x00, 0x00, 0x00, 0x00, 0x00, 0x00, 0x02, 0x00, 0x00, 0x00, 0x00, 0x0D, 0x0E, 0x12, 0x89, 0x0C, 0x0E, 0x11, 0xFF, 0x10, 0x11, 0x15, 0xF9,
    0x3F, 0x42, 0x48, 0xFD, 0x4E, 0x52, 0x5A, 0xFF, 0x46, 0x49, 0x52, 0xFC, 0x30, 0x33, 0x3B, 0xFF, 0x34, 0x35, 0x3C, 0xB0, 0x00, 0x00, 0x00, 0x00,
    0x00, 0x00, 0x00, 0x00, 0x00, 0x00, 0x00, 0x00, 0x00, 0x00, 0x00, 0x00, 0x00, 0x00, 0x00, 0x00, 0x00, 0x00, 0x00, 0x00, 0x00, 0x00, 0x00, 0x00,
    0x00, 0x00, 0x00, 0x00, 0x00, 0x00, 0x00, 0x00, 0x00, 0x00, 0x00, 0x00, 0x00, 0x00, 0x00, 0x00, 0x00, 0x00, 0x00, 0x00, 0x00, 0x00, 0x00, 0x00,
    0x00, 0x00, 0x00, 0x00, 0x00, 0x00, 0x00, 0x00, 0x00, 0x00, 0x00, 0x00, 0x00, 0x00, 0x00, 0x02, 0x00, 0x00, 0x00, 0x00, 0x00, 0x00, 0x00, 0x2C,
    0x17, 0x17, 0x17, 0xE6, 0x25, 0x25, 0x26, 0xFE, 0x2D, 0x2B, 0x2E, 0xFE, 0x36, 0x32, 0x37, 0xFF, 0x39, 0x36, 0x3E, 0xFF, 0x3B, 0x38, 0x41, 0xFF,
    0x41, 0x41, 0x48, 0xFF, 0x33, 0x35, 0x3B, 0xFF, 0x26, 0x26, 0x2C, 0xFF, 0x2F, 0x2E, 0x33, 0xFF, 0x2F, 0x30, 0x36, 0xE6, 0x03, 0x04, 0x07, 0xD1,
    0x2F, 0x30, 0x3B, 0xFF, 0x4E, 0x51, 0x5C, 0xF7, 0x61, 0x61, 0x69, 0x22, 0x00, 0x00, 0x00, 0x00, 0x7F, 0x7F, 0x7F, 0x02, 0x00, 0x00, 0x00, 0x00,
    0x00, 0x00, 0x00, 0x03, 0x00, 0x00, 0x00, 0x00, 0x0E, 0x12, 0x15, 0x46, 0x0D, 0x10, 0x12, 0xFF, 0x08, 0x09, 0x0D, 0xEA, 0x19, 0x1A, 0x1D, 0xD2,
    0x3D, 0x3F, 0x44, 0xFF, 0x4C, 0x4F, 0x56, 0xFE, 0x40, 0x43, 0x4B, 0xFB, 0x40, 0x43, 0x4C, 0xFE, 0x3C, 0x3E, 0x45, 0xA8, 0x00, 0x00, 0x00, 0x00,
    0x00, 0x00, 0x00, 0x00, 0x00, 0x00, 0x00, 0x00, 0x00, 0x00, 0x00, 0x00, 0x00, 0x00, 0x00, 0x00, 0x00, 0x00, 0x00, 0x00, 0x00, 0x00, 0x00, 0x00,
    0x00, 0x00, 0x00, 0x00, 0x00, 0x00, 0x00, 0x00, 0x00, 0x00, 0x00, 0x00, 0x00, 0x00, 0x00, 0x00, 0x00, 0x00, 0x00, 0x00, 0x00, 0x00, 0x00, 0x00,
    0x00, 0x00, 0x00, 0x00, 0x00, 0x00, 0x00, 0x00, 0x00, 0x00, 0x00, 0x00, 0x00, 0x00, 0x00, 0x01, 0x00, 0x00, 0x00, 0x01, 0x00, 0x00, 0x00, 0x09,
    0x00, 0x00, 0x00, 0x90, 0x13, 0x12, 0x15, 0xED, 0x1A, 0x19, 0x1D, 0xFF, 0x19, 0x17, 0x1C, 0xFE, 0x21, 0x1F, 0x26, 0xFF, 0x0C, 0x0C, 0x12, 0xFF,
    0x18, 0x19, 0x1F, 0xFF, 0x1C, 0x1E, 0x25, 0xFD, 0x05, 0x05, 0x0B, 0xF7, 0x23, 0x22, 0x28, 0xFF, 0x4F, 0x50, 0x56, 0xF5, 0x15, 0x16, 0x18, 0xA8,
    0x12, 0x13, 0x18, 0xED, 0x45, 0x48, 0x51, 0xF5, 0x6F, 0x6F, 0x77, 0x20, 0x00, 0x00, 0x00, 0x00, 0x7F, 0x7F, 0x7F, 0x02, 0x00, 0x00, 0x00, 0x01,
    0x00, 0x00, 0x00, 0x02, 0x00, 0x00, 0x00, 0x07, 0x08, 0x08, 0x0A, 0xC8, 0x0A, 0x0B, 0x0D, 0xED, 0x09, 0x0B, 0x0D, 0x85, 0x0E, 0x0F, 0x12, 0xEC,
    0x28, 0x29, 0x2F, 0xFE, 0x40, 0x42, 0x48, 0xFE, 0x41, 0x45, 0x4D, 0xFB, 0x50, 0x55, 0x5F, 0xFF, 0x3B, 0x3D, 0x45, 0x6B, 0x00, 0x00, 0x00, 0x00,
    0x00, 0x00, 0x00, 0x00, 0x00, 0x00, 0x00, 0x00, 0x00, 0x00, 0x00, 0x00, 0x00, 0x00, 0x00, 0x00, 0x00, 0x00, 0x00, 0x00, 0x00, 0x00, 0x00, 0x00,
    0x00, 0x00, 0x00, 0x00, 0x00, 0x00, 0x00, 0x00, 0x00, 0x00, 0x00, 0x00, 0x00, 0x00, 0x00, 0x00, 0x00, 0x00, 0x00, 0x00, 0x00, 0x00, 0x00, 0x00,
    0x00, 0x00, 0x00, 0x00, 0x00, 0x00, 0x00, 0x00, 0x00, 0x00, 0x00, 0x00, 0x00, 0x00, 0x00, 0x00, 0x00, 0x00, 0x00, 0x01, 0x00, 0x00, 0x00, 0x00,
    0x00, 0x00, 0x00, 0x0D, 0x11, 0x10, 0x13, 0xCD, 0x1B, 0x1A, 0x1F, 0xFF, 0x14, 0x14, 0x19, 0xFD, 0x21, 0x21, 0x26, 0xFF, 0x0B, 0x0D, 0x11, 0xFF,
    0x22, 0x26, 0x2A, 0xFF, 0x45, 0x48, 0x50, 0xFD, 0x10, 0x10, 0x15, 0xDF, 0x11, 0x10, 0x15, 0xFC, 0x4F, 0x51, 0x59, 0xFF, 0x61, 0x63, 0x69, 0x88,
    0x00, 0x00, 0x00, 0x7E, 0x0A, 0x08, 0x0F, 0x76, 0x00, 0x00, 0x00, 0x00, 0x00, 0x00, 0x00, 0x02, 0x00, 0x00, 0x00, 0x00, 0x00, 0x00, 0x00, 0x01,
    0x00, 0x00, 0x00, 0x00, 0x00, 0x00, 0x00, 0x0F, 0x00, 0x00, 0x00, 0x90, 0x02, 0x02, 0x02, 0x56, 0x0E, 0x0E, 0x10, 0xC8, 0x12, 0x11, 0x18, 0xFF,
    0x1B, 0x1C, 0x22, 0xFD, 0x1F, 0x21, 0x27, 0xFB, 0x54, 0x57, 0x61, 0xFF, 0x3F, 0x44, 0x4B, 0xD8, 0x00, 0x00, 0x15, 0x0C, 0xFF, 0x00, 0x00, 0x01,
    0x00, 0x00, 0x00, 0x00, 0x00, 0x00, 0x00, 0x00, 0x00, 0x00, 0x00, 0x00, 0x00, 0x00, 0x00, 0x00, 0x00, 0x00, 0x00, 0x00, 0x00, 0x00, 0x00, 0x00,
    0x00, 0x00, 0x00, 0x00, 0x00, 0x00, 0x00, 0x00, 0x00, 0x00, 0x00, 0x00, 0x00, 0x00, 0x00, 0x00, 0x00, 0x00, 0x00, 0x00, 0x00, 0x00, 0x00, 0x00,
    0x00, 0x00, 0x00, 0x00, 0x00, 0x00, 0x00, 0x00, 0x00, 0x00, 0x00, 0x00, 0x00, 0x00, 0x00, 0x00, 0x00, 0x00, 0x00, 0x00, 0x00, 0x00, 0x00, 0x00,
    0x00, 0x00, 0x00, 0x00, 0x09, 0x09, 0x0D, 0xAA, 0x19, 0x18, 0x1D, 0xFF, 0x13, 0x12, 0x17, 0xFE, 0x2F, 0x2F, 0x34, 0xFF, 0x1A, 0x1B, 0x21, 0xFF,
    0x13, 0x16, 0x1A, 0xFE, 0x4D, 0x50, 0x58, 0xFF, 0x28, 0x28, 0x2D, 0xE5, 0x06, 0x05, 0x0A, 0xEF, 0x3B, 0x3E, 0x47, 0xFF, 0x5A, 0x5E, 0x64, 0xCA,
    0x00, 0x00, 0x00, 0x00, 0x00, 0x00, 0x00, 0x01, 0x00, 0x00, 0x00, 0x01, 0x00, 0x00, 0x00, 0x00, 0x00, 0x00, 0x00, 0x00, 0x00, 0x00, 0x00, 0x00,
    0x00, 0x00, 0x00, 0x00, 0x00, 0x00, 0x00, 0x01, 0x00, 0x00, 0x00, 0x00, 0x04, 0x04, 0x04, 0x68, 0x13, 0x13, 0x16, 0xFF, 0x24, 0x23, 0x29, 0xFC,
    0x21, 0x22, 0x27, 0xFE, 0x3F, 0x42, 0x49, 0xFF, 0x4F, 0x52, 0x5C, 0xF3, 0x19, 0x19, 0x1E, 0x33, 0x00, 0x00, 0x00, 0x00, 0x00, 0x00, 0x00, 0x02,
    0x00, 0x00, 0x00, 0x00, 0x00, 0x00, 0x00, 0x00, 0x00, 0x00, 0x00, 0x00, 0x00, 0x00, 0x00, 0x00, 0x00, 0x00, 0x00, 0x00, 0x00, 0x00, 0x00, 0x00,
    0x00, 0x00, 0x00, 0x00, 0x00, 0x00, 0x00, 0x00, 0x00, 0x00, 0x00, 0x00, 0x00, 0x00, 0x00, 0x00, 0x00, 0x00, 0x00, 0x00, 0x00, 0x00, 0x00, 0x00,
    0x00, 0x00, 0x00, 0x00, 0x00, 0x00, 0x00, 0x00, 0x00, 0x00, 0x00, 0x00, 0x00, 0x00, 0x00, 0x00, 0x00, 0x00, 0x00, 0x00, 0x00, 0x00, 0x00, 0x03,
    0x00, 0x00, 0x00, 0x00, 0x00, 0x00, 0x00, 0x63, 0x0C, 0x0C, 0x0F, 0xF1, 0x19, 0x1A, 0x1D, 0xFF, 0x35, 0x36, 0x3C, 0xFE, 0x30, 0x31, 0x37, 0xFF,
    0x10, 0x12, 0x18, 0xFF, 0x4B, 0x4D, 0x54, 0xFF, 0x42, 0x43, 0x4B, 0xF5, 0x00, 0x01, 0x06, 0xDC, 0x20, 0x22, 0x28, 0xFF, 0x4B, 0x4D, 0x54, 0xFD,
    0x61, 0x67, 0x6C, 0x2F, 0x00, 0x00, 0x00, 0x00, 0x7F, 0x7F, 0x7F, 0x02, 0x00, 0x00, 0x00, 0x00, 0x00, 0x00, 0x00, 0x00, 0x00, 0x00, 0x00, 0x00,
    0x00, 0x00, 0x00, 0x00, 0x00, 0x00, 0x00, 0x02, 0x00, 0x00, 0x00, 0x02, 0x00, 0x00, 0x00, 0x67, 0x09, 0x09, 0x0B, 0xE2, 0x17, 0x16, 0x1B, 0xFF,
    0x1A, 0x19, 0x1E, 0xFC, 0x29, 0x2B, 0x2F, 0xE8, 0x11, 0x14, 0x17, 0x4B, 0x00, 0x00, 0x00, 0x00, 0x55, 0x55, 0x55, 0x03, 0x00, 0x00, 0x00, 0x00,
    0x00, 0x00, 0x00, 0x00, 0x00, 0x00, 0x00, 0x00, 0x00, 0x00, 0x00, 0x00, 0x00, 0x00, 0x00, 0x00, 0x00, 0x00, 0x00, 0x00, 0x00, 0x00, 0x00, 0x00,
    0x00, 0x00, 0x00, 0x00, 0x00, 0x00, 0x00, 0x00, 0x00, 0x00, 0x00, 0x00, 0x00, 0x00, 0x00, 0x00, 0x00, 0x00, 0x00, 0x00, 0x00, 0x00, 0x00, 0x00,
    0x00, 0x00, 0x00, 0x00, 0x00, 0x00, 0x00, 0x00, 0x00, 0x00, 0x00, 0x00, 0x00, 0x00, 0x00, 0x00, 0x00, 0x00, 0x00, 0x00, 0x00, 0x00, 0x00, 0x01,
    0x00, 0x00, 0x00, 0x01, 0x00, 0x00, 0x00, 0x0D, 0x04, 0x04, 0x04, 0xB0, 0x17, 0x19, 0x1A, 0xFD, 0x1F, 0x20, 0x26, 0xFE, 0x30, 0x31, 0x38, 0xFF,
    0x13, 0x15, 0x1B, 0xFF, 0x27, 0x29, 0x2F, 0xFE, 0x4E, 0x4E, 0x59, 0xFF, 0x12, 0x14, 0x19, 0xD3, 0x07, 0x09, 0x0A, 0xEF, 0x40, 0x42, 0x48, 0xFE,
    0x60, 0x60, 0x6A, 0x7F, 0x00, 0x00, 0x00, 0x00, 0x55, 0x55, 0x55, 0x03, 0x00, 0x00, 0x00, 0x00, 0x00, 0x00, 0x00, 0x00, 0x00, 0x00, 0x00, 0x00,
    0x00, 0x00, 0x00, 0x00, 0x00, 0x00, 0x00, 0x00, 0x00, 0x00, 0x00, 0x01, 0x00, 0x00, 0x00, 0x00, 0x00, 0x00, 0x00, 0x7A, 0x01, 0x01, 0x03, 0x93,
    0x00, 0x00, 0x00, 0x74, 0x00, 0x00, 0x00, 0x2C, 0x00, 0x00, 0x00, 0x00, 0x00, 0x00, 0x00, 0x02, 0x00, 0x00, 0x00, 0x00, 0x00, 0x00, 0x00, 0x00,
    0x00, 0x00, 0x00, 0x00, 0x00, 0x00, 0x00, 0x00, 0x00, 0x00, 0x00, 0x00, 0x00, 0x00, 0x00, 0x00, 0x00, 0x00, 0x00, 0x00, 0x00, 0x00, 0x00, 0x00,
    0x00, 0x00, 0x00, 0x00, 0x00, 0x00, 0x00, 0x00, 0x00, 0x00, 0x00, 0x00, 0x00, 0x00, 0x00, 0x00, 0x00, 0x00, 0x00, 0x00, 0x00, 0x00, 0x00, 0x00,
    0x00, 0x00, 0x00, 0x00, 0x00, 0x00, 0x00, 0x00, 0x00, 0x00, 0x00, 0x00, 0x00, 0x00, 0x00, 0x00, 0x00, 0x00, 0x00, 0x00, 0x00, 0x00, 0x00, 0x00,
    0x00, 0x00, 0x00, 0x02, 0x00, 0x00, 0x00, 0x00, 0x00, 0x00, 0x00, 0x3B, 0x00, 0x00, 0x00, 0xAF, 0x0C, 0x0D, 0x10, 0xE4, 0x2C, 0x2E, 0x33, 0xFE,
    0x29, 0x2A, 0x31, 0xFF, 0x10, 0x11, 0x17, 0xFE, 0x3E, 0x3E, 0x48, 0xFE, 0x2D, 0x2D, 0x33, 0xEC, 0x00, 0x00, 0x01, 0xD7, 0x1B, 0x1C, 0x21, 0xFF,
    0x36, 0x36, 0x3F, 0x75, 0x00, 0x00, 0x00, 0x00, 0x00, 0x55, 0x55, 0x03, 0x00, 0x00, 0x00, 0x00, 0x00, 0x00, 0x00, 0x00, 0x00, 0x00, 0x00, 0x00,
    0x00, 0x00, 0x00, 0x00, 0x00, 0x00, 0x00, 0x00, 0x00, 0x00, 0x00, 0x00, 0x00, 0x00, 0x00, 0x00, 0x00, 0x00, 0x00, 0x00, 0x00, 0x00, 0x00, 0x00,
    0x00, 0x00, 0x00, 0x00, 0x00, 0x00, 0x00, 0x00, 0x00, 0x00, 0x00, 0x02, 0x00, 0x00, 0x00, 0x00, 0x00, 0x00, 0x00, 0x00, 0x00, 0x00, 0x00, 0x00,
    0x00, 0x00, 0x00, 0x00, 0x00, 0x00, 0x00, 0x00, 0x00, 0x00, 0x00, 0x00, 0x00, 0x00, 0x00, 0x00, 0x00, 0x00, 0x00, 0x00, 0x00, 0x00, 0x00, 0x00,
    0x00, 0x00, 0x00, 0x00, 0x00, 0x00, 0x00, 0x00, 0x00, 0x00, 0x00, 0x00, 0x00, 0x00, 0x00, 0x00, 0x00, 0x00, 0x00, 0x00, 0x00, 0x00, 0x00, 0x00,
    0x00, 0x00, 0x00, 0x00, 0x00, 0x00, 0x00, 0x00, 0x00, 0x00, 0x00, 0x00, 0x00, 0x00, 0x00, 0x00, 0x00, 0x00, 0x00, 0x00, 0x00, 0x00, 0x00, 0x00,
    0x00, 0x00, 0x00, 0x00, 0x00, 0x00, 0x00, 0x01, 0x00, 0x00, 0x00, 0x00, 0x00, 0x00, 0x00, 0x0D, 0x00, 0x00, 0x00, 0x9D, 0x18, 0x18, 0x1A, 0xF8,
    0x29, 0x29, 0x2F, 0xFD, 0x08, 0x06, 0x0F, 0xDB, 0x1E, 0x1E, 0x26, 0xFF, 0x31, 0x33, 0x38, 0xB4, 0x00, 0x00, 0x00, 0x86, 0x02, 0x02, 0x04, 0xAC,
    0x00, 0x00, 0x00, 0x09, 0x00, 0x00, 0x00, 0x01, 0x00, 0x00, 0x00, 0x01, 0x00, 0x00, 0x00, 0x00, 0x00, 0x00, 0x00, 0x00, 0x00, 0x00, 0x00, 0x00,
    0x00, 0x00, 0x00, 0x00, 0x00, 0x00, 0x00, 0x00, 0x00, 0x00, 0x00, 0x00, 0x00, 0x00, 0x00, 0x00, 0x00, 0x00, 0x00, 0x00, 0x00, 0x00, 0x00, 0x01,
    0x00, 0x00, 0x00, 0x03, 0x00, 0x00, 0x00, 0x02, 0x00, 0x00, 0x00, 0x00, 0x00, 0x00, 0x00, 0x00, 0x00, 0x00, 0x00, 0x00, 0x00, 0x00, 0x00, 0x00,
    0x00, 0x00, 0x00, 0x00, 0x00, 0x00, 0x00, 0x00, 0x00, 0x00, 0x00, 0x00, 0x00, 0x00, 0x00, 0x00, 0x00, 0x00, 0x00, 0x00, 0x00, 0x00, 0x00, 0x00,
    0x00, 0x00, 0x00, 0x00, 0x00, 0x00, 0x00, 0x00, 0x00, 0x00, 0x00, 0x00, 0x00, 0x00, 0x00, 0x00, 0x00, 0x00, 0x00, 0x00, 0x00, 0x00, 0x00, 0x00,
    0x00, 0x00, 0x00, 0x00, 0x00, 0x00, 0x00, 0x00, 0x00, 0x00, 0x00, 0x00, 0x00, 0x00, 0x00, 0x00, 0x00, 0x00, 0x00, 0x00, 0x00, 0x00, 0x00, 0x00,
    0x00, 0x00, 0x00, 0x00, 0x00, 0x00, 0x00, 0x00, 0x00, 0x00, 0x00, 0x02, 0x00, 0x00, 0x00, 0x00, 0x00, 0x00, 0x00, 0x19, 0x00, 0x00, 0x00, 0x9B,
    0x04, 0x02, 0x04, 0x6B, 0x00, 0x00, 0x03, 0x54, 0x00, 0x01, 0x02, 0xB8, 0x00, 0x00, 0x00, 0x24, 0x00, 0x00, 0x00, 0x02, 0x00, 0x00, 0x00, 0x07,
    0x00, 0x00, 0x00, 0x00, 0x00, 0x00, 0x00, 0x00, 0x00, 0x00, 0x00, 0x00, 0x00, 0x00, 0x00, 0x00, 0x00, 0x00, 0x00, 0x00, 0x00, 0x00, 0x00, 0x00,
    0x00, 0x00, 0x00, 0x00, 0x00, 0x00, 0x00, 0x00, 0x00, 0x00, 0x00, 0x00, 0x00, 0x00, 0x00, 0x00, 0x00, 0x00, 0x00, 0x00, 0x00, 0x00, 0x00, 0x00,
    0x00, 0x00, 0x00, 0x00, 0x00, 0x00, 0x00, 0x00, 0x00, 0x00, 0x00, 0x00, 0x00, 0x00, 0x00, 0x01, 0x00, 0x00, 0x00, 0x01, 0x00, 0x00, 0x00, 0x00,
    0x00, 0x00, 0x00, 0x00, 0x00, 0x00, 0x00, 0x00, 0x00, 0x00, 0x00, 0x00, 0x00, 0x00, 0x00, 0x00, 0x00, 0x00, 0x00, 0x00, 0x00, 0x00, 0x00, 0x00,
    0x00, 0x00, 0x00, 0x00, 0x00, 0x00, 0x00, 0x00, 0x00, 0x00, 0x00, 0x00, 0x00, 0x00, 0x00, 0x00, 0x00, 0x00, 0x00, 0x00, 0x00, 0x00, 0x00, 0x00,
    0x00, 0x00, 0x00, 0x00, 0x00, 0x00, 0x00, 0x00, 0x00, 0x00, 0x00, 0x00, 0x00, 0x00, 0x00, 0x00, 0x00, 0x00, 0x00, 0x00, 0x00, 0x00, 0x00, 0x00,
    0x00, 0x00, 0x00, 0x00, 0x00, 0x00, 0x00, 0x00, 0x00, 0x00, 0x00, 0x00, 0x00, 0x00, 0x00, 0x01, 0x00, 0x00, 0x00, 0x00, 0x00, 0x00, 0x00, 0x00,
    0x00, 0x00, 0x00, 0x00, 0x00, 0x00, 0x00, 0x00, 0x00, 0x00, 0x00, 0x04, 0x00, 0x00, 0x00, 0x00, 0x00, 0x00, 0x00, 0x00, 0x00, 0x00, 0x00, 0x00,
    0x00, 0x00, 0x00, 0x01, 0x00, 0x00, 0x00, 0x00, 0x00, 0x00, 0x00, 0x00, 0x00, 0x00, 0x00, 0x00, 0x00, 0x00, 0x00, 0x00, 0x00, 0x00, 0x00, 0x00,
    0x00, 0x00, 0x00, 0x00, 0x00, 0x00, 0x00, 0x00, 0x00, 0x00, 0x00, 0x00, 0x00, 0x00, 0x00, 0x00, 0x00, 0x00, 0x00, 0x00, 0x00, 0x00, 0x00, 0x00,
    0x00, 0x00, 0x00, 0x00, 0x00, 0x00, 0x00, 0x00, 0x00, 0x00, 0x00, 0x00, 0x00, 0x00, 0x00, 0x00, 0x00, 0x00, 0x00, 0x00, 0x00, 0x00, 0x00, 0x00,
    0x00, 0x00, 0x00, 0x00, 0x00, 0x00, 0x00, 0x00, 0x00, 0x00, 0x00, 0x00, 0x00, 0x00, 0x00, 0x00, 0x00, 0x00, 0x00, 0x00, 0x00, 0x00, 0x00, 0x00,
    0x00, 0x00, 0x00, 0x00, 0x00, 0x00, 0x00, 0x00, 0x00, 0x00, 0x00, 0x00, 0x00, 0x00, 0x00, 0x00, 0x00, 0x00, 0x00, 0x00, 0x00, 0x00, 0x00, 0x00,
    0x00, 0x00, 0x00, 0x00, 0x00, 0x00, 0x00, 0x00, 0x00, 0x00, 0x00, 0x00, 0x00, 0x00, 0x00, 0x00, 0x00, 0x00, 0x00, 0x00, 0x00, 0x00, 0x00, 0x00,
    0x00, 0x00, 0x00, 0x00, 0x00, 0x00, 0x00, 0x00, 0x00, 0x00, 0x00, 0x00, 0x00, 0x00, 0x00, 0x00, 0x00, 0x00, 0x00, 0x00, 0x00, 0x00, 0x00, 0x00,
    0x00, 0x00, 0x00, 0x00, 0x00, 0x00, 0x00, 0x00, 0x00, 0x00, 0x00, 0x00, 0x00, 0x00, 0x00, 0x00, 0x00, 0x00, 0x00, 0x00, 0x00, 0x00, 0x00, 0x00,
    0x00, 0x00, 0x00, 0x00, 0x00, 0x00, 0x00, 0x00, 0x00, 0x00, 0x00, 0x00, 0x00, 0x00, 0x00, 0x00, 0x00, 0x00, 0x00, 0x00, 0x00, 0x00, 0x00, 0x00,
    0x00, 0x00, 0x00, 0x00, 0x00, 0x00, 0x00, 0x00, 0x00, 0x00, 0x00, 0x00, 0x00, 0x00, 0x00, 0x00, 0x00, 0x00, 0x00, 0x00, 0x00, 0x00, 0x00, 0x00,
    0x00, 0x00, 0x00, 0x00, 0x00, 0x00, 0x00, 0x00, 0x00, 0x00, 0x00, 0x00, 0x00, 0x00, 0x00, 0x00, 0x00, 0x00, 0x00, 0x00, 0x00, 0x00, 0x00, 0x00,
    0x00, 0x00, 0x00, 0x00, 0x00, 0x00, 0x00, 0x00, 0x00, 0x00, 0x00, 0x00, 0x00, 0x00, 0x00, 0x00, 0x00, 0x00, 0x00, 0x00, 0x00, 0x00, 0x00, 0x00,
    0x00, 0x00, 0x00, 0x00, 0x00, 0x00, 0x00, 0x00, 0x00, 0x00, 0x00, 0x00, 0x00, 0x00, 0x00, 0x00, 0x00, 0x00, 0x00, 0x00, 0x00, 0x00, 0x00, 0x00,
    0x00, 0x00, 0x00, 0x00, 0x00, 0x00, 0x00, 0x00, 0x00, 0x00, 0x00, 0x00, 0x00, 0x00, 0x00, 0x00, 0x00, 0x00, 0x00, 0x00, 0x00, 0x00, 0x00, 0x00,
    0x00, 0x00, 0x00, 0x00, 0x00, 0x00, 0x00, 0x00, 0x00, 0x00, 0x00, 0x00, 0x00, 0x00, 0x00, 0x00, 0x00, 0x00, 0x00, 0x00, 0x00, 0x00, 0x00, 0x00,
    0x00, 0x00, 0x00, 0x00, 0x00, 0x00, 0x00, 0x00, 0x00, 0x00, 0x00, 0x00, 0x00, 0x00, 0x00, 0x00, 0x00, 0x00, 0x00, 0x00, 0x00, 0x00, 0x00, 0x00,
    0x00, 0x00, 0x00, 0x00, 0x00, 0x00, 0x00, 0x00, 0x00, 0x00, 0x00, 0x00, 0x00, 0x00, 0x00, 0x00, 0x00, 0x00, 0x00, 0x00, 0x00, 0x00, 0x00, 0x00,
    0x00, 0x00, 0x00, 0x00, 0x00, 0x00, 0x00, 0x00, 0x00, 0x00, 0x00, 0x00, 0x00, 0x00, 0x00, 0x00, 0x00, 0x00, 0x00, 0x00, 0x00, 0x00, 0x00, 0x00,
    0x00, 0x00, 0x00, 0x00, 0x00, 0x00, 0x00, 0x00, 0x00, 0x00, 0x00, 0x00, 0x00, 0x00, 0x00, 0x00, 0x00, 0x00, 0x00, 0x00, 0x00, 0x00, 0x00, 0x00,
    0x00, 0x00, 0x00, 0x00, 0x00, 0x00, 0x00, 0x00, 0x00, 0x00, 0x00, 0x00, 0x00, 0x00, 0x00, 0x00, 0x00, 0x00, 0x00, 0x00, 0x00, 0x00, 0x00, 0x00,
    0x00, 0x00, 0x00, 0x00, 0x00, 0x00, 0x00, 0x00, 0x00, 0x00, 0x00, 0x00, 0x00, 0x00, 0x00, 0x00, 0x00, 0x00, 0x00, 0x00, 0x00, 0x00, 0x00, 0x00,
    0x00, 0x00, 0x00, 0x00, 0x00, 0x00, 0x00, 0x00, 0x00, 0x00, 0x00, 0x00, 0x00, 0x00, 0x00, 0x00, 0x00, 0x00, 0x00, 0x00, 0x00, 0x00, 0x00, 0x00,
    0x00, 0x00, 0x00, 0x00, 0x00, 0x00, 0x00, 0x00, 0x00, 0x00, 0x00, 0x00, 0x00, 0x00, 0x00, 0x00, 0x00, 0x00, 0x00, 0x00, 0x00, 0x00, 0x00, 0x00,
    0x00, 0x00, 0x00, 0x00, 0x00, 0x00, 0x00, 0x00, 0x00, 0x00, 0x00, 0x00, 0x00, 0x00, 0x00, 0x00, 0x00, 0x00, 0x00, 0x00, 0x00, 0x00, 0x00, 0x00,
    0x00, 0x00, 0x00, 0x00, 0x00, 0x00, 0x00, 0x00, 0x00, 0x00, 0x00, 0x00, 0x00, 0x00, 0x00, 0x00, 0x00, 0x00, 0x00, 0x00, 0x00, 0x00, 0x00, 0x00,
    0x00, 0x00, 0x00, 0x00, 0x00, 0x00, 0x00, 0x00, 0x00, 0x00, 0x00, 0x00, 0x00, 0x00, 0x00, 0x00, 0x00, 0x00, 0x00, 0x00, 0x00, 0x00, 0x00, 0x00,
    0x00, 0x00, 0x00, 0x00, 0x00, 0x00, 0x00, 0x00, 0x00, 0x00, 0x00, 0x00, 0x00, 0x00, 0x00, 0x00, 0x00, 0x00, 0x00, 0x00, 0x00, 0x00, 0x00, 0x00,
    0x00, 0x00, 0x00, 0x00, 0x00, 0x00, 0x00, 0x00, 0x00, 0x00, 0x00, 0x00, 0x00, 0x00, 0x00, 0x00, 0x00, 0x00, 0x00, 0x00, 0x00, 0x00, 0x00, 0x00,
};
inline constexpr std::array<std::uint8_t, 9216> riot_leggings = {
    0x00, 0x00, 0x00, 0x00, 0x00, 0x00, 0x00, 0x00, 0x00, 0x00, 0x00, 0x00, 0x00, 0x00, 0x00, 0x00, 0x00, 0x00, 0x00, 0x00, 0x00, 0x00, 0x00, 0x00,
    0x00, 0x00, 0x00, 0x00, 0x00, 0x00, 0x00, 0x00, 0x00, 0x00, 0x00, 0x00, 0x00, 0x00, 0x00, 0x00, 0x00, 0x00, 0x00, 0x00, 0x00, 0x00, 0x00, 0x00,
    0x00, 0x00, 0x00, 0x00, 0x00, 0x00, 0x00, 0x00, 0x00, 0x00, 0x00, 0x00, 0x00, 0x00, 0x00, 0x00, 0x00, 0x00, 0x00, 0x00, 0x00, 0x00, 0x00, 0x00,
    0x00, 0x00, 0x00, 0x00, 0x00, 0x00, 0x00, 0x00, 0x00, 0x00, 0x00, 0x00, 0x00, 0x00, 0x00, 0x00, 0x00, 0x00, 0x00, 0x00, 0x00, 0x00, 0x00, 0x00,
    0x00, 0x00, 0x00, 0x00, 0x00, 0x00, 0x00, 0x00, 0x00, 0x00, 0x00, 0x00, 0x00, 0x00, 0x00, 0x00, 0x00, 0x00, 0x00, 0x00, 0x00, 0x00, 0x00, 0x00,
    0x00, 0x00, 0x00, 0x00, 0x00, 0x00, 0x00, 0x00, 0x00, 0x00, 0x00, 0x00, 0x00, 0x00, 0x00, 0x00, 0x00, 0x00, 0x00, 0x00, 0x00, 0x00, 0x00, 0x00,
    0x00, 0x00, 0x00, 0x00, 0x00, 0x00, 0x00, 0x00, 0x00, 0x00, 0x00, 0x00, 0x00, 0x00, 0x00, 0x00, 0x00, 0x00, 0x00, 0x00, 0x00, 0x00, 0x00, 0x00,
    0x00, 0x00, 0x00, 0x00, 0x00, 0x00, 0x00, 0x00, 0x00, 0x00, 0x00, 0x00, 0x00, 0x00, 0x00, 0x00, 0x00, 0x00, 0x00, 0x00, 0x00, 0x00, 0x00, 0x00,
    0x00, 0x00, 0x00, 0x00, 0x00, 0x00, 0x00, 0x00, 0x00, 0x00, 0x00, 0x00, 0x00, 0x00, 0x00, 0x00, 0x00, 0x00, 0x00, 0x00, 0x00, 0x00, 0x00, 0x00,
    0x00, 0x00, 0x00, 0x00, 0x00, 0x00, 0x00, 0x00, 0x00, 0x00, 0x00, 0x00, 0x00, 0x00, 0x00, 0x00, 0x00, 0x00, 0x00, 0x00, 0x00, 0x00, 0x00, 0x00,
    0x00, 0x00, 0x00, 0x00, 0x00, 0x00, 0x00, 0x00, 0x00, 0x00, 0x00, 0x00, 0x00, 0x00, 0x00, 0x00, 0x00, 0x00, 0x00, 0x00, 0x00, 0x00, 0x00, 0x00,
    0x00, 0x00, 0x00, 0x00, 0x00, 0x00, 0x00, 0x00, 0x00, 0x00, 0x00, 0x00, 0x00, 0x00, 0x00, 0x00, 0x00, 0x00, 0x00, 0x00, 0x00, 0x00, 0x00, 0x00,
    0x00, 0x00, 0x00, 0x00, 0x00, 0x00, 0x00, 0x00, 0x00, 0x00, 0x00, 0x00, 0x00, 0x00, 0x00, 0x00, 0x00, 0x00, 0x00, 0x00, 0x00, 0x00, 0x00, 0x00,
    0x00, 0x00, 0x00, 0x00, 0x00, 0x00, 0x00, 0x00, 0x00, 0x00, 0x00, 0x00, 0x00, 0x00, 0x00, 0x00, 0x00, 0x00, 0x00, 0x00, 0x00, 0x00, 0x00, 0x00,
    0x00, 0x00, 0x00, 0x00, 0x00, 0x00, 0x00, 0x00, 0x00, 0x00, 0x00, 0x00, 0x00, 0x00, 0x00, 0x00, 0x00, 0x00, 0x00, 0x00, 0x00, 0x00, 0x00, 0x00,
    0x00, 0x00, 0x00, 0x00, 0x00, 0x00, 0x00, 0x00, 0x00, 0x00, 0x00, 0x00, 0x00, 0x00, 0x00, 0x00, 0x00, 0x00, 0x00, 0x00, 0x00, 0x00, 0x00, 0x00,
    0x00, 0x00, 0x00, 0x00, 0x00, 0x00, 0x00, 0x00, 0x00, 0x00, 0x00, 0x00, 0x00, 0x00, 0x00, 0x00, 0x00, 0x00, 0x00, 0x00, 0x00, 0x00, 0x00, 0x00,
    0x00, 0x00, 0x00, 0x00, 0x00, 0x00, 0x00, 0x00, 0x00, 0x00, 0x00, 0x00, 0x00, 0x00, 0x00, 0x00, 0x00, 0x00, 0x00, 0x00, 0x00, 0x00, 0x00, 0x00,
    0x00, 0x00, 0x00, 0x00, 0x00, 0x00, 0x00, 0x00, 0x00, 0x00, 0x00, 0x00, 0x00, 0x00, 0x00, 0x00, 0x00, 0x00, 0x00, 0x00, 0x00, 0x00, 0x00, 0x00,
    0x00, 0x00, 0x00, 0x00, 0x00, 0x00, 0x00, 0x00, 0x00, 0x00, 0x00, 0x00, 0x00, 0x00, 0x00, 0x00, 0x00, 0x00, 0x00, 0x00, 0x00, 0x00, 0x00, 0x00,
    0x00, 0x00, 0x00, 0x00, 0x00, 0x00, 0x00, 0x00, 0x00, 0x00, 0x00, 0x00, 0x00, 0x00, 0x00, 0x00, 0x00, 0x00, 0x00, 0x00, 0x00, 0x00, 0x00, 0x00,
    0x00, 0x00, 0x00, 0x00, 0x00, 0x00, 0x00, 0x00, 0x00, 0x00, 0x00, 0x00, 0x00, 0x00, 0x00, 0x00, 0x00, 0x00, 0x00, 0x00, 0x00, 0x00, 0x00, 0x00,
    0x00, 0x00, 0x00, 0x00, 0x00, 0x00, 0x00, 0x00, 0x00, 0x00, 0x00, 0x00, 0x00, 0x00, 0x00, 0x00, 0x00, 0x00, 0x00, 0x00, 0x00, 0x00, 0x00, 0x00,
    0x00, 0x00, 0x00, 0x00, 0x00, 0x00, 0x00, 0x00, 0x00, 0x00, 0x00, 0x00, 0x00, 0x00, 0x00, 0x00, 0x00, 0x00, 0x00, 0x00, 0x00, 0x00, 0x00, 0x00,
    0x00, 0x00, 0x00, 0x00, 0x00, 0x00, 0x00, 0x00, 0x00, 0x00, 0x00, 0x00, 0x00, 0x00, 0x00, 0x00, 0x00, 0x00, 0x00, 0x00, 0x00, 0x00, 0x00, 0x00,
    0x00, 0x00, 0x00, 0x00, 0x00, 0x00, 0x00, 0x00, 0x00, 0x00, 0x00, 0x00, 0x00, 0x00, 0x00, 0x00, 0x00, 0x00, 0x00, 0x00, 0x00, 0x00, 0x00, 0x00,
    0x00, 0x00, 0x00, 0x00, 0x00, 0x00, 0x00, 0x00, 0x00, 0x00, 0x00, 0x00, 0x00, 0x00, 0x00, 0x00, 0x00, 0x00, 0x00, 0x00, 0x00, 0x00, 0x00, 0x00,
    0x00, 0x00, 0x00, 0x00, 0x00, 0x00, 0x00, 0x00, 0x00, 0x00, 0x00, 0x00, 0x24, 0x24, 0x24, 0x0E, 0x0C, 0x0C, 0x13, 0x28, 0x09, 0x09, 0x0E, 0x35,
    0x0E, 0x09, 0x0E, 0x36, 0x0A, 0x0A, 0x0F, 0x33, 0x0B, 0x0B, 0x11, 0x2B, 0x09, 0x09, 0x12, 0x1B, 0x00, 0x00, 0x00, 0x05, 0x00, 0x00, 0x00, 0x00,
    0x00, 0x00, 0x00, 0x00, 0x00, 0x00, 0x00, 0x00, 0x00, 0x00, 0x00, 0x00, 0x00, 0x00, 0x00, 0x00, 0x00, 0x00, 0x00, 0x00, 0x00, 0x00, 0x00, 0x00,
    0x00, 0x00, 0x00, 0x00, 0x00, 0x00, 0x00, 0x00, 0x00, 0x00, 0x00, 0x00, 0x00, 0x00, 0x00, 0x00, 0x00, 0x00, 0x00, 0x00, 0x00, 0x00, 0x00, 0x00,
    0x00, 0x00, 0x00, 0x00, 0x00, 0x00, 0x00, 0x00, 0x00, 0x00, 0x00, 0x00, 0x00, 0x00, 0x00, 0x00, 0x00, 0x00, 0x00, 0x00, 0x00, 0x00, 0x00, 0x00,
    0x00, 0x00, 0x00, 0x00, 0x00, 0x00, 0x00, 0x00, 0x00, 0x00, 0x00, 0x00, 0x00, 0x00, 0x00, 0x00, 0x00, 0x00, 0x00, 0x00, 0x00, 0x00, 0x00, 0x00,
    0x00, 0x00, 0x00, 0x00, 0x00, 0x00, 0x00, 0x00, 0x00, 0x00, 0x00, 0x00, 0x00, 0x00, 0x00, 0x00, 0x00, 0x00, 0x00, 0x00, 0x00, 0x00, 0x00, 0x00,
    0x00, 0x00, 0x00, 0x00, 0x00, 0x00, 0x00, 0x00, 0x00, 0x00, 0x00, 0x00, 0x00, 0x00, 0x00, 0x00, 0x00, 0x00, 0x00, 0x01, 0x00, 0x00, 0x00, 0x00,
    0x00, 0x00, 0x00, 0x19, 0x02, 0x02, 0x04, 0x6B, 0x08, 0x08, 0x0D, 0xAF, 0x06, 0x05, 0x0C, 0xE0, 0x0C, 0x0B, 0x0F, 0xF2, 0x0C, 0x0C, 0x11, 0xF8,
    0x0C, 0x0B, 0x10, 0xF9, 0x0C, 0x0B, 0x10, 0xF8, 0x0C, 0x0B, 0x0F, 0xF3, 0x0B, 0x0A, 0x10, 0xEB, 0x0D, 0x0C, 0x0F, 0xD4, 0x0C, 0x0C, 0x0F, 0xAA,
    0x0D, 0x0D, 0x0F, 0x81, 0x0C, 0x0C, 0x0F, 0x50, 0x00, 0x00, 0x00, 0x07, 0x00, 0x00, 0x00, 0x00, 0x00, 0x00, 0x00, 0x00, 0x00, 0x00, 0x00, 0x00,
    0x00, 0x00, 0x00, 0x00, 0x00, 0x00, 0x00, 0x00, 0x00, 0x00, 0x00, 0x00, 0x00, 0x00, 0x00, 0x00, 0x00, 0x00, 0x00, 0x00, 0x00, 0x00, 0x00, 0x00,
    0x00, 0x00, 0x00, 0x00, 0x00, 0x00, 0x00, 0x00, 0x00, 0x00, 0x00, 0x00, 0x00, 0x00, 0x00, 0x00, 0x00, 0x00, 0x00, 0x00, 0x00, 0x00, 0x00, 0x00,
    0x00, 0x00, 0x00, 0x00, 0x00, 0x00, 0x00, 0x00, 0x00, 0x00, 0x00, 0x00, 0x00, 0x00, 0x00, 0x00, 0x00, 0x00, 0x00, 0x00, 0x00, 0x00, 0x00, 0x00,
    0x00, 0x00, 0x00, 0x00, 0x00, 0x00, 0x00, 0x00, 0x00, 0x00, 0x00, 0x00, 0x00, 0x00, 0x00, 0x00, 0x00, 0x00, 0x00, 0x00, 0x00, 0x00, 0x00, 0x00,
    0x00, 0x00, 0x00, 0x00, 0x00, 0x00, 0x00, 0x00, 0x00, 0x00, 0x00, 0x00, 0x00, 0x00, 0x00, 0x01, 0x00, 0x00, 0x00, 0x02, 0x00, 0x00, 0x00, 0x04,
    0x13, 0x13, 0x16, 0xC4, 0x40, 0x3F, 0x43, 0xFF, 0x4B, 0x4A, 0x50, 0xFF, 0x31, 0x30, 0x38, 0xFF, 0x0C, 0x0B, 0x12, 0xFF, 0x0B, 0x0A, 0x0F, 0xFF,
    0x0C, 0x0B, 0x10, 0xFF, 0x0C, 0x0B, 0x11, 0xFF, 0x0E, 0x0D, 0x14, 0xFF, 0x0E, 0x0D, 0x14, 0xFF, 0x0C, 0x0B, 0x11, 0xFF, 0x0D, 0x0C, 0x10, 0xFF,
    0x07, 0x07, 0x09, 0xFF, 0x0E, 0x0E, 0x10, 0xFF, 0x1E, 0x1E, 0x21, 0x5C, 0x00, 0x00, 0x00, 0x00, 0x00, 0x00, 0x00, 0x00, 0x00, 0x00, 0x00, 0x00,
    0x00, 0x00, 0x00, 0x00, 0x00, 0x00, 0x00, 0x00, 0x00, 0x00, 0x00, 0x00, 0x00, 0x00, 0x00, 0x00, 0x00, 0x00, 0x00, 0x00, 0x00, 0x00, 0x00, 0x00,
    0x00, 0x00, 0x00, 0x00, 0x00, 0x00, 0x00, 0x00, 0x00, 0x00, 0x00, 0x00, 0x00, 0x00, 0x00, 0x00, 0x00, 0x00, 0x00, 0x00, 0x00, 0x00, 0x00, 0x00,
    0x00, 0x00, 0x00, 0x00, 0x00, 0x00, 0x00, 0x00, 0x00, 0x00, 0x00, 0x00, 0x00, 0x00, 0x00, 0x00, 0x00, 0x00, 0x00, 0x00, 0x00, 0x00, 0x00, 0x00,
    0x00, 0x00, 0x00, 0x00, 0x00, 0x00, 0x00, 0x00, 0x00, 0x00, 0x00, 0x00, 0x00, 0x00, 0x00, 0x00, 0x00, 0x00, 0x00, 0x00, 0x00, 0x00, 0x00, 0x00,
    0x00, 0x00, 0x00, 0x00, 0x00, 0x00, 0x00, 0x00, 0x00, 0x00, 0x00, 0x00, 0x00, 0x00, 0x00, 0x03, 0x00, 0x00, 0x00, 0x00, 0x00, 0x00, 0x00, 0x3C,
    0x28, 0x28, 0x2B, 0xFF, 0x57, 0x57, 0x5B, 0xFB, 0x55, 0x53, 0x5A, 0xFC, 0x59, 0x57, 0x60, 0xFE, 0x23, 0x22, 0x2C, 0xFE, 0x0D, 0x0E, 0x15, 0xFE,
    0x0F, 0x10, 0x15, 0xFE, 0x10, 0x10, 0x15, 0xFE, 0x07, 0x06, 0x0B, 0xFE, 0x07, 0x06, 0x0C, 0xFE, 0x10, 0x0E, 0x16, 0xFD, 0x12, 0x10, 0x17, 0xFC,
    0x2D, 0x2D, 0x2F, 0xF7, 0x56, 0x56, 0x58, 0xFD, 0x4D, 0x4D, 0x51, 0x90, 0x00, 0x00, 0x00, 0x00, 0x00, 0x00, 0x00, 0x00, 0x00, 0x00, 0x00, 0x00,
    0x00, 0x00, 0x00, 0x00, 0x00, 0x00, 0x00, 0x00, 0x00, 0x00, 0x00, 0x00, 0x00, 0x00, 0x00, 0x00, 0x00, 0x00, 0x00, 0x00, 0x00, 0x00, 0x00, 0x00,
    0x00, 0x00, 0x00, 0x00, 0x00, 0x00, 0x00, 0x00, 0x00, 0x00, 0x00, 0x00, 0x00, 0x00, 0x00, 0x00, 0x00, 0x00, 0x00, 0x00, 0x00, 0x00, 0x00, 0x00,
    0x00, 0x00, 0x00, 0x00, 0x00, 0x00, 0x00, 0x00, 0x00, 0x00, 0x00, 0x00, 0x00, 0x00, 0x00, 0x00, 0x00, 0x00, 0x00, 0x00, 0x00, 0x00, 0x00, 0x00,
    0x00, 0x00, 0x00, 0x00, 0x00, 0x00, 0x00, 0x00, 0x00, 0x00, 0x00, 0x00, 0x00, 0x00, 0x00, 0x00, 0x00, 0x00, 0x00, 0x00, 0x00, 0x00, 0x00, 0x00,
    0x00, 0x00, 0x00, 0x00, 0x00, 0x00, 0x00, 0x00, 0x00, 0x00, 0x00, 0x00, 0x00, 0x00, 0x00, 0x04, 0x00, 0x00, 0x00, 0x00, 0x02, 0x02, 0x02, 0x7B,
    0x26, 0x26, 0x2A, 0xFE, 0x4F, 0x4E, 0x53, 0xFB, 0x55, 0x54, 0x5B, 0xFF, 0x44, 0x43, 0x4D, 0xFF, 0x42, 0x43, 0x4D, 0xFF, 0x3D, 0x40, 0x49, 0xFF,
    0x43, 0x47, 0x50, 0xFF, 0x56, 0x5A, 0x62, 0xFF, 0x4F, 0x4E, 0x58, 0xFF, 0x46, 0x46, 0x50, 0xFF, 0x4E, 0x4E, 0x57, 0xFF, 0x42, 0x41, 0x4A, 0xFF,
    0x59, 0x58, 0x5D, 0xFB, 0x6C, 0x6C, 0x6F, 0xFF, 0x5A, 0x58, 0x5C, 0x81, 0x00, 0x00, 0x00, 0x00, 0x00, 0x00, 0x00, 0x00, 0x00, 0x00, 0x00, 0x00,
    0x00, 0x00, 0x00, 0x00, 0x00, 0x00, 0x00, 0x00, 0x00, 0x00, 0x00, 0x00, 0x00, 0x00, 0x00, 0x00, 0x00, 0x00, 0x00, 0x00, 0x00, 0x00, 0x00, 0x00,
    0x00, 0x00, 0x00, 0x00, 0x00, 0x00, 0x00, 0x00, 0x00, 0x00, 0x00, 0x00, 0x00, 0x00, 0x00, 0x00, 0x00, 0x00, 0x00, 0x00, 0x00, 0x00, 0x00, 0x00,
    0x00, 0x00, 0x00, 0x00, 0x00, 0x00, 0x00, 0x00, 0x00, 0x00, 0x00, 0x00, 0x00, 0x00, 0x00, 0x00, 0x00, 0x00, 0x00, 0x00, 0x00, 0x00, 0x00, 0x00,
    0x00, 0x00, 0x00, 0x00, 0x00, 0x00, 0x00, 0x00, 0x00, 0x00, 0x00, 0x00, 0x00, 0x00, 0x00, 0x00, 0x00, 0x00, 0x00, 0x00, 0x00, 0x00, 0x00, 0x00,
    0x00, 0x00, 0x00, 0x00, 0x00, 0x00, 0x00, 0x00, 0x00, 0x00, 0x00, 0x00, 0x00, 0x00, 0x00, 0x03, 0x00, 0x00, 0x00, 0x00, 0x04, 0x04, 0x08, 0x9A,
    0x18, 0x19, 0x1E, 0xFF, 0x20, 0x21, 0x26, 0xFC, 0x3C, 0x3D, 0x44, 0xFF, 0x39, 0x38, 0x40, 0xFF, 0x30, 0x30, 0x38, 0xFF, 0x2F, 0x32, 0x3B, 0xFF,
    0x47, 0x4E, 0x59, 0xFF, 0x47, 0x4A, 0x56, 0xFF, 0x59, 0x57, 0x63, 0xFF, 0x54, 0x53, 0x5E, 0xFF, 0x3D, 0x3D, 0x47, 0xFF, 0x3C, 0x3D, 0x44, 0xFF,
    0x48, 0x48, 0x4D, 0xFC, 0x4E, 0x4D, 0x51, 0xFF, 0x40, 0x3E, 0x41, 0xAF, 0xFF, 0xFF, 0xFF, 0x01, 0x00, 0x00, 0x00, 0x00, 0x00, 0x00, 0x00, 0x00,
    0x00, 0x00, 0x00, 0x00, 0x00, 0x00, 0x00, 0x00, 0x00, 0x00, 0x00, 0x00, 0x00, 0x00, 0x00, 0x00, 0x00, 0x00, 0x00, 0x00, 0x00, 0x00, 0x00, 0x00,
    0x00, 0x00, 0x00, 0x00, 0x00, 0x00, 0x00, 0x00, 0x00, 0x00, 0x00, 0x00, 0x00, 0x00, 0x00, 0x00, 0x00, 0x00, 0x00, 0x00, 0x00, 0x00, 0x00, 0x00,
    0x00, 0x00, 0x00, 0x00, 0x00, 0x00, 0x00, 0x00, 0x00, 0x00, 0x00, 0x00, 0x00, 0x00, 0x00, 0x00, 0x00, 0x00, 0x00, 0x00, 0x00, 0x00, 0x00, 0x00,
    0x00, 0x00, 0x00, 0x00, 0x00, 0x00, 0x00, 0x00, 0x00, 0x00, 0x00, 0x00, 0x00, 0x00, 0x00, 0x00, 0x00, 0x00, 0x00, 0x00, 0x00, 0x00, 0x00, 0x00,
    0x00, 0x00, 0x00, 0x00, 0x00, 0x00, 0x00, 0x00, 0x00, 0x00, 0x00, 0x00, 0x00, 0x00, 0x00, 0x03, 0x00, 0x00, 0x00, 0x00, 0x12, 0x12, 0x15, 0xA3,
    0x14, 0x16, 0x1A, 0xFF, 0x26, 0x28, 0x2C, 0xFC, 0x35, 0x37, 0x3D, 0xFF, 0x25, 0x26, 0x2D, 0xFF, 0x19, 0x17, 0x1E, 0xFF, 0x27, 0x28, 0x2F, 0xFF,
    0x3C, 0x40, 0x46, 0xFF, 0x3F, 0x40, 0x46, 0xFF, 0x41, 0x3E, 0x46, 0xFF, 0x33, 0x32, 0x39, 0xFF, 0x24, 0x23, 0x29, 0xFF, 0x29, 0x2B, 0x2F, 0xFF,
    0x5C, 0x5D, 0x62, 0xFD, 0x48, 0x47, 0x4E, 0xFF, 0x48, 0x47, 0x4A, 0xDE, 0x91, 0x91, 0x91, 0x07, 0x00, 0x00, 0x00, 0x00, 0x00, 0x00, 0x00, 0x00,
    0x00, 0x00, 0x00, 0x00, 0x00, 0x00, 0x00, 0x00, 0x00, 0x00, 0x00, 0x00, 0x00, 0x00, 0x00, 0x00, 0x00, 0x00, 0x00, 0x00, 0x00, 0x00, 0x00, 0x00,
    0x00, 0x00, 0x00, 0x00, 0x00, 0x00, 0x00, 0x00, 0x00, 0x00, 0x00, 0x00, 0x00, 0x00, 0x00, 0x00, 0x00, 0x00, 0x00, 0x00, 0x00, 0x00, 0x00, 0x00,
    0x00, 0x00, 0x00, 0x00, 0x00, 0x00, 0x00, 0x00, 0x00, 0x00, 0x00, 0x00, 0x00, 0x00, 0x00, 0x00, 0x00, 0x00, 0x00, 0x00, 0x00, 0x00, 0x00, 0x00,
    0x00, 0x00, 0x00, 0x00, 0x00, 0x00, 0x00, 0x00, 0x00, 0x00, 0x00, 0x00, 0x00, 0x00, 0x00, 0x00, 0x00, 0x00, 0x00, 0x00, 0x00, 0x00, 0x00, 0x00,
    0x00, 0x00, 0x00, 0x00, 0x00, 0x00, 0x00, 0x00, 0x00, 0x00, 0x00, 0x01, 0x00, 0x00, 0x00, 0x00, 0x00, 0x00, 0x00, 0x09, 0x28, 0x29, 0x2E, 0xD7,
    0x1B, 0x1C, 0x20, 0xFF, 0x15, 0x17, 0x1B, 0xFD, 0x1B, 0x1C, 0x23, 0xFF, 0x34, 0x33, 0x3A, 0xFF, 0x36, 0x35, 0x3C, 0xFF, 0x31, 0x30, 0x36, 0xFF,
    0x2F, 0x2E, 0x31, 0xFF, 0x42, 0x40, 0x43, 0xFF, 0x53, 0x50, 0x53, 0xFF, 0x2C, 0x2A, 0x2E, 0xFF, 0x09, 0x09, 0x0E, 0xFF, 0x2A, 0x2B, 0x2F, 0xFF,
    0x5C, 0x5D, 0x62, 0xFD, 0x43, 0x41, 0x49, 0xFF, 0x7C, 0x7B, 0x7C, 0xDB, 0xFF, 0xFF, 0xFF, 0x09, 0x00, 0x00, 0x00, 0x00, 0x00, 0x00, 0x00, 0x00,
    0x00, 0x00, 0x00, 0x00, 0x00, 0x00, 0x00, 0x00, 0x00, 0x00, 0x00, 0x00, 0x00, 0x00, 0x00, 0x00, 0x00, 0x00, 0x00, 0x00, 0x00, 0x00, 0x00, 0x00,
    0x00, 0x00, 0x00, 0x00, 0x00, 0x00, 0x00, 0x00, 0x00, 0x00, 0x00, 0x00, 0x00, 0x00, 0x00, 0x00, 0x00, 0x00, 0x00, 0x00, 0x00, 0x00, 0x00, 0x00,
    0x00, 0x00, 0x00, 0x00, 0x00, 0x00, 0x00, 0x00, 0x00, 0x00, 0x00, 0x00, 0x00, 0x00, 0x00, 0x00, 0x00, 0x00, 0x00, 0x00, 0x00, 0x00, 0x00, 0x00,
    0x00, 0x00, 0x00, 0x00, 0x00, 0x00, 0x00, 0x00, 0x00, 0x00, 0x00, 0x00, 0x00, 0x00, 0x00, 0x00, 0x00, 0x00, 0x00, 0x00, 0x00, 0x00, 0x00, 0x00,
    0x00, 0x00, 0x00, 0x00, 0x00, 0x00, 0x00, 0x00, 0x00, 0x00, 0x00, 0x02, 0x00, 0x00, 0x00, 0x00, 0x0A, 0x0A, 0x0A, 0x31, 0x28, 0x29, 0x2F, 0xFD,
    0x21, 0x22, 0x28, 0xFF, 0x0C, 0x0D, 0x13, 0xFF, 0x23, 0x24, 0x2B, 0xFF, 0x37, 0x38, 0x3F, 0xFF, 0x41, 0x41, 0x48, 0xFF, 0x49, 0x4A, 0x50, 0xFF,
    0x59, 0x58, 0x5D, 0xFF, 0x4C, 0x49, 0x4E, 0xFF, 0x42, 0x3E, 0x44, 0xFF, 0x20, 0x1E, 0x23, 0xFF, 0x1B, 0x1C, 0x20, 0xFF, 0x28, 0x29, 0x2E, 0xFF,
    0x51, 0x50, 0x55, 0xFE, 0x21, 0x1E, 0x25, 0xFF, 0x74, 0x71, 0x73, 0xE2, 0xFF, 0xFF, 0xFF, 0x0F, 0x00, 0x00, 0x00, 0x00, 0x00, 0x00, 0x00, 0x00,
    0x00, 0x00, 0x00, 0x00, 0x00, 0x00, 0x00, 0x00, 0x00, 0x00, 0x00, 0x00, 0x00, 0x00, 0x00, 0x00, 0x00, 0x00, 0x00, 0x00, 0x00, 0x00, 0x00, 0x00,
    0x00, 0x00, 0x00, 0x00, 0x00, 0x00, 0x00, 0x00, 0x00, 0x00, 0x00, 0x00, 0x00, 0x00, 0x00, 0x00, 0x00, 0x00, 0x00, 0x00, 0x00, 0x00, 0x00, 0x00,
    0x00, 0x00, 0x00, 0x00, 0x00, 0x00, 0x00, 0x00, 0x00, 0x00, 0x00, 0x00, 0x00, 0x00, 0x00, 0x00, 0x00, 0x00, 0x00, 0x00, 0x00, 0x00, 0x00, 0x00,
    0x00, 0x00, 0x00, 0x00, 0x00, 0x00, 0x00, 0x00, 0x00, 0x00, 0x00, 0x00, 0x00, 0x00, 0x00, 0x00, 0x00, 0x00, 0x00, 0x00, 0x00, 0x00, 0x00, 0x00,
    0x00, 0x00, 0x00, 0x00, 0x00, 0x00, 0x00, 0x00, 0x00, 0x00, 0x00, 0x03, 0x00, 0x00, 0x00, 0x00, 0x06, 0x09, 0x09, 0x4D, 0x1D, 0x1E, 0x23, 0xFF,
    0x17, 0x18, 0x1F, 0xFE, 0x0F, 0x10, 0x17, 0xFF, 0x38, 0x39, 0x3F, 0xFF, 0x59, 0x5A, 0x61, 0xFF, 0x3E, 0x3C, 0x43, 0xFF, 0x47, 0x45, 0x4C, 0xFF,
    0x62, 0x5F, 0x66, 0xFF, 0x69, 0x65, 0x6B, 0xFF, 0x5E, 0x5B, 0x60, 0xFF, 0x24, 0x22, 0x27, 0xFF, 0x16, 0x16, 0x1B, 0xFF, 0x26, 0x26, 0x2A, 0xFF,
    0x54, 0x52, 0x57, 0xFD, 0x43, 0x3F, 0x46, 0xFF, 0x79, 0x76, 0x78, 0xDE, 0xFF, 0xFF, 0xFF, 0x0A, 0x00, 0x00, 0x00, 0x00, 0x00, 0x00, 0x00, 0x00,
    0x00, 0x00, 0x00, 0x00, 0x00, 0x00, 0x00, 0x00, 0x00, 0x00, 0x00, 0x00, 0x00, 0x00, 0x00, 0x00, 0x00, 0x00, 0x00, 0x00, 0x00, 0x00, 0x00, 0x00,
    0x00, 0x00, 0x00, 0x00, 0x00, 0x00, 0x00, 0x00, 0x00, 0x00, 0x00, 0x00, 0x00, 0x00, 0x00, 0x00, 0x00, 0x00, 0x00, 0x00, 0x00, 0x00, 0x00, 0x00,
    0x00, 0x00, 0x00, 0x00, 0x00, 0x00, 0x00, 0x00, 0x00, 0x00, 0x00, 0x00, 0x00, 0x00, 0x00, 0x00, 0x00, 0x00, 0x00, 0x00, 0x00, 0x00, 0x00, 0x00,
    0x00, 0x00, 0x00, 0x00, 0x00, 0x00, 0x00, 0x00, 0x00, 0x00, 0x00, 0x00, 0x00, 0x00, 0x00, 0x00, 0x00, 0x00, 0x00, 0x00, 0x00, 0x00, 0x00, 0x00,
    0x00, 0x00, 0x00, 0x00, 0x00, 0x00, 0x00, 0x00, 0x00, 0x00, 0x00, 0x03, 0x00, 0x00, 0x00, 0x00, 0x03, 0x03, 0x06, 0x4F, 0x1B, 0x1C, 0x20, 0xFF,
    0x13, 0x14, 0x1A, 0xFE, 0x0C, 0x0D, 0x13, 0xFF, 0x67, 0x67, 0x6E, 0xFF, 0x4E, 0x4D, 0x54, 0xFF, 0x38, 0x34, 0x3A, 0xFF, 0x44, 0x3E, 0x44, 0xFF,
    0x51, 0x4C, 0x52, 0xFF, 0x55, 0x50, 0x56, 0xFF, 0x64, 0x60, 0x66, 0xFF, 0x47, 0x45, 0x4A, 0xFF, 0x27, 0x27, 0x2B, 0xFF, 0x37, 0x37, 0x3C, 0xFF,
    0x51, 0x4F, 0x54, 0xFD, 0x72, 0x6F, 0x75, 0xFF, 0x99, 0x95, 0x97, 0xCD, 0xFF, 0xFF, 0xFF, 0x02, 0x00, 0x00, 0x00, 0x00, 0x00, 0x00, 0x00, 0x00,
    0x00, 0x00, 0x00, 0x00, 0x00, 0x00, 0x00, 0x00, 0x00, 0x00, 0x00, 0x00, 0x00, 0x00, 0x00, 0x00, 0x00, 0x00, 0x00, 0x00, 0x00, 0x00, 0x00, 0x00,
    0x00, 0x00, 0x00, 0x00, 0x00, 0x00, 0x00, 0x00, 0x00, 0x00, 0x00, 0x00, 0x00, 0x00, 0x00, 0x00, 0x00, 0x00, 0x00, 0x00, 0x00, 0x00, 0x00, 0x00,
    0x00, 0x00, 0x00, 0x00, 0x00, 0x00, 0x00, 0x00, 0x00, 0x00, 0x00, 0x00, 0x00, 0x00, 0x00, 0x00, 0x00, 0x00, 0x00, 0x00, 0x00, 0x00, 0x00, 0x00,
    0x00, 0x00, 0x00, 0x00, 0x00, 0x00, 0x00, 0x00, 0x00, 0x00, 0x00, 0x00, 0x00, 0x00, 0x00, 0x00, 0x00, 0x00, 0x00, 0x00, 0x00, 0x00, 0x00, 0x00,
    0x00, 0x00, 0x00, 0x00, 0x00, 0x00, 0x00, 0x00, 0x00, 0x00, 0x00, 0x03, 0x00, 0x00, 0x00, 0x00, 0x02, 0x02, 0x05, 0x58, 0x2C, 0x2C, 0x31, 0xFF,
    0x21, 0x20, 0x25, 0xFD, 0x16, 0x15, 0x1A, 0xFF, 0x58, 0x57, 0x5D, 0xFF, 0x3B, 0x3A, 0x3F, 0xFF, 0x3C, 0x38, 0x3D, 0xFF, 0x43, 0x3C, 0x43, 0xFF,
    0x52, 0x4D, 0x53, 0xFF, 0x50, 0x4A, 0x51, 0xFF, 0x57, 0x52, 0x58, 0xFF, 0x6A, 0x69, 0x6E, 0xFF, 0x24, 0x24, 0x2A, 0xFF, 0x18, 0x18, 0x1F, 0xFF,
    0x1B, 0x1A, 0x1F, 0xFC, 0x63, 0x61, 0x61, 0xFF, 0x9A, 0x97, 0x93, 0xBC, 0x00, 0x00, 0x00, 0x00, 0x00, 0x00, 0x00, 0x00, 0x00, 0x00, 0x00, 0x00,
    0x00, 0x00, 0x00, 0x00, 0x00, 0x00, 0x00, 0x00, 0x00, 0x00, 0x00, 0x00, 0x00, 0x00, 0x00, 0x00, 0x00, 0x00, 0x00, 0x00, 0x00, 0x00, 0x00, 0x00,
    0x00, 0x00, 0x00, 0x00, 0x00, 0x00, 0x00, 0x00, 0x00, 0x00, 0x00, 0x00, 0x00, 0x00, 0x00, 0x00, 0x00, 0x00, 0x00, 0x00, 0x00, 0x00, 0x00, 0x00,
    0x00, 0x00, 0x00, 0x00, 0x00, 0x00, 0x00, 0x00, 0x00, 0x00, 0x00, 0x00, 0x00, 0x00, 0x00, 0x00, 0x00, 0x00, 0x00, 0x00, 0x00, 0x00, 0x00, 0x00,
    0x00, 0x00, 0x00, 0x00, 0x00, 0x00, 0x00, 0x00, 0x00, 0x00, 0x00, 0x00, 0x00, 0x00, 0x00, 0x00, 0x00, 0x00, 0x00, 0x00, 0x00, 0x00, 0x00, 0x00,
    0x00, 0x00, 0x00, 0x00, 0x00, 0x00, 0x00, 0x00, 0x00, 0x00, 0x00, 0x03, 0x00, 0x00, 0x00, 0x00, 0x00, 0x00, 0x03, 0x4C, 0x24, 0x23, 0x27, 0xFF,
    0x30, 0x30, 0x34, 0xFF, 0x22, 0x20, 0x26, 0xFE, 0x5E, 0x5E, 0x62, 0xFF, 0x43, 0x42, 0x47, 0xFF, 0x38, 0x34, 0x39, 0xFF, 0x46, 0x3F, 0x44, 0xFF,
    0x4C, 0x46, 0x4B, 0xFF, 0x52, 0x4D, 0x53, 0xFF, 0x7D, 0x78, 0x7E, 0xFF, 0x42, 0x3F, 0x45, 0xFF, 0x0C, 0x0B, 0x12, 0xFF, 0x21, 0x20, 0x27, 0xFF,
    0x27, 0x25, 0x2C, 0xFC, 0x60, 0x5D, 0x5F, 0xFF, 0x8D, 0x8A, 0x88, 0xAF, 0x00, 0x00, 0x00, 0x00, 0x00, 0x00, 0x00, 0x00, 0x00, 0x00, 0x00, 0x00,
    0x00, 0x00, 0x00, 0x00, 0x00, 0x00, 0x00, 0x00, 0x00, 0x00, 0x00, 0x00, 0x00, 0x00, 0x00, 0x00, 0x00, 0x00, 0x00, 0x00, 0x00, 0x00, 0x00, 0x00,
    0x00, 0x00, 0x00, 0x00, 0x00, 0x00, 0x00, 0x00, 0x00, 0x00, 0x00, 0x00, 0x00, 0x00, 0x00, 0x00, 0x00, 0x00, 0x00, 0x00, 0x00, 0x00, 0x00, 0x00,
    0x00, 0x00, 0x00, 0x00, 0x00, 0x00, 0x00, 0x00, 0x00, 0x00, 0x00, 0x00, 0x00, 0x00, 0x00, 0x00, 0x00, 0x00, 0x00, 0x00, 0x00, 0x00, 0x00, 0x00,
    0x00, 0x00, 0x00, 0x00, 0x00, 0x00, 0x00, 0x00, 0x00, 0x00, 0x00, 0x00, 0x00, 0x00, 0x00, 0x00, 0x00, 0x00, 0x00, 0x00, 0x00, 0x00, 0x00, 0x00,
    0x00, 0x00, 0x00, 0x00, 0x00, 0x00, 0x00, 0x00, 0x00, 0x00, 0x00, 0x03, 0x00, 0x00, 0x00, 0x00, 0x03, 0x03, 0x07, 0x40, 0x1A, 0x1A, 0x1C, 0xFF,
    0x22, 0x22, 0x25, 0xFE, 0x1D, 0x1C, 0x21, 0xFF, 0x58, 0x57, 0x5C, 0xFF, 0x45, 0x44, 0x49, 0xFF, 0x37, 0x33, 0x38, 0xFF, 0x48, 0x43, 0x47, 0xFF,
    0x4C, 0x47, 0x4B, 0xFF, 0x5B, 0x57, 0x5C, 0xFF, 0x7F, 0x7B, 0x80, 0xFF, 0x14, 0x10, 0x15, 0xFF, 0x0E, 0x0E, 0x15, 0xFF, 0x34, 0x35, 0x3B, 0xFF,
    0x3E, 0x3E, 0x45, 0xFB, 0x6B, 0x67, 0x6E, 0xFF, 0x78, 0x72, 0x78, 0x8E, 0x00, 0x00, 0x00, 0x00, 0x00, 0x00, 0x00, 0x00, 0x00, 0x00, 0x00, 0x00,
    0x00, 0x00, 0x00, 0x00, 0x00, 0x00, 0x00, 0x00, 0x00, 0x00, 0x00, 0x00, 0x00, 0x00, 0x00, 0x00, 0x00, 0x00, 0x00, 0x00, 0x00, 0x00, 0x00, 0x00,
    0x00, 0x00, 0x00, 0x00, 0x00, 0x00, 0x00, 0x00, 0x00, 0x00, 0x00, 0x00, 0x00, 0x00, 0x00, 0x00, 0x00, 0x00, 0x00, 0x00, 0x00, 0x00, 0x00, 0x00,
    0x00, 0x00, 0x00, 0x00, 0x00, 0x00, 0x00, 0x00, 0x00, 0x00, 0x00, 0x00, 0x00, 0x00, 0x00, 0x00, 0x00, 0x00, 0x00, 0x00, 0x00, 0x00, 0x00, 0x00,
    0x00, 0x00, 0x00, 0x00, 0x00, 0x00, 0x00, 0x00, 0x00, 0x00, 0x00, 0x00, 0x00, 0x00, 0x00, 0x00, 0x00, 0x00, 0x00, 0x00, 0x00, 0x00, 0x00, 0x00,
    0x00, 0x00, 0x00, 0x00, 0x00, 0x00, 0x00, 0x00, 0x00, 0x00, 0x00, 0x03, 0x00, 0x00, 0x00, 0x00, 0x03, 0x03, 0x06, 0x4A, 0x13, 0x15, 0x16, 0xFF,
    0x13, 0x15, 0x17, 0xFE, 0x14, 0x15, 0x17, 0xFE, 0x40, 0x3E, 0x45, 0xFF, 0x3B, 0x3A, 0x40, 0xFF, 0x37, 0x35, 0x38, 0xFF, 0x47, 0x43, 0x48, 0xFF,
    0x58, 0x54, 0x57, 0xFF, 0x58, 0x53, 0x58, 0xFF, 0x5D, 0x58, 0x5B, 0xFF, 0x21, 0x1E, 0x21, 0xFF, 0x33, 0x32, 0x39, 0xFF, 0x4D, 0x4B, 0x52, 0xFF,
    0x5F, 0x5D, 0x62, 0xFC, 0x8F, 0x8B, 0x90, 0xFF, 0x69, 0x66, 0x69, 0x68, 0x00, 0x00, 0x00, 0x00, 0x00, 0x00, 0x00, 0x00, 0x00, 0x00, 0x00, 0x00,
    0x00, 0x00, 0x00, 0x00, 0x00, 0x00, 0x00, 0x00, 0x00, 0x00, 0x00, 0x00, 0x00, 0x00, 0x00, 0x00, 0x00, 0x00, 0x00, 0x00, 0x00, 0x00, 0x00, 0x00,
    0x00, 0x00, 0x00, 0x00, 0x00, 0x00, 0x00, 0x00, 0x00, 0x00, 0x00, 0x00, 0x00, 0x00, 0x00, 0x00, 0x00, 0x00, 0x00, 0x00, 0x00, 0x00, 0x00, 0x00,
    0x00, 0x00, 0x00, 0x00, 0x00, 0x00, 0x00, 0x00, 0x00, 0x00, 0x00, 0x00, 0x00, 0x00, 0x00, 0x00, 0x00, 0x00, 0x00, 0x00, 0x00, 0x00, 0x00, 0x00,
    0x00, 0x00, 0x00, 0x00, 0x00, 0x00, 0x00, 0x00, 0x00, 0x00, 0x00, 0x00, 0x00, 0x00, 0x00, 0x00, 0x00, 0x00, 0x00, 0x00, 0x00, 0x00, 0x00, 0x00,
    0x00, 0x00, 0x00, 0x00, 0x00, 0x00, 0x00, 0x00, 0x00, 0x00, 0x00, 0x02, 0x00, 0x00, 0x00, 0x00, 0x00, 0x00, 0x00, 0x31, 0x0F, 0x10, 0x12, 0xF2,
    0x11, 0x13, 0x18, 0xFF, 0x11, 0x12, 0x14, 0xFE, 0x3E, 0x3C, 0x43, 0xFF, 0x39, 0x39, 0x3F, 0xFF, 0x3C, 0x3A, 0x3E, 0xFF, 0x4C, 0x48, 0x4D, 0xFF,
    0x52, 0x4F, 0x53, 0xFF, 0x6A, 0x66, 0x69, 0xFF, 0x63, 0x5E, 0x62, 0xFF, 0x39, 0x37, 0x38, 0xFF, 0x3B, 0x37, 0x3F, 0xFF, 0x3E, 0x3B, 0x43, 0xFE,
    0x55, 0x50, 0x56, 0xFE, 0x6D, 0x66, 0x65, 0xFE, 0x42, 0x42, 0x42, 0x36, 0x00, 0x00, 0x00, 0x00, 0x00, 0x00, 0x00, 0x00, 0x00, 0x00, 0x00, 0x00,
    0x00, 0x00, 0x00, 0x00, 0x00, 0x00, 0x00, 0x00, 0x00, 0x00, 0x00, 0x00, 0x00, 0x00, 0x00, 0x00, 0x00, 0x00, 0x00, 0x00, 0x00, 0x00, 0x00, 0x00,
    0x00, 0x00, 0x00, 0x00, 0x00, 0x00, 0x00, 0x00, 0x00, 0x00, 0x00, 0x00, 0x00, 0x00, 0x00, 0x00, 0x00, 0x00, 0x00, 0x00, 0x00, 0x00, 0x00, 0x00,
    0x00, 0x00, 0x00, 0x00, 0x00, 0x00, 0x00, 0x00, 0x00, 0x00, 0x00, 0x00, 0x00, 0x00, 0x00, 0x00, 0x00, 0x00, 0x00, 0x00, 0x00, 0x00, 0x00, 0x00,
    0x00, 0x00, 0x00, 0x00, 0x00, 0x00, 0x00, 0x00, 0x00, 0x00, 0x00, 0x00, 0x00, 0x00, 0x00, 0x00, 0x00, 0x00, 0x00, 0x00, 0x00, 0x00, 0x00, 0x00,
    0x00, 0x00, 0x00, 0x00, 0x00, 0x00, 0x00, 0x00, 0x00, 0x00, 0x00, 0x01, 0x00, 0x00, 0x00, 0x00, 0x00, 0x00, 0x00, 0x11, 0x0F, 0x11, 0x13, 0xD9,
    0x23, 0x24, 0x2A, 0xFF, 0x1A, 0x1A, 0x1E, 0xFD, 0x3D, 0x3C, 0x42, 0xFF, 0x3C, 0x3C, 0x41, 0xFF, 0x3F, 0x3D, 0x43, 0xFF, 0x50, 0x4E, 0x54, 0xFF,
    0x61, 0x5F, 0x61, 0xFF, 0x81, 0x7E, 0x80, 0xFF, 0x42, 0x3E, 0x42, 0xFF, 0x27, 0x26, 0x2B, 0xFF, 0x39, 0x3A, 0x43, 0xFF, 0x49, 0x49, 0x53, 0xFC,
    0x44, 0x42, 0x48, 0xFF, 0x3C, 0x35, 0x33, 0xAD, 0x00, 0x00, 0x00, 0x00, 0x00, 0x00, 0x00, 0x02, 0x00, 0x00, 0x00, 0x00, 0x00, 0x00, 0x00, 0x00,
    0x00, 0x00, 0x00, 0x00, 0x00, 0x00, 0x00, 0x00, 0x00, 0x00, 0x00, 0x00, 0x00, 0x00, 0x00, 0x00, 0x00, 0x00, 0x00, 0x00, 0x00, 0x00, 0x00, 0x00,
    0x00, 0x00, 0x00, 0x00, 0x00, 0x00, 0x00, 0x00, 0x00, 0x00, 0x00, 0x00, 0x00, 0x00, 0x00, 0x00, 0x00, 0x00, 0x00, 0x00, 0x00, 0x00, 0x00, 0x00,
    0x00, 0x00, 0x00, 0x00, 0x00, 0x00, 0x00, 0x00, 0x00, 0x00, 0x00, 0x00, 0x00, 0x00, 0x00, 0x00, 0x00, 0x00, 0x00, 0x00, 0x00, 0x00, 0x00, 0x00,
    0x00, 0x00, 0x00, 0x00, 0x00, 0x00, 0x00, 0x00, 0x00, 0x00, 0x00, 0x00, 0x00, 0x00, 0x00, 0x00, 0x00, 0x00, 0x00, 0x00, 0x00, 0x00, 0x00, 0x00,
    0x00, 0x00, 0x00, 0x00, 0x00, 0x00, 0x00, 0x00, 0x00, 0x00, 0x00, 0x01, 0x00, 0x00, 0x00, 0x00, 0x00, 0x00, 0x00, 0x03, 0x0E, 0x0F, 0x12, 0xC2,
    0x29, 0x2A, 0x30, 0xFF, 0x1F, 0x20, 0x25, 0xFD, 0x4A, 0x49, 0x4E, 0xFF, 0x51, 0x50, 0x55, 0xFF, 0x3D, 0x3C, 0x41, 0xFF, 0x48, 0x47, 0x4E, 0xFF,
    0x7C, 0x7C, 0x7E, 0xFF, 0x87, 0x85, 0x85, 0xFF, 0x1D, 0x19, 0x1D, 0xFF, 0x29, 0x29, 0x32, 0xFF, 0x3F, 0x43, 0x4D, 0xFF, 0x3E, 0x3F, 0x48, 0xFC,
    0x33, 0x31, 0x35, 0xFF, 0x4B, 0x48, 0x4B, 0x77, 0x00, 0x00, 0x00, 0x00, 0x55, 0x55, 0x55, 0x03, 0x00, 0x00, 0x00, 0x00, 0x00, 0x00, 0x00, 0x00,
    0x00, 0x00, 0x00, 0x00, 0x00, 0x00, 0x00, 0x00, 0x00, 0x00, 0x00, 0x00, 0x00, 0x00, 0x00, 0x00, 0x00, 0x00, 0x00, 0x00, 0x00, 0x00, 0x00, 0x00,
    0x00, 0x00, 0x00, 0x00, 0x00, 0x00, 0x00, 0x00, 0x00, 0x00, 0x00, 0x00, 0x00, 0x00, 0x00, 0x00, 0x00, 0x00, 0x00, 0x00, 0x00, 0x00, 0x00, 0x00,
    0x00, 0x00, 0x00, 0x00, 0x00, 0x00, 0x00, 0x00, 0x00, 0x00, 0x00, 0x00, 0x00, 0x00, 0x00, 0x00, 0x00, 0x00, 0x00, 0x00, 0x00, 0x00, 0x00, 0x00,
    0x00, 0x00, 0x00, 0x00, 0x00, 0x00, 0x00, 0x00, 0x00, 0x00, 0x00, 0x00, 0x00, 0x00, 0x00, 0x00, 0x00, 0x00, 0x00, 0x00, 0x00, 0x00, 0x00, 0x00,
    0x00, 0x00, 0x00, 0x00, 0x00, 0x00, 0x00, 0x00, 0x00, 0x00, 0x00, 0x00, 0x00, 0x00, 0xFF, 0x01, 0x00, 0x00, 0x00, 0x00, 0x0E, 0x10, 0x11, 0xAB,
    0x1A, 0x1B, 0x24, 0xFF, 0x0F, 0x10, 0x14, 0xFC, 0x4D, 0x4C, 0x51, 0xFF, 0x51, 0x50, 0x55, 0xFF, 0x40, 0x3F, 0x46, 0xFF, 0x4F, 0x4E, 0x54, 0xFF,
    0x88, 0x85, 0x88, 0xFF, 0x5D, 0x59, 0x5A, 0xFF, 0x19, 0x16, 0x1A, 0xFF, 0x30, 0x31, 0x39, 0xFF, 0x36, 0x39, 0x40, 0xFF, 0x26, 0x27, 0x2C, 0xFE,
    0x52, 0x50, 0x51, 0xFF, 0xA3, 0xA1, 0xA1, 0xEA, 0x7F, 0x7F, 0x7F, 0x12, 0x00, 0x00, 0x00, 0x00, 0x00, 0x00, 0x00, 0x00, 0x00, 0x00, 0x00, 0x00,
    0x00, 0x00, 0x00, 0x00, 0x00, 0x00, 0x00, 0x00, 0x00, 0x00, 0x00, 0x00, 0x00, 0x00, 0x00, 0x00, 0x00, 0x00, 0x00, 0x00, 0x00, 0x00, 0x00, 0x00,
    0x00, 0x00, 0x00, 0x00, 0x00, 0x00, 0x00, 0x00, 0x00, 0x00, 0x00, 0x00, 0x00, 0x00, 0x00, 0x00, 0x00, 0x00, 0x00, 0x00, 0x00, 0x00, 0x00, 0x00,
    0x00, 0x00, 0x00, 0x00, 0x00, 0x00, 0x00, 0x00, 0x00, 0x00, 0x00, 0x00, 0x00, 0x00, 0x00, 0x00, 0x00, 0x00, 0x00, 0x00, 0x00, 0x00, 0x00, 0x00,
    0x00, 0x00, 0x00, 0x00, 0x00, 0x00, 0x00, 0x00, 0x00, 0x00, 0x00, 0x00, 0x00, 0x00, 0x00, 0x00, 0x00, 0x00, 0x00, 0x00, 0x00, 0x00, 0x00, 0x00,
    0x00, 0x00, 0x00, 0x00, 0x00, 0x00, 0x00, 0x00, 0x00, 0x00, 0x00, 0x00, 0x00, 0x55, 0x55, 0x03, 0x00, 0x00, 0x00, 0x00, 0x11, 0x13, 0x16, 0x9C,
    0x37, 0x38, 0x40, 0xFF, 0x25, 0x25, 0x2B, 0xFC, 0x31, 0x30, 0x37, 0xFF, 0x51, 0x4F, 0x54, 0xFF, 0x51, 0x4F, 0x52, 0xFF, 0x5B, 0x5A, 0x5B, 0xFF,
    0x73, 0x72, 0x72, 0xFF, 0x3F, 0x3E, 0x3E, 0xFF, 0x1B, 0x1A, 0x20, 0xFF, 0x35, 0x36, 0x3F, 0xFF, 0x2D, 0x30, 0x37, 0xFF, 0x3D, 0x3F, 0x43, 0xFE,
    0x6A, 0x69, 0x6C, 0xFF, 0x72, 0x70, 0x72, 0xE7, 0x69, 0x69, 0x69, 0x11, 0x00, 0x00, 0x00, 0x00, 0x00, 0x00, 0x00, 0x00, 0x00, 0x00, 0x00, 0x00,
    0x00, 0x00, 0x00, 0x00, 0x00, 0x00, 0x00, 0x00, 0x00, 0x00, 0x00, 0x00, 0x00, 0x00, 0x00, 0x00, 0x00, 0x00, 0x00, 0x00, 0x00, 0x00, 0x00, 0x00,
    0x00, 0x00, 0x00, 0x00, 0x00, 0x00, 0x00, 0x00, 0x00, 0x00, 0x00, 0x00, 0x00, 0x00, 0x00, 0x00, 0x00, 0x00, 0x00, 0x00, 0x00, 0x00, 0x00, 0x00,
    0x00, 0x00, 0x00, 0x00, 0x00, 0x00, 0x00, 0x00, 0x00, 0x00, 0x00, 0x00, 0x00, 0x00, 0x00, 0x00, 0x00, 0x00, 0x00, 0x00, 0x00, 0x00, 0x00, 0x00,
    0x00, 0x00, 0x00, 0x00, 0x00, 0x00, 0x00, 0x00, 0x00, 0x00, 0x00, 0x00, 0x00, 0x00, 0x00, 0x00, 0x00, 0x00, 0x00, 0x00, 0x00, 0x00, 0x00, 0x00,
    0x00, 0x00, 0x00, 0x00, 0x00, 0x00, 0x00, 0x00, 0x00, 0x00, 0x00, 0x00, 0x00, 0x55, 0x55, 0x03, 0x00, 0x00, 0x00, 0x00, 0x11, 0x13, 0x16, 0x93,
    0x36, 0x37, 0x3F, 0xFF, 0x3B, 0x3B, 0x42, 0xFC, 0x12, 0x11, 0x18, 0xFF, 0x1D, 0x1A, 0x1D, 0xFF, 0x2B, 0x28, 0x28, 0xFF, 0x35, 0x33, 0x32, 0xFF,
    0x33, 0x34, 0x32, 0xFF, 0x21, 0x20, 0x22, 0xFF, 0x1F, 0x1F, 0x26, 0xFF, 0x30, 0x32, 0x3B, 0xFF, 0x31, 0x34, 0x3B, 0xFF, 0x5E, 0x5E, 0x63, 0xFC,
    0x47, 0x45, 0x4B, 0xFE, 0x47, 0x46, 0x4C, 0xAE, 0x00, 0x00, 0x00, 0x00, 0x7F, 0x7F, 0x7F, 0x02, 0x00, 0x00, 0x00, 0x00, 0x00, 0x00, 0x00, 0x00,
    0x00, 0x00, 0x00, 0x00, 0x00, 0x00, 0x00, 0x00, 0x00, 0x00, 0x00, 0x00, 0x00, 0x00, 0x00, 0x00, 0x00, 0x00, 0x00, 0x00, 0x00, 0x00, 0x00, 0x00,
    0x00, 0x00, 0x00, 0x00, 0x00, 0x00, 0x00, 0x00, 0x00, 0x00, 0x00, 0x00, 0x00, 0x00, 0x00, 0x00, 0x00, 0x00, 0x00, 0x00, 0x00, 0x00, 0x00, 0x00,
    0x00, 0x00, 0x00, 0x00, 0x00, 0x00, 0x00, 0x00, 0x00, 0x00, 0x00, 0x00, 0x00, 0x00, 0x00, 0x00, 0x00, 0x00, 0x00, 0x00, 0x00, 0x00, 0x00, 0x00,
    0x00, 0x00, 0x00, 0x00, 0x00, 0x00, 0x00, 0x00, 0x00, 0x00, 0x00, 0x00, 0x00, 0x00, 0x00, 0x00, 0x00, 0x00, 0x00, 0x00, 0x00, 0x00, 0x00, 0x00,
    0x00, 0x00, 0x00, 0x00, 0x00, 0x00, 0x00, 0x00, 0x00, 0x00, 0x00, 0x00, 0x00, 0x00, 0x55, 0x03, 0x00, 0x00, 0x00, 0x01, 0x10, 0x11, 0x16, 0x9D,
    0x22, 0x23, 0x2C, 0xFF, 0x2F, 0x30, 0x36, 0xFC, 0x25, 0x24, 0x2A, 0xFF, 0x2D, 0x29, 0x2B, 0xFF, 0x4E, 0x4B, 0x49, 0xFF, 0x70, 0x6D, 0x6C, 0xFF,
    0x87, 0x86, 0x87, 0xFF, 0x40, 0x3F, 0x41, 0xFF, 0x25, 0x25, 0x2C, 0xFF, 0x2C, 0x2D, 0x36, 0xFF, 0x3C, 0x3D, 0x45, 0xFF, 0x3E, 0x3E, 0x43, 0xFC,
    0x43, 0x41, 0x46, 0xFF, 0x48, 0x48, 0x4D, 0x69, 0x00, 0x00, 0x00, 0x00, 0x3F, 0x3F, 0x3F, 0x04, 0x00, 0x00, 0x00, 0x00, 0x00, 0x00, 0x00, 0x00,
    0x00, 0x00, 0x00, 0x00, 0x00, 0x00, 0x00, 0x00, 0x00, 0x00, 0x00, 0x00, 0x00, 0x00, 0x00, 0x00, 0x00, 0x00, 0x00, 0x00, 0x00, 0x00, 0x00, 0x00,
    0x00, 0x00, 0x00, 0x00, 0x00, 0x00, 0x00, 0x00, 0x00, 0x00, 0x00, 0x00, 0x00, 0x00, 0x00, 0x00, 0x00, 0x00, 0x00, 0x00, 0x00, 0x00, 0x00, 0x00,
    0x00, 0x00, 0x00, 0x00, 0x00, 0x00, 0x00, 0x00, 0x00, 0x00, 0x00, 0x00, 0x00, 0x00, 0x00, 0x00, 0x00, 0x00, 0x00, 0x00, 0x00, 0x00, 0x00, 0x00,
    0x00, 0x00, 0x00, 0x00, 0x00, 0x00, 0x00, 0x00, 0x00, 0x00, 0x00, 0x00, 0x00, 0x00, 0x00, 0x00, 0x00, 0x00, 0x00, 0x00, 0x00, 0x00, 0x00, 0x00,
    0x00, 0x00, 0x00, 0x00, 0x00, 0x00, 0x00, 0x00, 0x00, 0x00, 0x00, 0x00, 0x00, 0x00, 0x00, 0x01, 0x00, 0x00, 0x00, 0x00, 0x13, 0x14, 0x18, 0xC4,
    0x14, 0x16, 0x1D, 0xFF, 0x18, 0x19, 0x1F, 0xFC, 0x3C, 0x39, 0x3F, 0xFF, 0x5F, 0x5A, 0x5D, 0xFF, 0xA7, 0xA3, 0xA1, 0xFF, 0xB9, 0xB7, 0xB7, 0xFF,
    0x96, 0x95, 0x99, 0xFF, 0x49, 0x49, 0x4E, 0xFF, 0x2E, 0x2F, 0x34, 0xFF, 0x2B, 0x2C, 0x33, 0xFF, 0x43, 0x44, 0x4B, 0xFE, 0x3C, 0x3D, 0x43, 0xFF,
    0x39, 0x3A, 0x40, 0xF7, 0x3D, 0x3D, 0x45, 0x21, 0x00, 0x00, 0x00, 0x00, 0x7F, 0x7F, 0x7F, 0x02, 0x00, 0x00, 0x00, 0x00, 0x00, 0x00, 0x00, 0x00,
    0x00, 0x00, 0x00, 0x00, 0x00, 0x00, 0x00, 0x00, 0x00, 0x00, 0x00, 0x00, 0x00, 0x00, 0x00, 0x00, 0x00, 0x00, 0x00, 0x00, 0x00, 0x00, 0x00, 0x00,
    0x00, 0x00, 0x00, 0x00, 0x00, 0x00, 0x00, 0x00, 0x00, 0x00, 0x00, 0x00, 0x00, 0x00, 0x00, 0x00, 0x00, 0x00, 0x00, 0x00, 0x00, 0x00, 0x00, 0x00,
    0x00, 0x00, 0x00, 0x00, 0x00, 0x00, 0x00, 0x00, 0x00, 0x00, 0x00, 0x00, 0x00, 0x00, 0x00, 0x00, 0x00, 0x00, 0x00, 0x00, 0x00, 0x00, 0x00, 0x00,
    0x00, 0x00, 0x00, 0x00, 0x00, 0x00, 0x00, 0x00, 0x00, 0x00, 0x00, 0x00, 0x00, 0x00, 0x00, 0x00, 0x00, 0x00, 0x00, 0x00, 0x00, 0x00, 0x00, 0x00,
    0x00, 0x00, 0x00, 0x00, 0x00, 0x00, 0x00, 0x00, 0x00, 0x00, 0x00, 0x02, 0x00, 0x00, 0x00, 0x01, 0x1D, 0x1D, 0x24, 0x23, 0x1A, 0x1C, 0x1F, 0xF3,
    0x12, 0x14, 0x1A, 0xFE, 0x16, 0x18, 0x1D, 0xFE, 0x51, 0x4F, 0x54, 0xFF, 0x99, 0x93, 0x95, 0xFF, 0x75, 0x70, 0x70, 0xFF, 0x6F, 0x6D, 0x6E, 0xFF,
    0x58, 0x58, 0x5C, 0xFF, 0x34, 0x35, 0x3B, 0xFF, 0x38, 0x3A, 0x40, 0xFF, 0x2F, 0x30, 0x37, 0xFF, 0x35, 0x36, 0x3D, 0xFC, 0x4B, 0x4D, 0x54, 0xFF,
    0x2B, 0x2D, 0x33, 0x91, 0x00, 0x00, 0x00, 0x00, 0x55, 0x55, 0x55, 0x03, 0x00, 0x00, 0x00, 0x00, 0x00, 0x00, 0x00, 0x00, 0x00, 0x00, 0x00, 0x00,
    0x00, 0x00, 0x00, 0x00, 0x00, 0x00, 0x00, 0x00, 0x00, 0x00, 0x00, 0x00, 0x00, 0x00, 0x00, 0x00, 0x00, 0x00, 0x00, 0x00, 0x00, 0x00, 0x00, 0x00,
    0x00, 0x00, 0x00, 0x00, 0x00, 0x00, 0x00, 0x00, 0x00, 0x00, 0x00, 0x00, 0x00, 0x00, 0x00, 0x00, 0x00, 0x00, 0x00, 0x00, 0x00, 0x00, 0x00, 0x00,
    0x00, 0x00, 0x00, 0x00, 0x00, 0x00, 0x00, 0x00, 0x00, 0x00, 0x00, 0x00, 0x00, 0x00, 0x00, 0x00, 0x00, 0x00, 0x00, 0x00, 0x00, 0x00, 0x00, 0x00,
    0x00, 0x00, 0x00, 0x00, 0x00, 0x00, 0x00, 0x00, 0x00, 0x00, 0x00, 0x00, 0x00, 0x00, 0x00, 0x00, 0x00, 0x00, 0x00, 0x00, 0x00, 0x00, 0x00, 0x00,
    0x00, 0x00, 0x00, 0x00, 0x00, 0x00, 0x00, 0x00, 0x00, 0x00, 0x00, 0x03, 0x00, 0x00, 0x00, 0x00, 0x1F, 0x1F, 0x22, 0x9C, 0x1B, 0x1C, 0x20, 0xFF,
    0x12, 0x12, 0x18, 0xFC, 0x25, 0x26, 0x2C, 0xFF, 0x62, 0x60, 0x63, 0xFF, 0x4A, 0x43, 0x44, 0xFF, 0x51, 0x4B, 0x4C, 0xFF, 0x5A, 0x55, 0x59, 0xFF,
    0x4C, 0x4C, 0x50, 0xFF, 0x35, 0x39, 0x3E, 0xFF, 0x3A, 0x3D, 0x42, 0xFF, 0x2D, 0x2F, 0x35, 0xFF, 0x20, 0x22, 0x28, 0xFD, 0x28, 0x29, 0x30, 0xFF,
    0x32, 0x32, 0x39, 0x42, 0x00, 0x00, 0x00, 0x00, 0x00, 0x00, 0x55, 0x03, 0x00, 0x00, 0x00, 0x00, 0x00, 0x00, 0x00, 0x00, 0x00, 0x00, 0x00, 0x00,
    0x00, 0x00, 0x00, 0x00, 0x00, 0x00, 0x00, 0x00, 0x00, 0x00, 0x00, 0x00, 0x00, 0x00, 0x00, 0x00, 0x00, 0x00, 0x00, 0x00, 0x00, 0x00, 0x00, 0x00,
    0x00, 0x00, 0x00, 0x00, 0x00, 0x00, 0x00, 0x00, 0x00, 0x00, 0x00, 0x00, 0x00, 0x00, 0x00, 0x00, 0x00, 0x00, 0x00, 0x00, 0x00, 0x00, 0x00, 0x00,
    0x00, 0x00, 0x00, 0x00, 0x00, 0x00, 0x00, 0x00, 0x00, 0x00, 0x00, 0x00, 0x00, 0x00, 0x00, 0x00, 0x00, 0x00, 0x00, 0x00, 0x00, 0x00, 0x00, 0x00,
    0x00, 0x00, 0x00, 0x00, 0x00, 0x00, 0x00, 0x00, 0x00, 0x00, 0x00, 0x00, 0x00, 0x00, 0x00, 0x00, 0x00, 0x00, 0x00, 0x00, 0x00, 0x00, 0x00, 0x00,
    0x00, 0x00, 0x00, 0x00, 0x00, 0x00, 0x00, 0x02, 0x00, 0x00, 0x00, 0x00, 0x17, 0x17, 0x1C, 0x2C, 0x1B, 0x1C, 0x21, 0xF9, 0x1A, 0x19, 0x20, 0xFE,
    0x18, 0x15, 0x1D, 0xFF, 0x2E, 0x2B, 0x30, 0xFF, 0x57, 0x54, 0x57, 0xFF, 0x4B, 0x46, 0x47, 0xFF, 0x59, 0x52, 0x53, 0xFF, 0x54, 0x4F, 0x53, 0xFF,
    0x3D, 0x3B, 0x3F, 0xFF, 0x42, 0x42, 0x48, 0xFF, 0x41, 0x40, 0x47, 0xFF, 0x34, 0x33, 0x3A, 0xFF, 0x39, 0x38, 0x40, 0xFE, 0x4E, 0x4E, 0x54, 0xFF,
    0x4F, 0x4F, 0x53, 0x3D, 0x00, 0x00, 0x00, 0x00, 0x7F, 0x7F, 0x7F, 0x02, 0x00, 0x00, 0x00, 0x00, 0x00, 0x00, 0x00, 0x00, 0x00, 0x00, 0x00, 0x00,
    0x00, 0x00, 0x00, 0x00, 0x00, 0x00, 0x00, 0x00, 0x00, 0x00, 0x00, 0x00, 0x00, 0x00, 0x00, 0x00, 0x00, 0x00, 0x00, 0x00, 0x00, 0x00, 0x00, 0x00,
    0x00, 0x00, 0x00, 0x00, 0x00, 0x00, 0x00, 0x00, 0x00, 0x00, 0x00, 0x00, 0x00, 0x00, 0x00, 0x00, 0x00, 0x00, 0x00, 0x00, 0x00, 0x00, 0x00, 0x00,
    0x00, 0x00, 0x00, 0x00, 0x00, 0x00, 0x00, 0x00, 0x00, 0x00, 0x00, 0x00, 0x00, 0x00, 0x00, 0x00, 0x00, 0x00, 0x00, 0x00, 0x00, 0x00, 0x00, 0x00,
    0x00, 0x00, 0x00, 0x00, 0x00, 0x00, 0x00, 0x00, 0x00, 0x00, 0x00, 0x00, 0x00, 0x00, 0x00, 0x00, 0x00, 0x00, 0x00, 0x00, 0x00, 0x00, 0x00, 0x00,
    0x00, 0x00, 0x00, 0x00, 0x3F, 0x3F, 0x3F, 0x04, 0x00, 0x00, 0x00, 0x00, 0x22, 0x24, 0x28, 0x8C, 0x23, 0x23, 0x2B, 0xFF, 0x16, 0x15, 0x1C, 0xFB,
    0x19, 0x16, 0x1F, 0xFF, 0x3A, 0x37, 0x3B, 0xFF, 0x64, 0x61, 0x65, 0xFF, 0x4D, 0x48, 0x49, 0xFF, 0x56, 0x4E, 0x51, 0xFF, 0x52, 0x4D, 0x51, 0xFF,
    0x3B, 0x38, 0x3F, 0xFF, 0x3D, 0x37, 0x3F, 0xFF, 0x41, 0x3C, 0x43, 0xFF, 0x3D, 0x3B, 0x42, 0xFE, 0x5A, 0x5A, 0x61, 0xFF, 0x41, 0x40, 0x45, 0xEB,
    0x26, 0x26, 0x26, 0x14, 0x00, 0x00, 0x00, 0x00, 0x00, 0x00, 0x00, 0x01, 0x00, 0x00, 0x00, 0x00, 0x00, 0x00, 0x00, 0x00, 0x00, 0x00, 0x00, 0x00,
    0x00, 0x00, 0x00, 0x00, 0x00, 0x00, 0x00, 0x00, 0x00, 0x00, 0x00, 0x00, 0x00, 0x00, 0x00, 0x00, 0x00, 0x00, 0x00, 0x00, 0x00, 0x00, 0x00, 0x00,
    0x00, 0x00, 0x00, 0x00, 0x00, 0x00, 0x00, 0x00, 0x00, 0x00, 0x00, 0x00, 0x00, 0x00, 0x00, 0x00, 0x00, 0x00, 0x00, 0x00, 0x00, 0x00, 0x00, 0x00,
    0x00, 0x00, 0x00, 0x00, 0x00, 0x00, 0x00, 0x00, 0x00, 0x00, 0x00, 0x00, 0x00, 0x00, 0x00, 0x00, 0x00, 0x00, 0x00, 0x00, 0x00, 0x00, 0x00, 0x00,
    0x00, 0x00, 0x00, 0x00, 0x00, 0x00, 0x00, 0x00, 0x00, 0x00, 0x00, 0x00, 0x00, 0x00, 0x00, 0x00, 0x00, 0x00, 0x00, 0x00, 0x00, 0x00, 0x00, 0x00,
    0x00, 0x00, 0x00, 0x00, 0x00, 0x00, 0x00, 0x00, 0x00, 0x00, 0x00, 0x05, 0x24, 0x26, 0x2C, 0xD8, 0x24, 0x24, 0x2D, 0xFF, 0x16, 0x15, 0x1B, 0xFD,
    0x19, 0x16, 0x1D, 0xFF, 0x37, 0x34, 0x38, 0xFF, 0x56, 0x53, 0x56, 0xFF, 0x50, 0x4A, 0x4D, 0xFF, 0x5D, 0x55, 0x59, 0xFF, 0x3A, 0x35, 0x3A, 0xFF,
    0x24, 0x23, 0x2A, 0xFF, 0x3B, 0x3C, 0x43, 0xFF, 0x30, 0x2F, 0x37, 0xFF, 0x45, 0x44, 0x4B, 0xFD, 0x4D, 0x4E, 0x55, 0xFF, 0x2B, 0x2A, 0x30, 0xCE,
    0x7F, 0x7F, 0x7F, 0x02, 0x00, 0x00, 0x00, 0x01, 0x00, 0x00, 0x00, 0x01, 0x00, 0x00, 0x00, 0x00, 0x00, 0x00, 0x00, 0x00, 0x00, 0x00, 0x00, 0x00,
    0x00, 0x00, 0x00, 0x00, 0x00, 0x00, 0x00, 0x00, 0x00, 0x00, 0x00, 0x00, 0x00, 0x00, 0x00, 0x00, 0x00, 0x00, 0x00, 0x00, 0x00, 0x00, 0x00, 0x00,
    0x00, 0x00, 0x00, 0x00, 0x00, 0x00, 0x00, 0x00, 0x00, 0x00, 0x00, 0x00, 0x00, 0x00, 0x00, 0x00, 0x00, 0x00, 0x00, 0x00, 0x00, 0x00, 0x00, 0x00,
    0x00, 0x00, 0x00, 0x00, 0x00, 0x00, 0x00, 0x00, 0x00, 0x00, 0x00, 0x00, 0x00, 0x00, 0x00, 0x00, 0x00, 0x00, 0x00, 0x00, 0x00, 0x00, 0x00, 0x00,
    0x00, 0x00, 0x00, 0x00, 0x00, 0x00, 0x00, 0x00, 0x00, 0x00, 0x00, 0x00, 0x00, 0x00, 0x00, 0x00, 0x00, 0x00, 0x00, 0x00, 0x00, 0x00, 0x00, 0x00,
    0x00, 0x00, 0x00, 0x00, 0x00, 0x00, 0x00, 0x00, 0x11, 0x11, 0x14, 0x4A, 0x20, 0x22, 0x26, 0xFF, 0x1B, 0x1C, 0x24, 0xFD, 0x16, 0x16, 0x1B, 0xFF,
    0x1E, 0x1C, 0x20, 0xFF, 0x35, 0x32, 0x35, 0xFF, 0x3A, 0x37, 0x3B, 0xFF, 0x43, 0x3F, 0x41, 0xFF, 0x58, 0x53, 0x54, 0xFF, 0x1F, 0x1A, 0x1E, 0xFF,
    0x1A, 0x1A, 0x23, 0xFF, 0x3A, 0x3E, 0x45, 0xFF, 0x32, 0x31, 0x37, 0xFF, 0x4B, 0x4C, 0x51, 0xFB, 0x43, 0x44, 0x4D, 0xFF, 0x2B, 0x2D, 0x35, 0x9D,
    0x00, 0x00, 0x00, 0x00, 0x55, 0x55, 0x55, 0x03, 0x00, 0x00, 0x00, 0x00, 0x00, 0x00, 0x00, 0x00, 0x00, 0x00, 0x00, 0x00, 0x00, 0x00, 0x00, 0x00,
    0x00, 0x00, 0x00, 0x00, 0x00, 0x00, 0x00, 0x00, 0x00, 0x00, 0x00, 0x00, 0x00, 0x00, 0x00, 0x00, 0x00, 0x00, 0x00, 0x00, 0x00, 0x00, 0x00, 0x00,
    0x00, 0x00, 0x00, 0x00, 0x00, 0x00, 0x00, 0x00, 0x00, 0x00, 0x00, 0x00, 0x00, 0x00, 0x00, 0x00, 0x00, 0x00, 0x00, 0x00, 0x00, 0x00, 0x00, 0x00,
    0x00, 0x00, 0x00, 0x00, 0x00, 0x00, 0x00, 0x00, 0x00, 0x00, 0x00, 0x00, 0x00, 0x00, 0x00, 0x00, 0x00, 0x00, 0x00, 0x00, 0x00, 0x00, 0x00, 0x00,
    0x00, 0x00, 0x00, 0x00, 0x00, 0x00, 0x00, 0x00, 0x00, 0x00, 0x00, 0x00, 0x00, 0x00, 0x00, 0x00, 0x00, 0x00, 0x00, 0x00, 0x00, 0x00, 0x00, 0x00,
    0x00, 0x00, 0x00, 0x00, 0x00, 0x00, 0x00, 0x00, 0x09, 0x0B, 0x0D, 0x6F, 0x12, 0x13, 0x1A, 0xFF, 0x20, 0x20, 0x2A, 0xFD, 0x21, 0x20, 0x26, 0xFF,
    0x20, 0x1E, 0x21, 0xFF, 0x34, 0x31, 0x34, 0xFF, 0x43, 0x3F, 0x43, 0xFF, 0x4E, 0x49, 0x4D, 0xFF, 0x5A, 0x55, 0x58, 0xFF, 0x27, 0x23, 0x28, 0xFF,
    0x23, 0x25, 0x2D, 0xFF, 0x35, 0x36, 0x3F, 0xFF, 0x35, 0x31, 0x38, 0xFF, 0x4A, 0x49, 0x4F, 0xFB, 0x3E, 0x40, 0x49, 0xFF, 0x2E, 0x2E, 0x35, 0x68,
    0x00, 0x00, 0x00, 0x00, 0x3F, 0x3F, 0x3F, 0x04, 0x00, 0x00, 0x00, 0x00, 0x00, 0x00, 0x00, 0x00, 0x00, 0x00, 0x00, 0x00, 0x00, 0x00, 0x00, 0x00,
    0x00, 0x00, 0x00, 0x00, 0x00, 0x00, 0x00, 0x00, 0x00, 0x00, 0x00, 0x00, 0x00, 0x00, 0x00, 0x00, 0x00, 0x00, 0x00, 0x00, 0x00, 0x00, 0x00, 0x00,
    0x00, 0x00, 0x00, 0x00, 0x00, 0x00, 0x00, 0x00, 0x00, 0x00, 0x00, 0x00, 0x00, 0x00, 0x00, 0x00, 0x00, 0x00, 0x00, 0x00, 0x00, 0x00, 0x00, 0x00,
    0x00, 0x00, 0x00, 0x00, 0x00, 0x00, 0x00, 0x00, 0x00, 0x00, 0x00, 0x00, 0x00, 0x00, 0x00, 0x00, 0x00, 0x00, 0x00, 0x00, 0x00, 0x00, 0x00, 0x00,
    0x00, 0x00, 0x00, 0x00, 0x00, 0x00, 0x00, 0x00, 0x00, 0x00, 0x00, 0x00, 0x00, 0x00, 0x00, 0x00, 0x00, 0x00, 0x00, 0x00, 0x00, 0x00, 0x00, 0x00,
    0x00, 0x00, 0x00, 0x00, 0x00, 0x00, 0x00, 0x00, 0x00, 0x00, 0x00, 0x33, 0x09, 0x0A, 0x0E, 0xDE, 0x15, 0x15, 0x1D, 0xFF, 0x2D, 0x2C, 0x31, 0xFE,
    0x30, 0x2F, 0x33, 0xFF, 0x49, 0x46, 0x4A, 0xFF, 0x6B, 0x69, 0x6D, 0xFF, 0x64, 0x61, 0x65, 0xFF, 0x55, 0x51, 0x55, 0xFB, 0x3B, 0x38, 0x3D, 0xFE,
    0x36, 0x38, 0x3E, 0xFF, 0x3C, 0x3E, 0x46, 0xFF, 0x37, 0x34, 0x38, 0xFF, 0x57, 0x56, 0x5D, 0xFE, 0x41, 0x43, 0x4B, 0xFF, 0x22, 0x22, 0x2A, 0x3C,
    0x00, 0x00, 0x00, 0x00, 0x00, 0x00, 0x7F, 0x02, 0x00, 0x00, 0x00, 0x00, 0x00, 0x00, 0x00, 0x00, 0x00, 0x00, 0x00, 0x00, 0x00, 0x00, 0x00, 0x00,
    0x00, 0x00, 0x00, 0x00, 0x00, 0x00, 0x00, 0x00, 0x00, 0x00, 0x00, 0x00, 0x00, 0x00, 0x00, 0x00, 0x00, 0x00, 0x00, 0x00, 0x00, 0x00, 0x00, 0x00,
    0x00, 0x00, 0x00, 0x00, 0x00, 0x00, 0x00, 0x00, 0x00, 0x00, 0x00, 0x00, 0x00, 0x00, 0x00, 0x00, 0x00, 0x00, 0x00, 0x00, 0x00, 0x00, 0x00, 0x00,
    0x00, 0x00, 0x00, 0x00, 0x00, 0x00, 0x00, 0x00, 0x00, 0x00, 0x00, 0x00, 0x00, 0x00, 0x00, 0x00, 0x00, 0x00, 0x00, 0x00, 0x00, 0x00, 0x00, 0x00,
    0x00, 0x00, 0x00, 0x00, 0x00, 0x00, 0x00, 0x00, 0x00, 0x00, 0x00, 0x00, 0x00, 0x00, 0x00, 0x00, 0x00, 0x00, 0x00, 0x00, 0x00, 0x00, 0x00, 0x00,
    0x00, 0x00, 0x00, 0x00, 0x00, 0x00, 0x00, 0x02, 0x00, 0x00, 0x00, 0x00, 0x0A, 0x0B, 0x0D, 0x99, 0x11, 0x13, 0x15, 0xFF, 0x1B, 0x1A, 0x1F, 0xFC,
    0x31, 0x30, 0x35, 0xFF, 0x71, 0x70, 0x75, 0xFF, 0x58, 0x57, 0x5C, 0xFF, 0x3C, 0x3B, 0x3E, 0xFF, 0x31, 0x30, 0x33, 0xF4, 0x19, 0x17, 0x1C, 0xFD,
    0x23, 0x23, 0x29, 0xFF, 0x27, 0x2A, 0x2E, 0xFF, 0x2E, 0x2C, 0x2E, 0xFE, 0x57, 0x56, 0x5B, 0xFF, 0x36, 0x3A, 0x41, 0xED, 0x1F, 0x1F, 0x1F, 0x18,
    0x00, 0x00, 0x00, 0x00, 0x00, 0x00, 0x00, 0x01, 0x00, 0x00, 0x00, 0x00, 0x00, 0x00, 0x00, 0x00, 0x00, 0x00, 0x00, 0x00, 0x00, 0x00, 0x00, 0x00,
    0x00, 0x00, 0x00, 0x00, 0x00, 0x00, 0x00, 0x00, 0x00, 0x00, 0x00, 0x00, 0x00, 0x00, 0x00, 0x00, 0x00, 0x00, 0x00, 0x00, 0x00, 0x00, 0x00, 0x00,
    0x00, 0x00, 0x00, 0x00, 0x00, 0x00, 0x00, 0x00, 0x00, 0x00, 0x00, 0x00, 0x00, 0x00, 0x00, 0x00, 0x00, 0x00, 0x00, 0x00, 0x00, 0x00, 0x00, 0x00,
    0x00, 0x00, 0x00, 0x00, 0x00, 0x00, 0x00, 0x00, 0x00, 0x00, 0x00, 0x00, 0x00, 0x00, 0x00, 0x00, 0x00, 0x00, 0x00, 0x00, 0x00, 0x00, 0x00, 0x00,
    0x00, 0x00, 0x00, 0x00, 0x00, 0x00, 0x00, 0x00, 0x00, 0x00, 0x00, 0x00, 0x00, 0x00, 0x00, 0x00, 0x00, 0x00, 0x00, 0x00, 0x00, 0x00, 0x00, 0x00,
    0x00, 0x00, 0x00, 0x00, 0x00, 0x00, 0x00, 0x02, 0x00, 0x00, 0x00, 0x01, 0x0E, 0x11, 0x12, 0xB2, 0x11, 0x13, 0x15, 0xFF, 0x14, 0x13, 0x18, 0xFC,
    0x2A, 0x29, 0x2E, 0xFF, 0x63, 0x62, 0x68, 0xFF, 0x55, 0x53, 0x5A, 0xFF, 0x57, 0x55, 0x5B, 0xFF, 0x1D, 0x1D, 0x20, 0xED, 0x0D, 0x0B, 0x10, 0xFE,
    0x20, 0x20, 0x26, 0xFF, 0x21, 0x22, 0x27, 0xFE, 0x28, 0x25, 0x27, 0xFB, 0x47, 0x46, 0x4D, 0xFD, 0x2D, 0x30, 0x38, 0xD4, 0x00, 0x00, 0x00, 0x03,
    0x00, 0x00, 0x00, 0x00, 0x00, 0x00, 0x00, 0x00, 0x00, 0x00, 0x00, 0x00, 0x00, 0x00, 0x00, 0x00, 0x00, 0x00, 0x00, 0x00, 0x00, 0x00, 0x00, 0x00,
    0x00, 0x00, 0x00, 0x00, 0x00, 0x00, 0x00, 0x00, 0x00, 0x00, 0x00, 0x00, 0x00, 0x00, 0x00, 0x00, 0x00, 0x00, 0x00, 0x00, 0x00, 0x00, 0x00, 0x00,
    0x00, 0x00, 0x00, 0x00, 0x00, 0x00, 0x00, 0x00, 0x00, 0x00, 0x00, 0x00, 0x00, 0x00, 0x00, 0x00, 0x00, 0x00, 0x00, 0x00, 0x00, 0x00, 0x00, 0x00,
    0x00, 0x00, 0x00, 0x00, 0x00, 0x00, 0x00, 0x00, 0x00, 0x00, 0x00, 0x00, 0x00, 0x00, 0x00, 0x00, 0x00, 0x00, 0x00, 0x00, 0x00, 0x00, 0x00, 0x00,
    0x00, 0x00, 0x00, 0x00, 0x00, 0x00, 0x00, 0x00, 0x00, 0x00, 0x00, 0x00, 0x00, 0x00, 0x00, 0x00, 0x00, 0x00, 0x00, 0x00, 0x00, 0x00, 0x00, 0x00,
    0x00, 0x00, 0x00, 0x00, 0x00, 0x00, 0x00, 0x00, 0x0D, 0x10, 0x10, 0x4C, 0x14, 0x17, 0x18, 0xFF, 0x0F, 0x11, 0x12, 0xFD, 0x10, 0x10, 0x14, 0xFF,
    0x30, 0x2F, 0x33, 0xFF, 0x53, 0x53, 0x58, 0xFF, 0x3E, 0x3E, 0x46, 0xFF, 0x45, 0x45, 0x4B, 0xF7, 0x18, 0x17, 0x1B, 0xDB, 0x0F, 0x0E, 0x13, 0xFE,
    0x25, 0x24, 0x2A, 0xFD, 0x22, 0x21, 0x26, 0xFF, 0x21, 0x20, 0x22, 0xFF, 0x3B, 0x3B, 0x41, 0xFF, 0x23, 0x25, 0x2B, 0x80, 0x00, 0x00, 0x00, 0x00,
    0x00, 0x55, 0x55, 0x03, 0x00, 0x00, 0x00, 0x00, 0x00, 0x00, 0x00, 0x00, 0x00, 0x00, 0x00, 0x00, 0x00, 0x00, 0x00, 0x00, 0x00, 0x00, 0x00, 0x00,
    0x00, 0x00, 0x00, 0x00, 0x00, 0x00, 0x00, 0x00, 0x00, 0x00, 0x00, 0x00, 0x00, 0x00, 0x00, 0x00, 0x00, 0x00, 0x00, 0x00, 0x00, 0x00, 0x00, 0x00,
    0x00, 0x00, 0x00, 0x00, 0x00, 0x00, 0x00, 0x00, 0x00, 0x00, 0x00, 0x00, 0x00, 0x00, 0x00, 0x00, 0x00, 0x00, 0x00, 0x00, 0x00, 0x00, 0x00, 0x00,
    0x00, 0x00, 0x00, 0x00, 0x00, 0x00, 0x00, 0x00, 0x00, 0x00, 0x00, 0x00, 0x00, 0x00, 0x00, 0x00, 0x00, 0x00, 0x00, 0x00, 0x00, 0x00, 0x00, 0x00,
    0x00, 0x00, 0x00, 0x00, 0x00, 0x00, 0x00, 0x00, 0x00, 0x00, 0x00, 0x00, 0x00, 0x00, 0x00, 0x00, 0x00, 0x00, 0x00, 0x00, 0x00, 0x00, 0x00, 0x00,
    0x00, 0x00, 0x00, 0x00, 0x00, 0x00, 0x00, 0x00, 0x06, 0x08, 0x0A, 0x93, 0x15, 0x17, 0x19, 0xFF, 0x19, 0x1B, 0x1C, 0xFC, 0x16, 0x16, 0x1A, 0xFF,
    0x30, 0x2F, 0x34, 0xFF, 0x47, 0x47, 0x4C, 0xFE, 0x3A, 0x3B, 0x44, 0xFF, 0x3F, 0x40, 0x47, 0xDE, 0x0F, 0x0F, 0x11, 0xC9, 0x0F, 0x0F, 0x12, 0xFF,
    0x1E, 0x1E, 0x20, 0xFF, 0x15, 0x14, 0x18, 0xDD, 0x08, 0x08, 0x0A, 0xB1, 0x07, 0x07, 0x09, 0x6C, 0x00, 0x00, 0x00, 0x09, 0x00, 0x00, 0x00, 0x00,
    0x00, 0x00, 0x00, 0x01, 0x00, 0x00, 0x00, 0x00, 0x00, 0x00, 0x00, 0x00, 0x00, 0x00, 0x00, 0x00, 0x00, 0x00, 0x00, 0x00, 0x00, 0x00, 0x00, 0x00,
    0x00, 0x00, 0x00, 0x00, 0x00, 0x00, 0x00, 0x00, 0x00, 0x00, 0x00, 0x00, 0x00, 0x00, 0x00, 0x00, 0x00, 0x00, 0x00, 0x00, 0x00, 0x00, 0x00, 0x00,
    0x00, 0x00, 0x00, 0x00, 0x00, 0x00, 0x00, 0x00, 0x00, 0x00, 0x00, 0x00, 0x00, 0x00, 0x00, 0x00, 0x00, 0x00, 0x00, 0x00, 0x00, 0x00, 0x00, 0x00,
    0x00, 0x00, 0x00, 0x00, 0x00, 0x00, 0x00, 0x00, 0x00, 0x00, 0x00, 0x00, 0x00, 0x00, 0x00, 0x00, 0x00, 0x00, 0x00, 0x00, 0x00, 0x00, 0x00, 0x00,
    0x00, 0x00, 0x00, 0x00, 0x00, 0x00, 0x00, 0x00, 0x00, 0x00, 0x00, 0x00, 0x00, 0x00, 0x00, 0x00, 0x00, 0x00, 0x00, 0x00, 0x00, 0x00, 0x00, 0x00,
    0x00, 0x00, 0x00, 0x00, 0x00, 0x00, 0x00, 0x00, 0x05, 0x07, 0x07, 0x66, 0x12, 0x14, 0x17, 0xFF, 0x17, 0x19, 0x1D, 0xFE, 0x28, 0x27, 0x2C, 0xFF,
    0x45, 0x44, 0x49, 0xFF, 0x42, 0x41, 0x48, 0xFD, 0x3C, 0x3C, 0x48, 0xFF, 0x3D, 0x3D, 0x45, 0xC3, 0x02, 0x02, 0x02, 0x60, 0x04, 0x04, 0x04, 0xB3,
    0x04, 0x04, 0x04, 0x7A, 0x00, 0x00, 0x00, 0x1B, 0x00, 0x00, 0x00, 0x00, 0x00, 0x00, 0x00, 0x00, 0x00, 0x00, 0x00, 0x00, 0x00, 0x00, 0x00, 0x00,
    0x00, 0x00, 0x00, 0x00, 0x00, 0x00, 0x00, 0x00, 0x00, 0x00, 0x00, 0x00, 0x00, 0x00, 0x00, 0x00, 0x00, 0x00, 0x00, 0x00, 0x00, 0x00, 0x00, 0x00,
    0x00, 0x00, 0x00, 0x00, 0x00, 0x00, 0x00, 0x00, 0x00, 0x00, 0x00, 0x00, 0x00, 0x00, 0x00, 0x00, 0x00, 0x00, 0x00, 0x00, 0x00, 0x00, 0x00, 0x00,
    0x00, 0x00, 0x00, 0x00, 0x00, 0x00, 0x00, 0x00, 0x00, 0x00, 0x00, 0x00, 0x00, 0x00, 0x00, 0x00, 0x00, 0x00, 0x00, 0x00, 0x00, 0x00, 0x00, 0x00,
    0x00, 0x00, 0x00, 0x00, 0x00, 0x00, 0x00, 0x00, 0x00, 0x00, 0x00, 0x00, 0x00, 0x00, 0x00, 0x00, 0x00, 0x00, 0x00, 0x00, 0x00, 0x00, 0x00, 0x00,
    0x00, 0x00, 0x00, 0x00, 0x00, 0x00, 0x00, 0x00, 0x00, 0x00, 0x00, 0x00, 0x00, 0x00, 0x00, 0x00, 0x00, 0x00, 0x00, 0x00, 0x00, 0x00, 0x00, 0x00,
    0x00, 0x00, 0x00, 0x00, 0x00, 0x00, 0x00, 0x00, 0x08, 0x0A, 0x0D, 0x5D, 0x14, 0x16, 0x1A, 0xFF, 0x12, 0x13, 0x18, 0xFC, 0x14, 0x13, 0x18, 0xFF,
    0x58, 0x58, 0x5E, 0xFF, 0x4D, 0x4E, 0x55, 0xFB, 0x3B, 0x3C, 0x46, 0xFF, 0x39, 0x3A, 0x44, 0x98, 0x00, 0x00, 0x00, 0x00, 0x33, 0x33, 0x33, 0x05,
    0x00, 0x00, 0x00, 0x00, 0x00, 0x00, 0x00, 0x00, 0x00, 0x00, 0x00, 0x00, 0x00, 0x00, 0x00, 0x03, 0x00, 0x00, 0x00, 0x01, 0x00, 0x00, 0x00, 0x00,
    0x00, 0x00, 0x00, 0x00, 0x00, 0x00, 0x00, 0x00, 0x00, 0x00, 0x00, 0x00, 0x00, 0x00, 0x00, 0x00, 0x00, 0x00, 0x00, 0x00, 0x00, 0x00, 0x00, 0x00,
    0x00, 0x00, 0x00, 0x00, 0x00, 0x00, 0x00, 0x00, 0x00, 0x00, 0x00, 0x00, 0x00, 0x00, 0x00, 0x00, 0x00, 0x00, 0x00, 0x00, 0x00, 0x00, 0x00, 0x00,
    0x00, 0x00, 0x00, 0x00, 0x00, 0x00, 0x00, 0x00, 0x00, 0x00, 0x00, 0x00, 0x00, 0x00, 0x00, 0x00, 0x00, 0x00, 0x00, 0x00, 0x00, 0x00, 0x00, 0x00,
    0x00, 0x00, 0x00, 0x00, 0x00, 0x00, 0x00, 0x00, 0x00, 0x00, 0x00, 0x00, 0x00, 0x00, 0x00, 0x00, 0x00, 0x00, 0x00, 0x00, 0x00, 0x00, 0x00, 0x00,
    0x00, 0x00, 0x00, 0x00, 0x00, 0x00, 0x00, 0x00, 0x00, 0x00, 0x00, 0x00, 0x00, 0x00, 0x00, 0x00, 0x00, 0x00, 0x00, 0x00, 0x00, 0x00, 0x00, 0x00,
    0x00, 0x00, 0x00, 0x00, 0x00, 0x00, 0x00, 0x00, 0x0B, 0x0D, 0x11, 0x83, 0x16, 0x18, 0x1C, 0xFF, 0x0F, 0x10, 0x14, 0xFB, 0x15, 0x14, 0x19, 0xFE,
    0x49, 0x4A, 0x50, 0xFE, 0x36, 0x37, 0x3E, 0xFB, 0x38, 0x39, 0x40, 0xFF, 0x33, 0x33, 0x3B, 0x5E, 0x00, 0x00, 0x00, 0x02, 0x55, 0x55, 0x55, 0x03,
    0x00, 0x00, 0x00, 0x02, 0x00, 0x00, 0x00, 0x02, 0x00, 0x00, 0x00, 0x00, 0x00, 0x00, 0x00, 0x00, 0x00, 0x00, 0x00, 0x00, 0x00, 0x00, 0x00, 0x00,
    0x00, 0x00, 0x00, 0x00, 0x00, 0x00, 0x00, 0x00, 0x00, 0x00, 0x00, 0x00, 0x00, 0x00, 0x00, 0x00, 0x00, 0x00, 0x00, 0x00, 0x00, 0x00, 0x00, 0x00,
    0x00, 0x00, 0x00, 0x00, 0x00, 0x00, 0x00, 0x00, 0x00, 0x00, 0x00, 0x00, 0x00, 0x00, 0x00, 0x00, 0x00, 0x00, 0x00, 0x00, 0x00, 0x00, 0x00, 0x00,
    0x00, 0x00, 0x00, 0x00, 0x00, 0x00, 0x00, 0x00, 0x00, 0x00, 0x00, 0x00, 0x00, 0x00, 0x00, 0x00, 0x00, 0x00, 0x00, 0x00, 0x00, 0x00, 0x00, 0x00,
    0x00, 0x00, 0x00, 0x00, 0x00, 0x00, 0x00, 0x00, 0x00, 0x00, 0x00, 0x00, 0x00, 0x00, 0x00, 0x00, 0x00, 0x00, 0x00, 0x00, 0x00, 0x00, 0x00, 0x00,
    0x00, 0x00, 0x00, 0x00, 0x00, 0x00, 0x00, 0x00, 0x00, 0x00, 0x00, 0x00, 0x00, 0x00, 0x00, 0x00, 0x00, 0x00, 0x00, 0x00, 0x00, 0x00, 0x00, 0x00,
    0x00, 0x00, 0x00, 0x00, 0x00, 0x00, 0x00, 0x00, 0x0E, 0x0F, 0x14, 0xA0, 0x17, 0x18, 0x1C, 0xFE, 0x0C, 0x0D, 0x11, 0xFA, 0x25, 0x23, 0x29, 0xFF,
    0x59, 0x5A, 0x5E, 0xFF, 0x31, 0x34, 0x38, 0xFF, 0x30, 0x31, 0x36, 0xFF, 0x3C, 0x3C, 0x3C, 0x2A, 0x00, 0x00, 0x00, 0x00, 0x00, 0x00, 0x7F, 0x02,
    0x00, 0x00, 0x00, 0x00, 0x00, 0x00, 0x00, 0x00, 0x00, 0x00, 0x00, 0x00, 0x00, 0x00, 0x00, 0x00, 0x00, 0x00, 0x00, 0x00, 0x00, 0x00, 0x00, 0x00,
    0x00, 0x00, 0x00, 0x00, 0x00, 0x00, 0x00, 0x00, 0x00, 0x00, 0x00, 0x00, 0x00, 0x00, 0x00, 0x00, 0x00, 0x00, 0x00, 0x00, 0x00, 0x00, 0x00, 0x00,
    0x00, 0x00, 0x00, 0x00, 0x00, 0x00, 0x00, 0x00, 0x00, 0x00, 0x00, 0x00, 0x00, 0x00, 0x00, 0x00, 0x00, 0x00, 0x00, 0x00, 0x00, 0x00, 0x00, 0x00,
    0x00, 0x00, 0x00, 0x00, 0x00, 0x00, 0x00, 0x00, 0x00, 0x00, 0x00, 0x00, 0x00, 0x00, 0x00, 0x00, 0x00, 0x00, 0x00, 0x00, 0x00, 0x00, 0x00, 0x00,
    0x00, 0x00, 0x00, 0x00, 0x00, 0x00, 0x00, 0x00, 0x00, 0x00, 0x00, 0x00, 0x00, 0x00, 0x00, 0x00, 0x00, 0x00, 0x00, 0x00, 0x00, 0x00, 0x00, 0x00,
    0x00, 0x00, 0x00, 0x00, 0x00, 0x00, 0x00, 0x00, 0x00, 0x00, 0x00, 0x00, 0x00, 0x00, 0x00, 0x00, 0x00, 0x00, 0x00, 0x00, 0x00, 0x00, 0x00, 0x00,
    0x00, 0x00, 0x00, 0x00, 0x00, 0x00, 0x00, 0x00, 0x10, 0x10, 0x12, 0xBD, 0x19, 0x19, 0x1D, 0xFF, 0x10, 0x10, 0x15, 0xFF, 0x13, 0x13, 0x15, 0xEE,
    0x35, 0x35, 0x37, 0xF5, 0x24, 0x24, 0x26, 0xE6, 0x12, 0x12, 0x14, 0x7B, 0x00, 0x00, 0x00, 0x02, 0x00, 0x00, 0x00, 0x01, 0x00, 0x00, 0x00, 0x00,
    0x00, 0x00, 0x00, 0x00, 0x00, 0x00, 0x00, 0x00, 0x00, 0x00, 0x00, 0x00, 0x00, 0x00, 0x00, 0x00, 0x00, 0x00, 0x00, 0x00, 0x00, 0x00, 0x00, 0x00,
    0x00, 0x00, 0x00, 0x00, 0x00, 0x00, 0x00, 0x00, 0x00, 0x00, 0x00, 0x00, 0x00, 0x00, 0x00, 0x00, 0x00, 0x00, 0x00, 0x00, 0x00, 0x00, 0x00, 0x00,
    0x00, 0x00, 0x00, 0x00, 0x00, 0x00, 0x00, 0x00, 0x00, 0x00, 0x00, 0x00, 0x00, 0x00, 0x00, 0x00, 0x00, 0x00, 0x00, 0x00, 0x00, 0x00, 0x00, 0x00,
    0x00, 0x00, 0x00, 0x00, 0x00, 0x00, 0x00, 0x00, 0x00, 0x00, 0x00, 0x00, 0x00, 0x00, 0x00, 0x00, 0x00, 0x00, 0x00, 0x00, 0x00, 0x00, 0x00, 0x00,
    0x00, 0x00, 0x00, 0x00, 0x00, 0x00, 0x00, 0x00, 0x00, 0x00, 0x00, 0x00, 0x00, 0x00, 0x00, 0x00, 0x00, 0x00, 0x00, 0x00, 0x00, 0x00, 0x00, 0x00,
    0x00, 0x00, 0x00, 0x00, 0x00, 0x00, 0x00, 0x00, 0x00, 0x00, 0x00, 0x00, 0x00, 0x00, 0x00, 0x00, 0x00, 0x00, 0x00, 0x00, 0x00, 0x00, 0x00, 0x00,
    0x00, 0x00, 0x00, 0x00, 0x00, 0x00, 0x00, 0x02, 0x04, 0x04, 0x06, 0x9E, 0x0C, 0x0B, 0x0D, 0xE5, 0x07, 0x07, 0x09, 0x82, 0x00, 0x00, 0x00, 0x37,
    0x00, 0x00, 0x00, 0x52, 0x00, 0x00, 0x00, 0x1E, 0x00, 0x00, 0x00, 0x00, 0x00, 0x00, 0x00, 0x00, 0x00, 0x00, 0x00, 0x00, 0x00, 0x00, 0x00, 0x00,
    0x00, 0x00, 0x00, 0x00, 0x00, 0x00, 0x00, 0x00, 0x00, 0x00, 0x00, 0x00, 0x00, 0x00, 0x00, 0x00, 0x00, 0x00, 0x00, 0x00, 0x00, 0x00, 0x00, 0x00,
    0x00, 0x00, 0x00, 0x00, 0x00, 0x00, 0x00, 0x00, 0x00, 0x00, 0x00, 0x00, 0x00, 0x00, 0x00, 0x00, 0x00, 0x00, 0x00, 0x00, 0x00, 0x00, 0x00, 0x00,
    0x00, 0x00, 0x00, 0x00, 0x00, 0x00, 0x00, 0x00, 0x00, 0x00, 0x00, 0x00, 0x00, 0x00, 0x00, 0x00, 0x00, 0x00, 0x00, 0x00, 0x00, 0x00, 0x00, 0x00,
    0x00, 0x00, 0x00, 0x00, 0x00, 0x00, 0x00, 0x00, 0x00, 0x00, 0x00, 0x00, 0x00, 0x00, 0x00, 0x00, 0x00, 0x00, 0x00, 0x00, 0x00, 0x00, 0x00, 0x00,
    0x00, 0x00, 0x00, 0x00, 0x00, 0x00, 0x00, 0x00, 0x00, 0x00, 0x00, 0x00, 0x00, 0x00, 0x00, 0x00, 0x00, 0x00, 0x00, 0x00, 0x00, 0x00, 0x00, 0x00,
    0x00, 0x00, 0x00, 0x00, 0x00, 0x00, 0x00, 0x00, 0x00, 0x00, 0x00, 0x00, 0x00, 0x00, 0x00, 0x00, 0x00, 0x00, 0x00, 0x00, 0x00, 0x00, 0x00, 0x00,
    0x00, 0x00, 0x00, 0x00, 0x00, 0x00, 0x00, 0x00, 0x00, 0x00, 0x00, 0x18, 0x00, 0x00, 0x00, 0x28, 0x00, 0x00, 0x00, 0x00, 0x00, 0x00, 0x00, 0x00,
    0x00, 0x00, 0x00, 0x00, 0x00, 0x00, 0x00, 0x00, 0x00, 0x00, 0x00, 0x01, 0x00, 0x00, 0x00, 0x00, 0x00, 0x00, 0x00, 0x00, 0x00, 0x00, 0x00, 0x00,
    0x00, 0x00, 0x00, 0x00, 0x00, 0x00, 0x00, 0x00, 0x00, 0x00, 0x00, 0x00, 0x00, 0x00, 0x00, 0x00, 0x00, 0x00, 0x00, 0x00, 0x00, 0x00, 0x00, 0x00,
    0x00, 0x00, 0x00, 0x00, 0x00, 0x00, 0x00, 0x00, 0x00, 0x00, 0x00, 0x00, 0x00, 0x00, 0x00, 0x00, 0x00, 0x00, 0x00, 0x00, 0x00, 0x00, 0x00, 0x00,
    0x00, 0x00, 0x00, 0x00, 0x00, 0x00, 0x00, 0x00, 0x00, 0x00, 0x00, 0x00, 0x00, 0x00, 0x00, 0x00, 0x00, 0x00, 0x00, 0x00, 0x00, 0x00, 0x00, 0x00,
    0x00, 0x00, 0x00, 0x00, 0x00, 0x00, 0x00, 0x00, 0x00, 0x00, 0x00, 0x00, 0x00, 0x00, 0x00, 0x00, 0x00, 0x00, 0x00, 0x00, 0x00, 0x00, 0x00, 0x00,
    0x00, 0x00, 0x00, 0x00, 0x00, 0x00, 0x00, 0x00, 0x00, 0x00, 0x00, 0x00, 0x00, 0x00, 0x00, 0x00, 0x00, 0x00, 0x00, 0x00, 0x00, 0x00, 0x00, 0x00,
    0x00, 0x00, 0x00, 0x00, 0x00, 0x00, 0x00, 0x00, 0x00, 0x00, 0x00, 0x00, 0x00, 0x00, 0x00, 0x00, 0x00, 0x00, 0x00, 0x00, 0x00, 0x00, 0x00, 0x00,
    0x00, 0x00, 0x00, 0x00, 0x00, 0x00, 0x00, 0x00, 0x00, 0x00, 0x00, 0x00, 0x00, 0x00, 0x00, 0x00, 0x00, 0x00, 0x00, 0x00, 0x00, 0x00, 0x00, 0x00,
    0x00, 0x00, 0x00, 0x00, 0x00, 0x00, 0x00, 0x00, 0x00, 0x00, 0x00, 0x00, 0x00, 0x00, 0x00, 0x00, 0x00, 0x00, 0x00, 0x00, 0x00, 0x00, 0x00, 0x00,
    0x00, 0x00, 0x00, 0x00, 0x00, 0x00, 0x00, 0x00, 0x00, 0x00, 0x00, 0x00, 0x00, 0x00, 0x00, 0x00, 0x00, 0x00, 0x00, 0x00, 0x00, 0x00, 0x00, 0x00,
    0x00, 0x00, 0x00, 0x00, 0x00, 0x00, 0x00, 0x00, 0x00, 0x00, 0x00, 0x00, 0x00, 0x00, 0x00, 0x00, 0x00, 0x00, 0x00, 0x00, 0x00, 0x00, 0x00, 0x00,
    0x00, 0x00, 0x00, 0x00, 0x00, 0x00, 0x00, 0x00, 0x00, 0x00, 0x00, 0x00, 0x00, 0x00, 0x00, 0x00, 0x00, 0x00, 0x00, 0x00, 0x00, 0x00, 0x00, 0x00,
    0x00, 0x00, 0x00, 0x00, 0x00, 0x00, 0x00, 0x00, 0x00, 0x00, 0x00, 0x00, 0x00, 0x00, 0x00, 0x00, 0x00, 0x00, 0x00, 0x00, 0x00, 0x00, 0x00, 0x00,
    0x00, 0x00, 0x00, 0x00, 0x00, 0x00, 0x00, 0x00, 0x00, 0x00, 0x00, 0x00, 0x00, 0x00, 0x00, 0x00, 0x00, 0x00, 0x00, 0x00, 0x00, 0x00, 0x00, 0x00,
    0x00, 0x00, 0x00, 0x00, 0x00, 0x00, 0x00, 0x00, 0x00, 0x00, 0x00, 0x00, 0x00, 0x00, 0x00, 0x00, 0x00, 0x00, 0x00, 0x00, 0x00, 0x00, 0x00, 0x00,
    0x00, 0x00, 0x00, 0x00, 0x00, 0x00, 0x00, 0x00, 0x00, 0x00, 0x00, 0x00, 0x00, 0x00, 0x00, 0x00, 0x00, 0x00, 0x00, 0x00, 0x00, 0x00, 0x00, 0x00,
    0x00, 0x00, 0x00, 0x00, 0x00, 0x00, 0x00, 0x00, 0x00, 0x00, 0x00, 0x00, 0x00, 0x00, 0x00, 0x00, 0x00, 0x00, 0x00, 0x00, 0x00, 0x00, 0x00, 0x00,
    0x00, 0x00, 0x00, 0x00, 0x00, 0x00, 0x00, 0x00, 0x00, 0x00, 0x00, 0x00, 0x00, 0x00, 0x00, 0x00, 0x00, 0x00, 0x00, 0x00, 0x00, 0x00, 0x00, 0x00,
    0x00, 0x00, 0x00, 0x00, 0x00, 0x00, 0x00, 0x00, 0x00, 0x00, 0x00, 0x00, 0x00, 0x00, 0x00, 0x00, 0x00, 0x00, 0x00, 0x00, 0x00, 0x00, 0x00, 0x00,
    0x00, 0x00, 0x00, 0x00, 0x00, 0x00, 0x00, 0x00, 0x00, 0x00, 0x00, 0x00, 0x00, 0x00, 0x00, 0x00, 0x00, 0x00, 0x00, 0x00, 0x00, 0x00, 0x00, 0x00,
    0x00, 0x00, 0x00, 0x00, 0x00, 0x00, 0x00, 0x00, 0x00, 0x00, 0x00, 0x00, 0x00, 0x00, 0x00, 0x00, 0x00, 0x00, 0x00, 0x00, 0x00, 0x00, 0x00, 0x00,
    0x00, 0x00, 0x00, 0x00, 0x00, 0x00, 0x00, 0x00, 0x00, 0x00, 0x00, 0x00, 0x00, 0x00, 0x00, 0x00, 0x00, 0x00, 0x00, 0x00, 0x00, 0x00, 0x00, 0x00,
    0x00, 0x00, 0x00, 0x00, 0x00, 0x00, 0x00, 0x00, 0x00, 0x00, 0x00, 0x00, 0x00, 0x00, 0x00, 0x00, 0x00, 0x00, 0x00, 0x00, 0x00, 0x00, 0x00, 0x00,
    0x00, 0x00, 0x00, 0x00, 0x00, 0x00, 0x00, 0x00, 0x00, 0x00, 0x00, 0x00, 0x00, 0x00, 0x00, 0x00, 0x00, 0x00, 0x00, 0x00, 0x00, 0x00, 0x00, 0x00,
    0x00, 0x00, 0x00, 0x00, 0x00, 0x00, 0x00, 0x00, 0x00, 0x00, 0x00, 0x00, 0x00, 0x00, 0x00, 0x00, 0x00, 0x00, 0x00, 0x00, 0x00, 0x00, 0x00, 0x00,
    0x00, 0x00, 0x00, 0x00, 0x00, 0x00, 0x00, 0x00, 0x00, 0x00, 0x00, 0x00, 0x00, 0x00, 0x00, 0x00, 0x00, 0x00, 0x00, 0x00, 0x00, 0x00, 0x00, 0x00,
    0x00, 0x00, 0x00, 0x00, 0x00, 0x00, 0x00, 0x00, 0x00, 0x00, 0x00, 0x00, 0x00, 0x00, 0x00, 0x00, 0x00, 0x00, 0x00, 0x00, 0x00, 0x00, 0x00, 0x00,
    0x00, 0x00, 0x00, 0x00, 0x00, 0x00, 0x00, 0x00, 0x00, 0x00, 0x00, 0x00, 0x00, 0x00, 0x00, 0x00, 0x00, 0x00, 0x00, 0x00, 0x00, 0x00, 0x00, 0x00,
    0x00, 0x00, 0x00, 0x00, 0x00, 0x00, 0x00, 0x00, 0x00, 0x00, 0x00, 0x00, 0x00, 0x00, 0x00, 0x00, 0x00, 0x00, 0x00, 0x00, 0x00, 0x00, 0x00, 0x00,
};
inline constexpr std::array<std::uint8_t, 9216> riot_boots = {
    0x00, 0x00, 0x00, 0x00, 0x00, 0x00, 0x00, 0x00, 0x00, 0x00, 0x00, 0x00, 0x00, 0x00, 0x00, 0x00, 0x00, 0x00, 0x00, 0x00, 0x00, 0x00, 0x00, 0x00,
    0x00, 0x00, 0x00, 0x00, 0x00, 0x00, 0x00, 0x00, 0x00, 0x00, 0x00, 0x00, 0x00, 0x00, 0x00, 0x00, 0x00, 0x00, 0x00, 0x00, 0x00, 0x00, 0x00, 0x00,
    0x00, 0x00, 0x00, 0x00, 0x00, 0x00, 0x00, 0x00, 0x00, 0x00, 0x00, 0x00, 0x00, 0x00, 0x00, 0x00, 0x00, 0x00, 0x00, 0x00, 0x00, 0x00, 0x00, 0x00,
    0x00, 0x00, 0x00, 0x00, 0x00, 0x00, 0x00, 0x00, 0x00, 0x00, 0x00, 0x00, 0x00, 0x00, 0x00, 0x00, 0x00, 0x00, 0x00, 0x00, 0x00, 0x00, 0x00, 0x00,
    0x00, 0x00, 0x00, 0x00, 0x00, 0x00, 0x00, 0x00, 0x00, 0x00, 0x00, 0x00, 0x00, 0x00, 0x00, 0x00, 0x00, 0x00, 0x00, 0x00, 0x00, 0x00, 0x00, 0x00,
    0x00, 0x00, 0x00, 0x00, 0x00, 0x00, 0x00, 0x00, 0x00, 0x00, 0x00, 0x00, 0x00, 0x00, 0x00, 0x00, 0x00, 0x00, 0x00, 0x00, 0x00, 0x00, 0x00, 0x00,
    0x00, 0x00, 0x00, 0x00, 0x00, 0x00, 0x00, 0x00, 0x00, 0x00, 0x00, 0x00, 0x00, 0x00, 0x00, 0x00, 0x00, 0x00, 0x00, 0x00, 0x00, 0x00, 0x00, 0x00,
    0x00, 0x00, 0x00, 0x00, 0x00, 0x00, 0x00, 0x00, 0x00, 0x00, 0x00, 0x00, 0x00, 0x00, 0x00, 0x00, 0x00, 0x00, 0x00, 0x00, 0x00, 0x00, 0x00, 0x00,
    0x00, 0x00, 0x00, 0x00, 0x00, 0x00, 0x00, 0x00, 0x00, 0x00, 0x00, 0x00, 0x00, 0x00, 0x00, 0x00, 0x00, 0x00, 0x00, 0x00, 0x00, 0x00, 0x00, 0x00,
    0x00, 0x00, 0x00, 0x00, 0x00, 0x00, 0x00, 0x00, 0x00, 0x00, 0x00, 0x00, 0x00, 0x00, 0x00, 0x00, 0x00, 0x00, 0x00, 0x00, 0x00, 0x00, 0x00, 0x00,
    0x00, 0x00, 0x00, 0x00, 0x00, 0x00, 0x00, 0x00, 0x00, 0x00, 0x00, 0x00, 0x00, 0x00, 0x00, 0x00, 0x00, 0x00, 0x00, 0x00, 0x00, 0x00, 0x00, 0x00,
    0x00, 0x00, 0x00, 0x00, 0x00, 0x00, 0x00, 0x00, 0x00, 0x00, 0x00, 0x00, 0x00, 0x00, 0x00, 0x00, 0x00, 0x00, 0x00, 0x00, 0x00, 0x00, 0x00, 0x00,
    0x00, 0x00, 0x00, 0x00, 0x00, 0x00, 0x00, 0x00, 0x00, 0x00, 0x00, 0x00, 0x00, 0x00, 0x00, 0x00, 0x00, 0x00, 0x00, 0x00, 0x00, 0x00, 0x00, 0x00,
    0x00, 0x00, 0x00, 0x00, 0x00, 0x00, 0x00, 0x00, 0x00, 0x00, 0x00, 0x00, 0x00, 0x00, 0x00, 0x00, 0x00, 0x00, 0x00, 0x00, 0x00, 0x00, 0x00, 0x00,
    0x00, 0x00, 0x00, 0x00, 0x00, 0x00, 0x00, 0x00, 0x00, 0x00, 0x00, 0x00, 0x00, 0x00, 0x00, 0x00, 0x00, 0x00, 0x00, 0x00, 0x00, 0x00, 0x00, 0x00,
    0x00, 0x00, 0x00, 0x00, 0x00, 0x00, 0x00, 0x00, 0x00, 0x00, 0x00, 0x00, 0x00, 0x00, 0x00, 0x00, 0x00, 0x00, 0x00, 0x00, 0x00, 0x00, 0x00, 0x00,
    0x00, 0x00, 0x00, 0x00, 0x00, 0x00, 0x00, 0x00, 0x00, 0x00, 0x00, 0x00, 0x00, 0x00, 0x00, 0x00, 0x00, 0x00, 0x00, 0x00, 0x00, 0x00, 0x00, 0x00,
    0x00, 0x00, 0x00, 0x00, 0x00, 0x00, 0x00, 0x00, 0x00, 0x00, 0x00, 0x00, 0x00, 0x00, 0x00, 0x00, 0x00, 0x00, 0x00, 0x00, 0x00, 0x00, 0x00, 0x00,
    0x00, 0x00, 0x00, 0x00, 0x00, 0x00, 0x00, 0x00, 0x00, 0x00, 0x00, 0x00, 0x00, 0x00, 0x00, 0x00, 0x00, 0x00, 0x00, 0x00, 0x00, 0x00, 0x00, 0x00,
    0x00, 0x00, 0x00, 0x00, 0x00, 0x00, 0x00, 0x00, 0x00, 0x00, 0x00, 0x00, 0x00, 0x00, 0x00, 0x00, 0x00, 0x00, 0x00, 0x00, 0x00, 0x00, 0x00, 0x00,
    0x00, 0x00, 0x00, 0x00, 0x00, 0x00, 0x00, 0x00, 0x00, 0x00, 0x00, 0x00, 0x00, 0x00, 0x00, 0x00, 0x00, 0x00, 0x00, 0x00, 0x00, 0x00, 0x00, 0x00,
    0x00, 0x00, 0x00, 0x00, 0x00, 0x00, 0x00, 0x00, 0x00, 0x00, 0x00, 0x00, 0x00, 0x00, 0x00, 0x00, 0x00, 0x00, 0x00, 0x00, 0x00, 0x00, 0x00, 0x00,
    0x00, 0x00, 0x00, 0x00, 0x00, 0x00, 0x00, 0x00, 0x00, 0x00, 0x00, 0x00, 0x00, 0x00, 0x00, 0x00, 0x00, 0x00, 0x00, 0x00, 0x00, 0x00, 0x00, 0x00,
    0x00, 0x00, 0x00, 0x00, 0x00, 0x00, 0x00, 0x00, 0x00, 0x00, 0x00, 0x00, 0x00, 0x00, 0x00, 0x00, 0x00, 0x00, 0x00, 0x00, 0x00, 0x00, 0x00, 0x00,
    0x00, 0x00, 0x00, 0x00, 0x00, 0x00, 0x00, 0x00, 0x00, 0x00, 0x00, 0x00, 0x00, 0x00, 0x00, 0x00, 0x00, 0x00, 0x00, 0x00, 0x00, 0x00, 0x00, 0x00,
    0x00, 0x00, 0x00, 0x00, 0x00, 0x00, 0x00, 0x00, 0x00, 0x00, 0x00, 0x00, 0x00, 0x00, 0x00, 0x00, 0x00, 0x00, 0x00, 0x00, 0x00, 0x00, 0x00, 0x00,
    0x00, 0x00, 0x00, 0x00, 0x00, 0x00, 0x00, 0x00, 0x00, 0x00, 0x00, 0x00, 0x00, 0x00, 0x00, 0x00, 0x00, 0x00, 0x00, 0x00, 0x00, 0x00, 0x00, 0x00,
    0x00, 0x00, 0x00, 0x00, 0x00, 0x00, 0x00, 0x00, 0x00, 0x00, 0x00, 0x00, 0x00, 0x00, 0x00, 0x00, 0x00, 0x00, 0x00, 0x00, 0x00, 0x00, 0x00, 0x00,
    0x00, 0x00, 0x00, 0x00, 0x00, 0x00, 0x00, 0x00, 0x00, 0x00, 0x00, 0x00, 0x00, 0x00, 0x00, 0x00, 0x00, 0x00, 0x00, 0x00, 0x00, 0x00, 0x00, 0x00,
    0x00, 0x00, 0x00, 0x00, 0x00, 0x00, 0x00, 0x00, 0x00, 0x00, 0x00, 0x00, 0x00, 0x00, 0x00, 0x00, 0x00, 0x00, 0x00, 0x00, 0x00, 0x00, 0x00, 0x00,
    0x00, 0x00, 0x00, 0x00, 0x00, 0x00, 0x00, 0x00, 0x00, 0x00, 0x00, 0x00, 0x00, 0x00, 0x00, 0x00, 0x00, 0x00, 0x00, 0x00, 0x00, 0x00, 0x00, 0x00,
    0x00, 0x00, 0x00, 0x00, 0x00, 0x00, 0x00, 0x00, 0x00, 0x00, 0x00, 0x00, 0x00, 0x00, 0x00, 0x00, 0x00, 0x00, 0x00, 0x00, 0x00, 0x00, 0x00, 0x00,
    0x00, 0x00, 0x00, 0x00, 0x00, 0x00, 0x00, 0x00, 0x00, 0x00, 0x00, 0x00, 0x00, 0x00, 0x00, 0x00, 0x00, 0x00, 0x00, 0x00, 0x00, 0x00, 0x00, 0x00,
    0x00, 0x00, 0x00, 0x00, 0x00, 0x00, 0x00, 0x00, 0x00, 0x00, 0x00, 0x00, 0x00, 0x00, 0x00, 0x00, 0x00, 0x00, 0x00, 0x00, 0x00, 0x00, 0x00, 0x00,
    0x00, 0x00, 0x00, 0x00, 0x00, 0x00, 0x00, 0x00, 0x00, 0x00, 0x00, 0x00, 0x00, 0x00, 0x00, 0x00, 0x00, 0x00, 0x00, 0x00, 0x00, 0x00, 0x00, 0x00,
    0x00, 0x00, 0x00, 0x00, 0x00, 0x00, 0x00, 0x00, 0x00, 0x00, 0x00, 0x00, 0x00, 0x00, 0x00, 0x00, 0x00, 0x00, 0x00, 0x00, 0x00, 0x00, 0x00, 0x00,
    0x00, 0x00, 0x00, 0x00, 0x00, 0x00, 0x00, 0x00, 0x00, 0x00, 0x00, 0x00, 0x00, 0x00, 0x00, 0x00, 0x00, 0x00, 0x00, 0x00, 0x00, 0x00, 0x00, 0x00,
    0x00, 0x00, 0x00, 0x00, 0x00, 0x00, 0x00, 0x00, 0x00, 0x00, 0x00, 0x00, 0x00, 0x00, 0x00, 0x00, 0x00, 0x00, 0x00, 0x00, 0x00, 0x00, 0x00, 0x00,
    0x00, 0x00, 0x00, 0x00, 0x00, 0x00, 0x00, 0x00, 0x00, 0x00, 0x00, 0x00, 0x00, 0x00, 0x00, 0x00, 0x00, 0x00, 0x00, 0x00, 0x00, 0x00, 0x00, 0x00,
    0x00, 0x00, 0x00, 0x00, 0x00, 0x00, 0x00, 0x00, 0x00, 0x00, 0x00, 0x00, 0x00, 0x00, 0x00, 0x00, 0x00, 0x00, 0x00, 0x00, 0x00, 0x00, 0x00, 0x00,
    0x00, 0x00, 0x00, 0x00, 0x00, 0x00, 0x00, 0x00, 0x00, 0x00, 0x00, 0x00, 0x00, 0x00, 0x00, 0x00, 0x00, 0x00, 0x00, 0x00, 0x00, 0x00, 0x00, 0x00,
    0x00, 0x00, 0x00, 0x00, 0x00, 0x00, 0x00, 0x00, 0x00, 0x00, 0x00, 0x00, 0x00, 0x00, 0x00, 0x00, 0x00, 0x00, 0x00, 0x00, 0x00, 0x00, 0x00, 0x00,
    0x00, 0x00, 0x00, 0x00, 0x00, 0x00, 0x00, 0x00, 0x00, 0x00, 0x00, 0x00, 0x00, 0x00, 0x00, 0x00, 0x00, 0x00, 0x00, 0x00, 0x00, 0x00, 0x00, 0x00,
    0x00, 0x00, 0x00, 0x00, 0x00, 0x00, 0x00, 0x00, 0x00, 0x00, 0x00, 0x00, 0x00, 0x00, 0x00, 0x00, 0x00, 0x00, 0x00, 0x00, 0x00, 0x00, 0x00, 0x00,
    0x00, 0x00, 0x00, 0x00, 0x00, 0x00, 0x00, 0x00, 0x00, 0x00, 0x00, 0x00, 0x00, 0x00, 0x00, 0x00, 0x00, 0x00, 0x00, 0x00, 0x00, 0x00, 0x00, 0x00,
    0x00, 0x00, 0x00, 0x00, 0x00, 0x00, 0x00, 0x00, 0x00, 0x00, 0x00, 0x00, 0x00, 0x00, 0x00, 0x00, 0x00, 0x00, 0x00, 0x00, 0x00, 0x00, 0x00, 0x00,
    0x00, 0x00, 0x00, 0x00, 0x00, 0x00, 0x00, 0x00, 0x00, 0x00, 0x00, 0x00, 0x00, 0x00, 0x00, 0x00, 0x00, 0x00, 0x00, 0x00, 0x00, 0x00, 0x00, 0x00,
    0x00, 0x00, 0x00, 0x00, 0x00, 0x00, 0x00, 0x00, 0x00, 0x00, 0x00, 0x00, 0x00, 0x00, 0x00, 0x00, 0x00, 0x00, 0x00, 0x00, 0x00, 0x00, 0x00, 0x00,
    0x00, 0x00, 0x00, 0x00, 0x00, 0x00, 0x00, 0x00, 0x00, 0x00, 0x00, 0x00, 0x00, 0x00, 0x00, 0x00, 0x00, 0x00, 0x00, 0x00, 0x00, 0x00, 0x00, 0x00,
    0x00, 0x00, 0x00, 0x00, 0x00, 0x00, 0x00, 0x00, 0x00, 0x00, 0x00, 0x00, 0x00, 0x00, 0x00, 0x00, 0x00, 0x00, 0x00, 0x00, 0x00, 0x00, 0x00, 0x00,
    0x00, 0x00, 0x00, 0x00, 0x00, 0x00, 0x00, 0x00, 0x00, 0x00, 0x00, 0x00, 0x00, 0x00, 0x00, 0x00, 0x00, 0x00, 0x00, 0x00, 0x00, 0x00, 0x00, 0x00,
    0x00, 0x00, 0x00, 0x00, 0x00, 0x00, 0x00, 0x00, 0x00, 0x00, 0x00, 0x00, 0x00, 0x00, 0x00, 0x00, 0x00, 0x00, 0x00, 0x00, 0x00, 0x00, 0x00, 0x00,
    0x00, 0x00, 0x00, 0x00, 0x00, 0x00, 0x00, 0x00, 0x00, 0x00, 0x00, 0x00, 0x00, 0x00, 0x00, 0x00, 0x00, 0x00, 0x00, 0x00, 0x00, 0x00, 0x00, 0x00,
    0x00, 0x00, 0x00, 0x00, 0x00, 0x00, 0x00, 0x00, 0x00, 0x00, 0x00, 0x00, 0x00, 0x00, 0x00, 0x00, 0x00, 0x00, 0x00, 0x00, 0x00, 0x00, 0x00, 0x00,
    0x00, 0x00, 0x00, 0x00, 0x00, 0x00, 0x00, 0x00, 0x00, 0x00, 0x00, 0x00, 0x00, 0x00, 0x00, 0x00, 0x00, 0x00, 0x00, 0x00, 0x00, 0x00, 0x00, 0x00,
    0x00, 0x00, 0x00, 0x00, 0x00, 0x00, 0x00, 0x00, 0x00, 0x00, 0x00, 0x00, 0x00, 0x00, 0x00, 0x00, 0x00, 0x00, 0x00, 0x00, 0x00, 0x00, 0x00, 0x00,
    0x00, 0x00, 0x00, 0x00, 0x00, 0x00, 0x00, 0x00, 0x00, 0x00, 0x00, 0x00, 0x00, 0x00, 0x00, 0x00, 0x00, 0x00, 0x00, 0x00, 0x00, 0x00, 0x00, 0x00,
    0x00, 0x00, 0x00, 0x00, 0x00, 0x00, 0x00, 0x00, 0x00, 0x00, 0x00, 0x00, 0x00, 0x00, 0x00, 0x00, 0x00, 0x00, 0x00, 0x00, 0x00, 0x00, 0x00, 0x00,
    0x00, 0x00, 0x00, 0x00, 0x00, 0x00, 0x00, 0x00, 0x00, 0x00, 0x00, 0x00, 0x00, 0x00, 0x00, 0x00, 0x00, 0x00, 0x00, 0x00, 0x00, 0x00, 0x00, 0x00,
    0x00, 0x00, 0x00, 0x00, 0x00, 0x00, 0x00, 0x00, 0x00, 0x00, 0x00, 0x00, 0x00, 0x00, 0x00, 0x00, 0x00, 0x00, 0x00, 0x00, 0x00, 0x00, 0x00, 0x00,
    0x00, 0x00, 0x00, 0x00, 0x00, 0x00, 0x00, 0x00, 0x00, 0x00, 0x00, 0x00, 0x00, 0x00, 0x00, 0x00, 0x00, 0x00, 0x00, 0x00, 0x00, 0x00, 0x00, 0x00,
    0x00, 0x00, 0x00, 0x00, 0x00, 0x00, 0x00, 0x00, 0x00, 0x00, 0x00, 0x00, 0x00, 0x00, 0x00, 0x00, 0x00, 0x00, 0x00, 0x00, 0x00, 0x00, 0x00, 0x00,
    0x00, 0x00, 0x00, 0x00, 0x00, 0x00, 0x00, 0x00, 0x00, 0x00, 0x00, 0x00, 0x00, 0x00, 0x00, 0x00, 0x00, 0x00, 0x00, 0x00, 0x00, 0x00, 0x00, 0x00,
    0x00, 0x00, 0x00, 0x00, 0x00, 0x00, 0x00, 0x00, 0x00, 0x00, 0x00, 0x00, 0x00, 0x00, 0x00, 0x00, 0x00, 0x00, 0x00, 0x00, 0x00, 0x00, 0x00, 0x00,
    0x00, 0x00, 0x00, 0x00, 0x00, 0x00, 0x00, 0x00, 0x00, 0x00, 0x00, 0x00, 0x00, 0x00, 0x00, 0x00, 0x00, 0x00, 0x00, 0x00, 0x00, 0x00, 0x00, 0x00,
    0x00, 0x00, 0x00, 0x00, 0x00, 0x00, 0x00, 0x00, 0x00, 0x00, 0x00, 0x00, 0x00, 0x00, 0x00, 0x00, 0x00, 0x00, 0x00, 0x00, 0x00, 0x00, 0x00, 0x00,
    0x00, 0x00, 0x00, 0x00, 0x00, 0x00, 0x00, 0x00, 0x00, 0x00, 0x00, 0x00, 0x00, 0x00, 0x00, 0x00, 0x00, 0x00, 0x00, 0x00, 0x00, 0x00, 0x00, 0x00,
    0x00, 0x00, 0x00, 0x01, 0x00, 0x00, 0x00, 0x02, 0x00, 0x00, 0x00, 0x00, 0x00, 0x00, 0x00, 0x00, 0x00, 0x00, 0x00, 0x00, 0x00, 0x00, 0x00, 0x0B,
    0x07, 0x07, 0x0F, 0x21, 0x0A, 0x0A, 0x0A, 0x31, 0x08, 0x08, 0x08, 0x39, 0x0B, 0x0B, 0x0B, 0x2E, 0x00, 0x00, 0x00, 0x05, 0x00, 0x00, 0x00, 0x00,
    0x00, 0x00, 0x00, 0x00, 0x00, 0x00, 0x00, 0x00, 0x7F, 0x7F, 0x7F, 0x02, 0x00, 0x00, 0x00, 0x00, 0x00, 0x00, 0x00, 0x00, 0x00, 0x00, 0x00, 0x00,
    0x00, 0x00, 0x00, 0x00, 0x00, 0x00, 0x00, 0x00, 0x00, 0x00, 0x00, 0x00, 0x00, 0x00, 0x00, 0x00, 0x00, 0x00, 0x00, 0x00, 0x00, 0x00, 0x00, 0x00,
    0x00, 0x00, 0x00, 0x00, 0x00, 0x00, 0x00, 0x00, 0x00, 0x00, 0x00, 0x00, 0x00, 0x00, 0x00, 0x00, 0x00, 0x00, 0x00, 0x00, 0x00, 0x00, 0x00, 0x00,
    0x00, 0x00, 0x00, 0x00, 0x00, 0x00, 0x00, 0x00, 0x00, 0x00, 0x00, 0x00, 0x00, 0x00, 0x00, 0x00, 0x00, 0x00, 0x00, 0x00, 0x00, 0x00, 0x00, 0x00,
    0x00, 0x00, 0x00, 0x00, 0x00, 0x00, 0x00, 0x00, 0x00, 0x00, 0x00, 0x00, 0x00, 0x00, 0x00, 0x01, 0x00, 0x00, 0x00, 0x03, 0x00, 0x00, 0x00, 0x03,
    0x00, 0x00, 0x00, 0x03, 0x00, 0x00, 0x00, 0x03, 0x00, 0x00, 0x00, 0x03, 0x00, 0x00, 0x00, 0x01, 0x00, 0x00, 0x00, 0x00, 0x00, 0x00, 0x00, 0x00,
    0x00, 0x00, 0x00, 0x00, 0x00, 0x00, 0x00, 0x00, 0x0F, 0x07, 0x0F, 0x20, 0x0A, 0x0A, 0x0F, 0x60, 0x0A, 0x0A, 0x10, 0xA8, 0x0B, 0x0A, 0x10, 0xDC,
    0x0C, 0x0B, 0x11, 0xEE, 0x0C, 0x0B, 0x10, 0xF7, 0x0C, 0x0C, 0x10, 0xFB, 0x0C, 0x0C, 0x10, 0xF5, 0x0C, 0x0C, 0x0F, 0xD0, 0x0A, 0x0A, 0x0E, 0xAB,
    0x25, 0x23, 0x28, 0x90, 0x00, 0x00, 0x00, 0x09, 0x00, 0x00, 0x00, 0x00, 0x3F, 0x3F, 0x7F, 0x04, 0x00, 0x00, 0x00, 0x00, 0x00, 0x00, 0x00, 0x00,
    0x00, 0x00, 0x00, 0x00, 0x00, 0x00, 0x00, 0x00, 0x00, 0x00, 0x00, 0x00, 0x00, 0x00, 0x00, 0x00, 0x00, 0x00, 0x00, 0x00, 0x00, 0x00, 0x00, 0x00,
    0x00, 0x00, 0x00, 0x00, 0x00, 0x00, 0x00, 0x00, 0x00, 0x00, 0x00, 0x00, 0x00, 0x00, 0x00, 0x00, 0x00, 0x00, 0x00, 0x00, 0x00, 0x00, 0x00, 0x00,
    0x00, 0x00, 0x00, 0x00, 0x00, 0x00, 0x00, 0x00, 0x00, 0x00, 0x00, 0x00, 0x00, 0x00, 0x00, 0x00, 0x00, 0x00, 0x00, 0x00, 0x00, 0x00, 0x00, 0x00,
    0x00, 0x00, 0x00, 0x00, 0x00, 0x00, 0x00, 0x02, 0x00, 0x00, 0x00, 0x03, 0x00, 0x00, 0x00, 0x00, 0x00, 0x00, 0x00, 0x00, 0x00, 0x00, 0x00, 0x00,
    0x00, 0x00, 0x00, 0x00, 0x00, 0x00, 0x00, 0x00, 0x00, 0x00, 0x00, 0x00, 0x00, 0x00, 0x00, 0x00, 0x00, 0x00, 0x00, 0x02, 0x00, 0x00, 0x00, 0x04,
    0x0F, 0x0F, 0x0F, 0x10, 0x0C, 0x0C, 0x0F, 0xA7, 0x0D, 0x0C, 0x11, 0xF4, 0x0D, 0x0D, 0x12, 0xFF, 0x0E, 0x0D, 0x12, 0xFF, 0x0E, 0x0C, 0x12, 0xFF,
    0x0E, 0x0C, 0x11, 0xFF, 0x0D, 0x0C, 0x11, 0xFF, 0x0D, 0x0C, 0x12, 0xFF, 0x0D, 0x0C, 0x11, 0xFF, 0x0C, 0x0B, 0x10, 0xFF, 0x27, 0x27, 0x2B, 0xFF,
    0x3F, 0x3F, 0x45, 0xFF, 0x5C, 0x5F, 0x6A, 0xC2, 0x45, 0x4B, 0x5C, 0x2C, 0x00, 0x00, 0x00, 0x00, 0x7F, 0xFF, 0xFF, 0x02, 0x00, 0x00, 0x00, 0x01,
    0x00, 0x00, 0x00, 0x00, 0x00, 0x00, 0x00, 0x00, 0x00, 0x00, 0x00, 0x00, 0x00, 0x00, 0x00, 0x00, 0x00, 0x00, 0x00, 0x00, 0x00, 0x00, 0x00, 0x00,
    0x00, 0x00, 0x00, 0x00, 0x00, 0x00, 0x00, 0x00, 0x00, 0x00, 0x00, 0x00, 0x00, 0x00, 0x00, 0x00, 0x00, 0x00, 0x00, 0x00, 0x00, 0x00, 0x00, 0x00,
    0x00, 0x00, 0x00, 0x00, 0x00, 0x00, 0x00, 0x00, 0x00, 0x00, 0x00, 0x00, 0x00, 0x00, 0x00, 0x00, 0x00, 0x00, 0x00, 0x00, 0x00, 0x00, 0x00, 0x00,
    0x00, 0x00, 0x00, 0x02, 0x00, 0x00, 0x00, 0x00, 0x00, 0x00, 0x00, 0x00, 0x09, 0x09, 0x09, 0x1A, 0x0B, 0x0B, 0x0B, 0x45, 0x0B, 0x0B, 0x0D, 0x5C,
    0x0A, 0x0A, 0x0D, 0x5E, 0x0C, 0x09, 0x0F, 0x54, 0x0C, 0x08, 0x10, 0x3D, 0x0B, 0x0B, 0x0B, 0x16, 0x00, 0x00, 0x00, 0x00, 0x00, 0x00, 0x00, 0x00,
    0x0A, 0x0A, 0x11, 0x78, 0x0F, 0x0F, 0x14, 0xFF, 0x0B, 0x0D, 0x11, 0xFF, 0x0B, 0x0D, 0x11, 0xFC, 0x0C, 0x0C, 0x11, 0xFC, 0x0D, 0x0B, 0x11, 0xFD,
    0x0E, 0x0B, 0x11, 0xFE, 0x0D, 0x0C, 0x11, 0xFE, 0x0F, 0x0E, 0x13, 0xFF, 0x1B, 0x1A, 0x1E, 0xFE, 0x2B, 0x2B, 0x2D, 0xFD, 0x38, 0x39, 0x3A, 0xFC,
    0x6F, 0x70, 0x77, 0xFB, 0x7A, 0x7B, 0x8C, 0xFF, 0x78, 0x7A, 0x88, 0xF4, 0x5F, 0x64, 0x71, 0x75, 0x00, 0x00, 0x00, 0x00, 0x00, 0x00, 0x00, 0x00,
    0xAA, 0xAA, 0xAA, 0x03, 0x00, 0x00, 0x00, 0x00, 0x00, 0x00, 0x00, 0x00, 0x00, 0x00, 0x00, 0x00, 0x00, 0x00, 0x00, 0x00, 0x00, 0x00, 0x00, 0x00,
    0x00, 0x00, 0x00, 0x00, 0x00, 0x00, 0x00, 0x00, 0x00, 0x00, 0x00, 0x00, 0x00, 0x00, 0x00, 0x00, 0x00, 0x00, 0x00, 0x00, 0x00, 0x00, 0x00, 0x00,
    0x00, 0x00, 0x00, 0x00, 0x00, 0x00, 0x00, 0x00, 0x00, 0x00, 0x00, 0x00, 0x00, 0x00, 0x00, 0x00, 0x00, 0x00, 0x00, 0x00, 0x00, 0x00, 0x00, 0x01,
    0x00, 0x00, 0x00, 0x00, 0x0E, 0x09, 0x0E, 0x35, 0x0C, 0x0C, 0x0F, 0xA6, 0x0C, 0x0B, 0x0F, 0xED, 0x0D, 0x0C, 0x0F, 0xFF, 0x0D, 0x0D, 0x12, 0xFF,
    0x0E, 0x0C, 0x12, 0xFF, 0x0D, 0x0C, 0x12, 0xFF, 0x0D, 0x0C, 0x11, 0xFF, 0x0D, 0x0B, 0x11, 0xEA, 0x0F, 0x0F, 0x14, 0xC7, 0x0C, 0x0C, 0x11, 0x91,
    0x08, 0x07, 0x0B, 0xD6, 0x0C, 0x09, 0x0F, 0xFC, 0x0C, 0x0D, 0x12, 0xFD, 0x0D, 0x0F, 0x12, 0xFF, 0x0D, 0x0F, 0x12, 0xFF, 0x0E, 0x0E, 0x12, 0xFF,
    0x0E, 0x0D, 0x12, 0xFF, 0x0C, 0x0C, 0x11, 0xFF, 0x19, 0x19, 0x1E, 0xFF, 0x29, 0x28, 0x2C, 0xFF, 0x2D, 0x2D, 0x2F, 0xFF, 0x6C, 0x6C, 0x6F, 0xFF,
    0x62, 0x61, 0x67, 0xFF, 0x59, 0x5A, 0x63, 0xFC, 0x78, 0x79, 0x84, 0xFF, 0x8E, 0x8F, 0x9C, 0xFF, 0x78, 0x79, 0x84, 0xAA, 0x17, 0x17, 0x22, 0x16,
    0x00, 0x00, 0x00, 0x00, 0x00, 0x00, 0x00, 0x00, 0x00, 0x00, 0x00, 0x00, 0x00, 0x00, 0x00, 0x00, 0x00, 0x00, 0x00, 0x00, 0x00, 0x00, 0x00, 0x00,
    0x00, 0x00, 0x00, 0x00, 0x00, 0x00, 0x00, 0x00, 0x00, 0x00, 0x00, 0x00, 0x00, 0x00, 0x00, 0x00, 0x00, 0x00, 0x00, 0x00, 0x00, 0x00, 0x00, 0x00,
    0x00, 0x00, 0x00, 0x00, 0x00, 0x00, 0x00, 0x00, 0x00, 0x00, 0x00, 0x00, 0x00, 0x00, 0x00, 0x01, 0x00, 0x00, 0x00, 0x02, 0x00, 0x00, 0x00, 0x02,
    0x0C, 0x0B, 0x10, 0x8B, 0x0D, 0x0C, 0x10, 0xFC, 0x0D, 0x0C, 0x11, 0xFF, 0x0D, 0x0C, 0x10, 0xFF, 0x0D, 0x0C, 0x10, 0xFE, 0x0D, 0x0C, 0x11, 0xFC,
    0x0D, 0x0C, 0x11, 0xFC, 0x0D, 0x0C, 0x11, 0xFD, 0x0E, 0x0D, 0x12, 0xFE, 0x0D, 0x0C, 0x11, 0xFF, 0x0A, 0x08, 0x0E, 0xFF, 0x0D, 0x0C, 0x10, 0xFF,
    0x1B, 0x18, 0x1D, 0xFF, 0x1F, 0x1C, 0x20, 0xFF, 0x09, 0x08, 0x0C, 0xFF, 0x0E, 0x10, 0x14, 0xFF, 0x11, 0x14, 0x16, 0xFF, 0x15, 0x17, 0x1B, 0xFF,
    0x13, 0x14, 0x18, 0xFF, 0x1E, 0x1E, 0x22, 0xFF, 0x26, 0x25, 0x29, 0xFF, 0x20, 0x20, 0x23, 0xFF, 0x63, 0x62, 0x65, 0xFF, 0x7E, 0x7C, 0x81, 0xFF,
    0x4F, 0x4D, 0x53, 0xFF, 0x5E, 0x5D, 0x63, 0xFF, 0x65, 0x63, 0x6D, 0xFE, 0x7E, 0x7B, 0x88, 0xFB, 0x99, 0x9A, 0xA5, 0xFF, 0x7F, 0x80, 0x8C, 0xDE,
    0x5E, 0x65, 0x6F, 0x4E, 0x33, 0x33, 0x33, 0x05, 0x3F, 0x3F, 0x3F, 0x04, 0x00, 0x00, 0x00, 0x01, 0x00, 0x00, 0x00, 0x00, 0x00, 0x00, 0x00, 0x00,
    0x00, 0x00, 0x00, 0x00, 0x00, 0x00, 0x00, 0x00, 0x00, 0x00, 0x00, 0x00, 0x00, 0x00, 0x00, 0x00, 0x00, 0x00, 0x00, 0x00, 0x00, 0x00, 0x00, 0x00,
    0x00, 0x00, 0x00, 0x00, 0x00, 0x00, 0x00, 0x00, 0x00, 0x00, 0x00, 0x00, 0x00, 0x00, 0x00, 0x03, 0x00, 0x00, 0x00, 0x00, 0x0B, 0x09, 0x0F, 0x88,
    0x0E, 0x0C, 0x12, 0xFF, 0x0D, 0x0C, 0x11, 0xFD, 0x0D, 0x0C, 0x11, 0xFC, 0x0D, 0x0C, 0x11, 0xFE, 0x0D, 0x0C, 0x11, 0xFF, 0x0D, 0x0C, 0x11, 0xFF,
    0x0E, 0x0D, 0x12, 0xFF, 0x0B, 0x0A, 0x0F, 0xFF, 0x0A, 0x09, 0x0D, 0xFF, 0x17, 0x14, 0x18, 0xFE, 0x2F, 0x2B, 0x2F, 0xFC, 0x3C, 0x38, 0x3B, 0xFC,
    0x41, 0x3D, 0x41, 0xFE, 0x4A, 0x49, 0x4B, 0xFF, 0x25, 0x24, 0x29, 0xFF, 0x0E, 0x11, 0x16, 0xFF, 0x19, 0x1E, 0x1F, 0xFF, 0x1E, 0x20, 0x24, 0xFF,
    0x25, 0x24, 0x29, 0xFF, 0x25, 0x24, 0x28, 0xFF, 0x23, 0x23, 0x25, 0xFF, 0x1D, 0x1A, 0x1D, 0xFF, 0x71, 0x6E, 0x73, 0xFF, 0x75, 0x72, 0x78, 0xFF,
    0x4C, 0x48, 0x51, 0xFF, 0x5B, 0x59, 0x61, 0xFF, 0x5F, 0x5E, 0x66, 0xFF, 0x6F, 0x6D, 0x77, 0xFF, 0x82, 0x83, 0x8D, 0xFC, 0x8E, 0x90, 0x99, 0xFF,
    0x8B, 0x8F, 0x96, 0xFF, 0x66, 0x6D, 0x71, 0x41, 0x00, 0x00, 0x00, 0x00, 0xAA, 0xAA, 0xAA, 0x03, 0x3F, 0x3F, 0x3F, 0x04, 0x00, 0x00, 0x00, 0x01,
    0x00, 0x00, 0x00, 0x00, 0x00, 0x00, 0x00, 0x00, 0x00, 0x00, 0x00, 0x00, 0x00, 0x00, 0x00, 0x00, 0x00, 0x00, 0x00, 0x00, 0x00, 0x00, 0x00, 0x00,
    0x00, 0x00, 0x00, 0x00, 0x00, 0x00, 0x00, 0x00, 0x00, 0x00, 0x00, 0x00, 0x00, 0x00, 0x00, 0x00, 0x0B, 0x0B, 0x0B, 0x2B, 0x0C, 0x0B, 0x0F, 0xFB,
    0x0D, 0x0C, 0x11, 0xFC, 0x0D, 0x0C, 0x11, 0xFE, 0x0D, 0x0C, 0x11, 0xFF, 0x0D, 0x0C, 0x11, 0xFF, 0x0D, 0x0D, 0x11, 0xFF, 0x0B, 0x0A, 0x0F, 0xFF,
    0x0C, 0x0A, 0x0E, 0xFF, 0x18, 0x15, 0x18, 0xFF, 0x2C, 0x2A, 0x2C, 0xFF, 0x3E, 0x3B, 0x3D, 0xFF, 0x4D, 0x48, 0x4A, 0xFF, 0x58, 0x53, 0x57, 0xFF,
    0x68, 0x62, 0x66, 0xFF, 0x6B, 0x67, 0x6A, 0xFF, 0x74, 0x72, 0x7A, 0xFF, 0x4A, 0x4C, 0x55, 0xFF, 0x11, 0x15, 0x19, 0xFF, 0x20, 0x22, 0x27, 0xFF,
    0x29, 0x28, 0x2D, 0xFF, 0x22, 0x21, 0x27, 0xFF, 0x1E, 0x1D, 0x21, 0xFF, 0x1F, 0x1C, 0x1F, 0xFF, 0x32, 0x2F, 0x33, 0xFF, 0x77, 0x73, 0x7A, 0xFF,
    0x4D, 0x4A, 0x52, 0xFF, 0x53, 0x52, 0x59, 0xFF, 0x5F, 0x5E, 0x66, 0xFF, 0x67, 0x67, 0x72, 0xFF, 0x72, 0x74, 0x82, 0xFF, 0x7D, 0x7F, 0x87, 0xFC,
    0x9C, 0x9B, 0x9C, 0xFE, 0x6D, 0x69, 0x66, 0xC4, 0x26, 0x26, 0x23, 0x48, 0x00, 0x00, 0x00, 0x01, 0x00, 0x00, 0x00, 0x00, 0x00, 0x00, 0x00, 0x00,
    0x55, 0x55, 0x55, 0x03, 0x00, 0x00, 0x00, 0x00, 0x00, 0x00, 0x00, 0x00, 0x00, 0x00, 0x00, 0x00, 0x00, 0x00, 0x00, 0x00, 0x00, 0x00, 0x00, 0x00,
    0x00, 0x00, 0x00, 0x00, 0x00, 0x00, 0x00, 0x00, 0x00, 0x00, 0x00, 0x00, 0x00, 0x00, 0x00, 0x00, 0x04, 0x04, 0x06, 0x74, 0x0C, 0x0C, 0x10, 0xFF,
    0x0C, 0x0D, 0x11, 0xFC, 0x0C, 0x0C, 0x11, 0xFF, 0x0D, 0x0D, 0x12, 0xFF, 0x0C, 0x0B, 0x10, 0xFF, 0x0B, 0x09, 0x0F, 0xFF, 0x18, 0x16, 0x1A, 0xFF,
    0x2B, 0x28, 0x2B, 0xFF, 0x32, 0x2F, 0x30, 0xFF, 0x3A, 0x37, 0x39, 0xFF, 0x59, 0x54, 0x56, 0xFF, 0x72, 0x6D, 0x6D, 0xFF, 0x74, 0x70, 0x73, 0xFF,
    0x61, 0x5D, 0x63, 0xFF, 0x5D, 0x59, 0x61, 0xFF, 0x74, 0x73, 0x7C, 0xFF, 0x83, 0x84, 0x8F, 0xFF, 0x35, 0x38, 0x40, 0xFF, 0x1D, 0x1F, 0x24, 0xFF,
    0x2D, 0x2C, 0x33, 0xFF, 0x23, 0x22, 0x27, 0xFF, 0x1D, 0x1C, 0x20, 0xFF, 0x26, 0x24, 0x26, 0xFF, 0x21, 0x1E, 0x20, 0xFF, 0x46, 0x43, 0x49, 0xFF,
    0x78, 0x76, 0x7C, 0xFF, 0x48, 0x47, 0x4E, 0xFF, 0x50, 0x4F, 0x56, 0xFF, 0x57, 0x58, 0x62, 0xFF, 0x5D, 0x61, 0x6C, 0xFF, 0x8F, 0x8E, 0x94, 0xFF,
    0x7B, 0x74, 0x77, 0xFE, 0x62, 0x59, 0x5B, 0xFF, 0x44, 0x42, 0x44, 0xFF, 0x43, 0x46, 0x49, 0xC7, 0x48, 0x48, 0x4F, 0x6D, 0x39, 0x45, 0x45, 0x16,
    0x00, 0x00, 0x00, 0x00, 0x00, 0x00, 0x00, 0x01, 0x00, 0x00, 0x00, 0x00, 0x00, 0x00, 0x00, 0x00, 0x00, 0x00, 0x00, 0x00, 0x00, 0x00, 0x00, 0x00,
    0x00, 0x00, 0x00, 0x00, 0x00, 0x00, 0x00, 0x00, 0x00, 0x00, 0x00, 0x00, 0x00, 0x00, 0x00, 0x00, 0x0C, 0x0C, 0x0F, 0x76, 0x0E, 0x0F, 0x13, 0xFE,
    0x0B, 0x0D, 0x11, 0xFC, 0x0C, 0x0E, 0x12, 0xFF, 0x09, 0x09, 0x0E, 0xFF, 0x15, 0x14, 0x19, 0xFF, 0x2D, 0x2C, 0x31, 0xFF, 0x30, 0x2E, 0x31, 0xFF,
    0x2B, 0x28, 0x29, 0xFF, 0x45, 0x43, 0x46, 0xFF, 0x6F, 0x6E, 0x73, 0xFF, 0x72, 0x6F, 0x74, 0xFF, 0x5E, 0x5B, 0x5D, 0xFF, 0x5A, 0x59, 0x5D, 0xFF,
    0x63, 0x61, 0x68, 0xFF, 0x66, 0x65, 0x6E, 0xFF, 0x74, 0x75, 0x7E, 0xFF, 0x86, 0x87, 0x92, 0xFF, 0x7D, 0x7F, 0x89, 0xFF, 0x27, 0x28, 0x2F, 0xFF,
    0x2A, 0x2A, 0x32, 0xFF, 0x2D, 0x2E, 0x35, 0xFF, 0x28, 0x28, 0x2D, 0xFF, 0x2A, 0x2A, 0x2C, 0xFF, 0x2F, 0x2D, 0x30, 0xFF, 0x2E, 0x2B, 0x31, 0xFF,
    0x59, 0x58, 0x5F, 0xFF, 0x6C, 0x6A, 0x73, 0xFF, 0x4F, 0x4F, 0x58, 0xFF, 0x69, 0x6B, 0x74, 0xFF, 0x75, 0x77, 0x7F, 0xFF, 0x71, 0x6F, 0x76, 0xFF,
    0x5D, 0x58, 0x5E, 0xFF, 0x4D, 0x46, 0x4E, 0xFD, 0x44, 0x43, 0x48, 0xFE, 0x47, 0x4A, 0x4E, 0xFF, 0x4D, 0x4F, 0x55, 0xFF, 0x4B, 0x4C, 0x52, 0xE7,
    0x42, 0x42, 0x4A, 0x67, 0x00, 0x00, 0x00, 0x00, 0x00, 0x00, 0x00, 0x02, 0x00, 0x00, 0x00, 0x00, 0x00, 0x00, 0x00, 0x00, 0x00, 0x00, 0x00, 0x00,
    0x00, 0x00, 0x00, 0x00, 0x00, 0x00, 0x00, 0x00, 0x00, 0x00, 0x00, 0x00, 0x00, 0x00, 0x00, 0x00, 0x0F, 0x0F, 0x10, 0xA9, 0x12, 0x13, 0x15, 0xFF,
    0x0E, 0x0E, 0x13, 0xFC, 0x09, 0x0B, 0x0F, 0xFF, 0x19, 0x19, 0x1D, 0xFF, 0x32, 0x31, 0x35, 0xFF, 0x2C, 0x2B, 0x2F, 0xFF, 0x2D, 0x2E, 0x30, 0xFF,
    0x5E, 0x5E, 0x62, 0xFF, 0x73, 0x73, 0x7B, 0xFF, 0x58, 0x56, 0x60, 0xFF, 0x57, 0x54, 0x5C, 0xFF, 0x64, 0x60, 0x66, 0xFF, 0x68, 0x65, 0x6B, 0xFF,
    0x66, 0x65, 0x6C, 0xFF, 0x6E, 0x6F, 0x79, 0xFF, 0x77, 0x78, 0x83, 0xFF, 0x7E, 0x80, 0x8B, 0xFF, 0x90, 0x92, 0x9C, 0xFF, 0x6D, 0x6D, 0x76, 0xFF,
    0x23, 0x24, 0x2D, 0xFF, 0x2C, 0x2F, 0x39, 0xFF, 0x2C, 0x2F, 0x38, 0xFF, 0x2C, 0x2F, 0x35, 0xFF, 0x36, 0x36, 0x3E, 0xFF, 0x3B, 0x39, 0x42, 0xFF,
    0x3E, 0x3C, 0x45, 0xFF, 0x57, 0x55, 0x60, 0xFF, 0x6C, 0x6B, 0x77, 0xFF, 0x71, 0x72, 0x7D, 0xFF, 0x62, 0x64, 0x6E, 0xFF, 0x4C, 0x4C, 0x53, 0xFF,
    0x53, 0x52, 0x57, 0xFF, 0x35, 0x35, 0x39, 0xFF, 0x3E, 0x40, 0x43, 0xFF, 0x3F, 0x41, 0x46, 0xFD, 0x43, 0x44, 0x4A, 0xFB, 0x4A, 0x4B, 0x52, 0xFF,
    0x51, 0x51, 0x58, 0xFF, 0x46, 0x42, 0x4C, 0x50, 0x00, 0x00, 0x00, 0x00, 0x00, 0x00, 0x00, 0x00, 0x00, 0x00, 0x00, 0x00, 0x00, 0x00, 0x00, 0x00,
    0x00, 0x00, 0x00, 0x00, 0x00, 0x00, 0x00, 0x00, 0x00, 0x00, 0x00, 0x00, 0x00, 0x00, 0x00, 0x01, 0x0A, 0x0B, 0x0E, 0xC4, 0x0F, 0x10, 0x15, 0xFF,
    0x0D, 0x0E, 0x12, 0xFD, 0x0B, 0x0D, 0x10, 0xFF, 0x2B, 0x2B, 0x2E, 0xFF, 0x26, 0x25, 0x28, 0xFF, 0x26, 0x26, 0x27, 0xFF, 0x6E, 0x6F, 0x72, 0xFF,
    0x77, 0x78, 0x80, 0xFF, 0x65, 0x66, 0x71, 0xFF, 0x53, 0x53, 0x5E, 0xFF, 0x5F, 0x5B, 0x65, 0xFF, 0x66, 0x63, 0x68, 0xFF, 0x6A, 0x67, 0x6D, 0xFF,
    0x6F, 0x6D, 0x76, 0xFF, 0x78, 0x79, 0x84, 0xFF, 0x7E, 0x80, 0x8D, 0xFF, 0x87, 0x89, 0x95, 0xFF, 0x90, 0x92, 0x9C, 0xFF, 0x9B, 0x9E, 0xA6, 0xFF,
    0x5D, 0x5E, 0x67, 0xFF, 0x1E, 0x1F, 0x29, 0xFF, 0x28, 0x2A, 0x33, 0xFF, 0x24, 0x27, 0x2E, 0xFF, 0x37, 0x36, 0x3F, 0xFF, 0x44, 0x42, 0x4D, 0xFF,
    0x44, 0x44, 0x50, 0xFF, 0x41, 0x41, 0x4D, 0xFF, 0x50, 0x50, 0x5B, 0xFF, 0x53, 0x53, 0x5E, 0xFF, 0x3F, 0x40, 0x4A, 0xFF, 0x5D, 0x5C, 0x64, 0xFF,
    0x38, 0x38, 0x3D, 0xFF, 0x22, 0x24, 0x29, 0xFF, 0x30, 0x32, 0x38, 0xFF, 0x37, 0x39, 0x3F, 0xFF, 0x44, 0x47, 0x4D, 0xFF, 0x47, 0x4A, 0x50, 0xFA,
    0x4E, 0x50, 0x58, 0xFE, 0x44, 0x44, 0x4B, 0xAF, 0x00, 0x00, 0x00, 0x00, 0x00, 0x00, 0x00, 0x00, 0x00, 0x00, 0x00, 0x00, 0x00, 0x00, 0x00, 0x00,
    0x00, 0x00, 0x00, 0x00, 0x00, 0x00, 0x00, 0x00, 0x00, 0x00, 0x00, 0x00, 0x00, 0x00, 0x00, 0x03, 0x0B, 0x0B, 0x0E, 0xC6, 0x0F, 0x10, 0x15, 0xFF,
    0x0D, 0x0E, 0x12, 0xFD, 0x09, 0x0C, 0x0D, 0xFF, 0x18, 0x19, 0x1B, 0xFF, 0x27, 0x27, 0x29, 0xFF, 0x20, 0x20, 0x21, 0xFF, 0x65, 0x65, 0x6B, 0xFF,
    0x61, 0x62, 0x6C, 0xFF, 0x5F, 0x5F, 0x6C, 0xFF, 0x52, 0x52, 0x5D, 0xFF, 0x62, 0x5F, 0x68, 0xFF, 0x68, 0x64, 0x6A, 0xFF, 0x6B, 0x68, 0x6E, 0xFF,
    0x72, 0x71, 0x7B, 0xFF, 0x7A, 0x7B, 0x88, 0xFF, 0x85, 0x88, 0x96, 0xFF, 0x8C, 0x8F, 0x9C, 0xFF, 0x93, 0x96, 0x9E, 0xFF, 0x95, 0x99, 0x9E, 0xFF,
    0x95, 0x96, 0x9C, 0xFF, 0x4E, 0x4F, 0x55, 0xFF, 0x0F, 0x10, 0x15, 0xFF, 0x15, 0x16, 0x1C, 0xFE, 0x1D, 0x1D, 0x24, 0xFE, 0x47, 0x47, 0x50, 0xFF,
    0x57, 0x58, 0x64, 0xFF, 0x46, 0x47, 0x53, 0xFF, 0x49, 0x4A, 0x56, 0xFF, 0x4F, 0x4F, 0x5C, 0xFF, 0x56, 0x56, 0x62, 0xFF, 0x50, 0x50, 0x59, 0xFF,
    0x1A, 0x1A, 0x20, 0xFF, 0x22, 0x23, 0x2A, 0xFF, 0x28, 0x28, 0x2F, 0xFF, 0x2F, 0x31, 0x37, 0xFF, 0x39, 0x3C, 0x42, 0xFF, 0x3A, 0x3F, 0x43, 0xFD,
    0x40, 0x43, 0x4A, 0xFF, 0x3E, 0x3E, 0x45, 0xD7, 0x00, 0x00, 0x00, 0x06, 0x00, 0x00, 0x00, 0x00, 0x00, 0x00, 0x00, 0x00, 0x00, 0x00, 0x00, 0x00,
    0x00, 0x00, 0x00, 0x00, 0x00, 0x00, 0x00, 0x00, 0x00, 0x00, 0x00, 0x00, 0x00, 0x00, 0x00, 0x07, 0x0A, 0x0A, 0x0C, 0xC8, 0x10, 0x12, 0x16, 0xFF,
    0x0E, 0x0F, 0x12, 0xFD, 0x0D, 0x0F, 0x11, 0xFF, 0x14, 0x14, 0x16, 0xFF, 0x36, 0x36, 0x38, 0xFF, 0x19, 0x19, 0x1B, 0xFF, 0x41, 0x41, 0x45, 0xFF,
    0x62, 0x63, 0x6B, 0xFF, 0x46, 0x47, 0x54, 0xFF, 0x58, 0x58, 0x63, 0xFF, 0x65, 0x62, 0x6B, 0xFF, 0x6D, 0x6A, 0x6F, 0xFF, 0x6F, 0x6D, 0x73, 0xFF,
    0x72, 0x72, 0x7C, 0xFF, 0x7A, 0x7D, 0x8A, 0xFF, 0x76, 0x7B, 0x89, 0xFF, 0x80, 0x83, 0x90, 0xFF, 0x93, 0x97, 0x9D, 0xFF, 0x9A, 0x9E, 0xA0, 0xFF,
    0x9B, 0x9D, 0x9F, 0xFF, 0x95, 0x97, 0x99, 0xFF, 0x38, 0x3B, 0x3E, 0xFF, 0x09, 0x0B, 0x0D, 0xFF, 0x11, 0x13, 0x15, 0xFF, 0x11, 0x12, 0x18, 0xFF,
    0x3A, 0x3B, 0x44, 0xFE, 0x50, 0x50, 0x5D, 0xFF, 0x51, 0x51, 0x5F, 0xFF, 0x4A, 0x4A, 0x58, 0xFF, 0x60, 0x60, 0x6C, 0xFF, 0x32, 0x33, 0x3C, 0xFF,
    0x15, 0x16, 0x1D, 0xFF, 0x20, 0x21, 0x27, 0xFF, 0x27, 0x28, 0x2E, 0xFF, 0x29, 0x2B, 0x31, 0xFF, 0x2C, 0x2F, 0x35, 0xFF, 0x2B, 0x2F, 0x34, 0xFE,
    0x2F, 0x31, 0x38, 0xFE, 0x29, 0x2A, 0x30, 0xE5, 0x00, 0x0F, 0x0F, 0x11, 0x00, 0x00, 0x00, 0x00, 0x00, 0x00, 0x00, 0x00, 0x00, 0x00, 0x00, 0x00,
    0x00, 0x00, 0x00, 0x00, 0x00, 0x00, 0x00, 0x00, 0x00, 0x00, 0x00, 0x00, 0x00, 0x00, 0x00, 0x02, 0x03, 0x03, 0x03, 0x98, 0x12, 0x12, 0x15, 0xFF,
    0x10, 0x12, 0x15, 0xFE, 0x11, 0x13, 0x17, 0xFF, 0x0C, 0x0C, 0x11, 0xFF, 0x38, 0x37, 0x3C, 0xFF, 0x2F, 0x2F, 0x31, 0xFF, 0x1C, 0x1B, 0x1F, 0xFF,
    0x65, 0x65, 0x6B, 0xFF, 0x4F, 0x52, 0x5C, 0xFF, 0x55, 0x58, 0x62, 0xFF, 0x65, 0x64, 0x6C, 0xFF, 0x71, 0x6E, 0x74, 0xFF, 0x71, 0x6F, 0x75, 0xFF,
    0x71, 0x71, 0x7A, 0xFF, 0x7C, 0x80, 0x8A, 0xFF, 0x84, 0x88, 0x90, 0xFF, 0x90, 0x94, 0x97, 0xFF, 0x96, 0x9B, 0x9B, 0xFF, 0x9C, 0xA1, 0xA2, 0xFF,
    0x9C, 0x9C, 0x9E, 0xFF, 0xA6, 0xA5, 0xAA, 0xFF, 0x7E, 0x84, 0x89, 0xFE, 0x15, 0x19, 0x1B, 0xEC, 0x0A, 0x09, 0x0C, 0xF4, 0x0C, 0x0C, 0x11, 0xFF,
    0x0A, 0x09, 0x10, 0xFF, 0x20, 0x20, 0x28, 0xFF, 0x3C, 0x3D, 0x45, 0xFE, 0x4C, 0x4D, 0x53, 0xFE, 0x4A, 0x4B, 0x51, 0xFF, 0x12, 0x13, 0x19, 0xFF,
    0x13, 0x14, 0x18, 0xFF, 0x19, 0x1A, 0x1E, 0xFE, 0x1D, 0x1F, 0x23, 0xFE, 0x1D, 0x1E, 0x23, 0xFE, 0x21, 0x23, 0x29, 0xFE, 0x23, 0x24, 0x2A, 0xFB,
    0x22, 0x23, 0x29, 0xFF, 0x1A, 0x19, 0x1E, 0xD2, 0x00, 0x00, 0x00, 0x08, 0x00, 0x00, 0x00, 0x00, 0x00, 0x00, 0x00, 0x00, 0x00, 0x00, 0x00, 0x00,
    0x00, 0x00, 0x00, 0x00, 0x00, 0x00, 0x00, 0x00, 0x00, 0x00, 0x00, 0x00, 0x00, 0x00, 0x00, 0x00, 0x00, 0x00, 0x00, 0x46, 0x11, 0x11, 0x14, 0xFC,
    0x13, 0x15, 0x19, 0xFF, 0x10, 0x12, 0x16, 0xFE, 0x11, 0x11, 0x16, 0xFF, 0x17, 0x16, 0x1B, 0xFF, 0x4B, 0x4A, 0x4E, 0xFF, 0x16, 0x14, 0x19, 0xFF,
    0x42, 0x42, 0x47, 0xFF, 0x63, 0x67, 0x70, 0xFF, 0x47, 0x4A, 0x54, 0xFF, 0x58, 0x57, 0x60, 0xFF, 0x65, 0x64, 0x69, 0xFF, 0x6B, 0x6A, 0x70, 0xFF,
    0x75, 0x75, 0x7E, 0xFF, 0x7C, 0x7E, 0x89, 0xFF, 0x88, 0x8C, 0x92, 0xFF, 0x91, 0x96, 0x97, 0xFF, 0xA0, 0xA4, 0xA1, 0xFF, 0xBD, 0xBE, 0xBD, 0xFF,
    0xB4, 0xAF, 0xB0, 0xFE, 0x91, 0x8B, 0x8D, 0xFF, 0x57, 0x54, 0x54, 0xE8, 0x0B, 0x0B, 0x0B, 0x41, 0x01, 0x01, 0x03, 0x85, 0x03, 0x03, 0x04, 0xCD,
    0x09, 0x09, 0x0C, 0xF1, 0x07, 0x08, 0x0B, 0xFD, 0x09, 0x0B, 0x0E, 0xFF, 0x1B, 0x1D, 0x20, 0xFF, 0x12, 0x14, 0x18, 0xFF, 0x0C, 0x0E, 0x11, 0xFF,
    0x10, 0x11, 0x14, 0xFE, 0x11, 0x13, 0x17, 0xFE, 0x12, 0x14, 0x18, 0xFF, 0x16, 0x18, 0x1C, 0xFF, 0x1D, 0x1F, 0x22, 0xFF, 0x18, 0x1A, 0x1C, 0xFF,
    0x10, 0x10, 0x12, 0xE5, 0x07, 0x07, 0x0B, 0x45, 0x00, 0x00, 0x00, 0x00, 0x00, 0x00, 0x00, 0x00, 0x00, 0x00, 0x00, 0x00, 0x00, 0x00, 0x00, 0x00,
    0x00, 0x00, 0x00, 0x00, 0x00, 0x00, 0x00, 0x00, 0x00, 0x00, 0x00, 0x00, 0x00, 0x00, 0x00, 0x00, 0x00, 0x00, 0x00, 0x2B, 0x0E, 0x0F, 0x12, 0xF6,
    0x12, 0x14, 0x18, 0xFF, 0x10, 0x12, 0x16, 0xFE, 0x14, 0x15, 0x19, 0xFF, 0x0D, 0x0C, 0x11, 0xFF, 0x33, 0x32, 0x38, 0xFF, 0x3F, 0x3C, 0x42, 0xFF,
    0x1B, 0x1B, 0x21, 0xFF, 0x69, 0x6B, 0x75, 0xFF, 0x49, 0x4C, 0x56, 0xFF, 0x52, 0x51, 0x5A, 0xFF, 0x6C, 0x6C, 0x71, 0xFF, 0x6D, 0x6C, 0x71, 0xFF,
    0x72, 0x72, 0x7B, 0xFF, 0x75, 0x77, 0x80, 0xFF, 0x97, 0x99, 0x9E, 0xFF, 0xAE, 0xB0, 0xB1, 0xFF, 0x9B, 0x9B, 0x99, 0xFF, 0x85, 0x80, 0x7C, 0xFF,
    0x6F, 0x67, 0x64, 0xFF, 0x75, 0x68, 0x66, 0xFD, 0x82, 0x75, 0x73, 0xFA, 0x49, 0x42, 0x42, 0x50, 0x00, 0x00, 0x00, 0x00, 0x0D, 0x0D, 0x0D, 0x26,
    0x00, 0x00, 0x00, 0x70, 0x02, 0x04, 0x04, 0xB7, 0x05, 0x07, 0x08, 0xE3, 0x06, 0x07, 0x09, 0xF8, 0x09, 0x0B, 0x0D, 0xFF, 0x0D, 0x0F, 0x11, 0xFF,
    0x0F, 0x10, 0x12, 0xFF, 0x0B, 0x0D, 0x11, 0xFF, 0x0A, 0x0C, 0x0F, 0xF9, 0x0A, 0x0C, 0x0E, 0xE9, 0x08, 0x0A, 0x0A, 0xC7, 0x01, 0x03, 0x03, 0x84,
    0x00, 0x00, 0x00, 0x23, 0x00, 0x00, 0x00, 0x00, 0x00, 0x00, 0x00, 0x01, 0x00, 0x00, 0x00, 0x00, 0x00, 0x00, 0x00, 0x00, 0x00, 0x00, 0x00, 0x00,
    0x00, 0x00, 0x00, 0x00, 0x00, 0x00, 0x00, 0x00, 0x00, 0x00, 0x00, 0x00, 0x00, 0x00, 0x00, 0x00, 0x00, 0x00, 0x00, 0x2A, 0x0B, 0x0B, 0x0F, 0xF3,
    0x0E, 0x0F, 0x14, 0xFE, 0x0E, 0x10, 0x14, 0xFE, 0x11, 0x13, 0x17, 0xFF, 0x16, 0x17, 0x1C, 0xFF, 0x14, 0x15, 0x1C, 0xFF, 0x4D, 0x4C, 0x53, 0xFF,
    0x32, 0x32, 0x38, 0xFF, 0x44, 0x45, 0x4F, 0xFF, 0x68, 0x6C, 0x74, 0xFF, 0x5B, 0x5E, 0x63, 0xFF, 0x77, 0x76, 0x7A, 0xFF, 0x71, 0x71, 0x76, 0xFF,
    0x84, 0x85, 0x89, 0xFF, 0xA2, 0xA0, 0xA4, 0xFF, 0x87, 0x81, 0x86, 0xFF, 0x71, 0x6A, 0x69, 0xFF, 0x82, 0x7A, 0x76, 0xFF, 0x88, 0x7D, 0x7A, 0xFF,
    0x7A, 0x6E, 0x6B, 0xFF, 0x70, 0x64, 0x66, 0xFE, 0x5F, 0x56, 0x5B, 0xFE, 0x55, 0x52, 0x55, 0xFC, 0x46, 0x46, 0x46, 0x62, 0x00, 0x00, 0x00, 0x00,
    0x00, 0x00, 0x00, 0x00, 0x00, 0x00, 0x00, 0x11, 0x00, 0x00, 0x00, 0x43, 0x02, 0x02, 0x02, 0x74, 0x01, 0x01, 0x01, 0x88, 0x01, 0x01, 0x03, 0x8B,
    0x01, 0x01, 0x03, 0x85, 0x00, 0x00, 0x00, 0x70, 0x00, 0x00, 0x00, 0x5A, 0x00, 0x00, 0x00, 0x2D, 0x00, 0x00, 0x00, 0x0D, 0x00, 0x00, 0x00, 0x00,
    0x00, 0x00, 0x00, 0x00, 0x00, 0x00, 0x00, 0x02, 0x00, 0x00, 0x00, 0x00, 0x00, 0x00, 0x00, 0x00, 0x00, 0x00, 0x00, 0x00, 0x00, 0x00, 0x00, 0x00,
    0x00, 0x00, 0x00, 0x00, 0x00, 0x00, 0x00, 0x00, 0x00, 0x00, 0x00, 0x00, 0x00, 0x00, 0x00, 0x00, 0x00, 0x00, 0x00, 0x23, 0x0A, 0x0B, 0x0F, 0xEE,
    0x0E, 0x10, 0x15, 0xFF, 0x0C, 0x0E, 0x12, 0xFE, 0x12, 0x14, 0x18, 0xFE, 0x19, 0x1A, 0x1E, 0xFF, 0x1A, 0x1B, 0x22, 0xFF, 0x2C, 0x2B, 0x32, 0xFF,
    0x54, 0x54, 0x5B, 0xFF, 0x34, 0x36, 0x3F, 0xFF, 0x5B, 0x5D, 0x65, 0xFF, 0x58, 0x5A, 0x61, 0xFF, 0x7D, 0x7E, 0x80, 0xFF, 0x93, 0x94, 0x94, 0xFF,
    0x82, 0x80, 0x83, 0xFF, 0x59, 0x53, 0x5B, 0xFF, 0x5C, 0x52, 0x59, 0xFF, 0x94, 0x8A, 0x89, 0xFF, 0x8F, 0x86, 0x82, 0xFF, 0x68, 0x62, 0x60, 0xFF,
    0x6E, 0x6A, 0x6A, 0xFF, 0x7F, 0x7B, 0x7C, 0xFF, 0x85, 0x83, 0x84, 0xFE, 0x8C, 0x8A, 0x8C, 0xFF, 0x81, 0x80, 0x83, 0xFF, 0x5F, 0x5F, 0x63, 0x7E,
    0x00, 0x00, 0x00, 0x04, 0x00, 0x00, 0x00, 0x00, 0x00, 0x00, 0x00, 0x00, 0x00, 0x00, 0x00, 0x00, 0x00, 0x00, 0x00, 0x00, 0x00, 0x00, 0x00, 0x00,
    0x00, 0x00, 0x00, 0x00, 0x00, 0x00, 0x00, 0x00, 0x00, 0x00, 0x00, 0x00, 0x00, 0x00, 0x00, 0x00, 0x00, 0x00, 0x00, 0x00, 0x00, 0x00, 0x00, 0x02,
    0x00, 0x00, 0x00, 0x02, 0x00, 0x00, 0x00, 0x00, 0x00, 0x00, 0x00, 0x00, 0x00, 0x00, 0x00, 0x00, 0x00, 0x00, 0x00, 0x00, 0x00, 0x00, 0x00, 0x00,
    0x00, 0x00, 0x00, 0x00, 0x00, 0x00, 0x00, 0x00, 0x00, 0x00, 0x00, 0x00, 0x00, 0x00, 0x00, 0x00, 0x00, 0x00, 0x00, 0x14, 0x01, 0x02, 0x04, 0xB9,
    0x09, 0x0A, 0x0D, 0xF4, 0x0D, 0x0E, 0x12, 0xFE, 0x0E, 0x0F, 0x13, 0xFF, 0x18, 0x19, 0x1D, 0xFF, 0x1E, 0x20, 0x26, 0xFF, 0x1B, 0x1A, 0x20, 0xFF,
    0x48, 0x47, 0x50, 0xFF, 0x4B, 0x4C, 0x56, 0xFF, 0x44, 0x44, 0x4E, 0xFF, 0x59, 0x5A, 0x62, 0xFF, 0x6A, 0x6B, 0x72, 0xFF, 0x4C, 0x4D, 0x55, 0xFF,
    0x45, 0x43, 0x4A, 0xFF, 0x71, 0x6E, 0x74, 0xFF, 0x7B, 0x78, 0x7D, 0xFF, 0x4D, 0x4B, 0x4D, 0xFF, 0x54, 0x54, 0x55, 0xFF, 0x81, 0x82, 0x84, 0xFF,
    0x8D, 0x90, 0x90, 0xFF, 0x8D, 0x90, 0x8F, 0xFF, 0x87, 0x8A, 0x8A, 0xFF, 0x8B, 0x8A, 0x8C, 0xFE, 0x88, 0x85, 0x87, 0xFD, 0x89, 0x88, 0x8A, 0xFF,
    0x76, 0x75, 0x78, 0xBD, 0x3D, 0x3D, 0x3D, 0x19, 0x55, 0x55, 0x55, 0x03, 0x00, 0x00, 0x00, 0x04, 0x00, 0x00, 0x00, 0x02, 0x00, 0x00, 0x00, 0x02,
    0x00, 0x00, 0x00, 0x02, 0x00, 0x00, 0x00, 0x03, 0x00, 0x00, 0x00, 0x03, 0x00, 0x00, 0x00, 0x02, 0x00, 0x00, 0x00, 0x01, 0x00, 0x00, 0x00, 0x00,
    0x00, 0x00, 0x00, 0x00, 0x00, 0x00, 0x00, 0x00, 0x00, 0x00, 0x00, 0x00, 0x00, 0x00, 0x00, 0x00, 0x00, 0x00, 0x00, 0x00, 0x00, 0x00, 0x00, 0x00,
    0x00, 0x00, 0x00, 0x00, 0x00, 0x00, 0x00, 0x00, 0x00, 0x00, 0x00, 0x00, 0x00, 0x00, 0x00, 0x01, 0x00, 0x00, 0x00, 0x00, 0x00, 0x00, 0x00, 0x1E,
    0x00, 0x00, 0x00, 0x91, 0x05, 0x05, 0x06, 0xE7, 0x0D, 0x0E, 0x0F, 0xFA, 0x14, 0x15, 0x18, 0xFE, 0x19, 0x1A, 0x21, 0xFF, 0x1F, 0x1F, 0x25, 0xFF,
    0x34, 0x33, 0x3C, 0xFF, 0x58, 0x59, 0x65, 0xFF, 0x4C, 0x4D, 0x57, 0xFF, 0x50, 0x51, 0x5B, 0xFF, 0x46, 0x46, 0x53, 0xFF, 0x49, 0x49, 0x56, 0xFF,
    0x5F, 0x60, 0x68, 0xFF, 0x49, 0x4B, 0x4F, 0xFF, 0x38, 0x39, 0x3F, 0xFF, 0x55, 0x58, 0x5D, 0xFF, 0x68, 0x6B, 0x73, 0xFF, 0x81, 0x84, 0x8A, 0xFF,
    0x85, 0x87, 0x8A, 0xFF, 0x94, 0x96, 0x96, 0xFF, 0x8C, 0x8E, 0x8C, 0xFF, 0x8B, 0x8B, 0x8B, 0xFF, 0x8A, 0x88, 0x88, 0xFF, 0x8A, 0x87, 0x89, 0xFA,
    0x8F, 0x8F, 0x91, 0xFF, 0x64, 0x64, 0x67, 0xB9, 0x00, 0x00, 0x00, 0x02, 0x7F, 0x7F, 0x7F, 0x02, 0x00, 0x00, 0x00, 0x00, 0x00, 0x00, 0x00, 0x00,
    0x00, 0x00, 0x00, 0x00, 0x00, 0x00, 0x00, 0x00, 0x00, 0x00, 0x00, 0x00, 0x00, 0x00, 0x00, 0x00, 0x00, 0x00, 0x00, 0x00, 0x00, 0x00, 0x00, 0x00,
    0x00, 0x00, 0x00, 0x00, 0x00, 0x00, 0x00, 0x00, 0x00, 0x00, 0x00, 0x00, 0x00, 0x00, 0x00, 0x00, 0x00, 0x00, 0x00, 0x00, 0x00, 0x00, 0x00, 0x00,
    0x00, 0x00, 0x00, 0x00, 0x00, 0x00, 0x00, 0x00, 0x00, 0x00, 0x00, 0x00, 0x00, 0x00, 0x00, 0x00, 0x00, 0x00, 0x00, 0x01, 0x00, 0x00, 0x00, 0x00,
    0x00, 0x00, 0x00, 0x02, 0x00, 0x00, 0x00, 0x55, 0x00, 0x01, 0x01, 0x9B, 0x0B, 0x0C, 0x0F, 0xEC, 0x14, 0x16, 0x1A, 0xFF, 0x21, 0x1F, 0x26, 0xFE,
    0x1C, 0x1B, 0x24, 0xFF, 0x4B, 0x4C, 0x55, 0xFF, 0x5A, 0x5A, 0x65, 0xFF, 0x56, 0x56, 0x63, 0xFF, 0x5B, 0x5A, 0x68, 0xFF, 0x5E, 0x5F, 0x6A, 0xFF,
    0x28, 0x29, 0x30, 0xFF, 0x2A, 0x2C, 0x30, 0xFF, 0x5D, 0x5E, 0x64, 0xFF, 0x6D, 0x71, 0x76, 0xFF, 0x6A, 0x6D, 0x76, 0xFF, 0x6F, 0x72, 0x79, 0xFF,
    0x7A, 0x7C, 0x80, 0xFF, 0x90, 0x92, 0x92, 0xFF, 0x92, 0x95, 0x92, 0xFF, 0x8D, 0x8D, 0x8D, 0xFF, 0x90, 0x8E, 0x90, 0xFF, 0x8F, 0x8E, 0x91, 0xFF,
    0x85, 0x84, 0x88, 0xFA, 0x75, 0x74, 0x79, 0xFF, 0x3A, 0x3A, 0x40, 0x4F, 0x00, 0x00, 0x00, 0x00, 0x55, 0x55, 0x55, 0x03, 0x00, 0x00, 0x00, 0x00,
    0x00, 0x00, 0x00, 0x00, 0x00, 0x00, 0x00, 0x00, 0x00, 0x00, 0x00, 0x00, 0x00, 0x00, 0x00, 0x00, 0x00, 0x00, 0x00, 0x00, 0x00, 0x00, 0x00, 0x00,
    0x00, 0x00, 0x00, 0x00, 0x00, 0x00, 0x00, 0x00, 0x00, 0x00, 0x00, 0x00, 0x00, 0x00, 0x00, 0x00, 0x00, 0x00, 0x00, 0x00, 0x00, 0x00, 0x00, 0x00,
    0x00, 0x00, 0x00, 0x00, 0x00, 0x00, 0x00, 0x00, 0x00, 0x00, 0x00, 0x00, 0x00, 0x00, 0x00, 0x00, 0x00, 0x00, 0x00, 0x00, 0x00, 0x00, 0x00, 0x02,
    0x00, 0x00, 0x00, 0x01, 0x00, 0x00, 0x00, 0x00, 0x00, 0x00, 0x00, 0x0A, 0x02, 0x02, 0x05, 0xB2, 0x10, 0x10, 0x14, 0xFF, 0x13, 0x13, 0x1A, 0xFE,
    0x1B, 0x1B, 0x23, 0xFF, 0x1D, 0x1E, 0x28, 0xFF, 0x5C, 0x5C, 0x67, 0xFF, 0x5E, 0x5E, 0x6B, 0xFF, 0x6D, 0x6E, 0x7B, 0xFF, 0x31, 0x31, 0x3B, 0xFF,
    0x1A, 0x1B, 0x22, 0xFF, 0x38, 0x39, 0x3F, 0xFF, 0x61, 0x63, 0x6A, 0xFF, 0x70, 0x73, 0x79, 0xFF, 0x77, 0x7A, 0x82, 0xFF, 0x73, 0x77, 0x7D, 0xFF,
    0x72, 0x73, 0x78, 0xFF, 0x86, 0x87, 0x88, 0xFF, 0x97, 0x97, 0x96, 0xFF, 0x92, 0x92, 0x91, 0xFF, 0x90, 0x8F, 0x91, 0xFF, 0x86, 0x86, 0x8A, 0xFF,
    0x79, 0x79, 0x7D, 0xFB, 0x6F, 0x6F, 0x75, 0xFE, 0x47, 0x47, 0x4F, 0x80, 0x00, 0x00, 0x00, 0x00, 0x3F, 0x3F, 0x3F, 0x04, 0x00, 0x00, 0x00, 0x00,
    0x00, 0x00, 0x00, 0x00, 0x00, 0x00, 0x00, 0x00, 0x00, 0x00, 0x00, 0x00, 0x00, 0x00, 0x00, 0x00, 0x00, 0x00, 0x00, 0x00, 0x00, 0x00, 0x00, 0x00,
    0x00, 0x00, 0x00, 0x00, 0x00, 0x00, 0x00, 0x00, 0x00, 0x00, 0x00, 0x00, 0x00, 0x00, 0x00, 0x00, 0x00, 0x00, 0x00, 0x00, 0x00, 0x00, 0x00, 0x00,
    0x00, 0x00, 0x00, 0x00, 0x00, 0x00, 0x00, 0x00, 0x00, 0x00, 0x00, 0x00, 0x00, 0x00, 0x00, 0x00, 0x00, 0x00, 0x00, 0x00, 0x00, 0x00, 0x00, 0x00,
    0x00, 0x00, 0x00, 0x00, 0x00, 0x00, 0x00, 0x05, 0x00, 0x00, 0x00, 0x00, 0x00, 0x00, 0x00, 0x44, 0x08, 0x08, 0x09, 0xE7, 0x11, 0x12, 0x17, 0xFF,
    0x19, 0x1A, 0x22, 0xFE, 0x0B, 0x0C, 0x15, 0xFF, 0x26, 0x27, 0x32, 0xFF, 0x70, 0x71, 0x7C, 0xFF, 0x4C, 0x4D, 0x57, 0xFF, 0x16, 0x16, 0x1F, 0xFF,
    0x1F, 0x1F, 0x26, 0xFF, 0x24, 0x25, 0x2C, 0xFF, 0x3C, 0x40, 0x48, 0xFF, 0x58, 0x5B, 0x63, 0xFF, 0x66, 0x69, 0x70, 0xFF, 0x70, 0x74, 0x79, 0xFF,
    0x73, 0x74, 0x7B, 0xFF, 0x70, 0x71, 0x77, 0xFF, 0x76, 0x76, 0x7D, 0xFF, 0x73, 0x71, 0x79, 0xFF, 0x70, 0x70, 0x76, 0xFF, 0x65, 0x65, 0x6A, 0xFF,
    0x5D, 0x5F, 0x63, 0xFC, 0x50, 0x51, 0x5A, 0xFF, 0x3B, 0x3B, 0x44, 0x6F, 0x00, 0x00, 0x00, 0x00, 0x3F, 0x3F, 0x3F, 0x04, 0x00, 0x00, 0x00, 0x00,
    0x00, 0x00, 0x00, 0x00, 0x00, 0x00, 0x00, 0x00, 0x00, 0x00, 0x00, 0x00, 0x00, 0x00, 0x00, 0x00, 0x00, 0x00, 0x00, 0x00, 0x00, 0x00, 0x00, 0x00,
    0x00, 0x00, 0x00, 0x00, 0x00, 0x00, 0x00, 0x00, 0x00, 0x00, 0x00, 0x00, 0x00, 0x00, 0x00, 0x00, 0x00, 0x00, 0x00, 0x00, 0x00, 0x00, 0x00, 0x00,
    0x00, 0x00, 0x00, 0x00, 0x00, 0x00, 0x00, 0x00, 0x00, 0x00, 0x00, 0x00, 0x00, 0x00, 0x00, 0x00, 0x00, 0x00, 0x00, 0x00, 0x00, 0x00, 0x00, 0x00,
    0x00, 0x00, 0x00, 0x00, 0x00, 0x00, 0x00, 0x00, 0x00, 0x00, 0x00, 0x02, 0x00, 0x00, 0x00, 0x01, 0x01, 0x01, 0x01, 0x85, 0x09, 0x0A, 0x0F, 0xF6,
    0x0F, 0x10, 0x17, 0xFF, 0x14, 0x15, 0x1C, 0xFE, 0x11, 0x12, 0x1B, 0xFF, 0x15, 0x15, 0x1D, 0xFF, 0x17, 0x18, 0x20, 0xFF, 0x19, 0x1B, 0x21, 0xFF,
    0x1C, 0x1D, 0x23, 0xFF, 0x20, 0x22, 0x28, 0xFF, 0x2C, 0x2F, 0x37, 0xFF, 0x3E, 0x41, 0x48, 0xFF, 0x4B, 0x4E, 0x55, 0xFF, 0x5E, 0x62, 0x67, 0xFF,
    0x62, 0x66, 0x6D, 0xFF, 0x68, 0x6B, 0x72, 0xFF, 0x5D, 0x60, 0x68, 0xFF, 0x5B, 0x5D, 0x65, 0xFF, 0x57, 0x58, 0x5F, 0xFF, 0x4C, 0x4D, 0x53, 0xFF,
    0x42, 0x43, 0x49, 0xFC, 0x30, 0x32, 0x3A, 0xFE, 0x20, 0x23, 0x28, 0x65, 0x00, 0x00, 0x00, 0x00, 0x00, 0x00, 0x55, 0x03, 0x00, 0x00, 0x00, 0x00,
    0x00, 0x00, 0x00, 0x00, 0x00, 0x00, 0x00, 0x00, 0x00, 0x00, 0x00, 0x00, 0x00, 0x00, 0x00, 0x00, 0x00, 0x00, 0x00, 0x00, 0x00, 0x00, 0x00, 0x00,
    0x00, 0x00, 0x00, 0x00, 0x00, 0x00, 0x00, 0x00, 0x00, 0x00, 0x00, 0x00, 0x00, 0x00, 0x00, 0x00, 0x00, 0x00, 0x00, 0x00, 0x00, 0x00, 0x00, 0x00,
    0x00, 0x00, 0x00, 0x00, 0x00, 0x00, 0x00, 0x00, 0x00, 0x00, 0x00, 0x00, 0x00, 0x00, 0x00, 0x00, 0x00, 0x00, 0x00, 0x00, 0x00, 0x00, 0x00, 0x00,
    0x00, 0x00, 0x00, 0x00, 0x00, 0x00, 0x00, 0x00, 0x00, 0x00, 0x00, 0x01, 0x00, 0x00, 0x00, 0x01, 0x00, 0x00, 0x00, 0x11, 0x01, 0x01, 0x03, 0xA9,
    0x0A, 0x0B, 0x0D, 0xF5, 0x12, 0x12, 0x17, 0xFF, 0x12, 0x13, 0x17, 0xFE, 0x0B, 0x0D, 0x11, 0xFE, 0x14, 0x15, 0x1A, 0xFF, 0x16, 0x17, 0x1C, 0xFF,
    0x19, 0x1A, 0x1F, 0xFF, 0x1D, 0x1F, 0x24, 0xFF, 0x1E, 0x1F, 0x25, 0xFF, 0x25, 0x27, 0x2D, 0xFF, 0x35, 0x37, 0x3E, 0xFF, 0x40, 0x42, 0x47, 0xFF,
    0x44, 0x46, 0x4E, 0xFF, 0x4A, 0x4D, 0x54, 0xFF, 0x47, 0x49, 0x50, 0xFF, 0x4A, 0x4C, 0x54, 0xFF, 0x37, 0x38, 0x3F, 0xFF, 0x2E, 0x2F, 0x35, 0xFE,
    0x21, 0x22, 0x29, 0xFA, 0x1E, 0x1F, 0x26, 0xFF, 0x16, 0x19, 0x1F, 0x7A, 0x00, 0x00, 0x00, 0x00, 0x00, 0x00, 0x55, 0x03, 0x00, 0x00, 0x00, 0x00,
    0x00, 0x00, 0x00, 0x00, 0x00, 0x00, 0x00, 0x00, 0x00, 0x00, 0x00, 0x00, 0x00, 0x00, 0x00, 0x00, 0x00, 0x00, 0x00, 0x00, 0x00, 0x00, 0x00, 0x00,
    0x00, 0x00, 0x00, 0x00, 0x00, 0x00, 0x00, 0x00, 0x00, 0x00, 0x00, 0x00, 0x00, 0x00, 0x00, 0x00, 0x00, 0x00, 0x00, 0x00, 0x00, 0x00, 0x00, 0x00,
    0x00, 0x00, 0x00, 0x00, 0x00, 0x00, 0x00, 0x00, 0x00, 0x00, 0x00, 0x00, 0x00, 0x00, 0x00, 0x00, 0x00, 0x00, 0x00, 0x00, 0x00, 0x00, 0x00, 0x00,
    0x00, 0x00, 0x00, 0x00, 0x00, 0x00, 0x00, 0x00, 0x00, 0x00, 0x00, 0x00, 0x00, 0x00, 0x00, 0x02, 0x00, 0x00, 0x00, 0x00, 0x00, 0x00, 0x00, 0x1A,
    0x01, 0x00, 0x00, 0xA5, 0x09, 0x08, 0x0A, 0xF2, 0x0E, 0x10, 0x11, 0xFE, 0x12, 0x14, 0x17, 0xFF, 0x11, 0x12, 0x16, 0xFF, 0x14, 0x16, 0x19, 0xFE,
    0x15, 0x17, 0x1A, 0xFE, 0x17, 0x19, 0x1C, 0xFE, 0x17, 0x19, 0x1D, 0xFF, 0x17, 0x18, 0x1D, 0xFF, 0x1D, 0x1E, 0x24, 0xFF, 0x1E, 0x1F, 0x26, 0xFF,
    0x26, 0x26, 0x2F, 0xFE, 0x2D, 0x2E, 0x36, 0xFE, 0x2C, 0x2C, 0x35, 0xFE, 0x27, 0x28, 0x31, 0xFE, 0x21, 0x22, 0x29, 0xFD, 0x1C, 0x1E, 0x23, 0xFE,
    0x1A, 0x1C, 0x22, 0xFF, 0x14, 0x15, 0x1C, 0xE1, 0x0B, 0x0B, 0x16, 0x17, 0x00, 0x00, 0x00, 0x01, 0x00, 0x00, 0x00, 0x01, 0x00, 0x00, 0x00, 0x00,
    0x00, 0x00, 0x00, 0x00, 0x00, 0x00, 0x00, 0x00, 0x00, 0x00, 0x00, 0x00, 0x00, 0x00, 0x00, 0x00, 0x00, 0x00, 0x00, 0x00, 0x00, 0x00, 0x00, 0x00,
    0x00, 0x00, 0x00, 0x00, 0x00, 0x00, 0x00, 0x00, 0x00, 0x00, 0x00, 0x00, 0x00, 0x00, 0x00, 0x00, 0x00, 0x00, 0x00, 0x00, 0x00, 0x00, 0x00, 0x00,
    0x00, 0x00, 0x00, 0x00, 0x00, 0x00, 0x00, 0x00, 0x00, 0x00, 0x00, 0x00, 0x00, 0x00, 0x00, 0x00, 0x00, 0x00, 0x00, 0x00, 0x00, 0x00, 0x00, 0x00,
    0x00, 0x00, 0x00, 0x00, 0x00, 0x00, 0x00, 0x00, 0x00, 0x00, 0x00, 0x00, 0x00, 0x00, 0x00, 0x00, 0x00, 0x00, 0x00, 0x02, 0x00, 0x00, 0x00, 0x00,
    0x00, 0x00, 0x00, 0x12, 0x00, 0x00, 0x01, 0x8A, 0x04, 0x05, 0x07, 0xE1, 0x06, 0x08, 0x0B, 0xF7, 0x0C, 0x0E, 0x12, 0xFE, 0x10, 0x12, 0x16, 0xFF,
    0x12, 0x13, 0x18, 0xFF, 0x14, 0x15, 0x19, 0xFF, 0x14, 0x16, 0x19, 0xFF, 0x14, 0x15, 0x19, 0xFE, 0x14, 0x15, 0x19, 0xFE, 0x14, 0x15, 0x1A, 0xFE,
    0x18, 0x19, 0x1E, 0xFF, 0x1E, 0x1F, 0x24, 0xFF, 0x1E, 0x1F, 0x24, 0xFF, 0x1D, 0x1F, 0x24, 0xFF, 0x1D, 0x1F, 0x22, 0xFF, 0x13, 0x15, 0x17, 0xFB,
    0x0B, 0x0E, 0x10, 0xC4, 0x00, 0x00, 0x00, 0x33, 0x00, 0x00, 0x00, 0x00, 0x00, 0x00, 0x00, 0x02, 0x00, 0x00, 0x00, 0x00, 0x00, 0x00, 0x00, 0x00,
    0x00, 0x00, 0x00, 0x00, 0x00, 0x00, 0x00, 0x00, 0x00, 0x00, 0x00, 0x00, 0x00, 0x00, 0x00, 0x00, 0x00, 0x00, 0x00, 0x00, 0x00, 0x00, 0x00, 0x00,
    0x00, 0x00, 0x00, 0x00, 0x00, 0x00, 0x00, 0x00, 0x00, 0x00, 0x00, 0x00, 0x00, 0x00, 0x00, 0x00, 0x00, 0x00, 0x00, 0x00, 0x00, 0x00, 0x00, 0x00,
    0x00, 0x00, 0x00, 0x00, 0x00, 0x00, 0x00, 0x00, 0x00, 0x00, 0x00, 0x00, 0x00, 0x00, 0x00, 0x00, 0x00, 0x00, 0x00, 0x00, 0x00, 0x00, 0x00, 0x00,
    0x00, 0x00, 0x00, 0x00, 0x00, 0x00, 0x00, 0x00, 0x00, 0x00, 0x00, 0x00, 0x00, 0x00, 0x00, 0x00, 0x00, 0x00, 0x00, 0x00, 0x00, 0x00, 0x00, 0x02,
    0x00, 0x00, 0x00, 0x00, 0x00, 0x00, 0x00, 0x01, 0x00, 0x00, 0x00, 0x40, 0x00, 0x00, 0x00, 0x80, 0x01, 0x02, 0x04, 0xBA, 0x05, 0x04, 0x06, 0xE0,
    0x06, 0x07, 0x08, 0xF4, 0x0B, 0x0B, 0x0D, 0xFE, 0x10, 0x0F, 0x14, 0xFF, 0x11, 0x11, 0x15, 0xFF, 0x11, 0x10, 0x15, 0xFF, 0x10, 0x0F, 0x13, 0xFF,
    0x0D, 0x0D, 0x11, 0xFF, 0x0D, 0x0E, 0x10, 0xFB, 0x0C, 0x0C, 0x0D, 0xEF, 0x07, 0x08, 0x09, 0xD0, 0x03, 0x03, 0x03, 0x8F, 0x00, 0x00, 0x00, 0x4D,
    0x00, 0x00, 0x00, 0x08, 0x00, 0x00, 0x00, 0x00, 0x00, 0x00, 0x00, 0x01, 0x00, 0x00, 0x00, 0x00, 0x00, 0x00, 0x00, 0x00, 0x00, 0x00, 0x00, 0x00,
    0x00, 0x00, 0x00, 0x00, 0x00, 0x00, 0x00, 0x00, 0x00, 0x00, 0x00, 0x00, 0x00, 0x00, 0x00, 0x00, 0x00, 0x00, 0x00, 0x00, 0x00, 0x00, 0x00, 0x00,
    0x00, 0x00, 0x00, 0x00, 0x00, 0x00, 0x00, 0x00, 0x00, 0x00, 0x00, 0x00, 0x00, 0x00, 0x00, 0x00, 0x00, 0x00, 0x00, 0x00, 0x00, 0x00, 0x00, 0x00,
    0x00, 0x00, 0x00, 0x00, 0x00, 0x00, 0x00, 0x00, 0x00, 0x00, 0x00, 0x00, 0x00, 0x00, 0x00, 0x00, 0x00, 0x00, 0x00, 0x00, 0x00, 0x00, 0x00, 0x00,
    0x00, 0x00, 0x00, 0x00, 0x00, 0x00, 0x00, 0x00, 0x00, 0x00, 0x00, 0x00, 0x00, 0x00, 0x00, 0x00, 0x00, 0x00, 0x00, 0x00, 0x00, 0x00, 0x00, 0x00,
    0x00, 0x00, 0x00, 0x01, 0x00, 0x00, 0x00, 0x00, 0x00, 0x00, 0x00, 0x00, 0x00, 0x00, 0x00, 0x00, 0x00, 0x00, 0x00, 0x10, 0x00, 0x00, 0x00, 0x35,
    0x00, 0x00, 0x00, 0x5C, 0x02, 0x02, 0x02, 0x7C, 0x03, 0x01, 0x06, 0x96, 0x05, 0x05, 0x08, 0xAD, 0x06, 0x06, 0x07, 0xA2, 0x01, 0x01, 0x01, 0x81,
    0x00, 0x00, 0x00, 0x6D, 0x00, 0x00, 0x00, 0x5B, 0x00, 0x00, 0x00, 0x37, 0x00, 0x00, 0x00, 0x13, 0x00, 0x00, 0x00, 0x00, 0x00, 0x00, 0x00, 0x00,
    0x00, 0x00, 0x00, 0x00, 0x00, 0x00, 0x00, 0x02, 0x00, 0x00, 0x00, 0x00, 0x00, 0x00, 0x00, 0x00, 0x00, 0x00, 0x00, 0x00, 0x00, 0x00, 0x00, 0x00,
    0x00, 0x00, 0x00, 0x00, 0x00, 0x00, 0x00, 0x00, 0x00, 0x00, 0x00, 0x00, 0x00, 0x00, 0x00, 0x00, 0x00, 0x00, 0x00, 0x00, 0x00, 0x00, 0x00, 0x00,
    0x00, 0x00, 0x00, 0x00, 0x00, 0x00, 0x00, 0x00, 0x00, 0x00, 0x00, 0x00, 0x00, 0x00, 0x00, 0x00, 0x00, 0x00, 0x00, 0x00, 0x00, 0x00, 0x00, 0x00,
    0x00, 0x00, 0x00, 0x00, 0x00, 0x00, 0x00, 0x00, 0x00, 0x00, 0x00, 0x00, 0x00, 0x00, 0x00, 0x00, 0x00, 0x00, 0x00, 0x00, 0x00, 0x00, 0x00, 0x00,
    0x00, 0x00, 0x00, 0x00, 0x00, 0x00, 0x00, 0x00, 0x00, 0x00, 0x00, 0x00, 0x00, 0x00, 0x00, 0x00, 0x00, 0x00, 0x00, 0x00, 0x00, 0x00, 0x00, 0x00,
    0x00, 0x00, 0x00, 0x00, 0x00, 0x00, 0x00, 0x00, 0x00, 0x00, 0x00, 0x03, 0x00, 0x00, 0x00, 0x02, 0x00, 0x00, 0x00, 0x00, 0x00, 0x00, 0x00, 0x00,
    0x00, 0x00, 0x00, 0x00, 0x00, 0x00, 0x00, 0x00, 0x00, 0x00, 0x00, 0x00, 0x00, 0x00, 0x00, 0x04, 0x00, 0x00, 0x00, 0x00, 0x00, 0x00, 0x00, 0x00,
    0x00, 0x00, 0x00, 0x00, 0x00, 0x00, 0x00, 0x00, 0x00, 0x00, 0x00, 0x00, 0x00, 0x00, 0x00, 0x00, 0x00, 0x00, 0x00, 0x02, 0x00, 0x00, 0x00, 0x03,
    0x00, 0x00, 0x00, 0x01, 0x00, 0x00, 0x00, 0x00, 0x00, 0x00, 0x00, 0x00, 0x00, 0x00, 0x00, 0x00, 0x00, 0x00, 0x00, 0x00, 0x00, 0x00, 0x00, 0x00,
    0x00, 0x00, 0x00, 0x00, 0x00, 0x00, 0x00, 0x00, 0x00, 0x00, 0x00, 0x00, 0x00, 0x00, 0x00, 0x00, 0x00, 0x00, 0x00, 0x00, 0x00, 0x00, 0x00, 0x00,
    0x00, 0x00, 0x00, 0x00, 0x00, 0x00, 0x00, 0x00, 0x00, 0x00, 0x00, 0x00, 0x00, 0x00, 0x00, 0x00, 0x00, 0x00, 0x00, 0x00, 0x00, 0x00, 0x00, 0x00,
    0x00, 0x00, 0x00, 0x00, 0x00, 0x00, 0x00, 0x00, 0x00, 0x00, 0x00, 0x00, 0x00, 0x00, 0x00, 0x00, 0x00, 0x00, 0x00, 0x00, 0x00, 0x00, 0x00, 0x00,
    0x00, 0x00, 0x00, 0x00, 0x00, 0x00, 0x00, 0x00, 0x00, 0x00, 0x00, 0x00, 0x00, 0x00, 0x00, 0x00, 0x00, 0x00, 0x00, 0x00, 0x00, 0x00, 0x00, 0x00,
    0x00, 0x00, 0x00, 0x00, 0x00, 0x00, 0x00, 0x00, 0x00, 0x00, 0x00, 0x00, 0x00, 0x00, 0x00, 0x00, 0x00, 0x00, 0x00, 0x00, 0x00, 0x00, 0x00, 0x00,
    0x00, 0x00, 0x00, 0x00, 0x00, 0x00, 0x00, 0x00, 0x00, 0x00, 0x00, 0x00, 0x00, 0x00, 0x00, 0x00, 0x00, 0x00, 0x00, 0x00, 0x00, 0x00, 0x00, 0x00,
    0x00, 0x00, 0x00, 0x00, 0x00, 0x00, 0x00, 0x00, 0x00, 0x00, 0x00, 0x00, 0x00, 0x00, 0x00, 0x00, 0x00, 0x00, 0x00, 0x00, 0x00, 0x00, 0x00, 0x00,
    0x00, 0x00, 0x00, 0x00, 0x00, 0x00, 0x00, 0x00, 0x00, 0x00, 0x00, 0x00, 0x00, 0x00, 0x00, 0x00, 0x00, 0x00, 0x00, 0x00, 0x00, 0x00, 0x00, 0x00,
    0x00, 0x00, 0x00, 0x00, 0x00, 0x00, 0x00, 0x00, 0x00, 0x00, 0x00, 0x00, 0x00, 0x00, 0x00, 0x00, 0x00, 0x00, 0x00, 0x00, 0x00, 0x00, 0x00, 0x00,
    0x00, 0x00, 0x00, 0x00, 0x00, 0x00, 0x00, 0x00, 0x00, 0x00, 0x00, 0x00, 0x00, 0x00, 0x00, 0x00, 0x00, 0x00, 0x00, 0x00, 0x00, 0x00, 0x00, 0x00,
    0x00, 0x00, 0x00, 0x00, 0x00, 0x00, 0x00, 0x00, 0x00, 0x00, 0x00, 0x00, 0x00, 0x00, 0x00, 0x00, 0x00, 0x00, 0x00, 0x00, 0x00, 0x00, 0x00, 0x00,
    0x00, 0x00, 0x00, 0x00, 0x00, 0x00, 0x00, 0x00, 0x00, 0x00, 0x00, 0x00, 0x00, 0x00, 0x00, 0x00, 0x00, 0x00, 0x00, 0x00, 0x00, 0x00, 0x00, 0x00,
    0x00, 0x00, 0x00, 0x00, 0x00, 0x00, 0x00, 0x00, 0x00, 0x00, 0x00, 0x00, 0x00, 0x00, 0x00, 0x00, 0x00, 0x00, 0x00, 0x00, 0x00, 0x00, 0x00, 0x00,
    0x00, 0x00, 0x00, 0x00, 0x00, 0x00, 0x00, 0x00, 0x00, 0x00, 0x00, 0x00, 0x00, 0x00, 0x00, 0x00, 0x00, 0x00, 0x00, 0x00, 0x00, 0x00, 0x00, 0x00,
    0x00, 0x00, 0x00, 0x00, 0x00, 0x00, 0x00, 0x00, 0x00, 0x00, 0x00, 0x00, 0x00, 0x00, 0x00, 0x00, 0x00, 0x00, 0x00, 0x00, 0x00, 0x00, 0x00, 0x00,
    0x00, 0x00, 0x00, 0x00, 0x00, 0x00, 0x00, 0x00, 0x00, 0x00, 0x00, 0x00, 0x00, 0x00, 0x00, 0x00, 0x00, 0x00, 0x00, 0x00, 0x00, 0x00, 0x00, 0x00,
    0x00, 0x00, 0x00, 0x00, 0x00, 0x00, 0x00, 0x00, 0x00, 0x00, 0x00, 0x00, 0x00, 0x00, 0x00, 0x00, 0x00, 0x00, 0x00, 0x00, 0x00, 0x00, 0x00, 0x00,
    0x00, 0x00, 0x00, 0x00, 0x00, 0x00, 0x00, 0x00, 0x00, 0x00, 0x00, 0x00, 0x00, 0x00, 0x00, 0x00, 0x00, 0x00, 0x00, 0x00, 0x00, 0x00, 0x00, 0x00,
    0x00, 0x00, 0x00, 0x00, 0x00, 0x00, 0x00, 0x00, 0x00, 0x00, 0x00, 0x00, 0x00, 0x00, 0x00, 0x00, 0x00, 0x00, 0x00, 0x00, 0x00, 0x00, 0x00, 0x00,
    0x00, 0x00, 0x00, 0x00, 0x00, 0x00, 0x00, 0x00, 0x00, 0x00, 0x00, 0x00, 0x00, 0x00, 0x00, 0x00, 0x00, 0x00, 0x00, 0x00, 0x00, 0x00, 0x00, 0x00,
    0x00, 0x00, 0x00, 0x00, 0x00, 0x00, 0x00, 0x00, 0x00, 0x00, 0x00, 0x00, 0x00, 0x00, 0x00, 0x00, 0x00, 0x00, 0x00, 0x00, 0x00, 0x00, 0x00, 0x00,
    0x00, 0x00, 0x00, 0x00, 0x00, 0x00, 0x00, 0x00, 0x00, 0x00, 0x00, 0x00, 0x00, 0x00, 0x00, 0x00, 0x00, 0x00, 0x00, 0x00, 0x00, 0x00, 0x00, 0x00,
    0x00, 0x00, 0x00, 0x00, 0x00, 0x00, 0x00, 0x00, 0x00, 0x00, 0x00, 0x00, 0x00, 0x00, 0x00, 0x00, 0x00, 0x00, 0x00, 0x00, 0x00, 0x00, 0x00, 0x00,
    0x00, 0x00, 0x00, 0x00, 0x00, 0x00, 0x00, 0x00, 0x00, 0x00, 0x00, 0x00, 0x00, 0x00, 0x00, 0x00, 0x00, 0x00, 0x00, 0x00, 0x00, 0x00, 0x00, 0x00,
    0x00, 0x00, 0x00, 0x00, 0x00, 0x00, 0x00, 0x00, 0x00, 0x00, 0x00, 0x00, 0x00, 0x00, 0x00, 0x00, 0x00, 0x00, 0x00, 0x00, 0x00, 0x00, 0x00, 0x00,
    0x00, 0x00, 0x00, 0x00, 0x00, 0x00, 0x00, 0x00, 0x00, 0x00, 0x00, 0x00, 0x00, 0x00, 0x00, 0x00, 0x00, 0x00, 0x00, 0x00, 0x00, 0x00, 0x00, 0x00,
    0x00, 0x00, 0x00, 0x00, 0x00, 0x00, 0x00, 0x00, 0x00, 0x00, 0x00, 0x00, 0x00, 0x00, 0x00, 0x00, 0x00, 0x00, 0x00, 0x00, 0x00, 0x00, 0x00, 0x00,
    0x00, 0x00, 0x00, 0x00, 0x00, 0x00, 0x00, 0x00, 0x00, 0x00, 0x00, 0x00, 0x00, 0x00, 0x00, 0x00, 0x00, 0x00, 0x00, 0x00, 0x00, 0x00, 0x00, 0x00,
    0x00, 0x00, 0x00, 0x00, 0x00, 0x00, 0x00, 0x00, 0x00, 0x00, 0x00, 0x00, 0x00, 0x00, 0x00, 0x00, 0x00, 0x00, 0x00, 0x00, 0x00, 0x00, 0x00, 0x00,
    0x00, 0x00, 0x00, 0x00, 0x00, 0x00, 0x00, 0x00, 0x00, 0x00, 0x00, 0x00, 0x00, 0x00, 0x00, 0x00, 0x00, 0x00, 0x00, 0x00, 0x00, 0x00, 0x00, 0x00,
    0x00, 0x00, 0x00, 0x00, 0x00, 0x00, 0x00, 0x00, 0x00, 0x00, 0x00, 0x00, 0x00, 0x00, 0x00, 0x00, 0x00, 0x00, 0x00, 0x00, 0x00, 0x00, 0x00, 0x00,
    0x00, 0x00, 0x00, 0x00, 0x00, 0x00, 0x00, 0x00, 0x00, 0x00, 0x00, 0x00, 0x00, 0x00, 0x00, 0x00, 0x00, 0x00, 0x00, 0x00, 0x00, 0x00, 0x00, 0x00,
    0x00, 0x00, 0x00, 0x00, 0x00, 0x00, 0x00, 0x00, 0x00, 0x00, 0x00, 0x00, 0x00, 0x00, 0x00, 0x00, 0x00, 0x00, 0x00, 0x00, 0x00, 0x00, 0x00, 0x00,
    0x00, 0x00, 0x00, 0x00, 0x00, 0x00, 0x00, 0x00, 0x00, 0x00, 0x00, 0x00, 0x00, 0x00, 0x00, 0x00, 0x00, 0x00, 0x00, 0x00, 0x00, 0x00, 0x00, 0x00,
    0x00, 0x00, 0x00, 0x00, 0x00, 0x00, 0x00, 0x00, 0x00, 0x00, 0x00, 0x00, 0x00, 0x00, 0x00, 0x00, 0x00, 0x00, 0x00, 0x00, 0x00, 0x00, 0x00, 0x00,
    0x00, 0x00, 0x00, 0x00, 0x00, 0x00, 0x00, 0x00, 0x00, 0x00, 0x00, 0x00, 0x00, 0x00, 0x00, 0x00, 0x00, 0x00, 0x00, 0x00, 0x00, 0x00, 0x00, 0x00,
    0x00, 0x00, 0x00, 0x00, 0x00, 0x00, 0x00, 0x00, 0x00, 0x00, 0x00, 0x00, 0x00, 0x00, 0x00, 0x00, 0x00, 0x00, 0x00, 0x00, 0x00, 0x00, 0x00, 0x00,
    0x00, 0x00, 0x00, 0x00, 0x00, 0x00, 0x00, 0x00, 0x00, 0x00, 0x00, 0x00, 0x00, 0x00, 0x00, 0x00, 0x00, 0x00, 0x00, 0x00, 0x00, 0x00, 0x00, 0x00,
    0x00, 0x00, 0x00, 0x00, 0x00, 0x00, 0x00, 0x00, 0x00, 0x00, 0x00, 0x00, 0x00, 0x00, 0x00, 0x00, 0x00, 0x00, 0x00, 0x00, 0x00, 0x00, 0x00, 0x00,
    0x00, 0x00, 0x00, 0x00, 0x00, 0x00, 0x00, 0x00, 0x00, 0x00, 0x00, 0x00, 0x00, 0x00, 0x00, 0x00, 0x00, 0x00, 0x00, 0x00, 0x00, 0x00, 0x00, 0x00,
    0x00, 0x00, 0x00, 0x00, 0x00, 0x00, 0x00, 0x00, 0x00, 0x00, 0x00, 0x00, 0x00, 0x00, 0x00, 0x00, 0x00, 0x00, 0x00, 0x00, 0x00, 0x00, 0x00, 0x00,
    0x00, 0x00, 0x00, 0x00, 0x00, 0x00, 0x00, 0x00, 0x00, 0x00, 0x00, 0x00, 0x00, 0x00, 0x00, 0x00, 0x00, 0x00, 0x00, 0x00, 0x00, 0x00, 0x00, 0x00,
    0x00, 0x00, 0x00, 0x00, 0x00, 0x00, 0x00, 0x00, 0x00, 0x00, 0x00, 0x00, 0x00, 0x00, 0x00, 0x00, 0x00, 0x00, 0x00, 0x00, 0x00, 0x00, 0x00, 0x00,
    0x00, 0x00, 0x00, 0x00, 0x00, 0x00, 0x00, 0x00, 0x00, 0x00, 0x00, 0x00, 0x00, 0x00, 0x00, 0x00, 0x00, 0x00, 0x00, 0x00, 0x00, 0x00, 0x00, 0x00,
    0x00, 0x00, 0x00, 0x00, 0x00, 0x00, 0x00, 0x00, 0x00, 0x00, 0x00, 0x00, 0x00, 0x00, 0x00, 0x00, 0x00, 0x00, 0x00, 0x00, 0x00, 0x00, 0x00, 0x00,
    0x00, 0x00, 0x00, 0x00, 0x00, 0x00, 0x00, 0x00, 0x00, 0x00, 0x00, 0x00, 0x00, 0x00, 0x00, 0x00, 0x00, 0x00, 0x00, 0x00, 0x00, 0x00, 0x00, 0x00,
    0x00, 0x00, 0x00, 0x00, 0x00, 0x00, 0x00, 0x00, 0x00, 0x00, 0x00, 0x00, 0x00, 0x00, 0x00, 0x00, 0x00, 0x00, 0x00, 0x00, 0x00, 0x00, 0x00, 0x00,
    0x00, 0x00, 0x00, 0x00, 0x00, 0x00, 0x00, 0x00, 0x00, 0x00, 0x00, 0x00, 0x00, 0x00, 0x00, 0x00, 0x00, 0x00, 0x00, 0x00, 0x00, 0x00, 0x00, 0x00,
    0x00, 0x00, 0x00, 0x00, 0x00, 0x00, 0x00, 0x00, 0x00, 0x00, 0x00, 0x00, 0x00, 0x00, 0x00, 0x00, 0x00, 0x00, 0x00, 0x00, 0x00, 0x00, 0x00, 0x00,
    0x00, 0x00, 0x00, 0x00, 0x00, 0x00, 0x00, 0x00, 0x00, 0x00, 0x00, 0x00, 0x00, 0x00, 0x00, 0x00, 0x00, 0x00, 0x00, 0x00, 0x00, 0x00, 0x00, 0x00,
    0x00, 0x00, 0x00, 0x00, 0x00, 0x00, 0x00, 0x00, 0x00, 0x00, 0x00, 0x00, 0x00, 0x00, 0x00, 0x00, 0x00, 0x00, 0x00, 0x00, 0x00, 0x00, 0x00, 0x00,
    0x00, 0x00, 0x00, 0x00, 0x00, 0x00, 0x00, 0x00, 0x00, 0x00, 0x00, 0x00, 0x00, 0x00, 0x00, 0x00, 0x00, 0x00, 0x00, 0x00, 0x00, 0x00, 0x00, 0x00,
    0x00, 0x00, 0x00, 0x00, 0x00, 0x00, 0x00, 0x00, 0x00, 0x00, 0x00, 0x00, 0x00, 0x00, 0x00, 0x00, 0x00, 0x00, 0x00, 0x00, 0x00, 0x00, 0x00, 0x00,
    0x00, 0x00, 0x00, 0x00, 0x00, 0x00, 0x00, 0x00, 0x00, 0x00, 0x00, 0x00, 0x00, 0x00, 0x00, 0x00, 0x00, 0x00, 0x00, 0x00, 0x00, 0x00, 0x00, 0x00,
    0x00, 0x00, 0x00, 0x00, 0x00, 0x00, 0x00, 0x00, 0x00, 0x00, 0x00, 0x00, 0x00, 0x00, 0x00, 0x00, 0x00, 0x00, 0x00, 0x00, 0x00, 0x00, 0x00, 0x00,
    0x00, 0x00, 0x00, 0x00, 0x00, 0x00, 0x00, 0x00, 0x00, 0x00, 0x00, 0x00, 0x00, 0x00, 0x00, 0x00, 0x00, 0x00, 0x00, 0x00, 0x00, 0x00, 0x00, 0x00,
    0x00, 0x00, 0x00, 0x00, 0x00, 0x00, 0x00, 0x00, 0x00, 0x00, 0x00, 0x00, 0x00, 0x00, 0x00, 0x00, 0x00, 0x00, 0x00, 0x00, 0x00, 0x00, 0x00, 0x00,
    0x00, 0x00, 0x00, 0x00, 0x00, 0x00, 0x00, 0x00, 0x00, 0x00, 0x00, 0x00, 0x00, 0x00, 0x00, 0x00, 0x00, 0x00, 0x00, 0x00, 0x00, 0x00, 0x00, 0x00,
    0x00, 0x00, 0x00, 0x00, 0x00, 0x00, 0x00, 0x00, 0x00, 0x00, 0x00, 0x00, 0x00, 0x00, 0x00, 0x00, 0x00, 0x00, 0x00, 0x00, 0x00, 0x00, 0x00, 0x00,
    0x00, 0x00, 0x00, 0x00, 0x00, 0x00, 0x00, 0x00, 0x00, 0x00, 0x00, 0x00, 0x00, 0x00, 0x00, 0x00, 0x00, 0x00, 0x00, 0x00, 0x00, 0x00, 0x00, 0x00,
    0x00, 0x00, 0x00, 0x00, 0x00, 0x00, 0x00, 0x00, 0x00, 0x00, 0x00, 0x00, 0x00, 0x00, 0x00, 0x00, 0x00, 0x00, 0x00, 0x00, 0x00, 0x00, 0x00, 0x00,
    0x00, 0x00, 0x00, 0x00, 0x00, 0x00, 0x00, 0x00, 0x00, 0x00, 0x00, 0x00, 0x00, 0x00, 0x00, 0x00, 0x00, 0x00, 0x00, 0x00, 0x00, 0x00, 0x00, 0x00,
    0x00, 0x00, 0x00, 0x00, 0x00, 0x00, 0x00, 0x00, 0x00, 0x00, 0x00, 0x00, 0x00, 0x00, 0x00, 0x00, 0x00, 0x00, 0x00, 0x00, 0x00, 0x00, 0x00, 0x00,
    0x00, 0x00, 0x00, 0x00, 0x00, 0x00, 0x00, 0x00, 0x00, 0x00, 0x00, 0x00, 0x00, 0x00, 0x00, 0x00, 0x00, 0x00, 0x00, 0x00, 0x00, 0x00, 0x00, 0x00,
    0x00, 0x00, 0x00, 0x00, 0x00, 0x00, 0x00, 0x00, 0x00, 0x00, 0x00, 0x00, 0x00, 0x00, 0x00, 0x00, 0x00, 0x00, 0x00, 0x00, 0x00, 0x00, 0x00, 0x00,
    0x00, 0x00, 0x00, 0x00, 0x00, 0x00, 0x00, 0x00, 0x00, 0x00, 0x00, 0x00, 0x00, 0x00, 0x00, 0x00, 0x00, 0x00, 0x00, 0x00, 0x00, 0x00, 0x00, 0x00,
    0x00, 0x00, 0x00, 0x00, 0x00, 0x00, 0x00, 0x00, 0x00, 0x00, 0x00, 0x00, 0x00, 0x00, 0x00, 0x00, 0x00, 0x00, 0x00, 0x00, 0x00, 0x00, 0x00, 0x00,
    0x00, 0x00, 0x00, 0x00, 0x00, 0x00, 0x00, 0x00, 0x00, 0x00, 0x00, 0x00, 0x00, 0x00, 0x00, 0x00, 0x00, 0x00, 0x00, 0x00, 0x00, 0x00, 0x00, 0x00,
    0x00, 0x00, 0x00, 0x00, 0x00, 0x00, 0x00, 0x00, 0x00, 0x00, 0x00, 0x00, 0x00, 0x00, 0x00, 0x00, 0x00, 0x00, 0x00, 0x00, 0x00, 0x00, 0x00, 0x00,
    0x00, 0x00, 0x00, 0x00, 0x00, 0x00, 0x00, 0x00, 0x00, 0x00, 0x00, 0x00, 0x00, 0x00, 0x00, 0x00, 0x00, 0x00, 0x00, 0x00, 0x00, 0x00, 0x00, 0x00,
    0x00, 0x00, 0x00, 0x00, 0x00, 0x00, 0x00, 0x00, 0x00, 0x00, 0x00, 0x00, 0x00, 0x00, 0x00, 0x00, 0x00, 0x00, 0x00, 0x00, 0x00, 0x00, 0x00, 0x00,
    0x00, 0x00, 0x00, 0x00, 0x00, 0x00, 0x00, 0x00, 0x00, 0x00, 0x00, 0x00, 0x00, 0x00, 0x00, 0x00, 0x00, 0x00, 0x00, 0x00, 0x00, 0x00, 0x00, 0x00,
    0x00, 0x00, 0x00, 0x00, 0x00, 0x00, 0x00, 0x00, 0x00, 0x00, 0x00, 0x00, 0x00, 0x00, 0x00, 0x00, 0x00, 0x00, 0x00, 0x00, 0x00, 0x00, 0x00, 0x00,
    0x00, 0x00, 0x00, 0x00, 0x00, 0x00, 0x00, 0x00, 0x00, 0x00, 0x00, 0x00, 0x00, 0x00, 0x00, 0x00, 0x00, 0x00, 0x00, 0x00, 0x00, 0x00, 0x00, 0x00,
};
inline constexpr std::array<std::uint8_t, 9216> tek_helmet = {
    0x00, 0x00, 0x00, 0x00, 0x00, 0x00, 0x00, 0x00, 0x00, 0x00, 0x00, 0x00, 0x00, 0x00, 0x00, 0x00, 0x00, 0x00, 0x00, 0x00, 0x00, 0x00, 0x00, 0x00,
    0x00, 0x00, 0x00, 0x00, 0x00, 0x00, 0x00, 0x00, 0x00, 0x00, 0x00, 0x00, 0x00, 0x00, 0x00, 0x00, 0x00, 0x00, 0x00, 0x00, 0x00, 0x00, 0x00, 0x00,
    0x00, 0x00, 0x00, 0x00, 0x00, 0x00, 0x00, 0x00, 0x00, 0x00, 0x00, 0x00, 0x00, 0x00, 0x00, 0x00, 0x00, 0x00, 0x00, 0x00, 0x00, 0x00, 0x00, 0x00,
    0x00, 0x00, 0x00, 0x00, 0x00, 0x00, 0x00, 0x00, 0x00, 0x00, 0x00, 0x00, 0x00, 0x00, 0x00, 0x00, 0x00, 0x00, 0x00, 0x00, 0x00, 0x00, 0x00, 0x00,
    0x00, 0x00, 0x00, 0x00, 0x00, 0x00, 0x00, 0x00, 0x00, 0x00, 0x00, 0x00, 0x00, 0x00, 0x00, 0x00, 0x00, 0x00, 0x00, 0x00, 0x00, 0x00, 0x00, 0x00,
    0x00, 0x00, 0x00, 0x00, 0x00, 0x00, 0x00, 0x00, 0x00, 0x00, 0x00, 0x00, 0x00, 0x00, 0x00, 0x00, 0x00, 0x00, 0x00, 0x00, 0x00, 0x00, 0x00, 0x00,
    0x00, 0x00, 0x00, 0x00, 0x00, 0x00, 0x00, 0x00, 0x00, 0x00, 0x00, 0x00, 0x00, 0x00, 0x00, 0x00, 0x00, 0x00, 0x00, 0x00, 0x00, 0x00, 0x00, 0x00,
    0x00, 0x00, 0x00, 0x00, 0x00, 0x00, 0x00, 0x00, 0x00, 0x00, 0x00, 0x00, 0x00, 0x00, 0x00, 0x00, 0x00, 0x00, 0x00, 0x00, 0x00, 0x00, 0x00, 0x00,
    0x00, 0x00, 0x00, 0x00, 0x00, 0x00, 0x00, 0x00, 0x00, 0x00, 0x00, 0x00, 0x00, 0x00, 0x00, 0x00, 0x00, 0x00, 0x00, 0x00, 0x00, 0x00, 0x00, 0x00,
    0x00, 0x00, 0x00, 0x00, 0x00, 0x00, 0x00, 0x00, 0x00, 0x00, 0x00, 0x00, 0x00, 0x00, 0x00, 0x00, 0x00, 0x00, 0x00, 0x00, 0x00, 0x00, 0x00, 0x00,
    0x00, 0x00, 0x00, 0x00, 0x00, 0x00, 0x00, 0x00, 0x00, 0x00, 0x00, 0x00, 0x00, 0x00, 0x00, 0x00, 0x00, 0x00, 0x00, 0x00, 0x00, 0x00, 0x00, 0x00,
    0x00, 0x00, 0x00, 0x00, 0x00, 0x00, 0x00, 0x00, 0x00, 0x00, 0x00, 0x00, 0x00, 0x00, 0x00, 0x00, 0x00, 0x00, 0x00, 0x00, 0x00, 0x00, 0x00, 0x00,
    0x00, 0x00, 0x00, 0x00, 0x00, 0x00, 0x00, 0x00, 0x00, 0x00, 0x00, 0x00, 0x00, 0x00, 0x00, 0x00, 0x00, 0x00, 0x00, 0x00, 0x00, 0x00, 0x00, 0x00,
    0x00, 0x00, 0x00, 0x00, 0x00, 0x00, 0x00, 0x00, 0x00, 0x00, 0x00, 0x00, 0x00, 0x00, 0x00, 0x00, 0x00, 0x00, 0x00, 0x00, 0x00, 0x00, 0x00, 0x00,
    0x00, 0x00, 0x00, 0x00, 0x00, 0x00, 0x00, 0x00, 0x00, 0x00, 0x00, 0x00, 0x00, 0x00, 0x00, 0x00, 0x00, 0x00, 0x00, 0x00, 0x00, 0x00, 0x00, 0x00,
    0x00, 0x00, 0x00, 0x00, 0x00, 0x00, 0x00, 0x00, 0x00, 0x00, 0x00, 0x00, 0x00, 0x00, 0x00, 0x00, 0x00, 0x00, 0x00, 0x00, 0x00, 0x00, 0x00, 0x00,
    0x00, 0x00, 0x00, 0x00, 0x00, 0x00, 0x00, 0x00, 0x00, 0x00, 0x00, 0x00, 0x00, 0x00, 0x00, 0x00, 0x00, 0x00, 0x00, 0x00, 0x00, 0x00, 0x00, 0x00,
    0x00, 0x00, 0x00, 0x00, 0x00, 0x00, 0x00, 0x00, 0x00, 0x00, 0x00, 0x00, 0x00, 0x00, 0x00, 0x00, 0x00, 0x00, 0x00, 0x00, 0x00, 0x00, 0x00, 0x00,
    0x00, 0x00, 0x00, 0x00, 0x00, 0x00, 0x00, 0x00, 0x00, 0x00, 0x00, 0x00, 0x00, 0x00, 0x00, 0x00, 0x00, 0x00, 0x00, 0x00, 0x00, 0x00, 0x00, 0x00,
    0x00, 0x00, 0x00, 0x00, 0x00, 0x00, 0x00, 0x00, 0x00, 0x00, 0x00, 0x00, 0x00, 0x00, 0x00, 0x00, 0x00, 0x00, 0x00, 0x00, 0x00, 0x00, 0x00, 0x00,
    0x00, 0x00, 0x00, 0x00, 0x00, 0x00, 0x00, 0x00, 0x00, 0x00, 0x00, 0x00, 0x00, 0x00, 0x00, 0x00, 0x00, 0x00, 0x00, 0x00, 0x00, 0x00, 0x00, 0x00,
    0x00, 0x00, 0x00, 0x00, 0x00, 0x00, 0x00, 0x00, 0x00, 0x00, 0x00, 0x00, 0x00, 0x00, 0x00, 0x00, 0x00, 0x00, 0x00, 0x00, 0x00, 0x00, 0x00, 0x00,
    0x00, 0x00, 0x00, 0x00, 0x00, 0x00, 0x00, 0x00, 0x00, 0x00, 0x00, 0x00, 0x00, 0x00, 0x00, 0x00, 0x00, 0x00, 0x00, 0x00, 0x00, 0x00, 0x00, 0x00,
    0x00, 0x00, 0x00, 0x00, 0x00, 0x00, 0x00, 0x00, 0x00, 0x00, 0x00, 0x00, 0x00, 0x00, 0x00, 0x00, 0x00, 0x00, 0x00, 0x00, 0x00, 0x00, 0x00, 0x00,
    0x00, 0x00, 0x00, 0x00, 0x00, 0x00, 0x00, 0x00, 0x00, 0x00, 0x00, 0x00, 0x00, 0x00, 0x00, 0x00, 0x00, 0x00, 0x00, 0x00, 0x00, 0x00, 0x00, 0x00,
    0x00, 0x00, 0x00, 0x00, 0x00, 0x00, 0x00, 0x00, 0x00, 0x00, 0x00, 0x00, 0x00, 0x00, 0x00, 0x00, 0x00, 0x00, 0x00, 0x00, 0x00, 0x00, 0x00, 0x00,
    0x00, 0x00, 0x00, 0x00, 0x00, 0x00, 0x00, 0x00, 0x7F, 0x7F, 0x7F, 0x02, 0x00, 0x00, 0x00, 0x00, 0x00, 0x00, 0x00, 0x00, 0x00, 0x00, 0x00, 0x00,
    0x00, 0x00, 0x00, 0x00, 0xAA, 0xAA, 0xAA, 0x15, 0x8F, 0x95, 0x95, 0x29, 0x8A, 0x8F, 0x8F, 0x39, 0x76, 0x7B, 0x7E, 0x61, 0x6B, 0x70, 0x72, 0x64,
    0x66, 0x6B, 0x6B, 0x5F, 0x7F, 0x83, 0x83, 0x40, 0xAD, 0xB9, 0xB9, 0x16, 0x00, 0x00, 0x00, 0x00, 0x00, 0x00, 0x00, 0x00, 0x00, 0x00, 0x00, 0x00,
    0x55, 0x55, 0x55, 0x03, 0x00, 0x00, 0x00, 0x01, 0x00, 0x00, 0x00, 0x00, 0x00, 0x00, 0x00, 0x00, 0x00, 0x00, 0x00, 0x00, 0x00, 0x00, 0x00, 0x00,
    0x00, 0x00, 0x00, 0x00, 0x00, 0x00, 0x00, 0x00, 0x00, 0x00, 0x00, 0x00, 0x00, 0x00, 0x00, 0x00, 0x00, 0x00, 0x00, 0x00, 0x00, 0x00, 0x00, 0x00,
    0x00, 0x00, 0x00, 0x00, 0x00, 0x00, 0x00, 0x00, 0x00, 0x00, 0x00, 0x00, 0x00, 0x00, 0x00, 0x00, 0x00, 0x00, 0x00, 0x00, 0x00, 0x00, 0x00, 0x00,
    0x00, 0x00, 0x00, 0x00, 0x00, 0x00, 0x00, 0x00, 0x00, 0x00, 0x00, 0x00, 0x00, 0x00, 0x00, 0x00, 0x00, 0x00, 0x00, 0x00, 0x00, 0x00, 0x00, 0x00,
    0x00, 0x00, 0x00, 0x00, 0x00, 0x00, 0x00, 0x00, 0x00, 0x00, 0x00, 0x00, 0x00, 0x00, 0x00, 0x00, 0x00, 0x00, 0x00, 0x00, 0x00, 0x00, 0x00, 0x00,
    0x00, 0x00, 0x00, 0x00, 0xFF, 0xFF, 0xFF, 0x01, 0x00, 0x00, 0x00, 0x00, 0x71, 0x71, 0x71, 0x12, 0x80, 0x83, 0x80, 0x6B, 0x85, 0x86, 0x86, 0x9F,
    0x7B, 0x7C, 0x80, 0xBE, 0x7E, 0x81, 0x84, 0xD8, 0x76, 0x7B, 0x7E, 0xE7, 0x6F, 0x74, 0x78, 0xF1, 0x6A, 0x71, 0x75, 0xFB, 0x66, 0x6E, 0x71, 0xFB,
    0x69, 0x6F, 0x73, 0xFA, 0x6C, 0x72, 0x75, 0xF1, 0x70, 0x75, 0x7A, 0xD7, 0x73, 0x77, 0x7D, 0x9A, 0x75, 0x75, 0x7C, 0x4C, 0xBF, 0xBF, 0xBF, 0x0C,
    0x00, 0x00, 0x00, 0x00, 0x00, 0x00, 0x00, 0x00, 0x7F, 0x7F, 0x7F, 0x02, 0x00, 0x00, 0x00, 0x00, 0x00, 0x00, 0x00, 0x00, 0x00, 0x00, 0x00, 0x00,
    0x00, 0x00, 0x00, 0x00, 0x00, 0x00, 0x00, 0x00, 0x00, 0x00, 0x00, 0x00, 0x00, 0x00, 0x00, 0x00, 0x00, 0x00, 0x00, 0x00, 0x00, 0x00, 0x00, 0x00,
    0x00, 0x00, 0x00, 0x00, 0x00, 0x00, 0x00, 0x00, 0x00, 0x00, 0x00, 0x00, 0x00, 0x00, 0x00, 0x00, 0x00, 0x00, 0x00, 0x00, 0x00, 0x00, 0x00, 0x00,
    0x00, 0x00, 0x00, 0x00, 0x00, 0x00, 0x00, 0x00, 0x00, 0x00, 0x00, 0x00, 0x00, 0x00, 0x00, 0x00, 0x00, 0x00, 0x00, 0x00, 0x00, 0x00, 0x00, 0x00,
    0x00, 0x00, 0x00, 0x00, 0x00, 0x00, 0x00, 0x00, 0x00, 0x00, 0x00, 0x00, 0x00, 0x00, 0x00, 0x00, 0x00, 0x00, 0x00, 0x00, 0x00, 0x00, 0x00, 0x00,
    0x7F, 0x7F, 0x7F, 0x02, 0x00, 0x00, 0x00, 0x00, 0xA5, 0xA5, 0xA5, 0x25, 0x90, 0x90, 0x8D, 0xD8, 0x8C, 0x8D, 0x8A, 0xFF, 0x89, 0x8E, 0x8E, 0xFF,
    0x77, 0x79, 0x7E, 0xFF, 0x6A, 0x6E, 0x71, 0xFC, 0x72, 0x77, 0x7D, 0xF9, 0x69, 0x70, 0x75, 0xF7, 0x64, 0x6F, 0x74, 0xF5, 0x64, 0x70, 0x76, 0xF5,
    0x64, 0x6E, 0x74, 0xF5, 0x5C, 0x64, 0x6A, 0xF6, 0x58, 0x60, 0x66, 0xFB, 0x5B, 0x62, 0x69, 0xFF, 0x56, 0x5C, 0x63, 0xF9, 0x5D, 0x63, 0x6B, 0xCF,
    0x6A, 0x6F, 0x7A, 0x62, 0x3F, 0x3F, 0x7F, 0x04, 0x00, 0x00, 0x00, 0x00, 0x55, 0x55, 0x55, 0x03, 0x00, 0x00, 0x00, 0x00, 0x00, 0x00, 0x00, 0x00,
    0x00, 0x00, 0x00, 0x00, 0x00, 0x00, 0x00, 0x00, 0x00, 0x00, 0x00, 0x00, 0x00, 0x00, 0x00, 0x00, 0x00, 0x00, 0x00, 0x00, 0x00, 0x00, 0x00, 0x00,
    0x00, 0x00, 0x00, 0x00, 0x00, 0x00, 0x00, 0x00, 0x00, 0x00, 0x00, 0x00, 0x00, 0x00, 0x00, 0x00, 0x00, 0x00, 0x00, 0x00, 0x00, 0x00, 0x00, 0x00,
    0x00, 0x00, 0x00, 0x00, 0x00, 0x00, 0x00, 0x00, 0x00, 0x00, 0x00, 0x00, 0x00, 0x00, 0x00, 0x00, 0x00, 0x00, 0x00, 0x00, 0x00, 0x00, 0x00, 0x00,
    0x00, 0x00, 0x00, 0x00, 0x00, 0x00, 0x00, 0x00, 0x00, 0x00, 0x00, 0x00, 0x00, 0x00, 0x00, 0x00, 0x00, 0x00, 0x00, 0x00, 0xFF, 0xFF, 0xFF, 0x01,
    0xAA, 0xAA, 0xAA, 0x03, 0xCC, 0xFF, 0xCC, 0x05, 0xA8, 0xA4, 0x9F, 0xC6, 0x9D, 0x99, 0x99, 0xFF, 0x8F, 0x96, 0x92, 0xF0, 0x95, 0x9C, 0x97, 0xF3,
    0x9A, 0x9C, 0x9B, 0xF4, 0x82, 0x85, 0x84, 0xF5, 0x6C, 0x6F, 0x70, 0xF5, 0x7A, 0x81, 0x84, 0xF5, 0x6D, 0x78, 0x7B, 0xF6, 0x6A, 0x74, 0x79, 0xF6,
    0x66, 0x70, 0x76, 0xF6, 0x62, 0x6B, 0x70, 0xF6, 0x68, 0x6E, 0x72, 0xF5, 0x65, 0x6D, 0x6F, 0xF4, 0x5F, 0x66, 0x6C, 0xF4, 0x55, 0x59, 0x64, 0xFB,
    0x52, 0x55, 0x61, 0xFB, 0x56, 0x5C, 0x68, 0xBC, 0x71, 0x7F, 0x88, 0x36, 0x00, 0x00, 0x00, 0x00, 0x00, 0x00, 0x00, 0x01, 0x7F, 0x7F, 0x7F, 0x02,
    0x00, 0x00, 0x00, 0x00, 0x00, 0x00, 0x00, 0x00, 0x00, 0x00, 0x00, 0x00, 0x00, 0x00, 0x00, 0x00, 0x00, 0x00, 0x00, 0x00, 0x00, 0x00, 0x00, 0x00,
    0x00, 0x00, 0x00, 0x00, 0x00, 0x00, 0x00, 0x00, 0x00, 0x00, 0x00, 0x00, 0x00, 0x00, 0x00, 0x00, 0x00, 0x00, 0x00, 0x00, 0x00, 0x00, 0x00, 0x00,
    0x00, 0x00, 0x00, 0x00, 0x00, 0x00, 0x00, 0x00, 0x00, 0x00, 0x00, 0x00, 0x00, 0x00, 0x00, 0x00, 0x00, 0x00, 0x00, 0x00, 0x00, 0x00, 0x00, 0x00,
    0x00, 0x00, 0x00, 0x00, 0x00, 0x00, 0x00, 0x00, 0x00, 0x00, 0x00, 0x00, 0x00, 0x00, 0x00, 0x00, 0x00, 0x00, 0x00, 0x00, 0xAA, 0xAA, 0xAA, 0x03,
    0x00, 0x00, 0x00, 0x00, 0xA9, 0xA7, 0xA0, 0x74, 0xAE, 0xAC, 0xA3, 0xFF, 0xA4, 0xAA, 0xA7, 0xF1, 0xA3, 0xB3, 0xB1, 0xF6, 0xA4, 0xA7, 0xA0, 0xF6,
    0x9F, 0xA2, 0x9E, 0xF6, 0xA3, 0xA5, 0xA4, 0xF6, 0x8B, 0x8C, 0x8C, 0xF6, 0x6B, 0x6E, 0x6E, 0xF6, 0x83, 0x89, 0x8A, 0xF6, 0x79, 0x80, 0x81, 0xF6,
    0x79, 0x7E, 0x80, 0xF6, 0x7F, 0x83, 0x84, 0xF6, 0x78, 0x7F, 0x81, 0xF6, 0x64, 0x6F, 0x73, 0xF6, 0x44, 0x57, 0x5C, 0xF6, 0x30, 0x45, 0x4D, 0xF5,
    0x23, 0x38, 0x40, 0xF4, 0x1D, 0x28, 0x2C, 0xFD, 0x31, 0x31, 0x33, 0xED, 0x5F, 0x57, 0x55, 0x75, 0xFF, 0xFF, 0xFF, 0x01, 0x00, 0x00, 0x00, 0x00,
    0x55, 0x55, 0x55, 0x03, 0x00, 0x00, 0x00, 0x00, 0x00, 0x00, 0x00, 0x00, 0x00, 0x00, 0x00, 0x00, 0x00, 0x00, 0x00, 0x00, 0x00, 0x00, 0x00, 0x00,
    0x00, 0x00, 0x00, 0x00, 0x00, 0x00, 0x00, 0x00, 0x00, 0x00, 0x00, 0x00, 0x00, 0x00, 0x00, 0x00, 0x00, 0x00, 0x00, 0x00, 0x00, 0x00, 0x00, 0x00,
    0x00, 0x00, 0x00, 0x00, 0x00, 0x00, 0x00, 0x00, 0x00, 0x00, 0x00, 0x00, 0x00, 0x00, 0x00, 0x00, 0x00, 0x00, 0x00, 0x00, 0x00, 0x00, 0x00, 0x00,
    0x00, 0x00, 0x00, 0x00, 0x00, 0x00, 0x00, 0x00, 0x00, 0x00, 0x00, 0x00, 0x00, 0x00, 0x00, 0x00, 0x55, 0x55, 0x55, 0x03, 0x00, 0x00, 0x00, 0x00,
    0x9E, 0xA3, 0x99, 0x32, 0xAC, 0xAE, 0xAB, 0xF5, 0xA8, 0xB0, 0xA8, 0xF6, 0xA0, 0xB1, 0xAC, 0xF5, 0xAB, 0xB6, 0xB5, 0xF6, 0xB0, 0xB3, 0xAC, 0xF6,
    0xAA, 0xAE, 0xA7, 0xF6, 0xA4, 0xA5, 0xA3, 0xF6, 0xA6, 0xA6, 0xA5, 0xF6, 0x87, 0x87, 0x86, 0xF6, 0x72, 0x74, 0x72, 0xF6, 0x7F, 0x83, 0x83, 0xF6,
    0x6E, 0x7A, 0x7E, 0xF6, 0x45, 0x5F, 0x65, 0xF6, 0x2A, 0x46, 0x4A, 0xF6, 0x33, 0x55, 0x5F, 0xF6, 0x35, 0x67, 0x77, 0xF6, 0x3F, 0x76, 0x85, 0xF6,
    0x3D, 0x73, 0x83, 0xF6, 0x31, 0x67, 0x74, 0xF4, 0x1D, 0x56, 0x5E, 0xF6, 0x19, 0x37, 0x3D, 0xFE, 0x37, 0x34, 0x34, 0xAE, 0x93, 0x7F, 0x6B, 0x1A,
    0x00, 0x00, 0x00, 0x00, 0x00, 0x00, 0x00, 0x01, 0x00, 0x00, 0x00, 0x00, 0x00, 0x00, 0x00, 0x00, 0x00, 0x00, 0x00, 0x00, 0x00, 0x00, 0x00, 0x00,
    0x00, 0x00, 0x00, 0x00, 0x00, 0x00, 0x00, 0x00, 0x00, 0x00, 0x00, 0x00, 0x00, 0x00, 0x00, 0x00, 0x00, 0x00, 0x00, 0x00, 0x00, 0x00, 0x00, 0x00,
    0x00, 0x00, 0x00, 0x00, 0x00, 0x00, 0x00, 0x00, 0x00, 0x00, 0x00, 0x00, 0x00, 0x00, 0x00, 0x00, 0x00, 0x00, 0x00, 0x00, 0x00, 0x00, 0x00, 0x00,
    0x00, 0x00, 0x00, 0x00, 0x00, 0x00, 0x00, 0x00, 0x00, 0x00, 0x00, 0x00, 0x00, 0x00, 0x00, 0x00, 0x7F, 0xFF, 0x7F, 0x02, 0x00, 0x00, 0x00, 0x04,
    0x9D, 0xA1, 0x9D, 0xC4, 0xA7, 0xB3, 0xAF, 0xFF, 0xAE, 0xB4, 0xB2, 0xF3, 0xB3, 0xB8, 0xB3, 0xF6, 0x9F, 0xB6, 0xB3, 0xF6, 0xAD, 0xB5, 0xB0, 0xF6,
    0xAE, 0xAB, 0xA6, 0xF6, 0xA8, 0xA7, 0xA4, 0xF6, 0x9F, 0xA1, 0x9C, 0xF6, 0xA6, 0xAA, 0xA4, 0xF6, 0x5C, 0x5D, 0x5B, 0xF6, 0x12, 0x1B, 0x1F, 0xF6,
    0x30, 0x53, 0x5D, 0xF6, 0x40, 0x62, 0x74, 0xF6, 0x61, 0x7D, 0x8E, 0xF6, 0x7A, 0x8F, 0xA0, 0xF6, 0x80, 0x8E, 0xA1, 0xF6, 0x74, 0x83, 0x97, 0xF6,
    0x6C, 0x7B, 0x8E, 0xF6, 0x5A, 0x73, 0x86, 0xF6, 0x4A, 0x81, 0x93, 0xF6, 0x49, 0x91, 0xA2, 0xF3, 0x2F, 0x6E, 0x79, 0xFD, 0x2C, 0x41, 0x47, 0xDB,
    0x72, 0x6A, 0x6E, 0x43, 0x00, 0x00, 0x00, 0x00, 0x7F, 0x7F, 0x7F, 0x02, 0x00, 0x00, 0x00, 0x00, 0x00, 0x00, 0x00, 0x00, 0x00, 0x00, 0x00, 0x00,
    0x00, 0x00, 0x00, 0x00, 0x00, 0x00, 0x00, 0x00, 0x00, 0x00, 0x00, 0x00, 0x00, 0x00, 0x00, 0x00, 0x00, 0x00, 0x00, 0x00, 0x00, 0x00, 0x00, 0x00,
    0x00, 0x00, 0x00, 0x00, 0x00, 0x00, 0x00, 0x00, 0x00, 0x00, 0x00, 0x00, 0x00, 0x00, 0x00, 0x00, 0x00, 0x00, 0x00, 0x00, 0x00, 0x00, 0x00, 0x00,
    0x00, 0x00, 0x00, 0x00, 0x00, 0x00, 0x00, 0x00, 0x00, 0x00, 0x00, 0x00, 0xAA, 0xAA, 0xAA, 0x03, 0x00, 0x00, 0x00, 0x00, 0xBB, 0xB8, 0xB3, 0x5E,
    0xAD, 0xB2, 0xAB, 0xFF, 0xA8, 0xAE, 0xA8, 0xF2, 0xB9, 0xB4, 0xAF, 0xF6, 0xB8, 0xB8, 0xB1, 0xF6, 0xA7, 0xB8, 0xAF, 0xF6, 0x90, 0xA8, 0xA0, 0xF6,
    0xAE, 0xAF, 0xAA, 0xF6, 0xAD, 0xAC, 0xA4, 0xF6, 0xA3, 0xA5, 0x9A, 0xF6, 0x9D, 0xA3, 0x9C, 0xF6, 0x4E, 0x5B, 0x59, 0xF6, 0x3E, 0x4D, 0x52, 0xF6,
    0x67, 0x80, 0x8C, 0xF6, 0x81, 0x93, 0xA6, 0xF6, 0x86, 0x95, 0xA8, 0xF6, 0x7A, 0x89, 0x9E, 0xF6, 0x78, 0x89, 0x9C, 0xF6, 0x7A, 0x89, 0x9D, 0xF6,
    0x79, 0x88, 0x9C, 0xF6, 0x6C, 0x7E, 0x93, 0xF6, 0x6A, 0x73, 0x85, 0xF6, 0x6B, 0x7B, 0x8C, 0xF6, 0x70, 0x9D, 0xB4, 0xF1, 0x5D, 0x85, 0x9B, 0xFF,
    0x3E, 0x3D, 0x41, 0xAB, 0x00, 0x00, 0x00, 0x00, 0x00, 0x55, 0x55, 0x03, 0x00, 0x00, 0x00, 0x00, 0x00, 0x00, 0x00, 0x00, 0x00, 0x00, 0x00, 0x00,
    0x00, 0x00, 0x00, 0x00, 0x00, 0x00, 0x00, 0x00, 0x00, 0x00, 0x00, 0x00, 0x00, 0x00, 0x00, 0x00, 0x00, 0x00, 0x00, 0x00, 0x00, 0x00, 0x00, 0x00,
    0x00, 0x00, 0x00, 0x00, 0x00, 0x00, 0x00, 0x00, 0x00, 0x00, 0x00, 0x00, 0x00, 0x00, 0x00, 0x00, 0x00, 0x00, 0x00, 0x00, 0x00, 0x00, 0x00, 0x00,
    0x00, 0x00, 0x00, 0x00, 0x00, 0x00, 0x00, 0x00, 0x00, 0x00, 0x00, 0x01, 0xFF, 0xFF, 0xFF, 0x01, 0x48, 0x48, 0x48, 0x0E, 0x73, 0x76, 0x77, 0xD7,
    0x8E, 0x91, 0x90, 0xFB, 0xB4, 0xB2, 0xAE, 0xF4, 0xB3, 0xB1, 0xAB, 0xF6, 0xB2, 0xB3, 0xAD, 0xF6, 0xB5, 0xB1, 0xAB, 0xF6, 0x9D, 0xAA, 0xA2, 0xF6,
    0x86, 0xA4, 0xA1, 0xF6, 0xA4, 0xA8, 0xA0, 0xF6, 0xA7, 0xA8, 0x9F, 0xF6, 0x75, 0x84, 0x82, 0xF6, 0x44, 0x63, 0x68, 0xF6, 0x79, 0x8A, 0x95, 0xF6,
    0x82, 0x91, 0x9A, 0xF6, 0x8A, 0x98, 0xA4, 0xF6, 0x8E, 0x9B, 0xAB, 0xF6, 0x89, 0x95, 0xA5, 0xF6, 0x87, 0x94, 0xA4, 0xF6, 0x82, 0x91, 0xA3, 0xF6,
    0x7D, 0x8E, 0xA2, 0xF6, 0x6E, 0x80, 0x97, 0xF6, 0x70, 0x84, 0x98, 0xF6, 0x7C, 0x8B, 0x9D, 0xF6, 0x79, 0x86, 0x9A, 0xF2, 0x82, 0x94, 0xA7, 0xFE,
    0x75, 0x7B, 0x83, 0x86, 0x00, 0x00, 0x00, 0x00, 0xAA, 0xAA, 0xAA, 0x03, 0x00, 0x00, 0x00, 0x00, 0x00, 0x00, 0x00, 0x00, 0x00, 0x00, 0x00, 0x00,
    0x00, 0x00, 0x00, 0x00, 0x00, 0x00, 0x00, 0x00, 0x00, 0x00, 0x00, 0x00, 0x00, 0x00, 0x00, 0x00, 0x00, 0x00, 0x00, 0x00, 0x00, 0x00, 0x00, 0x00,
    0x00, 0x00, 0x00, 0x00, 0x00, 0x00, 0x00, 0x00, 0x00, 0x00, 0x00, 0x00, 0x00, 0x00, 0x00, 0x00, 0x00, 0x00, 0x00, 0x00, 0x00, 0x00, 0x00, 0x00,
    0x00, 0x00, 0x00, 0x00, 0x00, 0x00, 0x00, 0x00, 0x00, 0x00, 0x00, 0x03, 0x00, 0x00, 0x00, 0x00, 0x1B, 0x1E, 0x1E, 0x4B, 0x24, 0x29, 0x2E, 0xFF,
    0x2A, 0x2D, 0x34, 0xF4, 0x7A, 0x7D, 0x7D, 0xF6, 0xB1, 0xB4, 0xAF, 0xF6, 0xAE, 0xAF, 0xA7, 0xF6, 0xB0, 0xB0, 0xA8, 0xF6, 0xB1, 0xB0, 0xA8, 0xF6,
    0x96, 0xB0, 0xAA, 0xF6, 0x86, 0x9B, 0x95, 0xF6, 0x8F, 0x99, 0x94, 0xF6, 0x4C, 0x72, 0x73, 0xF6, 0x72, 0x8B, 0x93, 0xF6, 0x86, 0x97, 0x9D, 0xF6,
    0x93, 0x9F, 0xA5, 0xF6, 0xA1, 0xA8, 0xB0, 0xF6, 0xA3, 0xAA, 0xB2, 0xF6, 0xA0, 0xA6, 0xAF, 0xF6, 0x99, 0xA1, 0xAB, 0xF6, 0x8F, 0x9B, 0xAA, 0xF6,
    0x7F, 0x92, 0xA3, 0xF6, 0x6F, 0x82, 0x96, 0xF6, 0x70, 0x81, 0x95, 0xF6, 0x78, 0x88, 0x9C, 0xF6, 0x82, 0x98, 0xAA, 0xF4, 0x7A, 0x90, 0xA3, 0xFE,
    0x8A, 0x91, 0x9A, 0xB5, 0xFF, 0xFF, 0xFF, 0x01, 0xFF, 0xFF, 0xFF, 0x01, 0x00, 0x00, 0x00, 0x00, 0x00, 0x00, 0x00, 0x00, 0x00, 0x00, 0x00, 0x00,
    0x00, 0x00, 0x00, 0x00, 0x00, 0x00, 0x00, 0x00, 0x00, 0x00, 0x00, 0x00, 0x00, 0x00, 0x00, 0x00, 0x00, 0x00, 0x00, 0x00, 0x00, 0x00, 0x00, 0x00,
    0x00, 0x00, 0x00, 0x00, 0x00, 0x00, 0x00, 0x00, 0x00, 0x00, 0x00, 0x00, 0x00, 0x00, 0x00, 0x00, 0x00, 0x00, 0x00, 0x00, 0x00, 0x00, 0x00, 0x00,
    0x00, 0x00, 0x00, 0x00, 0x00, 0x00, 0x00, 0x00, 0x55, 0x55, 0x55, 0x03, 0x00, 0x00, 0x00, 0x00, 0x1E, 0x20, 0x23, 0x5D, 0x2E, 0x34, 0x38, 0xFE,
    0x22, 0x29, 0x31, 0xF3, 0x1F, 0x25, 0x29, 0xF6, 0x7A, 0x80, 0x7E, 0xF6, 0xA7, 0xAD, 0xA5, 0xF6, 0x9E, 0xA2, 0x9A, 0xF6, 0xA5, 0xA7, 0x9E, 0xF6,
    0xA7, 0xAB, 0xA1, 0xF6, 0x90, 0x9C, 0x96, 0xF6, 0x51, 0x6B, 0x66, 0xF6, 0x6D, 0x8E, 0x91, 0xF6, 0x8E, 0x9E, 0xA1, 0xF6, 0x99, 0xA5, 0xA7, 0xF6,
    0xAA, 0xB1, 0xB4, 0xF6, 0xB3, 0xB6, 0xB8, 0xF6, 0xB5, 0xB7, 0xB9, 0xF6, 0xB3, 0xB6, 0xB5, 0xF6, 0xAA, 0xB0, 0xB1, 0xF6, 0x97, 0xA3, 0xAD, 0xF6,
    0x8A, 0x9B, 0xA8, 0xF6, 0x82, 0x95, 0xA6, 0xF6, 0x78, 0x88, 0x9C, 0xF6, 0x74, 0x84, 0x99, 0xF6, 0x7F, 0x90, 0xA6, 0xF6, 0x7A, 0x88, 0x9F, 0xF5,
    0x86, 0x90, 0xA1, 0xF8, 0xB1, 0xB1, 0xB9, 0x42, 0x00, 0x00, 0x00, 0x00, 0xAA, 0xAA, 0xAA, 0x03, 0x00, 0x00, 0x00, 0x00, 0x00, 0x00, 0x00, 0x00,
    0x00, 0x00, 0x00, 0x00, 0x00, 0x00, 0x00, 0x00, 0x00, 0x00, 0x00, 0x00, 0x00, 0x00, 0x00, 0x00, 0x00, 0x00, 0x00, 0x00, 0x00, 0x00, 0x00, 0x00,
    0x00, 0x00, 0x00, 0x00, 0x00, 0x00, 0x00, 0x00, 0x00, 0x00, 0x00, 0x00, 0x00, 0x00, 0x00, 0x00, 0x00, 0x00, 0x00, 0x00, 0x00, 0x00, 0x00, 0x00,
    0x00, 0x00, 0x00, 0x00, 0x00, 0x00, 0x00, 0x00, 0x55, 0x55, 0x55, 0x03, 0x00, 0x00, 0x00, 0x00, 0x20, 0x22, 0x27, 0x67, 0x2D, 0x32, 0x39, 0xFF,
    0x24, 0x2B, 0x34, 0xF3, 0x21, 0x29, 0x31, 0xF6, 0x28, 0x30, 0x34, 0xF6, 0x82, 0x8B, 0x87, 0xF6, 0x86, 0x90, 0x87, 0xF6, 0x8F, 0x94, 0x8E, 0xF6,
    0x97, 0x98, 0x92, 0xF6, 0x7D, 0xA0, 0xA0, 0xF6, 0x4D, 0x70, 0x75, 0xF6, 0x7F, 0x8B, 0x96, 0xF6, 0x93, 0x9E, 0xA4, 0xF6, 0xA3, 0xAC, 0xAE, 0xF6,
    0xB0, 0xB4, 0xB6, 0xF6, 0xBE, 0xBE, 0xBD, 0xF6, 0xBD, 0xBE, 0xB9, 0xF6, 0xB9, 0xBB, 0xB7, 0xF6, 0xB1, 0xB6, 0xB5, 0xF6, 0xA6, 0xAD, 0xB4, 0xF6,
    0xA0, 0xA7, 0xB3, 0xF6, 0x9A, 0xA5, 0xB4, 0xF6, 0x88, 0x9A, 0xAB, 0xF6, 0x7A, 0x8C, 0xA1, 0xF6, 0x7C, 0x8B, 0xA3, 0xF6, 0x7D, 0x89, 0xA1, 0xF3,
    0x80, 0x8B, 0xA1, 0xFF, 0xA0, 0xA5, 0xAD, 0x9C, 0x00, 0x00, 0x00, 0x00, 0xAA, 0xAA, 0xAA, 0x03, 0x00, 0x00, 0x00, 0x00, 0x00, 0x00, 0x00, 0x00,
    0x00, 0x00, 0x00, 0x00, 0x00, 0x00, 0x00, 0x00, 0x00, 0x00, 0x00, 0x00, 0x00, 0x00, 0x00, 0x00, 0x00, 0x00, 0x00, 0x00, 0x00, 0x00, 0x00, 0x00,
    0x00, 0x00, 0x00, 0x00, 0x00, 0x00, 0x00, 0x00, 0x00, 0x00, 0x00, 0x00, 0x00, 0x00, 0x00, 0x00, 0x00, 0x00, 0x00, 0x00, 0x00, 0x00, 0x00, 0x00,
    0x00, 0x00, 0x00, 0x00, 0x00, 0x00, 0x00, 0x00, 0x00, 0x00, 0x55, 0x03, 0x00, 0x00, 0x00, 0x00, 0x1C, 0x1C, 0x21, 0x62, 0x2A, 0x2F, 0x37, 0xFF,
    0x1F, 0x25, 0x2F, 0xF4, 0x26, 0x2C, 0x35, 0xF6, 0x1D, 0x25, 0x2C, 0xF6, 0x35, 0x3F, 0x43, 0xF6, 0x6B, 0x76, 0x75, 0xF6, 0x72, 0x78, 0x72, 0xF6,
    0x88, 0xA0, 0x9F, 0xF6, 0x44, 0x79, 0x7F, 0xF6, 0x3E, 0x50, 0x55, 0xF6, 0x6C, 0x7D, 0x88, 0xF6, 0x98, 0xA3, 0xAB, 0xF6, 0xAA, 0xB3, 0xB4, 0xF6,
    0xB9, 0xBE, 0xBD, 0xF6, 0xC3, 0xC3, 0xBF, 0xF6, 0xC3, 0xC4, 0xBD, 0xF6, 0xBD, 0xBF, 0xBB, 0xF6, 0xB5, 0xBA, 0xB8, 0xF6, 0xB2, 0xB6, 0xBA, 0xF6,
    0xAC, 0xB0, 0xB7, 0xF6, 0xA1, 0xA8, 0xB4, 0xF6, 0x92, 0xA0, 0xB0, 0xF6, 0x84, 0x97, 0xAC, 0xF6, 0x80, 0x8E, 0xA4, 0xF6, 0x7F, 0x8A, 0xA3, 0xF4,
    0x7B, 0x86, 0x9D, 0xFC, 0x92, 0x99, 0xA5, 0xD9, 0xC8, 0xB6, 0xB6, 0x0E, 0x00, 0x00, 0x00, 0x00, 0x00, 0x00, 0x00, 0x00, 0x00, 0x00, 0x00, 0x00,
    0x00, 0x00, 0x00, 0x00, 0x00, 0x00, 0x00, 0x00, 0x00, 0x00, 0x00, 0x00, 0x00, 0x00, 0x00, 0x00, 0x00, 0x00, 0x00, 0x00, 0x00, 0x00, 0x00, 0x00,
    0x00, 0x00, 0x00, 0x00, 0x00, 0x00, 0x00, 0x00, 0x00, 0x00, 0x00, 0x00, 0x00, 0x00, 0x00, 0x00, 0x00, 0x00, 0x00, 0x00, 0x00, 0x00, 0x00, 0x00,
    0x00, 0x00, 0x00, 0x00, 0x00, 0x00, 0x00, 0x00, 0x00, 0x00, 0x00, 0x03, 0x00, 0x00, 0x00, 0x00, 0x09, 0x09, 0x0C, 0x55, 0x33, 0x37, 0x3D, 0xFF,
    0x39, 0x3F, 0x47, 0xF4, 0x22, 0x28, 0x30, 0xF6, 0x25, 0x2C, 0x35, 0xF6, 0x1D, 0x24, 0x2D, 0xF6, 0x42, 0x4A, 0x4C, 0xF6, 0x7C, 0x8E, 0x88, 0xF6,
    0x53, 0x8C, 0x92, 0xF6, 0x33, 0x4D, 0x58, 0xF6, 0x58, 0x67, 0x6C, 0xF6, 0x6C, 0x7E, 0x89, 0xF6, 0x95, 0xA0, 0xA8, 0xF6, 0xAB, 0xB3, 0xB2, 0xF6,
    0xBE, 0xC2, 0xBD, 0xF6, 0xC2, 0xC4, 0xBC, 0xF6, 0xC3, 0xC4, 0xBE, 0xF6, 0xBD, 0xC0, 0xBC, 0xF6, 0xB6, 0xBA, 0xB7, 0xF6, 0xB5, 0xB9, 0xB9, 0xF6,
    0xAC, 0xB3, 0xB6, 0xF6, 0xA0, 0xA8, 0xB1, 0xF6, 0x95, 0xA0, 0xB0, 0xF6, 0x87, 0x97, 0xAA, 0xF6, 0x82, 0x8F, 0xA4, 0xF6, 0x7E, 0x8A, 0xA1, 0xF6,
    0x7B, 0x87, 0xA0, 0xF5, 0x89, 0x91, 0xA2, 0xFC, 0xAA, 0xAD, 0xAD, 0x45, 0x00, 0x00, 0x00, 0x00, 0x00, 0x00, 0x00, 0x00, 0x00, 0x00, 0x00, 0x00,
    0x00, 0x00, 0x00, 0x00, 0x00, 0x00, 0x00, 0x00, 0x00, 0x00, 0x00, 0x00, 0x00, 0x00, 0x00, 0x00, 0x00, 0x00, 0x00, 0x00, 0x00, 0x00, 0x00, 0x00,
    0x00, 0x00, 0x00, 0x00, 0x00, 0x00, 0x00, 0x00, 0x00, 0x00, 0x00, 0x00, 0x00, 0x00, 0x00, 0x00, 0x00, 0x00, 0x00, 0x00, 0x00, 0x00, 0x00, 0x00,
    0x00, 0x00, 0x00, 0x00, 0x00, 0x00, 0x00, 0x00, 0x7F, 0x7F, 0x7F, 0x04, 0x00, 0x00, 0x00, 0x00, 0x55, 0x58, 0x58, 0x5C, 0x8F, 0x90, 0x8E, 0xFF,
    0xA6, 0xA7, 0xA5, 0xF3, 0x47, 0x4C, 0x52, 0xF6, 0x19, 0x20, 0x2B, 0xF6, 0x28, 0x2E, 0x36, 0xF6, 0x1F, 0x25, 0x28, 0xF6, 0x43, 0x5D, 0x5E, 0xF6,
    0x3C, 0x5F, 0x65, 0xF6, 0x4A, 0x5C, 0x63, 0xF6, 0x63, 0x76, 0x7E, 0xF6, 0x7B, 0x8E, 0x98, 0xF6, 0x92, 0x9E, 0xA7, 0xF6, 0xA6, 0xAF, 0xB0, 0xF6,
    0xBD, 0xC0, 0xBC, 0xF6, 0xC0, 0xC0, 0xBB, 0xF6, 0xBA, 0xBC, 0xB8, 0xF6, 0xB8, 0xBA, 0xB8, 0xF6, 0xB7, 0xB9, 0xB7, 0xF6, 0xB2, 0xB6, 0xB7, 0xF6,
    0xAB, 0xB2, 0xB4, 0xF6, 0x9E, 0xAA, 0xB2, 0xF6, 0x95, 0xA2, 0xB1, 0xF6, 0x89, 0x97, 0xA8, 0xF6, 0x84, 0x93, 0xA8, 0xF6, 0x7E, 0x8C, 0xA3, 0xF6,
    0x7B, 0x89, 0xA0, 0xF3, 0x81, 0x8D, 0xA2, 0xFF, 0x9A, 0xA5, 0xA8, 0x8E, 0x00, 0x00, 0x00, 0x00, 0x00, 0x00, 0x00, 0x00, 0x00, 0x00, 0x00, 0x00,
    0x00, 0x00, 0x00, 0x00, 0x00, 0x00, 0x00, 0x00, 0x00, 0x00, 0x00, 0x00, 0x00, 0x00, 0x00, 0x00, 0x00, 0x00, 0x00, 0x00, 0x00, 0x00, 0x00, 0x00,
    0x00, 0x00, 0x00, 0x00, 0x00, 0x00, 0x00, 0x00, 0x00, 0x00, 0x00, 0x00, 0x00, 0x00, 0x00, 0x00, 0x00, 0x00, 0x00, 0x00, 0x00, 0x00, 0x00, 0x00,
    0x00, 0x00, 0x00, 0x00, 0x00, 0x00, 0x00, 0x00, 0x7F, 0x7F, 0x7F, 0x02, 0xFF, 0xFF, 0xFF, 0x04, 0x98, 0x9A, 0x97, 0xBB, 0x9F, 0xA0, 0x9D, 0xFE,
    0xA4, 0xA6, 0xA1, 0xF3, 0x91, 0x95, 0x94, 0xF6, 0x29, 0x2F, 0x31, 0xF6, 0x20, 0x29, 0x2C, 0xF6, 0x21, 0x29, 0x2E, 0xF6, 0x17, 0x1E, 0x24, 0xF6,
    0x3D, 0x4A, 0x4E, 0xF6, 0x3D, 0x4E, 0x55, 0xF6, 0x5A, 0x6A, 0x76, 0xF6, 0x78, 0x8C, 0x98, 0xF6, 0x8F, 0x9E, 0xA6, 0xF6, 0xA0, 0xAC, 0xAE, 0xF6,
    0xB4, 0xBB, 0xBB, 0xF6, 0xBA, 0xBE, 0xBB, 0xF6, 0xB7, 0xB9, 0xB8, 0xF6, 0xB5, 0xB7, 0xB7, 0xF6, 0xB3, 0xB6, 0xB6, 0xF6, 0xAD, 0xB3, 0xB7, 0xF6,
    0xA6, 0xB0, 0xB6, 0xF6, 0x9B, 0xA7, 0xB2, 0xF6, 0x8F, 0x9B, 0xAB, 0xF6, 0x88, 0x95, 0xA6, 0xF6, 0x85, 0x94, 0xAA, 0xF6, 0x81, 0x90, 0xA6, 0xF6,
    0x7B, 0x89, 0x9F, 0xF4, 0x79, 0x86, 0x9B, 0xFE, 0x92, 0x9B, 0xA4, 0xCA, 0xDA, 0xB6, 0x91, 0x07, 0x00, 0x00, 0x00, 0x00, 0x00, 0x00, 0x00, 0x00,
    0x00, 0x00, 0x00, 0x00, 0x00, 0x00, 0x00, 0x00, 0x00, 0x00, 0x00, 0x00, 0x00, 0x00, 0x00, 0x00, 0x00, 0x00, 0x00, 0x00, 0x00, 0x00, 0x00, 0x00,
    0x00, 0x00, 0x00, 0x00, 0x00, 0x00, 0x00, 0x00, 0x00, 0x00, 0x00, 0x00, 0x00, 0x00, 0x00, 0x00, 0x00, 0x00, 0x00, 0x00, 0x00, 0x00, 0x00, 0x00,
    0x00, 0x00, 0x00, 0x00, 0x00, 0x00, 0x00, 0x00, 0x00, 0x00, 0x00, 0x00, 0x58, 0x5B, 0x58, 0x56, 0x95, 0x96, 0x93, 0xFF, 0xA1, 0xA3, 0xA0, 0xF4,
    0x9A, 0x9D, 0x99, 0xF6, 0xA2, 0xA6, 0xA1, 0xF6, 0x77, 0x7B, 0x78, 0xF6, 0x1A, 0x22, 0x22, 0xF6, 0x22, 0x29, 0x30, 0xF6, 0x26, 0x29, 0x30, 0xF6,
    0x30, 0x3B, 0x3E, 0xF6, 0x36, 0x45, 0x4C, 0xF6, 0x5E, 0x72, 0x7D, 0xF6, 0x76, 0x8A, 0x96, 0xF6, 0x8B, 0x9D, 0xA4, 0xF6, 0x99, 0xA6, 0xAC, 0xF6,
    0xA4, 0xB0, 0xB4, 0xF6, 0xB0, 0xB6, 0xB9, 0xF6, 0xB0, 0xB4, 0xB6, 0xF6, 0xAC, 0xB0, 0xB1, 0xF6, 0xA8, 0xAF, 0xB1, 0xF6, 0xA3, 0xAD, 0xB4, 0xF6,
    0xA1, 0xAC, 0xB6, 0xF6, 0x99, 0xA4, 0xB2, 0xF6, 0x8A, 0x99, 0xA7, 0xF6, 0x88, 0x95, 0xA7, 0xF6, 0x85, 0x94, 0xA8, 0xF6, 0x7D, 0x8C, 0xA2, 0xF6,
    0x7A, 0x88, 0x9D, 0xF4, 0x76, 0x82, 0x98, 0xFE, 0x81, 0x8C, 0x96, 0xD5, 0x94, 0x94, 0x6A, 0x0C, 0x00, 0x00, 0x00, 0x00, 0x00, 0x00, 0x00, 0x00,
    0x00, 0x00, 0x00, 0x00, 0x00, 0x00, 0x00, 0x00, 0x00, 0x00, 0x00, 0x00, 0x00, 0x00, 0x00, 0x00, 0x00, 0x00, 0x00, 0x00, 0x00, 0x00, 0x00, 0x00,
    0x00, 0x00, 0x00, 0x00, 0x00, 0x00, 0x00, 0x00, 0x00, 0x00, 0x00, 0x00, 0x00, 0x00, 0x00, 0x00, 0x00, 0x00, 0x00, 0x00, 0x00, 0x00, 0x00, 0x00,
    0x00, 0x00, 0x00, 0x00, 0x00, 0x00, 0x00, 0x00, 0x00, 0x00, 0x00, 0x00, 0x55, 0x58, 0x55, 0xA1, 0x90, 0x93, 0x8F, 0xFE, 0x97, 0x99, 0x96, 0xF3,
    0x9D, 0xA0, 0x9E, 0xF6, 0x98, 0x9B, 0x98, 0xF6, 0x90, 0x94, 0x91, 0xF6, 0x58, 0x5C, 0x5C, 0xF6, 0x18, 0x1F, 0x23, 0xF6, 0x1F, 0x27, 0x2F, 0xF6,
    0x26, 0x2F, 0x37, 0xF6, 0x34, 0x44, 0x49, 0xF6, 0x4D, 0x60, 0x6C, 0xF6, 0x6C, 0x80, 0x8B, 0xF6, 0x7F, 0x94, 0x9B, 0xF6, 0x84, 0x97, 0x9E, 0xF6,
    0x93, 0x9F, 0xA7, 0xF6, 0x9E, 0xA6, 0xAF, 0xF6, 0xA0, 0xA7, 0xAE, 0xF6, 0x9E, 0xA6, 0xAA, 0xF6, 0x9D, 0xA4, 0xAA, 0xF6, 0x99, 0xA2, 0xAC, 0xF6,
    0x96, 0xA0, 0xAF, 0xF6, 0x8F, 0x9A, 0xAB, 0xF6, 0x8B, 0x99, 0xAB, 0xF6, 0x88, 0x98, 0xAC, 0xF6, 0x84, 0x94, 0xA7, 0xF6, 0x7D, 0x8B, 0x9F, 0xF6,
    0x78, 0x85, 0x9A, 0xF4, 0x71, 0x7C, 0x94, 0xFE, 0x76, 0x80, 0x92, 0xD1, 0x9F, 0x9F, 0x7F, 0x08, 0x00, 0x00, 0x00, 0x00, 0x00, 0x00, 0x00, 0x00,
    0x00, 0x00, 0x00, 0x00, 0x00, 0x00, 0x00, 0x00, 0x00, 0x00, 0x00, 0x00, 0x00, 0x00, 0x00, 0x00, 0x00, 0x00, 0x00, 0x00, 0x00, 0x00, 0x00, 0x00,
    0x00, 0x00, 0x00, 0x00, 0x00, 0x00, 0x00, 0x00, 0x00, 0x00, 0x00, 0x00, 0x00, 0x00, 0x00, 0x00, 0x00, 0x00, 0x00, 0x00, 0x00, 0x00, 0x00, 0x00,
    0x00, 0x00, 0x00, 0x00, 0x00, 0x00, 0x00, 0x00, 0x00, 0x00, 0x00, 0x04, 0x39, 0x3B, 0x39, 0xB7, 0x7C, 0x7F, 0x7C, 0xFF, 0x8D, 0x90, 0x8D, 0xF4,
    0x99, 0x9C, 0x99, 0xF6, 0x93, 0x95, 0x93, 0xF6, 0x75, 0x7B, 0x78, 0xF6, 0x7A, 0x81, 0x80, 0xF6, 0x41, 0x46, 0x42, 0xF6, 0x15, 0x18, 0x18, 0xF6,
    0x20, 0x25, 0x2B, 0xF6, 0x2D, 0x36, 0x3A, 0xF6, 0x3F, 0x51, 0x5D, 0xF6, 0x5A, 0x6F, 0x7C, 0xF6, 0x78, 0x8C, 0x94, 0xF6, 0x81, 0x96, 0x9C, 0xF6,
    0x86, 0x97, 0x9E, 0xF6, 0x91, 0x9C, 0xA3, 0xF6, 0x93, 0x9F, 0xA5, 0xF6, 0x93, 0x9F, 0xA4, 0xF6, 0x8F, 0x9B, 0xA0, 0xF6, 0x8A, 0x96, 0xA1, 0xF6,
    0x89, 0x97, 0xA4, 0xF6, 0x89, 0x97, 0xA6, 0xF6, 0x8A, 0x98, 0xAA, 0xF6, 0x80, 0x8F, 0xA2, 0xF6, 0x7C, 0x8A, 0x9F, 0xF6, 0x79, 0x87, 0x9B, 0xF6,
    0x75, 0x83, 0x98, 0xF4, 0x6E, 0x7E, 0x98, 0xFF, 0x6F, 0x7B, 0x8E, 0xC7, 0x00, 0x00, 0x00, 0x00, 0x00, 0x00, 0x00, 0x00, 0x00, 0x00, 0x00, 0x00,
    0x00, 0x00, 0x00, 0x00, 0x00, 0x00, 0x00, 0x00, 0x00, 0x00, 0x00, 0x00, 0x00, 0x00, 0x00, 0x00, 0x00, 0x00, 0x00, 0x00, 0x00, 0x00, 0x00, 0x00,
    0x00, 0x00, 0x00, 0x00, 0x00, 0x00, 0x00, 0x00, 0x00, 0x00, 0x00, 0x00, 0x00, 0x00, 0x00, 0x00, 0x00, 0x00, 0x00, 0x00, 0x00, 0x00, 0x00, 0x00,
    0x00, 0x00, 0x00, 0x00, 0x00, 0x00, 0x00, 0x00, 0x00, 0x00, 0x00, 0x03, 0x05, 0x05, 0x05, 0x8C, 0x59, 0x5B, 0x58, 0xFD, 0x82, 0x84, 0x82, 0xF5,
    0x87, 0x8A, 0x87, 0xF6, 0x8F, 0x91, 0x8F, 0xF6, 0x78, 0x7D, 0x7B, 0xF6, 0x60, 0x68, 0x66, 0xF6, 0x7E, 0x83, 0x7F, 0xF6, 0x29, 0x28, 0x26, 0xF6,
    0x14, 0x12, 0x14, 0xF6, 0x25, 0x29, 0x2B, 0xF6, 0x39, 0x46, 0x4F, 0xF6, 0x58, 0x6B, 0x78, 0xF6, 0x6B, 0x82, 0x8A, 0xF6, 0x7F, 0x96, 0x9C, 0xF6,
    0x7F, 0x95, 0x9A, 0xF6, 0x82, 0x95, 0x9B, 0xF6, 0x84, 0x97, 0x9C, 0xF6, 0x85, 0x98, 0x9D, 0xF6, 0x82, 0x95, 0x9B, 0xF6, 0x83, 0x94, 0x9C, 0xF6,
    0x83, 0x93, 0x9E, 0xF6, 0x83, 0x93, 0xA1, 0xF6, 0x80, 0x91, 0x9F, 0xF6, 0x7A, 0x88, 0x9C, 0xF6, 0x74, 0x82, 0x97, 0xF6, 0x73, 0x82, 0x97, 0xF6,
    0x70, 0x80, 0x94, 0xF4, 0x63, 0x74, 0x8A, 0xFF, 0x6A, 0x75, 0x87, 0xC6, 0x00, 0x00, 0x00, 0x00, 0x00, 0x00, 0x00, 0x00, 0x00, 0x00, 0x00, 0x00,
    0x00, 0x00, 0x00, 0x00, 0x00, 0x00, 0x00, 0x00, 0x00, 0x00, 0x00, 0x00, 0x00, 0x00, 0x00, 0x00, 0x00, 0x00, 0x00, 0x00, 0x00, 0x00, 0x00, 0x00,
    0x00, 0x00, 0x00, 0x00, 0x00, 0x00, 0x00, 0x00, 0x00, 0x00, 0x00, 0x00, 0x00, 0x00, 0x00, 0x00, 0x00, 0x00, 0x00, 0x00, 0x00, 0x00, 0x00, 0x00,
    0x00, 0x00, 0x00, 0x00, 0x00, 0x00, 0x00, 0x00, 0x00, 0x00, 0x00, 0x00, 0x00, 0x00, 0x00, 0x3F, 0x28, 0x28, 0x25, 0xEB, 0x61, 0x62, 0x5E, 0xF7,
    0x6F, 0x72, 0x6F, 0xF5, 0x7E, 0x80, 0x7F, 0xF6, 0x77, 0x7A, 0x7A, 0xF6, 0x61, 0x66, 0x64, 0xF6, 0x6E, 0x74, 0x75, 0xF6, 0x7A, 0x7A, 0x79, 0xF6,
    0x18, 0x15, 0x12, 0xF6, 0x18, 0x19, 0x19, 0xF6, 0x31, 0x37, 0x3B, 0xF6, 0x49, 0x56, 0x5E, 0xF6, 0x50, 0x65, 0x72, 0xF6, 0x6D, 0x82, 0x8B, 0xF6,
    0x7C, 0x92, 0x9B, 0xF6, 0x7D, 0x93, 0x9B, 0xF6, 0x7E, 0x94, 0x9A, 0xF6, 0x80, 0x96, 0x9C, 0xF6, 0x7F, 0x95, 0x9B, 0xF6, 0x7F, 0x93, 0x9A, 0xF6,
    0x7E, 0x91, 0x9A, 0xF6, 0x7B, 0x8C, 0x97, 0xF6, 0x78, 0x87, 0x94, 0xF6, 0x75, 0x83, 0x95, 0xF6, 0x6B, 0x7B, 0x8F, 0xF6, 0x69, 0x79, 0x8C, 0xF6,
    0x6D, 0x7D, 0x90, 0xF4, 0x5C, 0x6A, 0x7C, 0xFF, 0x6D, 0x72, 0x7F, 0xC4, 0x00, 0x00, 0x00, 0x00, 0x00, 0x00, 0x00, 0x00, 0x00, 0x00, 0x00, 0x00,
    0x00, 0x00, 0x00, 0x00, 0x00, 0x00, 0x00, 0x00, 0x00, 0x00, 0x00, 0x00, 0x00, 0x00, 0x00, 0x00, 0x00, 0x00, 0x00, 0x00, 0x00, 0x00, 0x00, 0x00,
    0x00, 0x00, 0x00, 0x00, 0x00, 0x00, 0x00, 0x00, 0x00, 0x00, 0x00, 0x00, 0x00, 0x00, 0x00, 0x00, 0x00, 0x00, 0x00, 0x00, 0x00, 0x00, 0x00, 0x00,
    0x00, 0x00, 0x00, 0x00, 0x00, 0x00, 0x00, 0x00, 0x00, 0x00, 0x00, 0x00, 0x00, 0x00, 0x00, 0x0B, 0x15, 0x17, 0x14, 0xBA, 0x40, 0x41, 0x3E, 0xFE,
    0x4D, 0x4F, 0x4B, 0xF5, 0x58, 0x5A, 0x58, 0xF6, 0x68, 0x6B, 0x6B, 0xF6, 0x5B, 0x5F, 0x5E, 0xF6, 0x63, 0x68, 0x66, 0xF6, 0x8A, 0x8E, 0x8E, 0xF6,
    0x51, 0x52, 0x51, 0xF6, 0x23, 0x20, 0x1E, 0xF6, 0x1E, 0x1B, 0x19, 0xF6, 0x2F, 0x33, 0x39, 0xF6, 0x45, 0x50, 0x60, 0xF6, 0x4C, 0x5F, 0x6E, 0xF6,
    0x5E, 0x74, 0x82, 0xF6, 0x70, 0x85, 0x93, 0xF6, 0x74, 0x87, 0x95, 0xF6, 0x78, 0x8C, 0x98, 0xF6, 0x7A, 0x8E, 0x99, 0xF6, 0x7B, 0x8C, 0x98, 0xF6,
    0x7B, 0x8E, 0x98, 0xF6, 0x7A, 0x8B, 0x97, 0xF6, 0x74, 0x82, 0x91, 0xF6, 0x6B, 0x7B, 0x8C, 0xF6, 0x68, 0x79, 0x8B, 0xF6, 0x62, 0x70, 0x84, 0xF6,
    0x66, 0x75, 0x89, 0xF3, 0x59, 0x67, 0x7A, 0xFF, 0x5F, 0x65, 0x71, 0xA9, 0x00, 0x00, 0x00, 0x00, 0x00, 0x00, 0x00, 0x00, 0x00, 0x00, 0x00, 0x00,
    0x00, 0x00, 0x00, 0x00, 0x00, 0x00, 0x00, 0x00, 0x00, 0x00, 0x00, 0x00, 0x00, 0x00, 0x00, 0x00, 0x00, 0x00, 0x00, 0x00, 0x00, 0x00, 0x00, 0x00,
    0x00, 0x00, 0x00, 0x00, 0x00, 0x00, 0x00, 0x00, 0x00, 0x00, 0x00, 0x00, 0x00, 0x00, 0x00, 0x00, 0x00, 0x00, 0x00, 0x00, 0x00, 0x00, 0x00, 0x00,
    0x00, 0x00, 0x00, 0x00, 0x00, 0x00, 0x00, 0x00, 0x00, 0x00, 0x00, 0x02, 0x00, 0x00, 0x00, 0x00, 0x00, 0x00, 0x00, 0x5F, 0x22, 0x22, 0x21, 0xE0,
    0x44, 0x46, 0x44, 0xF6, 0x3F, 0x41, 0x3F, 0xF5, 0x49, 0x4C, 0x4A, 0xF6, 0x5C, 0x61, 0x5E, 0xF6, 0x61, 0x67, 0x64, 0xF6, 0x78, 0x7E, 0x7E, 0xF6,
    0x6F, 0x72, 0x75, 0xF6, 0x34, 0x30, 0x2D, 0xF6, 0x43, 0x41, 0x3F, 0xF6, 0x28, 0x2A, 0x29, 0xF6, 0x2B, 0x30, 0x3D, 0xF6, 0x3F, 0x4C, 0x5E, 0xF6,
    0x53, 0x63, 0x70, 0xF6, 0x64, 0x79, 0x84, 0xF6, 0x6F, 0x85, 0x93, 0xF6, 0x72, 0x86, 0x95, 0xF6, 0x74, 0x88, 0x95, 0xF6, 0x76, 0x89, 0x94, 0xF6,
    0x7A, 0x8E, 0x97, 0xF6, 0x7A, 0x8C, 0x98, 0xF6, 0x6D, 0x7F, 0x8C, 0xF6, 0x65, 0x77, 0x87, 0xF6, 0x65, 0x76, 0x86, 0xF6, 0x5C, 0x6B, 0x7E, 0xF6,
    0x56, 0x65, 0x79, 0xF2, 0x53, 0x60, 0x73, 0xFF, 0x4C, 0x56, 0x64, 0x82, 0x00, 0x00, 0x00, 0x00, 0x00, 0x00, 0x00, 0x00, 0x00, 0x00, 0x00, 0x00,
    0x00, 0x00, 0x00, 0x00, 0x00, 0x00, 0x00, 0x00, 0x00, 0x00, 0x00, 0x00, 0x00, 0x00, 0x00, 0x00, 0x00, 0x00, 0x00, 0x00, 0x00, 0x00, 0x00, 0x00,
    0x00, 0x00, 0x00, 0x00, 0x00, 0x00, 0x00, 0x00, 0x00, 0x00, 0x00, 0x00, 0x00, 0x00, 0x00, 0x00, 0x00, 0x00, 0x00, 0x00, 0x00, 0x00, 0x00, 0x00,
    0x00, 0x00, 0x00, 0x00, 0x00, 0x00, 0x00, 0x00, 0x00, 0x00, 0x00, 0x01, 0x00, 0x00, 0x00, 0x02, 0x00, 0x00, 0x00, 0x03, 0x0B, 0x0B, 0x0B, 0x80,
    0x2D, 0x2D, 0x2B, 0xFC, 0x40, 0x41, 0x3E, 0xF5, 0x3E, 0x41, 0x3E, 0xF6, 0x49, 0x4E, 0x4A, 0xF6, 0x57, 0x5D, 0x5A, 0xF6, 0x6B, 0x72, 0x73, 0xF6,
    0x76, 0x77, 0x79, 0xF6, 0x46, 0x55, 0x5A, 0xF6, 0x31, 0x3E, 0x40, 0xF6, 0x51, 0x51, 0x4C, 0xF6, 0x43, 0x42, 0x42, 0xF6, 0x32, 0x37, 0x3F, 0xF6,
    0x46, 0x55, 0x5C, 0xF6, 0x60, 0x70, 0x7C, 0xF6, 0x6D, 0x84, 0x91, 0xF6, 0x72, 0x86, 0x94, 0xF6, 0x74, 0x87, 0x95, 0xF6, 0x74, 0x88, 0x95, 0xF6,
    0x73, 0x85, 0x91, 0xF6, 0x6F, 0x82, 0x90, 0xF6, 0x67, 0x7B, 0x89, 0xF6, 0x62, 0x74, 0x86, 0xF6, 0x5F, 0x6E, 0x81, 0xF6, 0x52, 0x61, 0x73, 0xF6,
    0x45, 0x51, 0x64, 0xF3, 0x49, 0x54, 0x61, 0xFF, 0x55, 0x60, 0x65, 0x62, 0x00, 0x00, 0x00, 0x00, 0x00, 0x00, 0x00, 0x00, 0x00, 0x00, 0x00, 0x00,
    0x00, 0x00, 0x00, 0x00, 0x00, 0x00, 0x00, 0x00, 0x00, 0x00, 0x00, 0x00, 0x00, 0x00, 0x00, 0x00, 0x00, 0x00, 0x00, 0x00, 0x00, 0x00, 0x00, 0x00,
    0x00, 0x00, 0x00, 0x00, 0x00, 0x00, 0x00, 0x00, 0x00, 0x00, 0x00, 0x00, 0x00, 0x00, 0x00, 0x00, 0x00, 0x00, 0x00, 0x00, 0x00, 0x00, 0x00, 0x00,
    0x00, 0x00, 0x00, 0x00, 0x00, 0x00, 0x00, 0x00, 0x00, 0x00, 0x00, 0x00, 0x00, 0x00, 0x00, 0x03, 0x00, 0x00, 0x00, 0x00, 0x24, 0x21, 0x21, 0x5B,
    0x29, 0x29, 0x27, 0xFF, 0x26, 0x25, 0x24, 0xF4, 0x3E, 0x40, 0x3D, 0xF6, 0x37, 0x3E, 0x3A, 0xF6, 0x44, 0x4A, 0x46, 0xF6, 0x62, 0x68, 0x64, 0xF6,
    0x68, 0x6B, 0x68, 0xF6, 0x5E, 0x74, 0x76, 0xF6, 0x26, 0x47, 0x48, 0xF6, 0x37, 0x3B, 0x36, 0xF6, 0x5E, 0x5D, 0x5A, 0xF6, 0x68, 0x6A, 0x68, 0xF6,
    0x44, 0x4B, 0x50, 0xF6, 0x4E, 0x5C, 0x68, 0xF6, 0x63, 0x7A, 0x87, 0xF6, 0x67, 0x7D, 0x8A, 0xF6, 0x66, 0x7B, 0x88, 0xF6, 0x67, 0x7C, 0x89, 0xF6,
    0x61, 0x74, 0x83, 0xF6, 0x60, 0x72, 0x82, 0xF6, 0x60, 0x70, 0x83, 0xF6, 0x5D, 0x6D, 0x83, 0xF6, 0x5C, 0x6B, 0x7F, 0xF6, 0x4D, 0x5D, 0x6E, 0xF6,
    0x37, 0x47, 0x59, 0xF3, 0x41, 0x49, 0x54, 0xFF, 0x73, 0x73, 0x76, 0x6E, 0x00, 0x00, 0x00, 0x00, 0x00, 0x00, 0x00, 0x00, 0x00, 0x00, 0x00, 0x00,
    0x00, 0x00, 0x00, 0x00, 0x00, 0x00, 0x00, 0x00, 0x00, 0x00, 0x00, 0x00, 0x00, 0x00, 0x00, 0x00, 0x00, 0x00, 0x00, 0x00, 0x00, 0x00, 0x00, 0x00,
    0x00, 0x00, 0x00, 0x00, 0x00, 0x00, 0x00, 0x00, 0x00, 0x00, 0x00, 0x00, 0x00, 0x00, 0x00, 0x00, 0x00, 0x00, 0x00, 0x00, 0x00, 0x00, 0x00, 0x00,
    0x00, 0x00, 0x00, 0x00, 0x00, 0x00, 0x00, 0x00, 0x00, 0x00, 0x00, 0x00, 0x00, 0x00, 0x00, 0x03, 0x00, 0x00, 0x00, 0x00, 0x14, 0x14, 0x17, 0x63,
    0x41, 0x3D, 0x37, 0xFF, 0x24, 0x21, 0x1A, 0xF3, 0x33, 0x36, 0x32, 0xF6, 0x42, 0x47, 0x43, 0xF6, 0x40, 0x45, 0x42, 0xF6, 0x41, 0x48, 0x45, 0xF6,
    0x5A, 0x61, 0x5F, 0xF6, 0x61, 0x67, 0x66, 0xF6, 0x32, 0x65, 0x64, 0xF6, 0x27, 0x39, 0x35, 0xF6, 0x41, 0x42, 0x42, 0xF6, 0x52, 0x57, 0x56, 0xF6,
    0x67, 0x6A, 0x6B, 0xF6, 0x4B, 0x51, 0x56, 0xF6, 0x45, 0x51, 0x5C, 0xF6, 0x5A, 0x6D, 0x78, 0xF6, 0x52, 0x65, 0x72, 0xF6, 0x52, 0x66, 0x74, 0xF6,
    0x56, 0x67, 0x77, 0xF6, 0x53, 0x65, 0x78, 0xF6, 0x53, 0x67, 0x7A, 0xF6, 0x58, 0x69, 0x7D, 0xF6, 0x51, 0x63, 0x75, 0xF6, 0x46, 0x57, 0x67, 0xF6,
    0x2E, 0x3D, 0x4D, 0xF3, 0x4D, 0x51, 0x5B, 0xFE, 0x45, 0x44, 0x48, 0xAC, 0x00, 0x00, 0x00, 0x00, 0x00, 0x00, 0x00, 0x00, 0x00, 0x00, 0x00, 0x00,
    0x00, 0x00, 0x00, 0x00, 0x00, 0x00, 0x00, 0x00, 0x00, 0x00, 0x00, 0x00, 0x00, 0x00, 0x00, 0x00, 0x00, 0x00, 0x00, 0x00, 0x00, 0x00, 0x00, 0x00,
    0x00, 0x00, 0x00, 0x00, 0x00, 0x00, 0x00, 0x00, 0x00, 0x00, 0x00, 0x00, 0x00, 0x00, 0x00, 0x00, 0x00, 0x00, 0x00, 0x00, 0x00, 0x00, 0x00, 0x00,
    0x00, 0x00, 0x00, 0x00, 0x00, 0x00, 0x00, 0x00, 0x00, 0x00, 0x00, 0x00, 0x00, 0x00, 0x00, 0x03, 0x00, 0x00, 0x00, 0x00, 0x02, 0x02, 0x02, 0x5D,
    0x33, 0x31, 0x2C, 0xF6, 0x36, 0x33, 0x27, 0xF6, 0x33, 0x34, 0x2C, 0xF5, 0x44, 0x47, 0x43, 0xF6, 0x46, 0x49, 0x47, 0xF6, 0x3E, 0x41, 0x40, 0xF6,
    0x37, 0x3F, 0x3D, 0xF6, 0x58, 0x5D, 0x5D, 0xF6, 0x57, 0x70, 0x6D, 0xF6, 0x22, 0x4E, 0x50, 0xF6, 0x30, 0x36, 0x33, 0xF6, 0x41, 0x47, 0x46, 0xF6,
    0x4D, 0x52, 0x51, 0xF6, 0x69, 0x6C, 0x6A, 0xF6, 0x53, 0x52, 0x50, 0xF6, 0x32, 0x3A, 0x3C, 0xF6, 0x3A, 0x46, 0x4E, 0xF6, 0x45, 0x52, 0x60, 0xF6,
    0x4D, 0x5B, 0x68, 0xF6, 0x4E, 0x5E, 0x6D, 0xF6, 0x4E, 0x5E, 0x6E, 0xF6, 0x50, 0x5E, 0x6E, 0xF6, 0x48, 0x56, 0x65, 0xF6, 0x3A, 0x46, 0x56, 0xF6,
    0x2B, 0x36, 0x43, 0xF2, 0x58, 0x5A, 0x5E, 0xFF, 0x2B, 0x2A, 0x2A, 0x91, 0x00, 0x00, 0x00, 0x00, 0x00, 0x00, 0x00, 0x00, 0x00, 0x00, 0x00, 0x00,
    0x00, 0x00, 0x00, 0x00, 0x00, 0x00, 0x00, 0x00, 0x00, 0x00, 0x00, 0x00, 0x00, 0x00, 0x00, 0x00, 0x00, 0x00, 0x00, 0x00, 0x00, 0x00, 0x00, 0x00,
    0x00, 0x00, 0x00, 0x00, 0x00, 0x00, 0x00, 0x00, 0x00, 0x00, 0x00, 0x00, 0x00, 0x00, 0x00, 0x00, 0x00, 0x00, 0x00, 0x00, 0x00, 0x00, 0x00, 0x00,
    0x00, 0x00, 0x00, 0x00, 0x00, 0x00, 0x00, 0x00, 0x00, 0x00, 0x00, 0x00, 0x00, 0x00, 0x00, 0x01, 0x00, 0x00, 0x00, 0x00, 0x00, 0x00, 0x00, 0x1E,
    0x16, 0x14, 0x14, 0xC4, 0x42, 0x3E, 0x33, 0xFA, 0x2C, 0x2C, 0x22, 0xF5, 0x40, 0x43, 0x3E, 0xF6, 0x3F, 0x42, 0x40, 0xF6, 0x41, 0x46, 0x44, 0xF6,
    0x36, 0x3D, 0x3B, 0xF6, 0x35, 0x3C, 0x3B, 0xF6, 0x65, 0x69, 0x67, 0xF6, 0x3F, 0x6E, 0x6F, 0xF6, 0x1F, 0x35, 0x34, 0xF6, 0x43, 0x42, 0x40, 0xF6,
    0x4A, 0x4F, 0x4D, 0xF6, 0x4C, 0x51, 0x4F, 0xF6, 0x5E, 0x62, 0x5E, 0xF6, 0x61, 0x5F, 0x5F, 0xF6, 0x27, 0x2A, 0x2D, 0xF6, 0x32, 0x3C, 0x46, 0xF6,
    0x40, 0x49, 0x55, 0xF6, 0x43, 0x4D, 0x5B, 0xF6, 0x41, 0x4C, 0x5B, 0xF6, 0x42, 0x4B, 0x5A, 0xF6, 0x3F, 0x48, 0x56, 0xF6, 0x2D, 0x35, 0x43, 0xF6,
    0x34, 0x38, 0x45, 0xF7, 0x45, 0x48, 0x45, 0xF5, 0x06, 0x06, 0x06, 0x28, 0x00, 0x00, 0x00, 0x00, 0x00, 0x00, 0x00, 0x00, 0x00, 0x00, 0x00, 0x00,
    0x00, 0x00, 0x00, 0x00, 0x00, 0x00, 0x00, 0x00, 0x00, 0x00, 0x00, 0x00, 0x00, 0x00, 0x00, 0x00, 0x00, 0x00, 0x00, 0x00, 0x00, 0x00, 0x00, 0x00,
    0x00, 0x00, 0x00, 0x00, 0x00, 0x00, 0x00, 0x00, 0x00, 0x00, 0x00, 0x00, 0x00, 0x00, 0x00, 0x00, 0x00, 0x00, 0x00, 0x00, 0x00, 0x00, 0x00, 0x00,
    0x00, 0x00, 0x00, 0x00, 0x00, 0x00, 0x00, 0x00, 0x00, 0x00, 0x00, 0x00, 0x00, 0x00, 0x00, 0x00, 0x00, 0x00, 0x00, 0x02, 0x00, 0x00, 0x00, 0x00,
    0x00, 0x00, 0x00, 0x67, 0x2D, 0x2E, 0x28, 0xF1, 0x31, 0x32, 0x29, 0xF7, 0x33, 0x34, 0x2E, 0xF5, 0x3C, 0x41, 0x3D, 0xF6, 0x36, 0x3D, 0x3B, 0xF6,
    0x3D, 0x42, 0x41, 0xF6, 0x34, 0x3B, 0x3A, 0xF6, 0x3D, 0x3E, 0x3D, 0xF6, 0x55, 0x6C, 0x6D, 0xF6, 0x25, 0x4F, 0x51, 0xF6, 0x30, 0x32, 0x31, 0xF6,
    0x45, 0x48, 0x46, 0xF6, 0x4B, 0x4F, 0x4B, 0xF6, 0x41, 0x45, 0x42, 0xF6, 0x51, 0x53, 0x4F, 0xF6, 0x37, 0x3B, 0x37, 0xF6, 0x22, 0x28, 0x2C, 0xF6,
    0x34, 0x3D, 0x45, 0xF6, 0x33, 0x3E, 0x48, 0xF6, 0x32, 0x3D, 0x47, 0xF6, 0x3C, 0x45, 0x4F, 0xF6, 0x35, 0x3F, 0x4A, 0xF6, 0x2C, 0x30, 0x3D, 0xF3,
    0x3D, 0x3E, 0x47, 0xFF, 0x2C, 0x2E, 0x2C, 0xA5, 0x00, 0x00, 0x00, 0x00, 0x55, 0x55, 0x55, 0x03, 0x00, 0x00, 0x00, 0x00, 0x00, 0x00, 0x00, 0x00,
    0x00, 0x00, 0x00, 0x00, 0x00, 0x00, 0x00, 0x00, 0x00, 0x00, 0x00, 0x00, 0x00, 0x00, 0x00, 0x00, 0x00, 0x00, 0x00, 0x00, 0x00, 0x00, 0x00, 0x00,
    0x00, 0x00, 0x00, 0x00, 0x00, 0x00, 0x00, 0x00, 0x00, 0x00, 0x00, 0x00, 0x00, 0x00, 0x00, 0x00, 0x00, 0x00, 0x00, 0x00, 0x00, 0x00, 0x00, 0x00,
    0x00, 0x00, 0x00, 0x00, 0x00, 0x00, 0x00, 0x00, 0x00, 0x00, 0x00, 0x00, 0x00, 0x00, 0x00, 0x00, 0x00, 0x00, 0x00, 0x01, 0x00, 0x00, 0x00, 0x01,
    0x00, 0x00, 0x00, 0x12, 0x08, 0x08, 0x05, 0xBA, 0x29, 0x26, 0x21, 0xFA, 0x29, 0x23, 0x20, 0xF5, 0x31, 0x35, 0x31, 0xF5, 0x36, 0x3B, 0x3A, 0xF6,
    0x36, 0x3A, 0x37, 0xF6, 0x45, 0x48, 0x47, 0xF6, 0x39, 0x3E, 0x3F, 0xF6, 0x36, 0x3C, 0x3C, 0xF6, 0x29, 0x59, 0x57, 0xF6, 0x1F, 0x33, 0x33, 0xF6,
    0x44, 0x43, 0x41, 0xF6, 0x42, 0x45, 0x41, 0xF6, 0x3F, 0x41, 0x3E, 0xF6, 0x44, 0x47, 0x42, 0xF6, 0x4B, 0x4D, 0x4A, 0xF6, 0x1A, 0x20, 0x20, 0xF6,
    0x28, 0x2E, 0x33, 0xF6, 0x2C, 0x36, 0x3F, 0xF6, 0x2B, 0x35, 0x41, 0xF6, 0x33, 0x3E, 0x48, 0xF6, 0x31, 0x3A, 0x44, 0xF6, 0x34, 0x39, 0x41, 0xF4,
    0x37, 0x3A, 0x3D, 0xFC, 0x13, 0x13, 0x13, 0x41, 0x00, 0x00, 0x00, 0x01, 0x00, 0x00, 0x00, 0x03, 0x00, 0x00, 0x00, 0x00, 0x00, 0x00, 0x00, 0x00,
    0x00, 0x00, 0x00, 0x00, 0x00, 0x00, 0x00, 0x00, 0x00, 0x00, 0x00, 0x00, 0x00, 0x00, 0x00, 0x00, 0x00, 0x00, 0x00, 0x00, 0x00, 0x00, 0x00, 0x00,
    0x00, 0x00, 0x00, 0x00, 0x00, 0x00, 0x00, 0x00, 0x00, 0x00, 0x00, 0x00, 0x00, 0x00, 0x00, 0x00, 0x00, 0x00, 0x00, 0x00, 0x00, 0x00, 0x00, 0x00,
    0x00, 0x00, 0x00, 0x00, 0x00, 0x00, 0x00, 0x00, 0x00, 0x00, 0x00, 0x00, 0x00, 0x00, 0x00, 0x00, 0x00, 0x00, 0x00, 0x00, 0x00, 0x00, 0x00, 0x02,
    0x00, 0x00, 0x00, 0x00, 0x00, 0x00, 0x00, 0x46, 0x0A, 0x09, 0x07, 0xD1, 0x1F, 0x1D, 0x19, 0xF8, 0x1F, 0x1D, 0x1B, 0xF5, 0x2F, 0x2F, 0x2F, 0xF5,
    0x31, 0x33, 0x32, 0xF6, 0x37, 0x3B, 0x39, 0xF6, 0x41, 0x45, 0x48, 0xF6, 0x35, 0x3C, 0x3A, 0xF6, 0x26, 0x4F, 0x4E, 0xF6, 0x2C, 0x3F, 0x40, 0xF6,
    0x45, 0x45, 0x43, 0xF6, 0x41, 0x45, 0x42, 0xF6, 0x42, 0x45, 0x42, 0xF6, 0x43, 0x47, 0x42, 0xF6, 0x57, 0x59, 0x56, 0xF6, 0x1B, 0x1F, 0x20, 0xF6,
    0x23, 0x28, 0x2D, 0xF6, 0x2D, 0x35, 0x3D, 0xF6, 0x2B, 0x34, 0x3E, 0xF6, 0x2C, 0x35, 0x3F, 0xF6, 0x2C, 0x35, 0x3C, 0xF4, 0x34, 0x3A, 0x3D, 0xFD,
    0x2A, 0x2C, 0x2C, 0xCE, 0x00, 0x00, 0x00, 0x05, 0xFF, 0xFF, 0xFF, 0x01, 0x00, 0x00, 0x00, 0x00, 0x00, 0x00, 0x00, 0x00, 0x00, 0x00, 0x00, 0x00,
    0x00, 0x00, 0x00, 0x00, 0x00, 0x00, 0x00, 0x00, 0x00, 0x00, 0x00, 0x00, 0x00, 0x00, 0x00, 0x00, 0x00, 0x00, 0x00, 0x00, 0x00, 0x00, 0x00, 0x00,
    0x00, 0x00, 0x00, 0x00, 0x00, 0x00, 0x00, 0x00, 0x00, 0x00, 0x00, 0x00, 0x00, 0x00, 0x00, 0x00, 0x00, 0x00, 0x00, 0x00, 0x00, 0x00, 0x00, 0x00,
    0x00, 0x00, 0x00, 0x00, 0x00, 0x00, 0x00, 0x00, 0x00, 0x00, 0x00, 0x00, 0x00, 0x00, 0x00, 0x00, 0x00, 0x00, 0x00, 0x00, 0x00, 0x00, 0x00, 0x00,
    0x00, 0x00, 0x00, 0x02, 0x00, 0x00, 0x00, 0x00, 0x00, 0x00, 0x00, 0x54, 0x0B, 0x0B, 0x09, 0xD7, 0x15, 0x14, 0x11, 0xF9, 0x0C, 0x0E, 0x0B, 0xF8,
    0x1B, 0x1F, 0x1B, 0xF6, 0x2B, 0x2E, 0x2A, 0xF5, 0x38, 0x3B, 0x3A, 0xF5, 0x31, 0x34, 0x33, 0xF6, 0x29, 0x4A, 0x4A, 0xF6, 0x28, 0x35, 0x36, 0xF6,
    0x3D, 0x3E, 0x3D, 0xF6, 0x42, 0x45, 0x42, 0xF6, 0x43, 0x46, 0x44, 0xF6, 0x41, 0x44, 0x3F, 0xF6, 0x59, 0x5A, 0x56, 0xF6, 0x21, 0x22, 0x23, 0xF6,
    0x1E, 0x23, 0x27, 0xF6, 0x29, 0x30, 0x37, 0xF6, 0x29, 0x30, 0x39, 0xF6, 0x29, 0x30, 0x39, 0xF6, 0x29, 0x30, 0x36, 0xF3, 0x2C, 0x30, 0x32, 0xFF,
    0x15, 0x18, 0x15, 0x6A, 0x00, 0x00, 0x00, 0x00, 0x00, 0x00, 0x00, 0x03, 0x00, 0x00, 0x00, 0x00, 0x00, 0x00, 0x00, 0x00, 0x00, 0x00, 0x00, 0x00,
    0x00, 0x00, 0x00, 0x00, 0x00, 0x00, 0x00, 0x00, 0x00, 0x00, 0x00, 0x00, 0x00, 0x00, 0x00, 0x00, 0x00, 0x00, 0x00, 0x00, 0x00, 0x00, 0x00, 0x00,
    0x00, 0x00, 0x00, 0x00, 0x00, 0x00, 0x00, 0x00, 0x00, 0x00, 0x00, 0x00, 0x00, 0x00, 0x00, 0x00, 0x00, 0x00, 0x00, 0x00, 0x00, 0x00, 0x00, 0x00,
    0x00, 0x00, 0x00, 0x00, 0x00, 0x00, 0x00, 0x00, 0x00, 0x00, 0x00, 0x00, 0x00, 0x00, 0x00, 0x00, 0x00, 0x00, 0x00, 0x00, 0x00, 0x00, 0x00, 0x00,
    0x00, 0x00, 0x00, 0x00, 0x00, 0x00, 0x00, 0x02, 0x00, 0x00, 0x00, 0x00, 0x00, 0x00, 0x00, 0x60, 0x06, 0x07, 0x04, 0xCD, 0x0C, 0x0C, 0x09, 0xE9,
    0x0A, 0x0B, 0x09, 0xF7, 0x16, 0x17, 0x14, 0xFA, 0x23, 0x25, 0x21, 0xF8, 0x20, 0x2B, 0x2A, 0xF7, 0x2E, 0x4F, 0x51, 0xF6, 0x22, 0x29, 0x29, 0xF6,
    0x37, 0x3B, 0x37, 0xF6, 0x37, 0x3C, 0x37, 0xF6, 0x40, 0x42, 0x3F, 0xF6, 0x3C, 0x3F, 0x3A, 0xF6, 0x4F, 0x50, 0x4C, 0xF6, 0x2D, 0x2E, 0x2D, 0xF6,
    0x15, 0x19, 0x1B, 0xF6, 0x1F, 0x24, 0x29, 0xF6, 0x25, 0x2B, 0x32, 0xF6, 0x27, 0x2C, 0x33, 0xF5, 0x2C, 0x31, 0x36, 0xFB, 0x1E, 0x21, 0x24, 0xDB,
    0x00, 0x00, 0x00, 0x0D, 0x00, 0x00, 0xFF, 0x01, 0x00, 0x00, 0x00, 0x01, 0x00, 0x00, 0x00, 0x00, 0x00, 0x00, 0x00, 0x00, 0x00, 0x00, 0x00, 0x00,
    0x00, 0x00, 0x00, 0x00, 0x00, 0x00, 0x00, 0x00, 0x00, 0x00, 0x00, 0x00, 0x00, 0x00, 0x00, 0x00, 0x00, 0x00, 0x00, 0x00, 0x00, 0x00, 0x00, 0x00,
    0x00, 0x00, 0x00, 0x00, 0x00, 0x00, 0x00, 0x00, 0x00, 0x00, 0x00, 0x00, 0x00, 0x00, 0x00, 0x00, 0x00, 0x00, 0x00, 0x00, 0x00, 0x00, 0x00, 0x00,
    0x00, 0x00, 0x00, 0x00, 0x00, 0x00, 0x00, 0x00, 0x00, 0x00, 0x00, 0x00, 0x00, 0x00, 0x00, 0x00, 0x00, 0x00, 0x00, 0x00, 0x00, 0x00, 0x00, 0x00,
    0x00, 0x00, 0x00, 0x00, 0x00, 0x00, 0x00, 0x01, 0x00, 0x00, 0x00, 0x01, 0x00, 0x00, 0x00, 0x00, 0x00, 0x00, 0x00, 0x28, 0x00, 0x00, 0x00, 0x5E,
    0x06, 0x06, 0x04, 0x9D, 0x07, 0x08, 0x06, 0xCD, 0x0F, 0x10, 0x0D, 0xE8, 0x17, 0x21, 0x1F, 0xF2, 0x18, 0x2D, 0x2F, 0xF6, 0x15, 0x1E, 0x1D, 0xF6,
    0x2D, 0x32, 0x30, 0xF6, 0x37, 0x3C, 0x37, 0xF6, 0x3D, 0x3E, 0x3B, 0xF6, 0x37, 0x39, 0x34, 0xF6, 0x49, 0x4A, 0x44, 0xF6, 0x37, 0x3A, 0x36, 0xF6,
    0x0D, 0x10, 0x0F, 0xF6, 0x18, 0x1E, 0x20, 0xF6, 0x1D, 0x22, 0x27, 0xF6, 0x28, 0x2D, 0x31, 0xF2, 0x2B, 0x2E, 0x32, 0xFF, 0x13, 0x13, 0x17, 0x77,
    0x00, 0x00, 0x00, 0x00, 0x00, 0x00, 0x00, 0x04, 0x00, 0x00, 0x00, 0x00, 0x00, 0x00, 0x00, 0x00, 0x00, 0x00, 0x00, 0x00, 0x00, 0x00, 0x00, 0x00,
    0x00, 0x00, 0x00, 0x00, 0x00, 0x00, 0x00, 0x00, 0x00, 0x00, 0x00, 0x00, 0x00, 0x00, 0x00, 0x00, 0x00, 0x00, 0x00, 0x00, 0x00, 0x00, 0x00, 0x00,
    0x00, 0x00, 0x00, 0x00, 0x00, 0x00, 0x00, 0x00, 0x00, 0x00, 0x00, 0x00, 0x00, 0x00, 0x00, 0x00, 0x00, 0x00, 0x00, 0x00, 0x00, 0x00, 0x00, 0x00,
    0x00, 0x00, 0x00, 0x00, 0x00, 0x00, 0x00, 0x00, 0x00, 0x00, 0x00, 0x00, 0x00, 0x00, 0x00, 0x00, 0x00, 0x00, 0x00, 0x00, 0x00, 0x00, 0x00, 0x00,
    0x00, 0x00, 0x00, 0x00, 0x00, 0x00, 0x00, 0x00, 0x00, 0x00, 0x00, 0x00, 0x00, 0x00, 0x00, 0x01, 0x00, 0x00, 0x00, 0x00, 0x00, 0x00, 0x00, 0x00,
    0x00, 0x00, 0x00, 0x05, 0x00, 0x00, 0x00, 0x29, 0x00, 0x00, 0x00, 0x6C, 0x0C, 0x0D, 0x10, 0xED, 0x14, 0x19, 0x1F, 0xFA, 0x16, 0x21, 0x28, 0xF4,
    0x16, 0x1B, 0x22, 0xF6, 0x1E, 0x20, 0x25, 0xF6, 0x26, 0x26, 0x29, 0xF6, 0x33, 0x35, 0x33, 0xF6, 0x3C, 0x3F, 0x3B, 0xF6, 0x2E, 0x31, 0x2E, 0xF6,
    0x00, 0x03, 0x00, 0xF6, 0x09, 0x0D, 0x0C, 0xF6, 0x0F, 0x14, 0x14, 0xF5, 0x19, 0x1D, 0x1F, 0xF9, 0x1E, 0x21, 0x21, 0xED, 0x08, 0x11, 0x08, 0x1D,
    0x00, 0x00, 0x00, 0x01, 0x00, 0x00, 0x00, 0x02, 0x00, 0x00, 0x00, 0x00, 0x00, 0x00, 0x00, 0x00, 0x00, 0x00, 0x00, 0x00, 0x00, 0x00, 0x00, 0x00,
    0x00, 0x00, 0x00, 0x00, 0x00, 0x00, 0x00, 0x00, 0x00, 0x00, 0x00, 0x00, 0x00, 0x00, 0x00, 0x00, 0x00, 0x00, 0x00, 0x00, 0x00, 0x00, 0x00, 0x00,
    0x00, 0x00, 0x00, 0x00, 0x00, 0x00, 0x00, 0x00, 0x00, 0x00, 0x00, 0x00, 0x00, 0x00, 0x00, 0x00, 0x00, 0x00, 0x00, 0x00, 0x00, 0x00, 0x00, 0x00,
    0x00, 0x00, 0x00, 0x00, 0x00, 0x00, 0x00, 0x00, 0x00, 0x00, 0x00, 0x00, 0x00, 0x00, 0x00, 0x00, 0x00, 0x00, 0x00, 0x00, 0x00, 0x00, 0x00, 0x00,
    0x00, 0x00, 0x00, 0x00, 0x00, 0x00, 0x00, 0x00, 0x00, 0x00, 0x00, 0x00, 0x00, 0x00, 0x00, 0x00, 0x00, 0x00, 0x00, 0x02, 0x00, 0x00, 0x00, 0x02,
    0x00, 0x00, 0x00, 0x01, 0x00, 0x00, 0x00, 0x00, 0x07, 0x00, 0x07, 0x22, 0x05, 0x05, 0x09, 0xBF, 0x15, 0x1A, 0x22, 0xE8, 0x1C, 0x26, 0x33, 0xF9,
    0x1A, 0x21, 0x2D, 0xF6, 0x0E, 0x10, 0x1A, 0xF6, 0x18, 0x18, 0x1D, 0xF6, 0x20, 0x28, 0x2D, 0xF6, 0x29, 0x4C, 0x53, 0xF6, 0x37, 0x3C, 0x39, 0xF6,
    0x36, 0x3A, 0x36, 0xF6, 0x24, 0x25, 0x24, 0xF6, 0x21, 0x23, 0x22, 0xF2, 0x2B, 0x2E, 0x2C, 0xFF, 0x29, 0x2C, 0x2B, 0xA5, 0x00, 0x00, 0x00, 0x00,
    0x00, 0x00, 0x00, 0x02, 0x00, 0x00, 0x00, 0x00, 0x00, 0x00, 0x00, 0x00, 0x00, 0x00, 0x00, 0x00, 0x00, 0x00, 0x00, 0x00, 0x00, 0x00, 0x00, 0x00,
    0x00, 0x00, 0x00, 0x00, 0x00, 0x00, 0x00, 0x00, 0x00, 0x00, 0x00, 0x00, 0x00, 0x00, 0x00, 0x00, 0x00, 0x00, 0x00, 0x00, 0x00, 0x00, 0x00, 0x00,
    0x00, 0x00, 0x00, 0x00, 0x00, 0x00, 0x00, 0x00, 0x00, 0x00, 0x00, 0x00, 0x00, 0x00, 0x00, 0x00, 0x00, 0x00, 0x00, 0x00, 0x00, 0x00, 0x00, 0x00,
    0x00, 0x00, 0x00, 0x00, 0x00, 0x00, 0x00, 0x00, 0x00, 0x00, 0x00, 0x00, 0x00, 0x00, 0x00, 0x00, 0x00, 0x00, 0x00, 0x00, 0x00, 0x00, 0x00, 0x00,
    0x00, 0x00, 0x00, 0x00, 0x00, 0x00, 0x00, 0x00, 0x00, 0x00, 0x00, 0x00, 0x00, 0x00, 0x00, 0x00, 0x00, 0x00, 0x00, 0x00, 0x00, 0x00, 0x00, 0x00,
    0x00, 0x00, 0x00, 0x01, 0x00, 0x00, 0x00, 0x03, 0x00, 0x00, 0x00, 0x05, 0x00, 0x00, 0x00, 0x1D, 0x00, 0x00, 0x00, 0x7A, 0x0D, 0x10, 0x13, 0xD3,
    0x1D, 0x21, 0x24, 0xF6, 0x1B, 0x22, 0x22, 0xF6, 0x1F, 0x27, 0x27, 0xF6, 0x17, 0x34, 0x3C, 0xF6, 0x30, 0x4E, 0x51, 0xF6, 0x44, 0x44, 0x41, 0xF6,
    0x34, 0x35, 0x33, 0xF6, 0x44, 0x46, 0x43, 0xF6, 0x42, 0x45, 0x41, 0xF1, 0x3D, 0x40, 0x3C, 0xFF, 0x34, 0x38, 0x34, 0x79, 0x00, 0x00, 0x00, 0x01,
    0x55, 0x55, 0x55, 0x03, 0x00, 0x00, 0x00, 0x00, 0x00, 0x00, 0x00, 0x00, 0x00, 0x00, 0x00, 0x00, 0x00, 0x00, 0x00, 0x00, 0x00, 0x00, 0x00, 0x00,
    0x00, 0x00, 0x00, 0x00, 0x00, 0x00, 0x00, 0x00, 0x00, 0x00, 0x00, 0x00, 0x00, 0x00, 0x00, 0x00, 0x00, 0x00, 0x00, 0x00, 0x00, 0x00, 0x00, 0x00,
    0x00, 0x00, 0x00, 0x00, 0x00, 0x00, 0x00, 0x00, 0x00, 0x00, 0x00, 0x00, 0x00, 0x00, 0x00, 0x00, 0x00, 0x00, 0x00, 0x00, 0x00, 0x00, 0x00, 0x00,
    0x00, 0x00, 0x00, 0x00, 0x00, 0x00, 0x00, 0x00, 0x00, 0x00, 0x00, 0x00, 0x00, 0x00, 0x00, 0x00, 0x00, 0x00, 0x00, 0x00, 0x00, 0x00, 0x00, 0x00,
    0x00, 0x00, 0x00, 0x00, 0x00, 0x00, 0x00, 0x00, 0x00, 0x00, 0x00, 0x00, 0x00, 0x00, 0x00, 0x00, 0x00, 0x00, 0x00, 0x00, 0x00, 0x00, 0x00, 0x00,
    0x00, 0x00, 0x00, 0x00, 0x00, 0x00, 0x00, 0x00, 0x00, 0x00, 0x00, 0x00, 0x00, 0x00, 0x00, 0x00, 0x00, 0x00, 0x00, 0x00, 0x00, 0x00, 0x00, 0x61,
    0x13, 0x15, 0x18, 0xF0, 0x21, 0x34, 0x38, 0xF7, 0x1D, 0x40, 0x44, 0xF4, 0x23, 0x39, 0x3D, 0xF6, 0x53, 0x51, 0x4F, 0xF6, 0x35, 0x35, 0x33, 0xF6,
    0x26, 0x26, 0x24, 0xF6, 0x25, 0x26, 0x24, 0xF5, 0x24, 0x26, 0x24, 0xF4, 0x29, 0x2C, 0x29, 0xFE, 0x2D, 0x2D, 0x29, 0x3D, 0x00, 0x00, 0x00, 0x00,
    0x00, 0x00, 0x00, 0x02, 0x00, 0x00, 0x00, 0x00, 0x00, 0x00, 0x00, 0x00, 0x00, 0x00, 0x00, 0x00, 0x00, 0x00, 0x00, 0x00, 0x00, 0x00, 0x00, 0x00,
    0x00, 0x00, 0x00, 0x00, 0x00, 0x00, 0x00, 0x00, 0x00, 0x00, 0x00, 0x00, 0x00, 0x00, 0x00, 0x00, 0x00, 0x00, 0x00, 0x00, 0x00, 0x00, 0x00, 0x00,
    0x00, 0x00, 0x00, 0x00, 0x00, 0x00, 0x00, 0x00, 0x00, 0x00, 0x00, 0x00, 0x00, 0x00, 0x00, 0x00, 0x00, 0x00, 0x00, 0x00, 0x00, 0x00, 0x00, 0x00,
    0x00, 0x00, 0x00, 0x00, 0x00, 0x00, 0x00, 0x00, 0x00, 0x00, 0x00, 0x00, 0x00, 0x00, 0x00, 0x00, 0x00, 0x00, 0x00, 0x00, 0x00, 0x00, 0x00, 0x00,
    0x00, 0x00, 0x00, 0x00, 0x00, 0x00, 0x00, 0x00, 0x00, 0x00, 0x00, 0x00, 0x00, 0x00, 0x00, 0x00, 0x00, 0x00, 0x00, 0x00, 0x00, 0x00, 0x00, 0x00,
    0x00, 0x00, 0x00, 0x00, 0x00, 0x00, 0x00, 0x00, 0x00, 0x00, 0x00, 0x00, 0x00, 0x00, 0x00, 0x03, 0x00, 0x00, 0x00, 0x00, 0x00, 0x00, 0x00, 0x15,
    0x0D, 0x0D, 0x0F, 0xC2, 0x1D, 0x2B, 0x2C, 0xFA, 0x19, 0x2B, 0x2B, 0xF6, 0x3E, 0x43, 0x44, 0xF5, 0x42, 0x44, 0x43, 0xF5, 0x25, 0x25, 0x24, 0xF4,
    0x2B, 0x2B, 0x28, 0xF4, 0x2A, 0x2B, 0x29, 0xF2, 0x2C, 0x2F, 0x2C, 0xFF, 0x24, 0x28, 0x24, 0x91, 0x00, 0x00, 0x00, 0x00, 0x7F, 0x7F, 0x7F, 0x02,
    0x00, 0x00, 0x00, 0x00, 0x00, 0x00, 0x00, 0x00, 0x00, 0x00, 0x00, 0x00, 0x00, 0x00, 0x00, 0x00, 0x00, 0x00, 0x00, 0x00, 0x00, 0x00, 0x00, 0x00,
    0x00, 0x00, 0x00, 0x00, 0x00, 0x00, 0x00, 0x00, 0x00, 0x00, 0x00, 0x00, 0x00, 0x00, 0x00, 0x00, 0x00, 0x00, 0x00, 0x00, 0x00, 0x00, 0x00, 0x00,
    0x00, 0x00, 0x00, 0x00, 0x00, 0x00, 0x00, 0x00, 0x00, 0x00, 0x00, 0x00, 0x00, 0x00, 0x00, 0x00, 0x00, 0x00, 0x00, 0x00, 0x00, 0x00, 0x00, 0x00,
    0x00, 0x00, 0x00, 0x00, 0x00, 0x00, 0x00, 0x00, 0x00, 0x00, 0x00, 0x00, 0x00, 0x00, 0x00, 0x00, 0x00, 0x00, 0x00, 0x00, 0x00, 0x00, 0x00, 0x00,
    0x00, 0x00, 0x00, 0x00, 0x00, 0x00, 0x00, 0x00, 0x00, 0x00, 0x00, 0x00, 0x00, 0x00, 0x00, 0x00, 0x00, 0x00, 0x00, 0x00, 0x00, 0x00, 0x00, 0x00,
    0x00, 0x00, 0x00, 0x00, 0x00, 0x00, 0x00, 0x00, 0x00, 0x00, 0x00, 0x00, 0x00, 0x00, 0x00, 0x00, 0x00, 0x00, 0x00, 0x02, 0x00, 0x00, 0x00, 0x00,
    0x00, 0x00, 0x00, 0x50, 0x0D, 0x0C, 0x0A, 0xD2, 0x1D, 0x1B, 0x1A, 0xF5, 0x2E, 0x30, 0x2F, 0xFC, 0x26, 0x27, 0x27, 0xFC, 0x2B, 0x2B, 0x2B, 0xFE,
    0x29, 0x29, 0x29, 0xFD, 0x26, 0x26, 0x26, 0xFF, 0x1B, 0x1C, 0x1B, 0xA9, 0x00, 0x00, 0x00, 0x05, 0x7F, 0x7F, 0x7F, 0x02, 0x00, 0x00, 0x00, 0x01,
    0x00, 0x00, 0x00, 0x00, 0x00, 0x00, 0x00, 0x00, 0x00, 0x00, 0x00, 0x00, 0x00, 0x00, 0x00, 0x00, 0x00, 0x00, 0x00, 0x00, 0x00, 0x00, 0x00, 0x00,
    0x00, 0x00, 0x00, 0x00, 0x00, 0x00, 0x00, 0x00, 0x00, 0x00, 0x00, 0x00, 0x00, 0x00, 0x00, 0x00, 0x00, 0x00, 0x00, 0x00, 0x00, 0x00, 0x00, 0x00,
    0x00, 0x00, 0x00, 0x00, 0x00, 0x00, 0x00, 0x00, 0x00, 0x00, 0x00, 0x00, 0x00, 0x00, 0x00, 0x00, 0x00, 0x00, 0x00, 0x00, 0x00, 0x00, 0x00, 0x00,
    0x00, 0x00, 0x00, 0x00, 0x00, 0x00, 0x00, 0x00, 0x00, 0x00, 0x00, 0x00, 0x00, 0x00, 0x00, 0x00, 0x00, 0x00, 0x00, 0x00, 0x00, 0x00, 0x00, 0x00,
    0x00, 0x00, 0x00, 0x00, 0x00, 0x00, 0x00, 0x00, 0x00, 0x00, 0x00, 0x00, 0x00, 0x00, 0x00, 0x00, 0x00, 0x00, 0x00, 0x00, 0x00, 0x00, 0x00, 0x00,
    0x00, 0x00, 0x00, 0x00, 0x00, 0x00, 0x00, 0x00, 0x00, 0x00, 0x00, 0x00, 0x00, 0x00, 0x00, 0x00, 0x00, 0x00, 0x00, 0x00, 0x00, 0x00, 0x00, 0x01,
    0x00, 0x00, 0x00, 0x00, 0x00, 0x00, 0x00, 0x38, 0x01, 0x01, 0x01, 0x83, 0x08, 0x06, 0x06, 0x9C, 0x0E, 0x0E, 0x0E, 0xB0, 0x0F, 0x0F, 0x0F, 0xB3,
    0x0D, 0x0D, 0x0D, 0xA7, 0x09, 0x09, 0x09, 0x6E, 0x00, 0x00, 0x00, 0x03, 0x00, 0x00, 0x00, 0x00, 0x00, 0x00, 0x00, 0x01, 0x00, 0x00, 0x00, 0x00,
    0x00, 0x00, 0x00, 0x00, 0x00, 0x00, 0x00, 0x00, 0x00, 0x00, 0x00, 0x00, 0x00, 0x00, 0x00, 0x00, 0x00, 0x00, 0x00, 0x00, 0x00, 0x00, 0x00, 0x00,
    0x00, 0x00, 0x00, 0x00, 0x00, 0x00, 0x00, 0x00, 0x00, 0x00, 0x00, 0x00, 0x00, 0x00, 0x00, 0x00, 0x00, 0x00, 0x00, 0x00, 0x00, 0x00, 0x00, 0x00,
    0x00, 0x00, 0x00, 0x00, 0x00, 0x00, 0x00, 0x00, 0x00, 0x00, 0x00, 0x00, 0x00, 0x00, 0x00, 0x00, 0x00, 0x00, 0x00, 0x00, 0x00, 0x00, 0x00, 0x00,
    0x00, 0x00, 0x00, 0x00, 0x00, 0x00, 0x00, 0x00, 0x00, 0x00, 0x00, 0x00, 0x00, 0x00, 0x00, 0x00, 0x00, 0x00, 0x00, 0x00, 0x00, 0x00, 0x00, 0x00,
    0x00, 0x00, 0x00, 0x00, 0x00, 0x00, 0x00, 0x00, 0x00, 0x00, 0x00, 0x00, 0x00, 0x00, 0x00, 0x00, 0x00, 0x00, 0x00, 0x00, 0x00, 0x00, 0x00, 0x00,
    0x00, 0x00, 0x00, 0x00, 0x00, 0x00, 0x00, 0x00, 0x00, 0x00, 0x00, 0x00, 0x00, 0x00, 0x00, 0x00, 0x00, 0x00, 0x00, 0x00, 0x00, 0x00, 0x00, 0x00,
    0x00, 0x00, 0x00, 0x01, 0x00, 0x00, 0x00, 0x00, 0x00, 0x00, 0x00, 0x00, 0x00, 0x00, 0x00, 0x01, 0x00, 0x00, 0x00, 0x0D, 0x00, 0x00, 0x00, 0x0C,
    0x00, 0x00, 0x00, 0x00, 0x00, 0x00, 0x00, 0x00, 0x00, 0x00, 0x00, 0x00, 0x00, 0x00, 0x00, 0x01, 0x00, 0x00, 0x00, 0x00, 0x00, 0x00, 0x00, 0x00,
    0x00, 0x00, 0x00, 0x00, 0x00, 0x00, 0x00, 0x00, 0x00, 0x00, 0x00, 0x00, 0x00, 0x00, 0x00, 0x00, 0x00, 0x00, 0x00, 0x00, 0x00, 0x00, 0x00, 0x00,
    0x00, 0x00, 0x00, 0x00, 0x00, 0x00, 0x00, 0x00, 0x00, 0x00, 0x00, 0x00, 0x00, 0x00, 0x00, 0x00, 0x00, 0x00, 0x00, 0x00, 0x00, 0x00, 0x00, 0x00,
    0x00, 0x00, 0x00, 0x00, 0x00, 0x00, 0x00, 0x00, 0x00, 0x00, 0x00, 0x00, 0x00, 0x00, 0x00, 0x00, 0x00, 0x00, 0x00, 0x00, 0x00, 0x00, 0x00, 0x00,
    0x00, 0x00, 0x00, 0x00, 0x00, 0x00, 0x00, 0x00, 0x00, 0x00, 0x00, 0x00, 0x00, 0x00, 0x00, 0x00, 0x00, 0x00, 0x00, 0x00, 0x00, 0x00, 0x00, 0x00,
    0x00, 0x00, 0x00, 0x00, 0x00, 0x00, 0x00, 0x00, 0x00, 0x00, 0x00, 0x00, 0x00, 0x00, 0x00, 0x00, 0x00, 0x00, 0x00, 0x00, 0x00, 0x00, 0x00, 0x00,
    0x00, 0x00, 0x00, 0x00, 0x00, 0x00, 0x00, 0x00, 0x00, 0x00, 0x00, 0x00, 0x00, 0x00, 0x00, 0x00, 0x00, 0x00, 0x00, 0x00, 0x00, 0x00, 0x00, 0x00,
    0x00, 0x00, 0x00, 0x00, 0x00, 0x00, 0x00, 0x00, 0x00, 0x00, 0x00, 0x00, 0x00, 0x00, 0x00, 0x00, 0x00, 0x00, 0x00, 0x00, 0x00, 0x00, 0x00, 0x00,
    0x00, 0x00, 0x00, 0x00, 0x00, 0x00, 0x00, 0x00, 0x00, 0x00, 0x00, 0x00, 0x00, 0x00, 0x00, 0x00, 0x00, 0x00, 0x00, 0x00, 0x00, 0x00, 0x00, 0x00,
    0x00, 0x00, 0x00, 0x00, 0x00, 0x00, 0x00, 0x00, 0x00, 0x00, 0x00, 0x00, 0x00, 0x00, 0x00, 0x00, 0x00, 0x00, 0x00, 0x00, 0x00, 0x00, 0x00, 0x00,
    0x00, 0x00, 0x00, 0x00, 0x00, 0x00, 0x00, 0x00, 0x00, 0x00, 0x00, 0x00, 0x00, 0x00, 0x00, 0x00, 0x00, 0x00, 0x00, 0x00, 0x00, 0x00, 0x00, 0x00,
    0x00, 0x00, 0x00, 0x00, 0x00, 0x00, 0x00, 0x00, 0x00, 0x00, 0x00, 0x00, 0x00, 0x00, 0x00, 0x00, 0x00, 0x00, 0x00, 0x00, 0x00, 0x00, 0x00, 0x00,
    0x00, 0x00, 0x00, 0x00, 0x00, 0x00, 0x00, 0x00, 0x00, 0x00, 0x00, 0x00, 0x00, 0x00, 0x00, 0x00, 0x00, 0x00, 0x00, 0x00, 0x00, 0x00, 0x00, 0x00,
    0x00, 0x00, 0x00, 0x00, 0x00, 0x00, 0x00, 0x00, 0x00, 0x00, 0x00, 0x00, 0x00, 0x00, 0x00, 0x00, 0x00, 0x00, 0x00, 0x00, 0x00, 0x00, 0x00, 0x00,
    0x00, 0x00, 0x00, 0x00, 0x00, 0x00, 0x00, 0x00, 0x00, 0x00, 0x00, 0x00, 0x00, 0x00, 0x00, 0x00, 0x00, 0x00, 0x00, 0x00, 0x00, 0x00, 0x00, 0x00,
    0x00, 0x00, 0x00, 0x00, 0x00, 0x00, 0x00, 0x00, 0x00, 0x00, 0x00, 0x00, 0x00, 0x00, 0x00, 0x00, 0x00, 0x00, 0x00, 0x00, 0x00, 0x00, 0x00, 0x00,
    0x00, 0x00, 0x00, 0x00, 0x00, 0x00, 0x00, 0x00, 0x00, 0x00, 0x00, 0x00, 0x00, 0x00, 0x00, 0x00, 0x00, 0x00, 0x00, 0x00, 0x00, 0x00, 0x00, 0x00,
    0x00, 0x00, 0x00, 0x00, 0x00, 0x00, 0x00, 0x00, 0x00, 0x00, 0x00, 0x00, 0x00, 0x00, 0x00, 0x00, 0x00, 0x00, 0x00, 0x00, 0x00, 0x00, 0x00, 0x00,
    0x00, 0x00, 0x00, 0x00, 0x00, 0x00, 0x00, 0x00, 0x00, 0x00, 0x00, 0x00, 0x00, 0x00, 0x00, 0x00, 0x00, 0x00, 0x00, 0x00, 0x00, 0x00, 0x00, 0x00,
    0x00, 0x00, 0x00, 0x00, 0x00, 0x00, 0x00, 0x00, 0x00, 0x00, 0x00, 0x00, 0x00, 0x00, 0x00, 0x00, 0x00, 0x00, 0x00, 0x00, 0x00, 0x00, 0x00, 0x00,
    0x00, 0x00, 0x00, 0x00, 0x00, 0x00, 0x00, 0x00, 0x00, 0x00, 0x00, 0x00, 0x00, 0x00, 0x00, 0x00, 0x00, 0x00, 0x00, 0x00, 0x00, 0x00, 0x00, 0x00,
    0x00, 0x00, 0x00, 0x00, 0x00, 0x00, 0x00, 0x00, 0x00, 0x00, 0x00, 0x00, 0x00, 0x00, 0x00, 0x00, 0x00, 0x00, 0x00, 0x00, 0x00, 0x00, 0x00, 0x00,
    0x00, 0x00, 0x00, 0x00, 0x00, 0x00, 0x00, 0x00, 0x00, 0x00, 0x00, 0x00, 0x00, 0x00, 0x00, 0x00, 0x00, 0x00, 0x00, 0x00, 0x00, 0x00, 0x00, 0x00,
    0x00, 0x00, 0x00, 0x00, 0x00, 0x00, 0x00, 0x00, 0x00, 0x00, 0x00, 0x00, 0x00, 0x00, 0x00, 0x00, 0x00, 0x00, 0x00, 0x00, 0x00, 0x00, 0x00, 0x00,
    0x00, 0x00, 0x00, 0x00, 0x00, 0x00, 0x00, 0x00, 0x00, 0x00, 0x00, 0x00, 0x00, 0x00, 0x00, 0x00, 0x00, 0x00, 0x00, 0x00, 0x00, 0x00, 0x00, 0x00,
    0x00, 0x00, 0x00, 0x00, 0x00, 0x00, 0x00, 0x00, 0x00, 0x00, 0x00, 0x00, 0x00, 0x00, 0x00, 0x00, 0x00, 0x00, 0x00, 0x00, 0x00, 0x00, 0x00, 0x00,
    0x00, 0x00, 0x00, 0x00, 0x00, 0x00, 0x00, 0x00, 0x00, 0x00, 0x00, 0x00, 0x00, 0x00, 0x00, 0x00, 0x00, 0x00, 0x00, 0x00, 0x00, 0x00, 0x00, 0x00,
};
inline constexpr std::array<std::uint8_t, 9216> tek_chestpiece = {
    0x00, 0x00, 0x00, 0x00, 0x00, 0x00, 0x00, 0x00, 0x00, 0x00, 0x00, 0x00, 0x00, 0x00, 0x00, 0x00, 0x00, 0x00, 0x00, 0x00, 0x00, 0x00, 0x00, 0x00,
    0x00, 0x00, 0x00, 0x00, 0x00, 0x00, 0x00, 0x00, 0x00, 0x00, 0x00, 0x00, 0x00, 0x00, 0x00, 0x00, 0x00, 0x00, 0x00, 0x00, 0x00, 0x00, 0x00, 0x00,
    0x00, 0x00, 0x00, 0x00, 0x00, 0x00, 0x00, 0x00, 0x00, 0x00, 0x00, 0x00, 0x00, 0x00, 0x00, 0x00, 0x00, 0x00, 0x00, 0x00, 0x00, 0x00, 0x00, 0x00,
    0x00, 0x00, 0x00, 0x00, 0x00, 0x00, 0x00, 0x00, 0x00, 0x00, 0x00, 0x00, 0x00, 0x00, 0x00, 0x00, 0x00, 0x00, 0x00, 0x00, 0x00, 0x00, 0x00, 0x00,
    0x00, 0x00, 0x00, 0x00, 0x00, 0x00, 0x00, 0x00, 0x00, 0x00, 0x00, 0x00, 0x00, 0x00, 0x00, 0x00, 0x00, 0x00, 0x00, 0x00, 0x00, 0x00, 0x00, 0x00,
    0x00, 0x00, 0x00, 0x00, 0x00, 0x00, 0x00, 0x00, 0x00, 0x00, 0x00, 0x00, 0x00, 0x00, 0x00, 0x00, 0x00, 0x00, 0x00, 0x00, 0x00, 0x00, 0x00, 0x00,
    0x00, 0x00, 0x00, 0x00, 0x00, 0x00, 0x00, 0x00, 0x00, 0x00, 0x00, 0x00, 0x00, 0x00, 0x00, 0x00, 0x00, 0x00, 0x00, 0x00, 0x00, 0x00, 0x00, 0x00,
    0x00, 0x00, 0x00, 0x00, 0x00, 0x00, 0x00, 0x00, 0x00, 0x00, 0x00, 0x00, 0x00, 0x00, 0x00, 0x00, 0x00, 0x00, 0x00, 0x00, 0x00, 0x00, 0x00, 0x00,
    0x00, 0x00, 0x00, 0x00, 0x00, 0x00, 0x00, 0x00, 0x00, 0x00, 0x00, 0x00, 0x00, 0x00, 0x00, 0x00, 0x00, 0x00, 0x00, 0x00, 0x00, 0x00, 0x00, 0x00,
    0x00, 0x00, 0x00, 0x00, 0x00, 0x00, 0x00, 0x00, 0x00, 0x00, 0x00, 0x00, 0x00, 0x00, 0x00, 0x00, 0x00, 0x00, 0x00, 0x00, 0x00, 0x00, 0x00, 0x00,
    0x00, 0x00, 0x00, 0x00, 0x00, 0x00, 0x00, 0x00, 0x00, 0x00, 0x00, 0x00, 0x00, 0x00, 0x00, 0x00, 0x00, 0x00, 0x00, 0x00, 0x00, 0x00, 0x00, 0x00,
    0x00, 0x00, 0x00, 0x00, 0x00, 0x00, 0x00, 0x00, 0x00, 0x00, 0x00, 0x00, 0x00, 0x00, 0x00, 0x00, 0x00, 0x00, 0x00, 0x00, 0x00, 0x00, 0x00, 0x00,
    0x00, 0x00, 0x00, 0x00, 0x00, 0x00, 0x00, 0x00, 0x00, 0x00, 0x00, 0x00, 0x00, 0x00, 0x00, 0x00, 0x00, 0x00, 0x00, 0x00, 0x00, 0x00, 0x00, 0x00,
    0x00, 0x00, 0x00, 0x00, 0x00, 0x00, 0x00, 0x00, 0x00, 0x00, 0x00, 0x00, 0x00, 0x00, 0x00, 0x00, 0x00, 0x00, 0x00, 0x00, 0x00, 0x00, 0x00, 0x00,
    0x00, 0x00, 0x00, 0x00, 0x00, 0x00, 0x00, 0x00, 0x00, 0x00, 0x00, 0x00, 0x00, 0x00, 0x00, 0x00, 0x00, 0x00, 0x00, 0x00, 0x00, 0x00, 0x00, 0x00,
    0x00, 0x00, 0x00, 0x00, 0x00, 0x00, 0x00, 0x00, 0x00, 0x00, 0x00, 0x00, 0x00, 0x00, 0x00, 0x00, 0x00, 0x00, 0x00, 0x00, 0x00, 0x00, 0x00, 0x00,
    0x00, 0x00, 0x00, 0x00, 0x00, 0x00, 0x00, 0x00, 0x00, 0x00, 0x00, 0x00, 0x00, 0x00, 0x00, 0x00, 0x00, 0x00, 0x00, 0x00, 0x00, 0x00, 0x00, 0x00,
    0x00, 0x00, 0x00, 0x00, 0x00, 0x00, 0x00, 0x00, 0x00, 0x00, 0x00, 0x00, 0x00, 0x00, 0x00, 0x00, 0x00, 0x00, 0x00, 0x00, 0x00, 0x00, 0x00, 0x00,
    0x00, 0x00, 0x00, 0x00, 0x00, 0x00, 0x00, 0x00, 0x00, 0x00, 0x00, 0x00, 0x00, 0x00, 0x00, 0x00, 0x00, 0x00, 0x00, 0x00, 0x00, 0x00, 0x00, 0x00,
    0x00, 0x00, 0x00, 0x00, 0x00, 0x00, 0x00, 0x00, 0x00, 0x00, 0x00, 0x00, 0x00, 0x00, 0x00, 0x00, 0x00, 0x00, 0x00, 0x00, 0x00, 0x00, 0x00, 0x00,
    0x00, 0x00, 0x00, 0x00, 0x00, 0x00, 0x00, 0x00, 0x00, 0x00, 0x00, 0x00, 0x00, 0x00, 0x00, 0x00, 0x00, 0x00, 0x00, 0x00, 0x00, 0x00, 0x00, 0x00,
    0x00, 0x00, 0x00, 0x00, 0x00, 0x00, 0x00, 0x00, 0x00, 0x00, 0x00, 0x00, 0x00, 0x00, 0x00, 0x00, 0x00, 0x00, 0x00, 0x00, 0x00, 0x00, 0x00, 0x00,
    0x00, 0x00, 0x00, 0x00, 0x00, 0x00, 0x00, 0x00, 0x00, 0x00, 0x00, 0x00, 0x00, 0x00, 0x00, 0x00, 0x00, 0x00, 0x00, 0x00, 0x00, 0x00, 0x00, 0x00,
    0x00, 0x00, 0x00, 0x00, 0x00, 0x00, 0x00, 0x00, 0x00, 0x00, 0x00, 0x00, 0x00, 0x00, 0x00, 0x00, 0x00, 0x00, 0x00, 0x00, 0x00, 0x00, 0x00, 0x00,
    0x00, 0x00, 0x00, 0x00, 0x00, 0x00, 0x00, 0x00, 0x00, 0x00, 0x00, 0x00, 0x00, 0x00, 0x00, 0x00, 0x00, 0x00, 0x00, 0x00, 0x00, 0x00, 0x00, 0x00,
    0x00, 0x00, 0x00, 0x00, 0x00, 0x00, 0x00, 0x00, 0x00, 0x00, 0x00, 0x00, 0x00, 0x00, 0x00, 0x00, 0x00, 0x00, 0x00, 0x00, 0x00, 0x00, 0x00, 0x00,
    0x00, 0x00, 0x00, 0x00, 0x00, 0x00, 0x00, 0x00, 0x00, 0x00, 0x00, 0x00, 0x00, 0x00, 0x00, 0x00, 0x00, 0x00, 0x00, 0x00, 0x00, 0x00, 0x00, 0x00,
    0x00, 0x00, 0x00, 0x00, 0x00, 0x00, 0x00, 0x00, 0x00, 0x00, 0x00, 0x00, 0x00, 0x00, 0x00, 0x00, 0x00, 0x00, 0x00, 0x00, 0x00, 0x00, 0x00, 0x00,
    0x00, 0x00, 0x00, 0x00, 0x00, 0x00, 0x00, 0x00, 0x00, 0x00, 0x00, 0x00, 0x00, 0x00, 0x00, 0x00, 0x00, 0x00, 0x00, 0x00, 0x00, 0x00, 0x00, 0x00,
    0x00, 0x00, 0x00, 0x00, 0x00, 0x00, 0x00, 0x00, 0x00, 0x00, 0x00, 0x00, 0x00, 0x00, 0x00, 0x00, 0x00, 0x00, 0x00, 0x00, 0x00, 0x00, 0x00, 0x00,
    0x00, 0x00, 0x00, 0x00, 0x00, 0x00, 0x00, 0x00, 0x00, 0x00, 0x00, 0x00, 0x00, 0x00, 0x00, 0x00, 0x00, 0x00, 0x00, 0x00, 0x00, 0x00, 0x00, 0x00,
    0x00, 0x00, 0x00, 0x00, 0x00, 0x00, 0x00, 0x00, 0x00, 0x00, 0x00, 0x00, 0x00, 0x00, 0x00, 0x00, 0x00, 0x00, 0x00, 0x00, 0x00, 0x00, 0x00, 0x00,
    0x00, 0x00, 0x00, 0x00, 0x00, 0x00, 0x00, 0x00, 0x00, 0x00, 0x00, 0x00, 0x00, 0x00, 0x00, 0x00, 0x00, 0x00, 0x00, 0x00, 0x00, 0x00, 0x00, 0x00,
    0x00, 0x00, 0x00, 0x00, 0x00, 0x00, 0x00, 0x00, 0x00, 0x00, 0x00, 0x00, 0x00, 0x00, 0x00, 0x00, 0x00, 0x00, 0x00, 0x00, 0x00, 0x00, 0x00, 0x00,
    0x00, 0x00, 0x00, 0x00, 0x00, 0x00, 0x00, 0x00, 0x00, 0x00, 0x00, 0x00, 0x00, 0x00, 0x00, 0x00, 0x00, 0x00, 0x00, 0x00, 0x00, 0x00, 0x00, 0x00,
    0x00, 0x00, 0x00, 0x00, 0x00, 0x00, 0x00, 0x00, 0x00, 0x00, 0x00, 0x00, 0x00, 0x00, 0x00, 0x00, 0x00, 0x00, 0x00, 0x00, 0x00, 0x00, 0x00, 0x00,
    0x00, 0x00, 0x00, 0x00, 0x00, 0x00, 0x00, 0x00, 0x00, 0x00, 0x00, 0x00, 0x00, 0x00, 0x00, 0x00, 0x00, 0x00, 0x00, 0x00, 0x00, 0x00, 0x00, 0x00,
    0x00, 0x00, 0x00, 0x00, 0x00, 0x00, 0x00, 0x00, 0x00, 0x00, 0x00, 0x00, 0x00, 0x00, 0x00, 0x00, 0x00, 0x00, 0x00, 0x00, 0x00, 0x00, 0x00, 0x00,
    0x00, 0x00, 0x00, 0x00, 0x00, 0x00, 0x00, 0x00, 0x00, 0x00, 0x00, 0x00, 0x00, 0x00, 0x00, 0x00, 0x00, 0x00, 0x00, 0x00, 0x00, 0x00, 0x00, 0x00,
    0x00, 0x00, 0x00, 0x00, 0x00, 0x00, 0x00, 0x00, 0x00, 0x00, 0x00, 0x00, 0x00, 0x00, 0x00, 0x00, 0x00, 0x00, 0x00, 0x00, 0x00, 0x00, 0x00, 0x00,
    0x00, 0x00, 0x00, 0x00, 0x00, 0x00, 0x00, 0x00, 0x00, 0x00, 0x00, 0x00, 0x00, 0x00, 0x00, 0x00, 0x00, 0x00, 0x00, 0x00, 0x00, 0x00, 0x00, 0x00,
    0x00, 0x00, 0x00, 0x00, 0x00, 0x00, 0x00, 0x00, 0x00, 0x00, 0x00, 0x00, 0x00, 0x00, 0x00, 0x00, 0x00, 0x00, 0x00, 0x00, 0x00, 0x00, 0x00, 0x00,
    0x00, 0x00, 0x00, 0x00, 0x00, 0x00, 0x00, 0x00, 0x00, 0x00, 0x00, 0x00, 0x00, 0x00, 0x00, 0x00, 0x00, 0x00, 0x00, 0x00, 0x00, 0x00, 0x00, 0x00,
    0x00, 0x00, 0x00, 0x00, 0x00, 0x00, 0x00, 0x00, 0x00, 0x00, 0x00, 0x00, 0x00, 0x00, 0x00, 0x01, 0x00, 0x00, 0x00, 0x01, 0x00, 0x00, 0x00, 0x00,
    0x7A, 0x7A, 0x71, 0x1B, 0x85, 0x8A, 0x85, 0x2E, 0x7F, 0x86, 0x86, 0x24, 0x8E, 0x8E, 0x8E, 0x19, 0xD4, 0xD4, 0xBF, 0x0C, 0x00, 0x00, 0x00, 0x00,
    0x00, 0x00, 0x00, 0x00, 0x00, 0x00, 0x00, 0x02, 0x00, 0x00, 0x00, 0x00, 0x00, 0x00, 0x00, 0x00, 0x00, 0x00, 0x00, 0x00, 0x00, 0x00, 0x00, 0x00,
    0x00, 0x00, 0x00, 0x00, 0x00, 0x00, 0x00, 0x00, 0x00, 0x00, 0x00, 0x00, 0x00, 0x00, 0x00, 0x00, 0x00, 0x00, 0x00, 0x00, 0x00, 0x00, 0x00, 0x00,
    0x00, 0x00, 0x00, 0x00, 0x00, 0x00, 0x00, 0x00, 0x00, 0x00, 0x00, 0x00, 0x00, 0x00, 0x00, 0x00, 0x00, 0x00, 0x00, 0x00, 0x00, 0x00, 0x00, 0x00,
    0x00, 0x00, 0x00, 0x00, 0x00, 0x00, 0x00, 0x00, 0x00, 0x00, 0x00, 0x00, 0x00, 0x00, 0x00, 0x00, 0x00, 0x00, 0x00, 0x00, 0x00, 0x00, 0x00, 0x00,
    0x00, 0x00, 0x00, 0x00, 0x00, 0x00, 0x00, 0x00, 0x00, 0x00, 0x00, 0x00, 0x00, 0x00, 0x00, 0x00, 0x00, 0x00, 0x00, 0x00, 0x00, 0x00, 0x00, 0x00,
    0x00, 0x00, 0x00, 0x00, 0x00, 0x00, 0x00, 0x00, 0x00, 0x00, 0x00, 0x00, 0x00, 0x00, 0x00, 0x00, 0x00, 0x00, 0x00, 0x00, 0x00, 0x00, 0x00, 0x00,
    0x00, 0x00, 0x00, 0x00, 0x00, 0x00, 0x00, 0x00, 0xFF, 0xFF, 0xFF, 0x01, 0x00, 0x00, 0x00, 0x00, 0x00, 0x00, 0x00, 0x00, 0x65, 0x68, 0x62, 0x58,
    0x54, 0x5A, 0x56, 0xE8, 0x40, 0x45, 0x43, 0xE7, 0x35, 0x3B, 0x39, 0xE3, 0x2D, 0x33, 0x30, 0xDB, 0x41, 0x49, 0x49, 0xCE, 0x5D, 0x63, 0x6A, 0x9C,
    0x73, 0x78, 0x82, 0x33, 0x00, 0x00, 0x00, 0x00, 0x7F, 0x7F, 0x7F, 0x04, 0x7F, 0x7F, 0x7F, 0x02, 0x00, 0x00, 0x00, 0x00, 0x00, 0x00, 0x00, 0x00,
    0x00, 0x00, 0x00, 0x00, 0x00, 0x00, 0x00, 0x00, 0x00, 0x00, 0x00, 0x00, 0x00, 0x00, 0x00, 0x00, 0x00, 0x00, 0x00, 0x00, 0x00, 0x00, 0x00, 0x00,
    0x00, 0x00, 0x00, 0x00, 0x00, 0x00, 0x00, 0x00, 0x00, 0x00, 0x00, 0x00, 0x00, 0x00, 0x00, 0x00, 0x00, 0x00, 0x00, 0x00, 0x00, 0x00, 0x00, 0x00,
    0x00, 0x00, 0x00, 0x00, 0x00, 0x00, 0x00, 0x00, 0x00, 0x00, 0x00, 0x00, 0x00, 0x00, 0x00, 0x00, 0x00, 0x00, 0x00, 0x00, 0x00, 0x00, 0x00, 0x00,
    0x00, 0x00, 0x00, 0x00, 0x00, 0x00, 0x00, 0x00, 0x00, 0x00, 0x00, 0x00, 0x00, 0x00, 0x00, 0x00, 0x00, 0x00, 0x00, 0x01, 0x00, 0x00, 0x00, 0x01,
    0x00, 0x00, 0x00, 0x00, 0x00, 0x00, 0x00, 0x00, 0x00, 0x00, 0x00, 0x00, 0x00, 0x00, 0x00, 0x00, 0x00, 0x00, 0x00, 0x00, 0x00, 0x00, 0x00, 0x00,
    0x00, 0x00, 0x00, 0x00, 0x00, 0x00, 0x00, 0x00, 0x00, 0x00, 0x00, 0x00, 0xFF, 0xFF, 0xE5, 0x0A, 0x9B, 0x9B, 0x8D, 0x12, 0x80, 0x85, 0x84, 0xDA,
    0x5F, 0x69, 0x6A, 0xFF, 0x2F, 0x3A, 0x3C, 0xF6, 0x16, 0x1C, 0x1C, 0xF9, 0x12, 0x18, 0x19, 0xFB, 0x1C, 0x25, 0x28, 0xFC, 0x6C, 0x74, 0x7C, 0xFF,
    0x68, 0x6E, 0x74, 0xF2, 0x29, 0x31, 0x31, 0x5C, 0x00, 0x00, 0x00, 0x00, 0x00, 0x00, 0x00, 0x00, 0xFF, 0xFF, 0xFF, 0x01, 0x00, 0x00, 0x00, 0x00,
    0x00, 0x00, 0x00, 0x00, 0x00, 0x00, 0x00, 0x00, 0xFF, 0xFF, 0xFF, 0x01, 0x7F, 0x7F, 0x7F, 0x02, 0x00, 0x00, 0x00, 0x00, 0x00, 0x00, 0x00, 0x00,
    0x00, 0x00, 0x00, 0x00, 0x00, 0x00, 0x00, 0x00, 0x00, 0x00, 0x00, 0x00, 0x00, 0x00, 0x00, 0x00, 0x00, 0x00, 0x00, 0x00, 0x00, 0x00, 0x00, 0x00,
    0x00, 0x00, 0x00, 0x00, 0x00, 0x00, 0x00, 0x00, 0x00, 0x00, 0x00, 0x00, 0x00, 0x00, 0x00, 0x00, 0x00, 0x00, 0x00, 0x00, 0x00, 0x00, 0x00, 0x00,
    0x00, 0x00, 0x00, 0x00, 0x00, 0x00, 0x00, 0x01, 0x7F, 0x7F, 0x7F, 0x02, 0xAA, 0xAA, 0xAA, 0x03, 0x00, 0x00, 0x00, 0x00, 0x00, 0x00, 0x00, 0x00,
    0xAA, 0xAA, 0xAA, 0x03, 0x7F, 0xFF, 0xFF, 0x02, 0x00, 0x00, 0x00, 0x01, 0x00, 0x00, 0x00, 0x00, 0x00, 0x00, 0x00, 0x00, 0xAA, 0xAA, 0xAA, 0x03,
    0x7F, 0x7F, 0x7F, 0x04, 0xFF, 0xFF, 0x00, 0x01, 0x86, 0x88, 0x89, 0x94, 0x52, 0x54, 0x59, 0xD6, 0x52, 0x59, 0x58, 0xD5, 0x7D, 0x86, 0x84, 0xF9,
    0x5A, 0x62, 0x67, 0xF5, 0x55, 0x5D, 0x60, 0xF5, 0x5C, 0x62, 0x64, 0xF5, 0x4E, 0x55, 0x58, 0xF5, 0x61, 0x6B, 0x6D, 0xF5, 0x69, 0x72, 0x76, 0xF3,
    0x34, 0x3C, 0x41, 0xFA, 0x4F, 0x57, 0x58, 0xE6, 0x80, 0x83, 0x80, 0x99, 0x89, 0x89, 0x89, 0x3F, 0x00, 0x00, 0x00, 0x00, 0x3F, 0x3F, 0x7F, 0x04,
    0x7F, 0x7F, 0x7F, 0x02, 0x55, 0x55, 0x55, 0x03, 0x00, 0x00, 0x00, 0x00, 0x00, 0x00, 0x00, 0x00, 0x55, 0x55, 0x55, 0x03, 0x55, 0x55, 0x55, 0x03,
    0x00, 0x00, 0x00, 0x00, 0x00, 0x00, 0x00, 0x00, 0x00, 0x00, 0x00, 0x00, 0x00, 0x00, 0x00, 0x00, 0x00, 0x00, 0x00, 0x00, 0x00, 0x00, 0x00, 0x00,
    0x00, 0x00, 0x00, 0x00, 0x00, 0x00, 0x00, 0x00, 0x00, 0x00, 0x00, 0x00, 0x00, 0x00, 0x00, 0x00, 0x00, 0x00, 0x00, 0x00, 0x55, 0xAA, 0xAA, 0x03,
    0xAA, 0xAA, 0xAA, 0x03, 0x00, 0x00, 0x00, 0x00, 0x00, 0x00, 0x00, 0x00, 0x00, 0x00, 0x00, 0x00, 0x00, 0x00, 0x00, 0x03, 0xDA, 0xDA, 0xB6, 0x07,
    0x00, 0x00, 0x00, 0x00, 0x00, 0x00, 0x00, 0x00, 0x00, 0x00, 0x00, 0x00, 0x55, 0xAA, 0xAA, 0x03, 0x00, 0x00, 0x00, 0x00, 0x00, 0x00, 0x00, 0x00,
    0x00, 0x00, 0x00, 0x00, 0x98, 0x94, 0x8F, 0x3E, 0x99, 0x9A, 0x9A, 0xFF, 0x1E, 0x22, 0x2A, 0xFC, 0x57, 0x5F, 0x5E, 0xFB, 0x74, 0x7D, 0x79, 0xF5,
    0x6C, 0x75, 0x7A, 0xF6, 0x7C, 0x84, 0x86, 0xF6, 0x7C, 0x85, 0x85, 0xF6, 0x48, 0x51, 0x52, 0xF6, 0x46, 0x4F, 0x51, 0xF6, 0x45, 0x4E, 0x51, 0xF6,
    0x77, 0x82, 0x86, 0xF5, 0x72, 0x7D, 0x81, 0xF6, 0x42, 0x48, 0x4C, 0xFF, 0x74, 0x77, 0x76, 0xEF, 0x8F, 0x8F, 0x8F, 0x29, 0x00, 0x00, 0x00, 0x00,
    0x00, 0x00, 0x00, 0x00, 0x00, 0x00, 0x00, 0x00, 0x7A, 0x7A, 0x7A, 0x19, 0x5C, 0x5C, 0x5C, 0x24, 0x00, 0x00, 0x00, 0x00, 0x00, 0x00, 0x00, 0x00,
    0x00, 0x00, 0x00, 0x00, 0x00, 0x00, 0x00, 0x00, 0x00, 0x00, 0x00, 0x00, 0x00, 0x00, 0x00, 0x00, 0x00, 0x00, 0x00, 0x00, 0x00, 0x00, 0x00, 0x00,
    0x00, 0x00, 0x00, 0x00, 0x00, 0x00, 0x00, 0x00, 0x00, 0x00, 0x00, 0x00, 0x00, 0x00, 0x00, 0x00, 0x00, 0x00, 0x00, 0x00, 0x00, 0x00, 0x00, 0x00,
    0x00, 0x00, 0x00, 0x00, 0x7F, 0x7F, 0x7F, 0x04, 0x8B, 0x9C, 0x96, 0x2C, 0xA0, 0xA0, 0x9B, 0x64, 0xA0, 0x9D, 0x98, 0xB8, 0x91, 0x99, 0x98, 0xC9,
    0x9F, 0xAF, 0xAF, 0x83, 0x9C, 0xA8, 0xA8, 0x3E, 0x99, 0x99, 0x99, 0x0A, 0x00, 0x00, 0x00, 0x00, 0xFF, 0xFF, 0xFF, 0x07, 0xA7, 0xA7, 0xA7, 0x5A,
    0x9E, 0xA2, 0x9E, 0x4D, 0xA2, 0xA5, 0x9D, 0xBC, 0x93, 0x9B, 0x91, 0xFC, 0x53, 0x5C, 0x5A, 0xF2, 0x74, 0x7C, 0x7A, 0xF5, 0x61, 0x6A, 0x6D, 0xF6,
    0x62, 0x6B, 0x70, 0xF6, 0x58, 0x62, 0x69, 0xF6, 0x53, 0x5E, 0x63, 0xF6, 0x58, 0x61, 0x65, 0xF6, 0x4B, 0x53, 0x5A, 0xF6, 0x36, 0x3E, 0x47, 0xF6,
    0x4F, 0x59, 0x60, 0xF6, 0x5E, 0x69, 0x76, 0xF6, 0x29, 0x33, 0x3F, 0xF2, 0x59, 0x60, 0x62, 0xF9, 0x8A, 0x8E, 0x90, 0xC7, 0x67, 0x6F, 0x74, 0x65,
    0x88, 0x95, 0x95, 0x29, 0x68, 0x74, 0x7B, 0x8E, 0x53, 0x60, 0x69, 0xE5, 0x4A, 0x58, 0x62, 0xE4, 0x41, 0x52, 0x65, 0x94, 0x52, 0x67, 0x7C, 0x4A,
    0x55, 0x66, 0x77, 0x0F, 0x00, 0x00, 0x00, 0x00, 0x00, 0x00, 0x00, 0x00, 0x00, 0x00, 0x00, 0x00, 0x00, 0x00, 0x00, 0x00, 0x00, 0x00, 0x00, 0x00,
    0x00, 0x00, 0x00, 0x00, 0x00, 0x00, 0x00, 0x00, 0x00, 0x00, 0x00, 0x00, 0x00, 0x00, 0x00, 0x00, 0xAA, 0xAA, 0xAA, 0x03, 0x92, 0xA6, 0x9F, 0x4B,
    0xA0, 0xAE, 0xAB, 0x8F, 0xA3, 0xA4, 0xA4, 0xC8, 0xA7, 0xA2, 0x9F, 0xF0, 0xB2, 0xAA, 0xA4, 0xFF, 0xBB, 0xB3, 0xAC, 0xFF, 0x95, 0x9D, 0x9D, 0xFC,
    0x81, 0x9A, 0x9E, 0xFF, 0x8A, 0xA8, 0xAA, 0xF4, 0x74, 0x91, 0x9B, 0xD0, 0x5D, 0x79, 0x8D, 0x7E, 0x27, 0x31, 0x34, 0x53, 0x86, 0x8E, 0x90, 0xFD,
    0x95, 0x9E, 0x9C, 0xFD, 0x97, 0xA0, 0x9A, 0xFB, 0x73, 0x7D, 0x79, 0xF5, 0x72, 0x7C, 0x7B, 0xF6, 0x5A, 0x62, 0x67, 0xF6, 0x57, 0x60, 0x69, 0xF6,
    0x55, 0x5E, 0x67, 0xF6, 0x4C, 0x58, 0x5E, 0xF6, 0x3F, 0x4C, 0x52, 0xF6, 0x35, 0x45, 0x4E, 0xF6, 0x43, 0x55, 0x62, 0xF6, 0x45, 0x60, 0x72, 0xF6,
    0x46, 0x59, 0x68, 0xF6, 0x42, 0x4B, 0x5C, 0xF6, 0x0D, 0x19, 0x27, 0xF6, 0x4D, 0x56, 0x5F, 0xF5, 0x6D, 0x76, 0x7F, 0xFC, 0x48, 0x55, 0x5F, 0xF6,
    0x39, 0x41, 0x4A, 0xEC, 0x3F, 0x4F, 0x5D, 0xFF, 0x44, 0x56, 0x69, 0xFA, 0x35, 0x5C, 0x6F, 0xF7, 0x33, 0x66, 0x78, 0xFF, 0x36, 0x58, 0x67, 0xEB,
    0x3B, 0x51, 0x56, 0x2F, 0x00, 0x00, 0x00, 0x00, 0x00, 0x7F, 0x7F, 0x02, 0x00, 0x00, 0x00, 0x00, 0x00, 0x00, 0x00, 0x00, 0x00, 0x00, 0x00, 0x00,
    0x00, 0x00, 0x00, 0x00, 0x00, 0x00, 0x00, 0x00, 0x00, 0x00, 0x00, 0x00, 0x00, 0x00, 0x00, 0x00, 0x11, 0x11, 0x11, 0x2D, 0x34, 0x46, 0x42, 0xE3,
    0x55, 0x7B, 0x75, 0xFF, 0x70, 0xAC, 0xA8, 0xFD, 0x76, 0xB9, 0xB7, 0xF6, 0x8A, 0xB3, 0xAD, 0xF3, 0x94, 0xB2, 0xB0, 0xF4, 0x84, 0xBE, 0xBE, 0xF5,
    0x5D, 0xB2, 0xAE, 0xF4, 0x5B, 0x92, 0x9B, 0xF5, 0x7B, 0x95, 0xA1, 0xFD, 0x7B, 0x98, 0xA4, 0xFB, 0x36, 0x4C, 0x55, 0xE2, 0x30, 0x3D, 0x46, 0xF5,
    0x76, 0x82, 0x89, 0xF4, 0x6F, 0x82, 0x86, 0xF4, 0x56, 0x6D, 0x75, 0xF6, 0x53, 0x61, 0x69, 0xF6, 0x43, 0x4F, 0x56, 0xF6, 0x44, 0x4E, 0x57, 0xF6,
    0x51, 0x5C, 0x64, 0xF6, 0x49, 0x56, 0x5B, 0xF6, 0x41, 0x51, 0x5B, 0xF6, 0x3F, 0x59, 0x6A, 0xF6, 0x3A, 0x5F, 0x70, 0xF6, 0x30, 0x59, 0x70, 0xF6,
    0x4D, 0x69, 0x80, 0xF6, 0x3B, 0x45, 0x4E, 0xF6, 0x07, 0x13, 0x21, 0xF6, 0x37, 0x41, 0x50, 0xF6, 0x40, 0x4E, 0x5A, 0xF4, 0x39, 0x48, 0x57, 0xF5,
    0x34, 0x40, 0x4A, 0xF8, 0x4A, 0x5A, 0x65, 0xF3, 0x4F, 0x60, 0x70, 0xF5, 0x38, 0x6F, 0x7B, 0xF3, 0x3C, 0x8F, 0x99, 0xFB, 0x26, 0x50, 0x5D, 0xA7,
    0x00, 0x00, 0x00, 0x00, 0x00, 0x00, 0x00, 0x00, 0x00, 0x00, 0x00, 0x01, 0x00, 0x00, 0x00, 0x00, 0x00, 0x00, 0x00, 0x00, 0x00, 0x00, 0x00, 0x00,
    0x00, 0x00, 0x00, 0x00, 0x00, 0x00, 0x00, 0x00, 0x00, 0x00, 0x00, 0x00, 0x00, 0x00, 0x00, 0x01, 0x00, 0x00, 0x00, 0x10, 0x00, 0x00, 0x00, 0x4B,
    0x00, 0x00, 0x00, 0x68, 0x27, 0x55, 0x55, 0xAF, 0x46, 0xB2, 0xB0, 0xF1, 0x39, 0xA2, 0xA5, 0xF6, 0x2E, 0x95, 0x9B, 0xF5, 0x41, 0xB6, 0xB6, 0xF6,
    0x5C, 0xB7, 0xB4, 0xF6, 0x56, 0x93, 0x9C, 0xF6, 0x42, 0x60, 0x71, 0xF5, 0x56, 0x74, 0x7E, 0xF4, 0x81, 0x97, 0xA2, 0xF8, 0x4D, 0x53, 0x62, 0xF6,
    0x58, 0x5D, 0x66, 0xF6, 0x6D, 0x7C, 0x82, 0xF6, 0x59, 0x74, 0x7E, 0xF6, 0x37, 0x46, 0x51, 0xF6, 0x61, 0x6B, 0x74, 0xF6, 0x47, 0x51, 0x5B, 0xF6,
    0x33, 0x3E, 0x46, 0xF6, 0x3A, 0x44, 0x4C, 0xF6, 0x3B, 0x4C, 0x58, 0xF6, 0x3E, 0x5D, 0x6C, 0xF6, 0x3A, 0x7F, 0x90, 0xF6, 0x3B, 0x77, 0x8F, 0xF6,
    0x4A, 0x6D, 0x89, 0xF6, 0x46, 0x52, 0x64, 0xF6, 0x15, 0x1F, 0x28, 0xF6, 0x27, 0x37, 0x49, 0xF6, 0x46, 0x57, 0x64, 0xF6, 0x20, 0x2D, 0x3B, 0xF6,
    0x3E, 0x4B, 0x5F, 0xF5, 0x3E, 0x4E, 0x64, 0xF6, 0x34, 0x47, 0x5F, 0xF6, 0x4C, 0x67, 0x7F, 0xF6, 0x39, 0x75, 0x88, 0xF4, 0x3E, 0x6B, 0x82, 0xF6,
    0x44, 0x57, 0x68, 0xAB, 0x38, 0x38, 0x38, 0x09, 0x00, 0x00, 0xFF, 0x01, 0x00, 0x00, 0x00, 0x00, 0x00, 0x00, 0x00, 0x00, 0x00, 0x00, 0x00, 0x00,
    0x00, 0x00, 0x00, 0x00, 0x00, 0x00, 0x00, 0x00, 0x00, 0x00, 0x00, 0x00, 0x00, 0x00, 0x00, 0x01, 0x00, 0x00, 0x00, 0x00, 0xFF, 0xFF, 0xFF, 0x06,
    0x7D, 0x8A, 0x8F, 0x72, 0x6E, 0x8A, 0x92, 0xE4, 0x5C, 0x89, 0x92, 0xF8, 0x4E, 0x8D, 0x97, 0xF5, 0x49, 0x8E, 0x96, 0xF6, 0x3F, 0x8F, 0x92, 0xF6,
    0x3F, 0x88, 0x94, 0xF6, 0x5F, 0x86, 0x98, 0xF6, 0x5D, 0x7D, 0x96, 0xF6, 0x34, 0x4D, 0x66, 0xF6, 0x24, 0x35, 0x46, 0xF5, 0x47, 0x4F, 0x5D, 0xF6,
    0x79, 0x81, 0x8B, 0xF6, 0x6E, 0x79, 0x83, 0xF6, 0x53, 0x60, 0x6E, 0xF6, 0x34, 0x3E, 0x49, 0xF6, 0x4D, 0x57, 0x61, 0xF6, 0x64, 0x6F, 0x7A, 0xF6,
    0x5A, 0x63, 0x6D, 0xF6, 0x47, 0x4E, 0x58, 0xF6, 0x26, 0x2F, 0x3C, 0xF6, 0x1D, 0x2B, 0x3B, 0xF6, 0x24, 0x40, 0x55, 0xF6, 0x26, 0x42, 0x58, 0xF6,
    0x24, 0x3E, 0x53, 0xF6, 0x28, 0x39, 0x4C, 0xF6, 0x1E, 0x37, 0x44, 0xF6, 0x41, 0x67, 0x78, 0xF6, 0x43, 0x50, 0x5F, 0xF6, 0x16, 0x23, 0x31, 0xF6,
    0x33, 0x49, 0x62, 0xF6, 0x32, 0x48, 0x63, 0xF6, 0x2A, 0x3B, 0x52, 0xF6, 0x49, 0x5D, 0x75, 0xF5, 0x3A, 0x67, 0x7E, 0xF7, 0x2C, 0x5A, 0x6B, 0xF1,
    0x23, 0x35, 0x3A, 0x64, 0xFF, 0xFF, 0x00, 0x01, 0x00, 0x7F, 0x7F, 0x02, 0x00, 0x00, 0x00, 0x00, 0x00, 0x00, 0x00, 0x00, 0x00, 0x00, 0x00, 0x00,
    0x00, 0x00, 0x00, 0x00, 0x00, 0x00, 0x00, 0x00, 0x00, 0x00, 0x00, 0x00, 0x00, 0x00, 0x00, 0x00, 0x59, 0x60, 0x60, 0x64, 0x62, 0x75, 0x76, 0xE6,
    0x55, 0x77, 0x7C, 0xFF, 0x4C, 0x78, 0x7F, 0xFA, 0x56, 0x81, 0x8C, 0xF5, 0x50, 0x7D, 0x8C, 0xF6, 0x39, 0x8E, 0x98, 0xF6, 0x39, 0x98, 0xAA, 0xF6,
    0x46, 0x8F, 0xA7, 0xF6, 0x51, 0x78, 0x90, 0xF6, 0x4D, 0x62, 0x75, 0xF6, 0x46, 0x5A, 0x6A, 0xF6, 0x43, 0x57, 0x65, 0xF6, 0x2D, 0x3C, 0x47, 0xF6,
    0x47, 0x52, 0x62, 0xF6, 0x48, 0x56, 0x68, 0xF6, 0x3A, 0x4B, 0x5B, 0xF6, 0x32, 0x3D, 0x47, 0xF6, 0x0A, 0x12, 0x1A, 0xF6, 0x13, 0x1A, 0x25, 0xF6,
    0x43, 0x4A, 0x53, 0xF6, 0x74, 0x7C, 0x84, 0xF6, 0x56, 0x5E, 0x66, 0xF6, 0x20, 0x28, 0x35, 0xF6, 0x04, 0x0B, 0x1E, 0xF6, 0x04, 0x11, 0x27, 0xF6,
    0x00, 0x13, 0x2B, 0xF6, 0x0E, 0x31, 0x4A, 0xF6, 0x4F, 0x78, 0x89, 0xF6, 0x5E, 0x6E, 0x7F, 0xF6, 0x30, 0x3C, 0x4B, 0xF6, 0x1F, 0x35, 0x4C, 0xF6,
    0x2D, 0x4C, 0x67, 0xF6, 0x35, 0x4C, 0x67, 0xF6, 0x19, 0x27, 0x39, 0xF6, 0x48, 0x53, 0x62, 0xF6, 0x5C, 0x66, 0x7B, 0xF5, 0x46, 0x55, 0x68, 0xF5,
    0x43, 0x50, 0x5D, 0x88, 0x00, 0x00, 0x00, 0x04, 0x00, 0x00, 0x00, 0x02, 0x00, 0x00, 0x00, 0x00, 0x00, 0x00, 0x00, 0x00, 0x00, 0x00, 0x00, 0x00,
    0x00, 0x00, 0x00, 0x00, 0x00, 0x00, 0x00, 0x00, 0x00, 0x00, 0x00, 0x00, 0x00, 0x00, 0x00, 0x1C, 0x17, 0x1D, 0x1E, 0xC1, 0x2F, 0x4E, 0x51, 0xE2,
    0x3C, 0x77, 0x83, 0xD7, 0x3A, 0x96, 0xA1, 0xF4, 0x31, 0x84, 0x92, 0xF6, 0x2A, 0x65, 0x78, 0xF6, 0x44, 0x94, 0xA0, 0xF6, 0x53, 0x87, 0x99, 0xF6,
    0x63, 0x7C, 0x8B, 0xF6, 0x6C, 0x80, 0x8B, 0xF6, 0x6F, 0x81, 0x89, 0xF6, 0x53, 0x62, 0x6C, 0xF6, 0x1B, 0x28, 0x34, 0xF6, 0x19, 0x2A, 0x35, 0xF6,
    0x35, 0x45, 0x55, 0xF6, 0x3C, 0x4A, 0x5A, 0xF6, 0x2F, 0x40, 0x4F, 0xF6, 0x29, 0x3B, 0x4F, 0xF6, 0x28, 0x36, 0x4B, 0xF6, 0x23, 0x37, 0x46, 0xF6,
    0x1E, 0x34, 0x43, 0xF6, 0x2B, 0x36, 0x44, 0xF6, 0x5A, 0x68, 0x73, 0xF6, 0x62, 0x70, 0x7C, 0xF6, 0x4B, 0x5E, 0x6E, 0xF6, 0x11, 0x2C, 0x43, 0xF6,
    0x05, 0x36, 0x4E, 0xF6, 0x4D, 0x80, 0x91, 0xF6, 0x69, 0x89, 0x96, 0xF6, 0x4B, 0x57, 0x6E, 0xF6, 0x3C, 0x4D, 0x62, 0xF6, 0x3F, 0x70, 0x85, 0xF6,
    0x28, 0x41, 0x5F, 0xF6, 0x3B, 0x4D, 0x65, 0xF6, 0x25, 0x32, 0x43, 0xF6, 0x31, 0x3C, 0x44, 0xF6, 0x6C, 0x78, 0x81, 0xF4, 0x52, 0x5E, 0x67, 0xFE,
    0x35, 0x43, 0x4A, 0xD5, 0x00, 0x00, 0x00, 0x05, 0x00, 0x00, 0x00, 0x00, 0x00, 0x00, 0x00, 0x00, 0x00, 0x00, 0x00, 0x00, 0x00, 0x00, 0x00, 0x00,
    0x00, 0x00, 0x00, 0x00, 0x00, 0x00, 0x00, 0x00, 0x00, 0x00, 0x00, 0x00, 0x00, 0x00, 0x00, 0x05, 0x00, 0x00, 0x00, 0x1C, 0x00, 0x00, 0x00, 0x25,
    0x09, 0x13, 0x1E, 0x84, 0x41, 0x60, 0x74, 0xFC, 0x4B, 0x76, 0x85, 0xF4, 0x57, 0x76, 0x83, 0xF6, 0x62, 0x79, 0x82, 0xF6, 0x6B, 0x7B, 0x84, 0xF6,
    0x6C, 0x79, 0x83, 0xF6, 0x6E, 0x7A, 0x84, 0xF6, 0x67, 0x75, 0x7D, 0xF6, 0x6C, 0x7B, 0x83, 0xF6, 0x44, 0x51, 0x5C, 0xF6, 0x19, 0x27, 0x31, 0xF6,
    0x29, 0x36, 0x43, 0xF6, 0x36, 0x44, 0x52, 0xF6, 0x30, 0x41, 0x52, 0xF6, 0x28, 0x3B, 0x50, 0xF6, 0x25, 0x3A, 0x52, 0xF6, 0x41, 0x6C, 0x7C, 0xF6,
    0x4F, 0x78, 0x89, 0xF6, 0x49, 0x5C, 0x6C, 0xF6, 0x44, 0x55, 0x5F, 0xF6, 0x3D, 0x4E, 0x5A, 0xF6, 0x62, 0x77, 0x85, 0xF6, 0x48, 0x63, 0x79, 0xF6,
    0x11, 0x5D, 0x6E, 0xF6, 0x4A, 0x98, 0x9E, 0xF6, 0x51, 0x6D, 0x7C, 0xF6, 0x49, 0x60, 0x7A, 0xF6, 0x40, 0x55, 0x63, 0xF6, 0x1B, 0x34, 0x40, 0xF6,
    0x32, 0x44, 0x59, 0xF6, 0x3A, 0x4A, 0x64, 0xF6, 0x27, 0x34, 0x46, 0xF6, 0x00, 0x07, 0x0B, 0xF6, 0x2A, 0x32, 0x37, 0xF2, 0x45, 0x4D, 0x53, 0xFF,
    0x40, 0x4A, 0x4D, 0x9E, 0x00, 0x00, 0x00, 0x00, 0x55, 0x55, 0x55, 0x03, 0x00, 0x00, 0x00, 0x00, 0x00, 0x00, 0x00, 0x00, 0x00, 0x00, 0x00, 0x00,
    0x00, 0x00, 0x00, 0x00, 0x00, 0x00, 0x00, 0x00, 0x00, 0x00, 0x00, 0x00, 0x00, 0x00, 0x00, 0x00, 0x00, 0x00, 0x00, 0x00, 0x00, 0x00, 0x00, 0x00,
    0x00, 0x00, 0x00, 0x43, 0x35, 0x3A, 0x47, 0xE4, 0x62, 0x71, 0x7D, 0xF9, 0x6A, 0x78, 0x83, 0xF5, 0x70, 0x82, 0x87, 0xF6, 0x6E, 0x7E, 0x82, 0xF6,
    0x6B, 0x76, 0x7E, 0xF6, 0x63, 0x73, 0x7C, 0xF6, 0x61, 0x72, 0x77, 0xF6, 0x6C, 0x7C, 0x80, 0xF6, 0x64, 0x70, 0x78, 0xF6, 0x29, 0x34, 0x41, 0xF6,
    0x35, 0x42, 0x4E, 0xF6, 0x35, 0x43, 0x50, 0xF6, 0x31, 0x43, 0x53, 0xF6, 0x2B, 0x40, 0x53, 0xF6, 0x23, 0x37, 0x4C, 0xF6, 0x49, 0x5C, 0x6D, 0xF6,
    0x46, 0x5B, 0x69, 0xF6, 0x40, 0x50, 0x5D, 0xF6, 0x7C, 0x8C, 0x96, 0xF6, 0x66, 0x79, 0x81, 0xF6, 0x4E, 0x64, 0x73, 0xF6, 0x36, 0x51, 0x69, 0xF6,
    0x0B, 0x4C, 0x62, 0xF6, 0x31, 0x8F, 0x92, 0xF6, 0x50, 0x76, 0x8C, 0xF6, 0x5B, 0x76, 0x8E, 0xF6, 0x3A, 0x46, 0x57, 0xF6, 0x58, 0x68, 0x6D, 0xF6,
    0x4A, 0x5E, 0x6A, 0xF6, 0x31, 0x41, 0x58, 0xF6, 0x35, 0x41, 0x50, 0xF6, 0x20, 0x27, 0x29, 0xF5, 0x03, 0x07, 0x07, 0xF6, 0x14, 0x1A, 0x1D, 0xF4,
    0x35, 0x3E, 0x3E, 0x39, 0x00, 0x00, 0x00, 0x01, 0x00, 0x00, 0x00, 0x03, 0x00, 0x00, 0x00, 0x00, 0x00, 0x00, 0x00, 0x00, 0x00, 0x00, 0x00, 0x00,
    0x00, 0x00, 0x00, 0x00, 0x00, 0x00, 0x00, 0x00, 0x00, 0x00, 0x00, 0x00, 0x00, 0x00, 0x00, 0x00, 0x00, 0x00, 0x00, 0x02, 0x00, 0x55, 0x55, 0x03,
    0x00, 0x00, 0x00, 0x03, 0x11, 0x12, 0x1C, 0xA3, 0x30, 0x40, 0x51, 0xFD, 0x2D, 0x40, 0x54, 0xF4, 0x33, 0x47, 0x5A, 0xF6, 0x37, 0x49, 0x5A, 0xF6,
    0x3E, 0x4D, 0x5C, 0xF6, 0x4F, 0x5E, 0x69, 0xF6, 0x70, 0x7F, 0x86, 0xF6, 0x74, 0x80, 0x85, 0xF6, 0x2B, 0x37, 0x3E, 0xF6, 0x2E, 0x39, 0x44, 0xF6,
    0x37, 0x43, 0x49, 0xF6, 0x15, 0x23, 0x27, 0xF6, 0x2F, 0x41, 0x4D, 0xF6, 0x2D, 0x44, 0x55, 0xF6, 0x2D, 0x43, 0x56, 0xF6, 0x6A, 0x7A, 0x88, 0xF6,
    0x80, 0x8E, 0x93, 0xF6, 0x46, 0x55, 0x59, 0xF6, 0x3A, 0x4B, 0x50, 0xF6, 0x88, 0x9D, 0xA0, 0xF6, 0x7C, 0x9A, 0xA5, 0xF6, 0x48, 0x6C, 0x80, 0xF6,
    0x02, 0x34, 0x49, 0xF6, 0x31, 0x73, 0x79, 0xF6, 0x6A, 0x95, 0xA7, 0xF6, 0x42, 0x5C, 0x70, 0xF6, 0x32, 0x3F, 0x4B, 0xF6, 0x89, 0x95, 0x9B, 0xF6,
    0x42, 0x52, 0x5E, 0xF6, 0x2A, 0x3C, 0x4A, 0xF6, 0x42, 0x4F, 0x57, 0xF6, 0x5F, 0x65, 0x69, 0xF6, 0x0F, 0x13, 0x16, 0xF5, 0x11, 0x16, 0x1A, 0xFA,
    0x36, 0x3D, 0x42, 0x6B, 0x00, 0x00, 0x00, 0x00, 0x00, 0x00, 0x55, 0x03, 0x00, 0x00, 0x00, 0x00, 0x00, 0x00, 0x00, 0x00, 0x00, 0x00, 0x00, 0x00,
    0x00, 0x00, 0x00, 0x00, 0x00, 0x00, 0x00, 0x00, 0x00, 0x00, 0x00, 0x00, 0x00, 0x00, 0x00, 0x00, 0x00, 0x00, 0x00, 0x00, 0x00, 0x00, 0x00, 0x02,
    0xFF, 0xFF, 0xFF, 0x01, 0x00, 0x00, 0x00, 0x44, 0x1E, 0x27, 0x33, 0xE4, 0x2B, 0x3C, 0x4B, 0xF8, 0x2D, 0x3E, 0x4B, 0xF5, 0x35, 0x45, 0x52, 0xF6,
    0x3B, 0x48, 0x56, 0xF6, 0x3D, 0x48, 0x56, 0xF6, 0x3E, 0x49, 0x56, 0xF6, 0x2A, 0x34, 0x41, 0xF6, 0x2A, 0x34, 0x3F, 0xF6, 0x28, 0x32, 0x37, 0xF6,
    0x06, 0x10, 0x13, 0xF6, 0x24, 0x2E, 0x30, 0xF6, 0x49, 0x58, 0x5C, 0xF6, 0x31, 0x43, 0x51, 0xF6, 0x29, 0x3C, 0x50, 0xF6, 0x4A, 0x5A, 0x66, 0xF6,
    0x82, 0x90, 0x94, 0xF6, 0x9D, 0xAD, 0xA8, 0xF6, 0x51, 0x63, 0x67, 0xF6, 0x20, 0x34, 0x3D, 0xF6, 0x6B, 0x86, 0x91, 0xF6, 0x86, 0xA4, 0xB1, 0xF6,
    0x0B, 0x3D, 0x52, 0xF6, 0x35, 0x87, 0x90, 0xF6, 0x7E, 0xA6, 0xAD, 0xF6, 0x13, 0x23, 0x3B, 0xF6, 0x57, 0x62, 0x6F, 0xF6, 0x8F, 0x99, 0xA0, 0xF6,
    0x4E, 0x61, 0x67, 0xF6, 0x36, 0x49, 0x50, 0xF6, 0x52, 0x5F, 0x64, 0xF6, 0x62, 0x6A, 0x70, 0xF6, 0x1E, 0x24, 0x2C, 0xF5, 0x20, 0x28, 0x30, 0xF8,
    0x3B, 0x43, 0x4A, 0xF1, 0x33, 0x38, 0x3C, 0x3B, 0x00, 0x00, 0x00, 0x00, 0x00, 0x00, 0x00, 0x00, 0x00, 0x00, 0x00, 0x00, 0x00, 0x00, 0x00, 0x00,
    0x00, 0x00, 0x00, 0x00, 0x00, 0x00, 0x00, 0x00, 0x00, 0x00, 0x00, 0x00, 0x00, 0x00, 0x00, 0x00, 0x00, 0x00, 0x00, 0x00, 0x00, 0x00, 0x00, 0x02,
    0x00, 0x00, 0x00, 0x00, 0x4D, 0x4D, 0x4D, 0x17, 0x36, 0x3B, 0x43, 0xDF, 0x34, 0x41, 0x4C, 0xF9, 0x30, 0x3F, 0x44, 0xF5, 0x29, 0x35, 0x3F, 0xF6,
    0x1B, 0x29, 0x33, 0xF6, 0x13, 0x20, 0x2D, 0xF6, 0x10, 0x1D, 0x2A, 0xF6, 0x14, 0x1F, 0x2C, 0xF6, 0x24, 0x2D, 0x3B, 0xF6, 0x0E, 0x18, 0x1D, 0xF6,
    0x44, 0x4E, 0x4C, 0xF6, 0x78, 0x82, 0x7A, 0xF6, 0x77, 0x81, 0x7D, 0xF6, 0x44, 0x50, 0x5B, 0xF6, 0x2A, 0x3A, 0x4C, 0xF6, 0x2C, 0x3B, 0x49, 0xF6,
    0x6C, 0x7A, 0x7E, 0xF6, 0x8B, 0x9C, 0x9A, 0xF6, 0xA7, 0xBA, 0xB8, 0xF6, 0x3D, 0x50, 0x5A, 0xF6, 0x03, 0x19, 0x27, 0xF6, 0x4F, 0x6B, 0x74, 0xF6,
    0x1A, 0x43, 0x5A, 0xF6, 0x2E, 0x77, 0x92, 0xF6, 0x36, 0x64, 0x79, 0xF6, 0x02, 0x10, 0x2A, 0xF6, 0x45, 0x52, 0x5F, 0xF6, 0x70, 0x7D, 0x81, 0xF6,
    0x72, 0x82, 0x85, 0xF6, 0x68, 0x78, 0x7C, 0xF6, 0x65, 0x70, 0x78, 0xF6, 0x62, 0x6B, 0x74, 0xF6, 0x47, 0x50, 0x58, 0xF6, 0x43, 0x4C, 0x55, 0xF3,
    0x46, 0x51, 0x55, 0xFF, 0x29, 0x30, 0x34, 0x6F, 0x00, 0x00, 0x00, 0x00, 0x00, 0x00, 0x00, 0x00, 0x00, 0x00, 0x00, 0x00, 0x00, 0x00, 0x00, 0x00,
    0x00, 0x00, 0x00, 0x00, 0x00, 0x00, 0x00, 0x00, 0x00, 0x00, 0x00, 0x00, 0x00, 0x00, 0x00, 0x00, 0x00, 0x00, 0x00, 0x01, 0x00, 0x00, 0x00, 0x00,
    0x5E, 0x5E, 0x5E, 0x1B, 0x6A, 0x6F, 0x6F, 0xC0, 0x49, 0x4F, 0x57, 0xFD, 0x1B, 0x22, 0x30, 0xF4, 0x15, 0x20, 0x27, 0xF6, 0x0C, 0x17, 0x23, 0xF6,
    0x0F, 0x1B, 0x26, 0xF6, 0x12, 0x20, 0x2A, 0xF6, 0x17, 0x23, 0x2C, 0xF6, 0x1A, 0x25, 0x2F, 0xF6, 0x0A, 0x12, 0x1D, 0xF6, 0x1D, 0x27, 0x24, 0xF6,
    0x6B, 0x75, 0x72, 0xF6, 0x79, 0x80, 0x7C, 0xF6, 0x87, 0x8F, 0x89, 0xF6, 0x6D, 0x78, 0x7A, 0xF6, 0x3F, 0x4C, 0x56, 0xF6, 0x3D, 0x4D, 0x52, 0xF6,
    0x6E, 0x7F, 0x7B, 0xF6, 0x8A, 0x9C, 0x9A, 0xF6, 0x95, 0xA3, 0xA5, 0xF6, 0x86, 0x94, 0x9C, 0xF6, 0x11, 0x2A, 0x37, 0xF6, 0x03, 0x20, 0x2C, 0xF6,
    0x12, 0x30, 0x46, 0xF6, 0x0D, 0x2B, 0x4A, 0xF6, 0x00, 0x1A, 0x33, 0xF6, 0x42, 0x4F, 0x63, 0xF6, 0x4E, 0x5C, 0x66, 0xF6, 0x58, 0x65, 0x66, 0xF6,
    0x6E, 0x7C, 0x7D, 0xF6, 0x58, 0x63, 0x6A, 0xF6, 0x60, 0x69, 0x70, 0xF6, 0x5D, 0x66, 0x6C, 0xF6, 0x3E, 0x47, 0x4C, 0xF6, 0x3F, 0x48, 0x4E, 0xF4,
    0x49, 0x53, 0x58, 0xFD, 0x3B, 0x43, 0x48, 0x62, 0x00, 0x00, 0x00, 0x01, 0x00, 0x00, 0x00, 0x00, 0x00, 0x00, 0x00, 0x00, 0x00, 0x00, 0x00, 0x00,
    0x00, 0x00, 0x00, 0x00, 0x00, 0x00, 0x00, 0x00, 0x00, 0x00, 0x00, 0x00, 0x00, 0x00, 0x00, 0x01, 0x00, 0x00, 0x00, 0x01, 0x00, 0x00, 0x00, 0x0E,
    0x5B, 0x5F, 0x60, 0xC8, 0x6F, 0x76, 0x75, 0xFF, 0x34, 0x3C, 0x40, 0xF3, 0x15, 0x1D, 0x28, 0xF6, 0x19, 0x24, 0x30, 0xF6, 0x15, 0x1F, 0x28, 0xF6,
    0x16, 0x1E, 0x27, 0xF6, 0x13, 0x1B, 0x25, 0xF6, 0x0F, 0x15, 0x1E, 0xF6, 0x0B, 0x10, 0x17, 0xF6, 0x04, 0x0A, 0x10, 0xF6, 0x27, 0x30, 0x2E, 0xF6,
    0x61, 0x6A, 0x66, 0xF6, 0x67, 0x6F, 0x6C, 0xF6, 0x77, 0x7E, 0x7D, 0xF6, 0x80, 0x8A, 0x8A, 0xF6, 0x72, 0x81, 0x7F, 0xF6, 0x7D, 0x8C, 0x88, 0xF6,
    0x8E, 0x9D, 0x95, 0xF6, 0x88, 0x96, 0x93, 0xF6, 0x85, 0x91, 0x93, 0xF6, 0x75, 0x89, 0x90, 0xF6, 0x65, 0x80, 0x88, 0xF6, 0x1B, 0x33, 0x3D, 0xF6,
    0x04, 0x17, 0x28, 0xF6, 0x09, 0x17, 0x2A, 0xF6, 0x18, 0x2A, 0x37, 0xF6, 0x58, 0x64, 0x72, 0xF6, 0x5B, 0x66, 0x6F, 0xF6, 0x5D, 0x68, 0x6D, 0xF6,
    0x4F, 0x5A, 0x60, 0xF6, 0x4D, 0x58, 0x60, 0xF6, 0x5C, 0x64, 0x6D, 0xF6, 0x47, 0x4F, 0x55, 0xF6, 0x27, 0x2E, 0x30, 0xF6, 0x35, 0x3D, 0x40, 0xF6,
    0x3A, 0x43, 0x49, 0xF8, 0x2E, 0x33, 0x39, 0xE8, 0x0D, 0x0D, 0x14, 0x25, 0x00, 0x00, 0x00, 0x00, 0x00, 0x00, 0x00, 0x00, 0x00, 0x00, 0x00, 0x00,
    0x00, 0x00, 0x00, 0x00, 0x00, 0x00, 0x00, 0x00, 0x00, 0x00, 0x00, 0x00, 0x00, 0x00, 0x00, 0x02, 0x00, 0x00, 0x00, 0x00, 0x00, 0x00, 0x00, 0x20,
    0x53, 0x56, 0x57, 0xDA, 0x4F, 0x54, 0x55, 0xFA, 0x05, 0x0A, 0x0D, 0xF5, 0x1D, 0x23, 0x2C, 0xF6, 0x14, 0x1A, 0x27, 0xF6, 0x09, 0x0F, 0x17, 0xF6,
    0x06, 0x0D, 0x13, 0xF6, 0x07, 0x0C, 0x10, 0xF6, 0x07, 0x0B, 0x0F, 0xF6, 0x09, 0x0C, 0x10, 0xF6, 0x02, 0x05, 0x08, 0xF6, 0x31, 0x37, 0x36, 0xF6,
    0x6A, 0x73, 0x72, 0xF6, 0x64, 0x6D, 0x6C, 0xF6, 0x6E, 0x77, 0x78, 0xF6, 0x76, 0x80, 0x80, 0xF6, 0x68, 0x78, 0x76, 0xF6, 0x5E, 0x6B, 0x6A, 0xF6,
    0x5A, 0x68, 0x67, 0xF6, 0x6B, 0x77, 0x77, 0xF6, 0x77, 0x81, 0x83, 0xF6, 0x6A, 0x7F, 0x84, 0xF6, 0x68, 0x84, 0x8A, 0xF6, 0x60, 0x7A, 0x82, 0xF6,
    0x1F, 0x31, 0x3C, 0xF6, 0x01, 0x1A, 0x28, 0xF6, 0x45, 0x65, 0x73, 0xF6, 0x46, 0x56, 0x62, 0xF6, 0x40, 0x4C, 0x53, 0xF6, 0x49, 0x53, 0x5B, 0xF6,
    0x4D, 0x58, 0x5F, 0xF6, 0x49, 0x53, 0x5B, 0xF6, 0x4F, 0x59, 0x61, 0xF6, 0x2B, 0x31, 0x35, 0xF5, 0x1B, 0x1E, 0x1D, 0xF5, 0x2D, 0x31, 0x31, 0xF3,
    0x2C, 0x32, 0x34, 0xFD, 0x1F, 0x25, 0x25, 0xB2, 0x00, 0x00, 0x00, 0x04, 0x00, 0x00, 0x00, 0x00, 0x00, 0x00, 0x00, 0x00, 0x00, 0x00, 0x00, 0x00,
    0x00, 0x00, 0x00, 0x00, 0x00, 0x00, 0x00, 0x00, 0x00, 0x00, 0x00, 0x00, 0x00, 0x00, 0x00, 0x01, 0x00, 0x00, 0x00, 0x00, 0x1C, 0x1C, 0x1C, 0x09,
    0x48, 0x4B, 0x4D, 0xD7, 0x15, 0x18, 0x1B, 0xFD, 0x13, 0x19, 0x1D, 0xF4, 0x1E, 0x23, 0x2A, 0xF6, 0x28, 0x2E, 0x35, 0xF6, 0x3B, 0x40, 0x47, 0xF6,
    0x46, 0x4B, 0x4F, 0xF6, 0x2F, 0x35, 0x34, 0xF6, 0x26, 0x2B, 0x2A, 0xF6, 0x19, 0x1E, 0x1F, 0xF6, 0x07, 0x0A, 0x0C, 0xF6, 0x34, 0x39, 0x3A, 0xF6,
    0x5F, 0x64, 0x66, 0xF5, 0x5A, 0x63, 0x63, 0xF6, 0x64, 0x6C, 0x6E, 0xF6, 0x67, 0x74, 0x74, 0xF6, 0x5D, 0x6B, 0x6B, 0xF6, 0x47, 0x53, 0x55, 0xF6,
    0x46, 0x55, 0x55, 0xF6, 0x4A, 0x58, 0x58, 0xF6, 0x49, 0x57, 0x59, 0xF6, 0x53, 0x65, 0x69, 0xF6, 0x53, 0x6D, 0x77, 0xF6, 0x50, 0x70, 0x81, 0xF6,
    0x4A, 0x61, 0x6D, 0xF6, 0x0A, 0x33, 0x43, 0xF6, 0x3D, 0x68, 0x7A, 0xF6, 0x36, 0x3C, 0x49, 0xF6, 0x26, 0x2F, 0x39, 0xF6, 0x32, 0x3B, 0x41, 0xF6,
    0x41, 0x4A, 0x4D, 0xF6, 0x36, 0x3F, 0x43, 0xF5, 0x39, 0x3D, 0x43, 0xF5, 0x21, 0x25, 0x27, 0xFB, 0x16, 0x19, 0x18, 0xF6, 0x29, 0x2B, 0x2B, 0xF1,
    0x27, 0x29, 0x2A, 0xFF, 0x24, 0x26, 0x29, 0x76, 0x00, 0x00, 0x00, 0x00, 0x00, 0x00, 0x00, 0x00, 0x00, 0x00, 0x00, 0x00, 0x00, 0x00, 0x00, 0x00,
    0x00, 0x00, 0x00, 0x00, 0x00, 0x00, 0x00, 0x00, 0x00, 0x00, 0x00, 0x00, 0x55, 0x55, 0x55, 0x03, 0x00, 0x00, 0x00, 0x00, 0x47, 0x4C, 0x4C, 0x39,
    0x1C, 0x1F, 0x20, 0xF9, 0x07, 0x0A, 0x0C, 0xF5, 0x18, 0x1E, 0x21, 0xF6, 0x16, 0x1D, 0x22, 0xF6, 0x58, 0x5D, 0x64, 0xF6, 0x69, 0x70, 0x74, 0xF6,
    0x67, 0x6D, 0x6C, 0xF6, 0x1F, 0x24, 0x20, 0xF6, 0x17, 0x1D, 0x1A, 0xF6, 0x12, 0x16, 0x17, 0xF6, 0x10, 0x12, 0x14, 0xF6, 0x17, 0x18, 0x19, 0xF7,
    0x46, 0x49, 0x4B, 0xF8, 0x57, 0x5D, 0x5E, 0xF6, 0x4F, 0x5A, 0x5C, 0xF6, 0x50, 0x5E, 0x5E, 0xF6, 0x53, 0x61, 0x61, 0xF6, 0x4F, 0x5C, 0x5D, 0xF6,
    0x4C, 0x58, 0x59, 0xF6, 0x42, 0x4E, 0x4D, 0xF6, 0x3E, 0x4A, 0x4C, 0xF6, 0x3C, 0x4E, 0x51, 0xF6, 0x46, 0x61, 0x73, 0xF6, 0x3A, 0x5D, 0x79, 0xF6,
    0x3A, 0x50, 0x67, 0xF6, 0x19, 0x48, 0x5B, 0xF6, 0x21, 0x56, 0x69, 0xF6, 0x30, 0x36, 0x48, 0xF6, 0x27, 0x2D, 0x39, 0xF6, 0x21, 0x26, 0x2D, 0xF6,
    0x2D, 0x31, 0x36, 0xF5, 0x2D, 0x31, 0x33, 0xF8, 0x27, 0x2A, 0x2D, 0xFA, 0x10, 0x12, 0x14, 0xCA, 0x14, 0x16, 0x16, 0xF0, 0x1C, 0x1F, 0x1E, 0xFF,
    0x13, 0x14, 0x16, 0xC4, 0x0E, 0x0E, 0x0E, 0x12, 0x00, 0x00, 0x00, 0x01, 0x00, 0x00, 0x00, 0x00, 0x00, 0x00, 0x00, 0x00, 0x00, 0x00, 0x00, 0x00,
    0x00, 0x00, 0x00, 0x00, 0x00, 0x00, 0x00, 0x00, 0x00, 0x00, 0x00, 0x00, 0x00, 0x00, 0x00, 0x01, 0x1C, 0x1C, 0x1C, 0x09, 0x2A, 0x2C, 0x2C, 0xBF,
    0x17, 0x1B, 0x1C, 0xFE, 0x14, 0x18, 0x1D, 0xF3, 0x12, 0x16, 0x1E, 0xF6, 0x3B, 0x41, 0x42, 0xF6, 0x67, 0x6B, 0x6E, 0xF6, 0x6B, 0x70, 0x72, 0xF6,
    0x36, 0x3C, 0x39, 0xF6, 0x14, 0x19, 0x16, 0xF6, 0x17, 0x1A, 0x19, 0xF6, 0x10, 0x13, 0x13, 0xF5, 0x12, 0x15, 0x15, 0xFA, 0x0D, 0x0D, 0x0D, 0xE6,
    0x12, 0x11, 0x13, 0xDF, 0x38, 0x39, 0x3B, 0xFA, 0x4B, 0x53, 0x56, 0xF5, 0x45, 0x50, 0x51, 0xF6, 0x52, 0x5E, 0x5F, 0xF6, 0x4F, 0x5A, 0x5B, 0xF6,
    0x48, 0x52, 0x51, 0xF6, 0x40, 0x4A, 0x49, 0xF6, 0x40, 0x4D, 0x4E, 0xF6, 0x2E, 0x41, 0x45, 0xF6, 0x36, 0x56, 0x69, 0xF6, 0x3F, 0x63, 0x7D, 0xF6,
    0x29, 0x45, 0x5E, 0xF6, 0x1D, 0x49, 0x5F, 0xF6, 0x1F, 0x53, 0x66, 0xF6, 0x29, 0x31, 0x3D, 0xF6, 0x27, 0x2D, 0x33, 0xF6, 0x18, 0x1E, 0x26, 0xF5,
    0x1F, 0x25, 0x29, 0xF6, 0x1F, 0x23, 0x24, 0xFD, 0x19, 0x1B, 0x1B, 0x80, 0x00, 0x00, 0x00, 0x1F, 0x02, 0x04, 0x02, 0x78, 0x04, 0x04, 0x04, 0x67,
    0x00, 0x00, 0x00, 0x13, 0x00, 0x00, 0x00, 0x00, 0x00, 0x00, 0x00, 0x01, 0x00, 0x00, 0x00, 0x00, 0x00, 0x00, 0x00, 0x00, 0x00, 0x00, 0x00, 0x00,
    0x00, 0x00, 0x00, 0x00, 0x00, 0x00, 0x00, 0x00, 0x00, 0x00, 0x00, 0x00, 0x00, 0x00, 0x00, 0x00, 0x00, 0x00, 0x00, 0x1F, 0x09, 0x0A, 0x0A, 0xD6,
    0x18, 0x1C, 0x1C, 0xFB, 0x21, 0x24, 0x2A, 0xF5, 0x1E, 0x22, 0x29, 0xF6, 0x4E, 0x55, 0x56, 0xF6, 0x65, 0x69, 0x69, 0xF6, 0x4F, 0x55, 0x53, 0xF6,
    0x12, 0x17, 0x15, 0xF6, 0x15, 0x19, 0x18, 0xF6, 0x12, 0x15, 0x14, 0xF6, 0x10, 0x13, 0x12, 0xF3, 0x14, 0x15, 0x14, 0xFF, 0x0F, 0x0F, 0x0F, 0x73,
    0x07, 0x05, 0x07, 0x8C, 0x12, 0x11, 0x13, 0xFD, 0x26, 0x29, 0x2A, 0xF6, 0x41, 0x49, 0x49, 0xF6, 0x36, 0x41, 0x3F, 0xF6, 0x40, 0x49, 0x46, 0xF6,
    0x47, 0x4F, 0x4C, 0xF6, 0x40, 0x4A, 0x48, 0xF6, 0x37, 0x45, 0x46, 0xF6, 0x3D, 0x4D, 0x52, 0xF6, 0x2D, 0x48, 0x57, 0xF6, 0x39, 0x56, 0x66, 0xF6,
    0x21, 0x3C, 0x4C, 0xF6, 0x14, 0x30, 0x43, 0xF6, 0x0F, 0x26, 0x36, 0xF6, 0x2E, 0x34, 0x3B, 0xF6, 0x20, 0x25, 0x2A, 0xF6, 0x10, 0x15, 0x1E, 0xF5,
    0x15, 0x1A, 0x20, 0xFA, 0x0C, 0x11, 0x11, 0x64, 0x00, 0x00, 0x00, 0x00, 0x00, 0x00, 0x00, 0x00, 0x00, 0x00, 0x00, 0x00, 0x00, 0x00, 0x00, 0x00,
    0x00, 0x00, 0x00, 0x00, 0x00, 0x00, 0x00, 0x01, 0x00, 0x00, 0x00, 0x00, 0x00, 0x00, 0x00, 0x00, 0x00, 0x00, 0x00, 0x00, 0x00, 0x00, 0x00, 0x00,
    0x00, 0x00, 0x00, 0x00, 0x00, 0x00, 0x00, 0x00, 0x00, 0x00, 0x00, 0x00, 0x00, 0x00, 0x00, 0x00, 0x17, 0x00, 0x00, 0x0B, 0x20, 0x23, 0x20, 0xD3,
    0x23, 0x26, 0x28, 0xFD, 0x16, 0x1B, 0x23, 0xF4, 0x2C, 0x2F, 0x33, 0xF6, 0x4B, 0x4F, 0x51, 0xF6, 0x58, 0x5D, 0x5B, 0xF6, 0x24, 0x29, 0x27, 0xF6,
    0x11, 0x15, 0x14, 0xF6, 0x14, 0x17, 0x16, 0xF6, 0x11, 0x14, 0x13, 0xF4, 0x12, 0x13, 0x13, 0xF9, 0x12, 0x12, 0x12, 0xE5, 0x1C, 0x38, 0x38, 0x09,
    0x00, 0x00, 0x00, 0x2C, 0x11, 0x10, 0x10, 0xDB, 0x11, 0x13, 0x10, 0xFA, 0x2C, 0x31, 0x2E, 0xF5, 0x32, 0x3D, 0x37, 0xF6, 0x37, 0x42, 0x3B, 0xF6,
    0x3F, 0x47, 0x40, 0xF6, 0x3B, 0x44, 0x40, 0xF6, 0x41, 0x4C, 0x4E, 0xF6, 0x4A, 0x5A, 0x61, 0xF6, 0x49, 0x5D, 0x66, 0xF6, 0x3D, 0x51, 0x5A, 0xF6,
    0x12, 0x25, 0x2F, 0xF6, 0x02, 0x0C, 0x16, 0xF6, 0x1F, 0x27, 0x2F, 0xF6, 0x2D, 0x31, 0x39, 0xF6, 0x10, 0x13, 0x18, 0xF5, 0x14, 0x17, 0x20, 0xF7,
    0x28, 0x2B, 0x33, 0xEF, 0x36, 0x3F, 0x3F, 0x1C, 0x00, 0x00, 0x00, 0x00, 0x00, 0x00, 0x00, 0x04, 0x00, 0x00, 0x00, 0x02, 0x00, 0x00, 0x00, 0x03,
    0x00, 0x00, 0x00, 0x01, 0x00, 0x00, 0x00, 0x00, 0x00, 0x00, 0x00, 0x00, 0x00, 0x00, 0x00, 0x00, 0x00, 0x00, 0x00, 0x00, 0x00, 0x00, 0x00, 0x00,
    0x00, 0x00, 0x00, 0x00, 0x00, 0x00, 0x00, 0x00, 0x00, 0x00, 0x00, 0x00, 0x00, 0x00, 0x00, 0x00, 0x12, 0x16, 0x12, 0x45, 0x1D, 0x1F, 0x20, 0xFD,
    0x1C, 0x1D, 0x27, 0xF4, 0x1B, 0x1E, 0x26, 0xF6, 0x13, 0x16, 0x16, 0xF6, 0x36, 0x3C, 0x3A, 0xF6, 0x3F, 0x41, 0x41, 0xF6, 0x12, 0x14, 0x13, 0xF6,
    0x14, 0x16, 0x15, 0xF6, 0x11, 0x14, 0x14, 0xF6, 0x13, 0x11, 0x10, 0xF1, 0x16, 0x14, 0x13, 0xFF, 0x14, 0x12, 0x12, 0x7D, 0x00, 0x00, 0x00, 0x00,
    0x00, 0x00, 0x00, 0x01, 0x11, 0x11, 0x11, 0xA3, 0x13, 0x16, 0x14, 0xFF, 0x11, 0x13, 0x12, 0xF3, 0x28, 0x2F, 0x2C, 0xF6, 0x29, 0x33, 0x2D, 0xF6,
    0x2D, 0x35, 0x2E, 0xF6, 0x2A, 0x32, 0x2F, 0xF6, 0x26, 0x31, 0x33, 0xF6, 0x22, 0x31, 0x39, 0xF6, 0x3A, 0x4E, 0x57, 0xF6, 0x3A, 0x4F, 0x58, 0xF6,
    0x2A, 0x3F, 0x46, 0xF6, 0x05, 0x0C, 0x15, 0xF6, 0x22, 0x29, 0x30, 0xF6, 0x1A, 0x21, 0x28, 0xF6, 0x17, 0x1C, 0x23, 0xF5, 0x1F, 0x22, 0x29, 0xF6,
    0x26, 0x2A, 0x30, 0xF5, 0x29, 0x2E, 0x34, 0x31, 0x00, 0x00, 0x00, 0x00, 0x00, 0x00, 0x00, 0x02, 0x00, 0x00, 0x00, 0x00, 0x00, 0x00, 0x00, 0x00,
    0x00, 0x00, 0x00, 0x00, 0x00, 0x00, 0x00, 0x00, 0x00, 0x00, 0x00, 0x00, 0x00, 0x00, 0x00, 0x00, 0x00, 0x00, 0x00, 0x00, 0x00, 0x00, 0x00, 0x00,
    0x00, 0x00, 0x00, 0x00, 0x00, 0x00, 0x00, 0x00, 0x00, 0x00, 0x00, 0x00, 0x00, 0x00, 0x00, 0x00, 0x10, 0x12, 0x12, 0x99, 0x0D, 0x0F, 0x10, 0xFF,
    0x12, 0x15, 0x19, 0xF2, 0x12, 0x13, 0x18, 0xF6, 0x0D, 0x10, 0x11, 0xF6, 0x0E, 0x11, 0x0F, 0xF6, 0x17, 0x19, 0x17, 0xF6, 0x12, 0x14, 0x13, 0xF6,
    0x10, 0x13, 0x12, 0xF6, 0x0F, 0x11, 0x11, 0xF2, 0x12, 0x10, 0x10, 0xFB, 0x15, 0x13, 0x13, 0xDF, 0x1A, 0x0D, 0x1A, 0x13, 0x7F, 0x7F, 0x7F, 0x02,
    0x00, 0x00, 0x00, 0x00, 0x18, 0x1A, 0x18, 0xAE, 0x1C, 0x1D, 0x1D, 0xFF, 0x0C, 0x0E, 0x0D, 0xF3, 0x09, 0x09, 0x09, 0xF6, 0x13, 0x16, 0x19, 0xF6,
    0x1B, 0x23, 0x29, 0xF6, 0x1B, 0x23, 0x2C, 0xF6, 0x24, 0x2C, 0x37, 0xF6, 0x18, 0x26, 0x31, 0xF6, 0x17, 0x2A, 0x32, 0xF6, 0x30, 0x44, 0x4C, 0xF6,
    0x2C, 0x3D, 0x47, 0xF6, 0x08, 0x0E, 0x19, 0xF6, 0x13, 0x18, 0x22, 0xF6, 0x1D, 0x22, 0x2A, 0xF6, 0x18, 0x1B, 0x24, 0xF6, 0x1B, 0x20, 0x28, 0xF6,
    0x14, 0x17, 0x1F, 0xF6, 0x2A, 0x2A, 0x2F, 0x30, 0x00, 0x00, 0x00, 0x00, 0x00, 0x00, 0x00, 0x02, 0x00, 0x00, 0x00, 0x00, 0x00, 0x00, 0x00, 0x00,
    0x00, 0x00, 0x00, 0x00, 0x00, 0x00, 0x00, 0x00, 0x00, 0x00, 0x00, 0x00, 0x00, 0x00, 0x00, 0x00, 0x00, 0x00, 0x00, 0x00, 0x00, 0x00, 0x00, 0x00,
    0x00, 0x00, 0x00, 0x00, 0x00, 0x00, 0x00, 0x00, 0x00, 0x00, 0x00, 0x00, 0x00, 0x00, 0x00, 0x09, 0x15, 0x16, 0x15, 0xCE, 0x1A, 0x1D, 0x1B, 0xFE,
    0x19, 0x1D, 0x1D, 0xF2, 0x16, 0x1A, 0x1E, 0xF5, 0x0C, 0x0E, 0x11, 0xF6, 0x11, 0x13, 0x13, 0xF4, 0x13, 0x15, 0x12, 0xF4, 0x12, 0x15, 0x13, 0xF5,
    0x11, 0x13, 0x13, 0xF5, 0x10, 0x12, 0x11, 0xFB, 0x12, 0x11, 0x11, 0xFD, 0x15, 0x11, 0x15, 0x47, 0x00, 0x00, 0x00, 0x00, 0xFF, 0xFF, 0xFF, 0x01,
    0x00, 0x00, 0x00, 0x07, 0x14, 0x14, 0x15, 0xBF, 0x24, 0x23, 0x25, 0xFE, 0x0A, 0x0E, 0x0E, 0xF4, 0x1B, 0x2A, 0x2D, 0xF6, 0x17, 0x1E, 0x24, 0xF6,
    0x1E, 0x24, 0x27, 0xF6, 0x26, 0x2C, 0x2D, 0xF6, 0x31, 0x3A, 0x3E, 0xF6, 0x1F, 0x2A, 0x34, 0xF6, 0x22, 0x30, 0x3C, 0xF6, 0x1D, 0x28, 0x33, 0xF6,
    0x22, 0x2C, 0x36, 0xF6, 0x12, 0x19, 0x23, 0xF6, 0x1F, 0x27, 0x2F, 0xF6, 0x19, 0x1F, 0x27, 0xF6, 0x14, 0x17, 0x1F, 0xF6, 0x14, 0x18, 0x1D, 0xF7,
    0x16, 0x18, 0x1E, 0xF3, 0x11, 0x11, 0x16, 0x2D, 0x00, 0x00, 0x00, 0x00, 0x00, 0x00, 0x00, 0x02, 0x00, 0x00, 0x00, 0x00, 0x00, 0x00, 0x00, 0x00,
    0x00, 0x00, 0x00, 0x00, 0x00, 0x00, 0x00, 0x00, 0x00, 0x00, 0x00, 0x00, 0x00, 0x00, 0x00, 0x00, 0x00, 0x00, 0x00, 0x00, 0x00, 0x00, 0x00, 0x00,
    0x00, 0x00, 0x00, 0x00, 0x00, 0x00, 0x00, 0x00, 0x00, 0x00, 0x00, 0x00, 0x00, 0x00, 0x00, 0x15, 0x09, 0x09, 0x09, 0xBC, 0x0F, 0x10, 0x12, 0xFB,
    0x15, 0x19, 0x1C, 0xFC, 0x24, 0x28, 0x2A, 0xFD, 0x11, 0x14, 0x16, 0xF8, 0x0C, 0x0E, 0x0E, 0xFD, 0x12, 0x14, 0x13, 0xFD, 0x11, 0x11, 0x11, 0xFD,
    0x10, 0x0F, 0x10, 0xF5, 0x0A, 0x0A, 0x0A, 0xD9, 0x0A, 0x0A, 0x0A, 0x64, 0x00, 0x00, 0x00, 0x00, 0x00, 0x00, 0x00, 0x03, 0x00, 0x00, 0x00, 0x02,
    0x00, 0x00, 0x00, 0x01, 0x17, 0x17, 0x17, 0xA5, 0x12, 0x10, 0x13, 0xFF, 0x17, 0x31, 0x37, 0xF3, 0x22, 0x4A, 0x53, 0xF6, 0x14, 0x19, 0x21, 0xF6,
    0x27, 0x2D, 0x32, 0xF6, 0x27, 0x2D, 0x32, 0xF6, 0x22, 0x2A, 0x2F, 0xF6, 0x2B, 0x35, 0x3C, 0xF6, 0x22, 0x2A, 0x31, 0xF6, 0x13, 0x1B, 0x23, 0xF6,
    0x16, 0x1F, 0x27, 0xF6, 0x24, 0x2B, 0x32, 0xF6, 0x23, 0x28, 0x2F, 0xF6, 0x15, 0x1A, 0x21, 0xF6, 0x1A, 0x1E, 0x23, 0xF5, 0x1A, 0x1E, 0x22, 0xF9,
    0x1C, 0x1F, 0x24, 0xEB, 0x12, 0x12, 0x1B, 0x1C, 0x00, 0x00, 0x00, 0x00, 0x00, 0x00, 0x00, 0x02, 0x00, 0x00, 0x00, 0x00, 0x00, 0x00, 0x00, 0x00,
    0x00, 0x00, 0x00, 0x00, 0x00, 0x00, 0x00, 0x00, 0x00, 0x00, 0x00, 0x00, 0x00, 0x00, 0x00, 0x00, 0x00, 0x00, 0x00, 0x00, 0x00, 0x00, 0x00, 0x00,
    0x00, 0x00, 0x00, 0x00, 0x00, 0x00, 0x00, 0x00, 0x00, 0x00, 0x00, 0x00, 0x00, 0x00, 0x00, 0x00, 0x00, 0x00, 0x00, 0x37, 0x01, 0x03, 0x03, 0x92,
    0x01, 0x01, 0x03, 0x9F, 0x01, 0x03, 0x03, 0x87, 0x06, 0x06, 0x06, 0x95, 0x02, 0x04, 0x04, 0xB4, 0x04, 0x06, 0x04, 0x9B, 0x03, 0x03, 0x03, 0x88,
    0x03, 0x00, 0x03, 0x53, 0x00, 0x00, 0x00, 0x19, 0x00, 0x00, 0x00, 0x00, 0x00, 0x00, 0x00, 0x02, 0x00, 0x00, 0x00, 0x00, 0x00, 0x00, 0x00, 0x01,
    0x00, 0x00, 0x00, 0x00, 0x0F, 0x0E, 0x0E, 0xB0, 0x15, 0x17, 0x17, 0xFE, 0x22, 0x4E, 0x51, 0xF3, 0x12, 0x1D, 0x23, 0xF6, 0x23, 0x27, 0x2B, 0xF6,
    0x27, 0x2D, 0x32, 0xF6, 0x26, 0x2D, 0x31, 0xF6, 0x2D, 0x36, 0x3B, 0xF6, 0x2F, 0x37, 0x3C, 0xF6, 0x22, 0x2A, 0x2F, 0xF6, 0x1A, 0x23, 0x2A, 0xF6,
    0x13, 0x1B, 0x24, 0xF6, 0x13, 0x17, 0x1F, 0xF6, 0x16, 0x1A, 0x21, 0xF6, 0x1F, 0x23, 0x28, 0xF6, 0x17, 0x1B, 0x1E, 0xF3, 0x1C, 0x20, 0x23, 0xFE,
    0x1E, 0x21, 0x25, 0xB9, 0x00, 0x00, 0x00, 0x01, 0x00, 0x00, 0x00, 0x02, 0x00, 0x00, 0x00, 0x00, 0x00, 0x00, 0x00, 0x00, 0x00, 0x00, 0x00, 0x00,
    0x00, 0x00, 0x00, 0x00, 0x00, 0x00, 0x00, 0x00, 0x00, 0x00, 0x00, 0x00, 0x00, 0x00, 0x00, 0x00, 0x00, 0x00, 0x00, 0x00, 0x00, 0x00, 0x00, 0x00,
    0x00, 0x00, 0x00, 0x00, 0x00, 0x00, 0x00, 0x00, 0x00, 0x00, 0x00, 0x00, 0x00, 0x00, 0x00, 0x00, 0x00, 0x00, 0x00, 0x00, 0x00, 0x00, 0x00, 0x00,
    0x00, 0x00, 0x00, 0x01, 0x00, 0x00, 0x00, 0x00, 0x00, 0x00, 0x00, 0x00, 0x00, 0x00, 0x00, 0x08, 0x00, 0x00, 0x00, 0x00, 0x00, 0x00, 0x00, 0x00,
    0x00, 0x00, 0x00, 0x00, 0x00, 0x00, 0x00, 0x00, 0x00, 0x00, 0x00, 0x02, 0x00, 0x00, 0x00, 0x00, 0x00, 0x00, 0x00, 0x00, 0x00, 0x00, 0x00, 0x01,
    0x00, 0x00, 0x00, 0x03, 0x01, 0x01, 0x03, 0x8C, 0x15, 0x19, 0x19, 0xF9, 0x16, 0x30, 0x2E, 0xF5, 0x16, 0x1D, 0x1F, 0xF6, 0x2B, 0x2F, 0x2F, 0xF6,
    0x1F, 0x24, 0x26, 0xF6, 0x35, 0x3E, 0x3F, 0xF6, 0x25, 0x2E, 0x2F, 0xF6, 0x16, 0x1F, 0x23, 0xF6, 0x1B, 0x22, 0x25, 0xF6, 0x1F, 0x24, 0x29, 0xF6,
    0x1B, 0x21, 0x27, 0xF6, 0x1A, 0x1F, 0x23, 0xF6, 0x23, 0x26, 0x2A, 0xF6, 0x14, 0x18, 0x1D, 0xF6, 0x1C, 0x20, 0x24, 0xF2, 0x1C, 0x20, 0x23, 0xFF,
    0x17, 0x1A, 0x20, 0x57, 0x00, 0x00, 0x00, 0x00, 0x00, 0x00, 0x00, 0x03, 0x00, 0x00, 0x00, 0x00, 0x00, 0x00, 0x00, 0x00, 0x00, 0x00, 0x00, 0x00,
    0x00, 0x00, 0x00, 0x00, 0x00, 0x00, 0x00, 0x00, 0x00, 0x00, 0x00, 0x00, 0x00, 0x00, 0x00, 0x00, 0x00, 0x00, 0x00, 0x00, 0x00, 0x00, 0x00, 0x00,
    0x00, 0x00, 0x00, 0x00, 0x00, 0x00, 0x00, 0x00, 0x00, 0x00, 0x00, 0x00, 0x00, 0x00, 0x00, 0x00, 0x00, 0x00, 0x00, 0x02, 0x00, 0x00, 0x00, 0x01,
    0x00, 0x00, 0x00, 0x00, 0x00, 0x00, 0x00, 0x02, 0x00, 0x00, 0x00, 0x00, 0x00, 0x00, 0x00, 0x00, 0x00, 0x00, 0x00, 0x00, 0x00, 0x00, 0x00, 0x02,
    0x00, 0x00, 0x00, 0x03, 0x00, 0x00, 0x00, 0x01, 0x00, 0x00, 0x00, 0x00, 0x00, 0x00, 0x00, 0x00, 0x00, 0x00, 0x00, 0x00, 0x00, 0x00, 0x00, 0x03,
    0x00, 0x00, 0x00, 0x00, 0x03, 0x03, 0x03, 0x46, 0x10, 0x11, 0x11, 0xF1, 0x1C, 0x22, 0x1E, 0xF7, 0x1D, 0x22, 0x21, 0xF5, 0x24, 0x28, 0x29, 0xF5,
    0x1B, 0x21, 0x21, 0xF6, 0x1E, 0x23, 0x24, 0xF6, 0x2C, 0x31, 0x34, 0xF6, 0x2E, 0x32, 0x37, 0xF6, 0x1A, 0x1F, 0x23, 0xF6, 0x14, 0x18, 0x1A, 0xF6,
    0x19, 0x1D, 0x21, 0xF6, 0x16, 0x1B, 0x1E, 0xF5, 0x13, 0x17, 0x1A, 0xF5, 0x22, 0x27, 0x2A, 0xF1, 0x1E, 0x22, 0x25, 0xFF, 0x17, 0x1B, 0x1F, 0xC0,
    0x00, 0x00, 0x00, 0x05, 0x00, 0x00, 0x00, 0x02, 0x00, 0x00, 0x00, 0x00, 0x00, 0x00, 0x00, 0x00, 0x00, 0x00, 0x00, 0x00, 0x00, 0x00, 0x00, 0x00,
    0x00, 0x00, 0x00, 0x00, 0x00, 0x00, 0x00, 0x00, 0x00, 0x00, 0x00, 0x00, 0x00, 0x00, 0x00, 0x00, 0x00, 0x00, 0x00, 0x00, 0x00, 0x00, 0x00, 0x00,
    0x00, 0x00, 0x00, 0x00, 0x00, 0x00, 0x00, 0x00, 0x00, 0x00, 0x00, 0x00, 0x00, 0x00, 0x00, 0x00, 0x00, 0x00, 0x00, 0x00, 0x00, 0x00, 0x00, 0x00,
    0x00, 0x00, 0x00, 0x00, 0x00, 0x00, 0x00, 0x00, 0x00, 0x00, 0x00, 0x00, 0x00, 0x00, 0x00, 0x01, 0x00, 0x00, 0x00, 0x00, 0x00, 0x00, 0x00, 0x00,
    0x00, 0x00, 0x00, 0x00, 0x00, 0x00, 0x00, 0x00, 0x00, 0x00, 0x00, 0x00, 0x00, 0x00, 0x00, 0x00, 0x00, 0x00, 0x00, 0x00, 0x00, 0x00, 0x00, 0x01,
    0x00, 0x00, 0x00, 0x01, 0x00, 0x00, 0x00, 0x13, 0x06, 0x07, 0x07, 0xA2, 0x1D, 0x20, 0x1F, 0xF2, 0x20, 0x23, 0x23, 0xF7, 0x22, 0x24, 0x26, 0xF6,
    0x2C, 0x2F, 0x30, 0xF5, 0x27, 0x2B, 0x2D, 0xF5, 0x1F, 0x22, 0x26, 0xF6, 0x20, 0x23, 0x27, 0xF6, 0x23, 0x28, 0x2C, 0xF6, 0x21, 0x27, 0x2B, 0xF5,
    0x1D, 0x22, 0x25, 0xF4, 0x18, 0x1D, 0x20, 0xF8, 0x22, 0x25, 0x27, 0xFB, 0x20, 0x22, 0x25, 0xFF, 0x16, 0x18, 0x1B, 0xEE, 0x12, 0x18, 0x18, 0x2A,
    0x00, 0x00, 0x00, 0x00, 0x00, 0x00, 0x00, 0x02, 0x00, 0x00, 0x00, 0x00, 0x00, 0x00, 0x00, 0x00, 0x00, 0x00, 0x00, 0x00, 0x00, 0x00, 0x00, 0x00,
    0x00, 0x00, 0x00, 0x00, 0x00, 0x00, 0x00, 0x00, 0x00, 0x00, 0x00, 0x00, 0x00, 0x00, 0x00, 0x00, 0x00, 0x00, 0x00, 0x00, 0x00, 0x00, 0x00, 0x00,
    0x00, 0x00, 0x00, 0x00, 0x00, 0x00, 0x00, 0x00, 0x00, 0x00, 0x00, 0x00, 0x00, 0x00, 0x00, 0x00, 0x00, 0x00, 0x00, 0x00, 0x00, 0x00, 0x00, 0x00,
    0x00, 0x00, 0x00, 0x00, 0x00, 0x00, 0x00, 0x00, 0x00, 0x00, 0x00, 0x00, 0x00, 0x00, 0x00, 0x00, 0x00, 0x00, 0x00, 0x00, 0x00, 0x00, 0x00, 0x00,
    0x00, 0x00, 0x00, 0x00, 0x00, 0x00, 0x00, 0x00, 0x00, 0x00, 0x00, 0x00, 0x00, 0x00, 0x00, 0x00, 0x00, 0x00, 0x00, 0x00, 0x00, 0x00, 0x00, 0x00,
    0x00, 0x00, 0x00, 0x01, 0x00, 0x00, 0x00, 0x00, 0x00, 0x00, 0x00, 0x1C, 0x01, 0x01, 0x01, 0x8C, 0x10, 0x11, 0x11, 0xE3, 0x12, 0x13, 0x14, 0xF4,
    0x23, 0x26, 0x28, 0xF8, 0x32, 0x38, 0x39, 0xF7, 0x35, 0x3D, 0x3F, 0xF6, 0x2B, 0x33, 0x37, 0xF5, 0x1E, 0x25, 0x28, 0xF3, 0x20, 0x26, 0x29, 0xF9,
    0x2A, 0x2F, 0x31, 0xFF, 0x23, 0x27, 0x29, 0xE9, 0x0B, 0x0C, 0x0F, 0xCC, 0x05, 0x07, 0x08, 0xB3, 0x03, 0x03, 0x03, 0x41, 0x00, 0x00, 0x00, 0x00,
    0x00, 0x00, 0x00, 0x02, 0x00, 0x00, 0x00, 0x00, 0x00, 0x00, 0x00, 0x00, 0x00, 0x00, 0x00, 0x00, 0x00, 0x00, 0x00, 0x00, 0x00, 0x00, 0x00, 0x00,
    0x00, 0x00, 0x00, 0x00, 0x00, 0x00, 0x00, 0x00, 0x00, 0x00, 0x00, 0x00, 0x00, 0x00, 0x00, 0x00, 0x00, 0x00, 0x00, 0x00, 0x00, 0x00, 0x00, 0x00,
    0x00, 0x00, 0x00, 0x00, 0x00, 0x00, 0x00, 0x00, 0x00, 0x00, 0x00, 0x00, 0x00, 0x00, 0x00, 0x00, 0x00, 0x00, 0x00, 0x00, 0x00, 0x00, 0x00, 0x00,
    0x00, 0x00, 0x00, 0x00, 0x00, 0x00, 0x00, 0x00, 0x00, 0x00, 0x00, 0x00, 0x00, 0x00, 0x00, 0x00, 0x00, 0x00, 0x00, 0x00, 0x00, 0x00, 0x00, 0x00,
    0x00, 0x00, 0x00, 0x00, 0x00, 0x00, 0x00, 0x00, 0x00, 0x00, 0x00, 0x00, 0x00, 0x00, 0x00, 0x00, 0x00, 0x00, 0x00, 0x00, 0x00, 0x00, 0x00, 0x00,
    0x00, 0x00, 0x00, 0x00, 0x00, 0x00, 0x00, 0x01, 0x00, 0x00, 0x00, 0x00, 0x00, 0x00, 0x00, 0x06, 0x00, 0x00, 0x00, 0x50, 0x00, 0x00, 0x00, 0x84,
    0x06, 0x08, 0x07, 0xCF, 0x14, 0x16, 0x16, 0xEF, 0x20, 0x24, 0x24, 0xF9, 0x26, 0x29, 0x2A, 0xFC, 0x25, 0x29, 0x2A, 0xFF, 0x1A, 0x1E, 0x1F, 0xE5,
    0x0E, 0x0F, 0x11, 0x90, 0x00, 0x00, 0x00, 0x36, 0x00, 0x00, 0x00, 0x17, 0x00, 0x00, 0x00, 0x03, 0x00, 0x00, 0x00, 0x00, 0x00, 0x00, 0x00, 0x02,
    0x00, 0x00, 0x00, 0x00, 0x00, 0x00, 0x00, 0x00, 0x00, 0x00, 0x00, 0x00, 0x00, 0x00, 0x00, 0x00, 0x00, 0x00, 0x00, 0x00, 0x00, 0x00, 0x00, 0x00,
    0x00, 0x00, 0x00, 0x00, 0x00, 0x00, 0x00, 0x00, 0x00, 0x00, 0x00, 0x00, 0x00, 0x00, 0x00, 0x00, 0x00, 0x00, 0x00, 0x00, 0x00, 0x00, 0x00, 0x00,
    0x00, 0x00, 0x00, 0x00, 0x00, 0x00, 0x00, 0x00, 0x00, 0x00, 0x00, 0x00, 0x00, 0x00, 0x00, 0x00, 0x00, 0x00, 0x00, 0x00, 0x00, 0x00, 0x00, 0x00,
    0x00, 0x00, 0x00, 0x00, 0x00, 0x00, 0x00, 0x00, 0x00, 0x00, 0x00, 0x00, 0x00, 0x00, 0x00, 0x00, 0x00, 0x00, 0x00, 0x00, 0x00, 0x00, 0x00, 0x00,
    0x00, 0x00, 0x00, 0x00, 0x00, 0x00, 0x00, 0x00, 0x00, 0x00, 0x00, 0x00, 0x00, 0x00, 0x00, 0x00, 0x00, 0x00, 0x00, 0x00, 0x00, 0x00, 0x00, 0x00,
    0x00, 0x00, 0x00, 0x00, 0x00, 0x00, 0x00, 0x00, 0x00, 0x00, 0x00, 0x01, 0x00, 0x00, 0x00, 0x00, 0x00, 0x00, 0x00, 0x00, 0x00, 0x00, 0x00, 0x00,
    0x00, 0x00, 0x00, 0x2C, 0x00, 0x00, 0x00, 0x5F, 0x00, 0x00, 0x00, 0x85, 0x06, 0x06, 0x04, 0xA6, 0x0B, 0x0B, 0x0B, 0x8A, 0x00, 0x00, 0x00, 0x27,
    0x00, 0x00, 0x00, 0x00, 0x00, 0x00, 0x00, 0x00, 0x00, 0x00, 0x00, 0x00, 0x00, 0x00, 0x00, 0x00, 0x00, 0x00, 0x00, 0x02, 0x00, 0x00, 0x00, 0x00,
    0x00, 0x00, 0x00, 0x00, 0x00, 0x00, 0x00, 0x00, 0x00, 0x00, 0x00, 0x00, 0x00, 0x00, 0x00, 0x00, 0x00, 0x00, 0x00, 0x00, 0x00, 0x00, 0x00, 0x00,
    0x00, 0x00, 0x00, 0x00, 0x00, 0x00, 0x00, 0x00, 0x00, 0x00, 0x00, 0x00, 0x00, 0x00, 0x00, 0x00, 0x00, 0x00, 0x00, 0x00, 0x00, 0x00, 0x00, 0x00,
    0x00, 0x00, 0x00, 0x00, 0x00, 0x00, 0x00, 0x00, 0x00, 0x00, 0x00, 0x00, 0x00, 0x00, 0x00, 0x00, 0x00, 0x00, 0x00, 0x00, 0x00, 0x00, 0x00, 0x00,
    0x00, 0x00, 0x00, 0x00, 0x00, 0x00, 0x00, 0x00, 0x00, 0x00, 0x00, 0x00, 0x00, 0x00, 0x00, 0x00, 0x00, 0x00, 0x00, 0x00, 0x00, 0x00, 0x00, 0x00,
    0x00, 0x00, 0x00, 0x00, 0x00, 0x00, 0x00, 0x00, 0x00, 0x00, 0x00, 0x00, 0x00, 0x00, 0x00, 0x00, 0x00, 0x00, 0x00, 0x00, 0x00, 0x00, 0x00, 0x00,
    0x00, 0x00, 0x00, 0x00, 0x00, 0x00, 0x00, 0x00, 0x00, 0x00, 0x00, 0x00, 0x00, 0x00, 0x00, 0x01, 0x00, 0x00, 0x00, 0x03, 0x00, 0x00, 0x00, 0x01,
    0x00, 0x00, 0x00, 0x00, 0x00, 0x00, 0x00, 0x00, 0x00, 0x00, 0x00, 0x00, 0x00, 0x00, 0x00, 0x04, 0x00, 0x00, 0x00, 0x00, 0x00, 0x00, 0x00, 0x00,
    0x00, 0x00, 0x00, 0x02, 0x00, 0x00, 0x00, 0x02, 0x00, 0x00, 0x00, 0x01, 0x00, 0x00, 0x00, 0x01, 0x00, 0x00, 0x00, 0x00, 0x00, 0x00, 0x00, 0x00,
    0x00, 0x00, 0x00, 0x00, 0x00, 0x00, 0x00, 0x00, 0x00, 0x00, 0x00, 0x00, 0x00, 0x00, 0x00, 0x00, 0x00, 0x00, 0x00, 0x00, 0x00, 0x00, 0x00, 0x00,
    0x00, 0x00, 0x00, 0x00, 0x00, 0x00, 0x00, 0x00, 0x00, 0x00, 0x00, 0x00, 0x00, 0x00, 0x00, 0x00, 0x00, 0x00, 0x00, 0x00, 0x00, 0x00, 0x00, 0x00,
    0x00, 0x00, 0x00, 0x00, 0x00, 0x00, 0x00, 0x00, 0x00, 0x00, 0x00, 0x00, 0x00, 0x00, 0x00, 0x00, 0x00, 0x00, 0x00, 0x00, 0x00, 0x00, 0x00, 0x00,
    0x00, 0x00, 0x00, 0x00, 0x00, 0x00, 0x00, 0x00, 0x00, 0x00, 0x00, 0x00, 0x00, 0x00, 0x00, 0x00, 0x00, 0x00, 0x00, 0x00, 0x00, 0x00, 0x00, 0x00,
    0x00, 0x00, 0x00, 0x00, 0x00, 0x00, 0x00, 0x00, 0x00, 0x00, 0x00, 0x00, 0x00, 0x00, 0x00, 0x00, 0x00, 0x00, 0x00, 0x00, 0x00, 0x00, 0x00, 0x00,
    0x00, 0x00, 0x00, 0x00, 0x00, 0x00, 0x00, 0x00, 0x00, 0x00, 0x00, 0x00, 0x00, 0x00, 0x00, 0x00, 0x00, 0x00, 0x00, 0x00, 0x00, 0x00, 0x00, 0x00,
    0x00, 0x00, 0x00, 0x00, 0x00, 0x00, 0x00, 0x00, 0x00, 0x00, 0x00, 0x00, 0x00, 0x00, 0x00, 0x00, 0x00, 0x00, 0x00, 0x00, 0x00, 0x00, 0x00, 0x00,
    0x00, 0x00, 0x00, 0x00, 0x00, 0x00, 0x00, 0x00, 0x00, 0x00, 0x00, 0x00, 0x00, 0x00, 0x00, 0x00, 0x00, 0x00, 0x00, 0x00, 0x00, 0x00, 0x00, 0x00,
    0x00, 0x00, 0x00, 0x00, 0x00, 0x00, 0x00, 0x00, 0x00, 0x00, 0x00, 0x00, 0x00, 0x00, 0x00, 0x00, 0x00, 0x00, 0x00, 0x00, 0x00, 0x00, 0x00, 0x00,
    0x00, 0x00, 0x00, 0x00, 0x00, 0x00, 0x00, 0x00, 0x00, 0x00, 0x00, 0x00, 0x00, 0x00, 0x00, 0x00, 0x00, 0x00, 0x00, 0x00, 0x00, 0x00, 0x00, 0x00,
    0x00, 0x00, 0x00, 0x00, 0x00, 0x00, 0x00, 0x00, 0x00, 0x00, 0x00, 0x00, 0x00, 0x00, 0x00, 0x00, 0x00, 0x00, 0x00, 0x00, 0x00, 0x00, 0x00, 0x00,
    0x00, 0x00, 0x00, 0x00, 0x00, 0x00, 0x00, 0x00, 0x00, 0x00, 0x00, 0x00, 0x00, 0x00, 0x00, 0x00, 0x00, 0x00, 0x00, 0x00, 0x00, 0x00, 0x00, 0x00,
    0x00, 0x00, 0x00, 0x00, 0x00, 0x00, 0x00, 0x00, 0x00, 0x00, 0x00, 0x00, 0x00, 0x00, 0x00, 0x00, 0x00, 0x00, 0x00, 0x00, 0x00, 0x00, 0x00, 0x00,
    0x00, 0x00, 0x00, 0x00, 0x00, 0x00, 0x00, 0x00, 0x00, 0x00, 0x00, 0x00, 0x00, 0x00, 0x00, 0x00, 0x00, 0x00, 0x00, 0x00, 0x00, 0x00, 0x00, 0x00,
    0x00, 0x00, 0x00, 0x00, 0x00, 0x00, 0x00, 0x00, 0x00, 0x00, 0x00, 0x00, 0x00, 0x00, 0x00, 0x00, 0x00, 0x00, 0x00, 0x00, 0x00, 0x00, 0x00, 0x00,
    0x00, 0x00, 0x00, 0x00, 0x00, 0x00, 0x00, 0x00, 0x00, 0x00, 0x00, 0x00, 0x00, 0x00, 0x00, 0x00, 0x00, 0x00, 0x00, 0x00, 0x00, 0x00, 0x00, 0x00,
    0x00, 0x00, 0x00, 0x00, 0x00, 0x00, 0x00, 0x00, 0x00, 0x00, 0x00, 0x00, 0x00, 0x00, 0x00, 0x00, 0x00, 0x00, 0x00, 0x00, 0x00, 0x00, 0x00, 0x00,
    0x00, 0x00, 0x00, 0x00, 0x00, 0x00, 0x00, 0x00, 0x00, 0x00, 0x00, 0x00, 0x00, 0x00, 0x00, 0x00, 0x00, 0x00, 0x00, 0x00, 0x00, 0x00, 0x00, 0x00,
    0x00, 0x00, 0x00, 0x00, 0x00, 0x00, 0x00, 0x00, 0x00, 0x00, 0x00, 0x00, 0x00, 0x00, 0x00, 0x00, 0x00, 0x00, 0x00, 0x00, 0x00, 0x00, 0x00, 0x00,
    0x00, 0x00, 0x00, 0x00, 0x00, 0x00, 0x00, 0x00, 0x00, 0x00, 0x00, 0x00, 0x00, 0x00, 0x00, 0x00, 0x00, 0x00, 0x00, 0x00, 0x00, 0x00, 0x00, 0x00,
    0x00, 0x00, 0x00, 0x00, 0x00, 0x00, 0x00, 0x00, 0x00, 0x00, 0x00, 0x00, 0x00, 0x00, 0x00, 0x00, 0x00, 0x00, 0x00, 0x00, 0x00, 0x00, 0x00, 0x00,
    0x00, 0x00, 0x00, 0x00, 0x00, 0x00, 0x00, 0x00, 0x00, 0x00, 0x00, 0x00, 0x00, 0x00, 0x00, 0x00, 0x00, 0x00, 0x00, 0x00, 0x00, 0x00, 0x00, 0x00,
    0x00, 0x00, 0x00, 0x00, 0x00, 0x00, 0x00, 0x00, 0x00, 0x00, 0x00, 0x00, 0x00, 0x00, 0x00, 0x00, 0x00, 0x00, 0x00, 0x00, 0x00, 0x00, 0x00, 0x00,
    0x00, 0x00, 0x00, 0x00, 0x00, 0x00, 0x00, 0x00, 0x00, 0x00, 0x00, 0x00, 0x00, 0x00, 0x00, 0x00, 0x00, 0x00, 0x00, 0x00, 0x00, 0x00, 0x00, 0x00,
    0x00, 0x00, 0x00, 0x00, 0x00, 0x00, 0x00, 0x00, 0x00, 0x00, 0x00, 0x00, 0x00, 0x00, 0x00, 0x00, 0x00, 0x00, 0x00, 0x00, 0x00, 0x00, 0x00, 0x00,
    0x00, 0x00, 0x00, 0x00, 0x00, 0x00, 0x00, 0x00, 0x00, 0x00, 0x00, 0x00, 0x00, 0x00, 0x00, 0x00, 0x00, 0x00, 0x00, 0x00, 0x00, 0x00, 0x00, 0x00,
    0x00, 0x00, 0x00, 0x00, 0x00, 0x00, 0x00, 0x00, 0x00, 0x00, 0x00, 0x00, 0x00, 0x00, 0x00, 0x00, 0x00, 0x00, 0x00, 0x00, 0x00, 0x00, 0x00, 0x00,
    0x00, 0x00, 0x00, 0x00, 0x00, 0x00, 0x00, 0x00, 0x00, 0x00, 0x00, 0x00, 0x00, 0x00, 0x00, 0x00, 0x00, 0x00, 0x00, 0x00, 0x00, 0x00, 0x00, 0x00,
    0x00, 0x00, 0x00, 0x00, 0x00, 0x00, 0x00, 0x00, 0x00, 0x00, 0x00, 0x00, 0x00, 0x00, 0x00, 0x00, 0x00, 0x00, 0x00, 0x00, 0x00, 0x00, 0x00, 0x00,
    0x00, 0x00, 0x00, 0x00, 0x00, 0x00, 0x00, 0x00, 0x00, 0x00, 0x00, 0x00, 0x00, 0x00, 0x00, 0x00, 0x00, 0x00, 0x00, 0x00, 0x00, 0x00, 0x00, 0x00,
    0x00, 0x00, 0x00, 0x00, 0x00, 0x00, 0x00, 0x00, 0x00, 0x00, 0x00, 0x00, 0x00, 0x00, 0x00, 0x00, 0x00, 0x00, 0x00, 0x00, 0x00, 0x00, 0x00, 0x00,
    0x00, 0x00, 0x00, 0x00, 0x00, 0x00, 0x00, 0x00, 0x00, 0x00, 0x00, 0x00, 0x00, 0x00, 0x00, 0x00, 0x00, 0x00, 0x00, 0x00, 0x00, 0x00, 0x00, 0x00,
    0x00, 0x00, 0x00, 0x00, 0x00, 0x00, 0x00, 0x00, 0x00, 0x00, 0x00, 0x00, 0x00, 0x00, 0x00, 0x00, 0x00, 0x00, 0x00, 0x00, 0x00, 0x00, 0x00, 0x00,
    0x00, 0x00, 0x00, 0x00, 0x00, 0x00, 0x00, 0x00, 0x00, 0x00, 0x00, 0x00, 0x00, 0x00, 0x00, 0x00, 0x00, 0x00, 0x00, 0x00, 0x00, 0x00, 0x00, 0x00,
    0x00, 0x00, 0x00, 0x00, 0x00, 0x00, 0x00, 0x00, 0x00, 0x00, 0x00, 0x00, 0x00, 0x00, 0x00, 0x00, 0x00, 0x00, 0x00, 0x00, 0x00, 0x00, 0x00, 0x00,
    0x00, 0x00, 0x00, 0x00, 0x00, 0x00, 0x00, 0x00, 0x00, 0x00, 0x00, 0x00, 0x00, 0x00, 0x00, 0x00, 0x00, 0x00, 0x00, 0x00, 0x00, 0x00, 0x00, 0x00,
    0x00, 0x00, 0x00, 0x00, 0x00, 0x00, 0x00, 0x00, 0x00, 0x00, 0x00, 0x00, 0x00, 0x00, 0x00, 0x00, 0x00, 0x00, 0x00, 0x00, 0x00, 0x00, 0x00, 0x00,
    0x00, 0x00, 0x00, 0x00, 0x00, 0x00, 0x00, 0x00, 0x00, 0x00, 0x00, 0x00, 0x00, 0x00, 0x00, 0x00, 0x00, 0x00, 0x00, 0x00, 0x00, 0x00, 0x00, 0x00,
    0x00, 0x00, 0x00, 0x00, 0x00, 0x00, 0x00, 0x00, 0x00, 0x00, 0x00, 0x00, 0x00, 0x00, 0x00, 0x00, 0x00, 0x00, 0x00, 0x00, 0x00, 0x00, 0x00, 0x00,
    0x00, 0x00, 0x00, 0x00, 0x00, 0x00, 0x00, 0x00, 0x00, 0x00, 0x00, 0x00, 0x00, 0x00, 0x00, 0x00, 0x00, 0x00, 0x00, 0x00, 0x00, 0x00, 0x00, 0x00,
    0x00, 0x00, 0x00, 0x00, 0x00, 0x00, 0x00, 0x00, 0x00, 0x00, 0x00, 0x00, 0x00, 0x00, 0x00, 0x00, 0x00, 0x00, 0x00, 0x00, 0x00, 0x00, 0x00, 0x00,
    0x00, 0x00, 0x00, 0x00, 0x00, 0x00, 0x00, 0x00, 0x00, 0x00, 0x00, 0x00, 0x00, 0x00, 0x00, 0x00, 0x00, 0x00, 0x00, 0x00, 0x00, 0x00, 0x00, 0x00,
    0x00, 0x00, 0x00, 0x00, 0x00, 0x00, 0x00, 0x00, 0x00, 0x00, 0x00, 0x00, 0x00, 0x00, 0x00, 0x00, 0x00, 0x00, 0x00, 0x00, 0x00, 0x00, 0x00, 0x00,
    0x00, 0x00, 0x00, 0x00, 0x00, 0x00, 0x00, 0x00, 0x00, 0x00, 0x00, 0x00, 0x00, 0x00, 0x00, 0x00, 0x00, 0x00, 0x00, 0x00, 0x00, 0x00, 0x00, 0x00,
    0x00, 0x00, 0x00, 0x00, 0x00, 0x00, 0x00, 0x00, 0x00, 0x00, 0x00, 0x00, 0x00, 0x00, 0x00, 0x00, 0x00, 0x00, 0x00, 0x00, 0x00, 0x00, 0x00, 0x00,
    0x00, 0x00, 0x00, 0x00, 0x00, 0x00, 0x00, 0x00, 0x00, 0x00, 0x00, 0x00, 0x00, 0x00, 0x00, 0x00, 0x00, 0x00, 0x00, 0x00, 0x00, 0x00, 0x00, 0x00,
    0x00, 0x00, 0x00, 0x00, 0x00, 0x00, 0x00, 0x00, 0x00, 0x00, 0x00, 0x00, 0x00, 0x00, 0x00, 0x00, 0x00, 0x00, 0x00, 0x00, 0x00, 0x00, 0x00, 0x00,
    0x00, 0x00, 0x00, 0x00, 0x00, 0x00, 0x00, 0x00, 0x00, 0x00, 0x00, 0x00, 0x00, 0x00, 0x00, 0x00, 0x00, 0x00, 0x00, 0x00, 0x00, 0x00, 0x00, 0x00,
    0x00, 0x00, 0x00, 0x00, 0x00, 0x00, 0x00, 0x00, 0x00, 0x00, 0x00, 0x00, 0x00, 0x00, 0x00, 0x00, 0x00, 0x00, 0x00, 0x00, 0x00, 0x00, 0x00, 0x00,
    0x00, 0x00, 0x00, 0x00, 0x00, 0x00, 0x00, 0x00, 0x00, 0x00, 0x00, 0x00, 0x00, 0x00, 0x00, 0x00, 0x00, 0x00, 0x00, 0x00, 0x00, 0x00, 0x00, 0x00,
};
inline constexpr std::array<std::uint8_t, 9216> tek_gauntlets = {
    0x00, 0x00, 0x00, 0x00, 0x00, 0x00, 0x00, 0x00, 0x00, 0x00, 0x00, 0x00, 0x00, 0x00, 0x00, 0x00, 0x00, 0x00, 0x00, 0x00, 0x00, 0x00, 0x00, 0x00,
    0x00, 0x00, 0x00, 0x00, 0x00, 0x00, 0x00, 0x00, 0x00, 0x00, 0x00, 0x00, 0x00, 0x00, 0x00, 0x00, 0x00, 0x00, 0x00, 0x00, 0x00, 0x00, 0x00, 0x00,
    0x00, 0x00, 0x00, 0x00, 0x00, 0x00, 0x00, 0x00, 0x00, 0x00, 0x00, 0x00, 0x00, 0x00, 0x00, 0x00, 0x00, 0x00, 0x00, 0x00, 0x00, 0x00, 0x00, 0x00,
    0x00, 0x00, 0x00, 0x00, 0x00, 0x00, 0x00, 0x00, 0x00, 0x00, 0x00, 0x00, 0x00, 0x00, 0x00, 0x00, 0x00, 0x00, 0x00, 0x00, 0x00, 0x00, 0x00, 0x00,
    0x00, 0x00, 0x00, 0x00, 0x00, 0x00, 0x00, 0x00, 0x00, 0x00, 0x00, 0x00, 0x00, 0x00, 0x00, 0x00, 0x00, 0x00, 0x00, 0x00, 0x00, 0x00, 0x00, 0x00,
    0x00, 0x00, 0x00, 0x00, 0x00, 0x00, 0x00, 0x00, 0x00, 0x00, 0x00, 0x00, 0x00, 0x00, 0x00, 0x00, 0x00, 0x00, 0x00, 0x00, 0x00, 0x00, 0x00, 0x00,
    0x00, 0x00, 0x00, 0x00, 0x00, 0x00, 0x00, 0x00, 0x00, 0x00, 0x00, 0x00, 0x00, 0x00, 0x00, 0x00, 0x00, 0x00, 0x00, 0x00, 0x00, 0x00, 0x00, 0x00,
    0x00, 0x00, 0x00, 0x00, 0x00, 0x00, 0x00, 0x00, 0x00, 0x00, 0x00, 0x00, 0x00, 0x00, 0x00, 0x00, 0x00, 0x00, 0x00, 0x00, 0x00, 0x00, 0x00, 0x00,
    0x00, 0x00, 0x00, 0x00, 0x00, 0x00, 0x00, 0x00, 0x00, 0x00, 0x00, 0x00, 0x00, 0x00, 0x00, 0x00, 0x00, 0x00, 0x00, 0x00, 0x00, 0x00, 0x00, 0x00,
    0x00, 0x00, 0x00, 0x00, 0x00, 0x00, 0x00, 0x00, 0x00, 0x00, 0x00, 0x00, 0x00, 0x00, 0x00, 0x00, 0x00, 0x00, 0x00, 0x00, 0x00, 0x00, 0x00, 0x00,
    0x00, 0x00, 0x00, 0x00, 0x00, 0x00, 0x00, 0x00, 0x00, 0x00, 0x00, 0x00, 0x00, 0x00, 0x00, 0x00, 0x00, 0x00, 0x00, 0x00, 0x00, 0x00, 0x00, 0x00,
    0x00, 0x00, 0x00, 0x00, 0x00, 0x00, 0x00, 0x00, 0x00, 0x00, 0x00, 0x00, 0x00, 0x00, 0x00, 0x00, 0x00, 0x00, 0x00, 0x00, 0x00, 0x00, 0x00, 0x00,
    0x00, 0x00, 0x00, 0x00, 0x00, 0x00, 0x00, 0x00, 0x00, 0x00, 0x00, 0x00, 0x00, 0x00, 0x00, 0x00, 0x00, 0x00, 0x00, 0x00, 0x00, 0x00, 0x00, 0x00,
    0x00, 0x00, 0x00, 0x00, 0x00, 0x00, 0x00, 0x00, 0x00, 0x00, 0x00, 0x00, 0x00, 0x00, 0x00, 0x00, 0x00, 0x00, 0x00, 0x00, 0x00, 0x00, 0x00, 0x00,
    0x00, 0x00, 0x00, 0x00, 0x00, 0x00, 0x00, 0x00, 0x00, 0x00, 0x00, 0x00, 0x00, 0x00, 0x00, 0x00, 0x00, 0x00, 0x00, 0x00, 0x00, 0x00, 0x00, 0x00,
    0x00, 0x00, 0x00, 0x00, 0x00, 0x00, 0x00, 0x00, 0x00, 0x00, 0x00, 0x00, 0x00, 0x00, 0x00, 0x00, 0x00, 0x00, 0x00, 0x00, 0x00, 0x00, 0x00, 0x00,
    0x00, 0x00, 0x00, 0x00, 0x00, 0x00, 0x00, 0x00, 0x00, 0x00, 0x00, 0x00, 0x00, 0x00, 0x00, 0x00, 0x00, 0x00, 0x00, 0x00, 0x00, 0x00, 0x00, 0x00,
    0x00, 0x00, 0x00, 0x00, 0x00, 0x00, 0x00, 0x00, 0x00, 0x00, 0x00, 0x00, 0x00, 0x00, 0x00, 0x00, 0x00, 0x00, 0x00, 0x00, 0x00, 0x00, 0x00, 0x00,
    0x00, 0x00, 0x00, 0x00, 0x00, 0x00, 0x00, 0x00, 0x00, 0x00, 0x00, 0x00, 0x00, 0x00, 0x00, 0x00, 0x00, 0x00, 0x00, 0x00, 0x00, 0x00, 0x00, 0x00,
    0x00, 0x00, 0x00, 0x00, 0x00, 0x00, 0x00, 0x00, 0x00, 0x00, 0x00, 0x00, 0x00, 0x00, 0x00, 0x00, 0x00, 0x00, 0x00, 0x00, 0x00, 0x00, 0x00, 0x00,
    0x00, 0x00, 0x00, 0x00, 0x00, 0x00, 0x00, 0x00, 0x00, 0x00, 0x00, 0x00, 0x00, 0x00, 0x00, 0x00, 0x00, 0x00, 0x00, 0x00, 0x00, 0x00, 0x00, 0x00,
    0x00, 0x00, 0x00, 0x00, 0x00, 0x00, 0x00, 0x00, 0x00, 0x00, 0x00, 0x00, 0x00, 0x00, 0x00, 0x00, 0x00, 0x00, 0x00, 0x00, 0x00, 0x00, 0x00, 0x00,
    0x00, 0x00, 0x00, 0x00, 0x00, 0x00, 0x00, 0x00, 0x00, 0x00, 0x00, 0x00, 0x00, 0x00, 0x00, 0x00, 0x00, 0x00, 0x00, 0x00, 0x00, 0x00, 0x00, 0x00,
    0x00, 0x00, 0x00, 0x00, 0x00, 0x00, 0x00, 0x00, 0x00, 0x00, 0x00, 0x00, 0x00, 0x00, 0x00, 0x00, 0x00, 0x00, 0x00, 0x00, 0x00, 0x00, 0x00, 0x00,
    0x00, 0x00, 0x00, 0x00, 0x00, 0x00, 0x00, 0x00, 0x00, 0x00, 0x00, 0x00, 0x00, 0x00, 0x00, 0x00, 0x00, 0x00, 0x00, 0x00, 0x00, 0x00, 0x00, 0x00,
    0x00, 0x00, 0x00, 0x00, 0x00, 0x00, 0x00, 0x00, 0x00, 0x00, 0x00, 0x00, 0x00, 0x00, 0x00, 0x00, 0x00, 0x00, 0x00, 0x00, 0x00, 0x00, 0x00, 0x00,
    0x00, 0x00, 0x00, 0x00, 0x00, 0x00, 0x00, 0x00, 0x00, 0x00, 0x00, 0x00, 0x00, 0x00, 0x00, 0x00, 0x00, 0x00, 0x00, 0x00, 0x00, 0x00, 0x00, 0x00,
    0x89, 0x89, 0x86, 0x59, 0x76, 0x79, 0x76, 0x45, 0x00, 0x00, 0x00, 0x00, 0x7F, 0x7F, 0x7F, 0x02, 0x00, 0x00, 0x00, 0x03, 0x00, 0x00, 0x00, 0x00,
    0x00, 0x00, 0x00, 0x00, 0x00, 0x00, 0x00, 0x00, 0x00, 0x00, 0x00, 0x00, 0x00, 0x00, 0x00, 0x00, 0x00, 0x00, 0x00, 0x00, 0x00, 0x00, 0x00, 0x00,
    0x00, 0x00, 0x00, 0x00, 0x00, 0x00, 0x00, 0x00, 0x00, 0x00, 0x00, 0x00, 0x00, 0x00, 0x00, 0x00, 0x00, 0x00, 0x00, 0x00, 0x00, 0x00, 0x00, 0x00,
    0x00, 0x00, 0x00, 0x00, 0x00, 0x00, 0x00, 0x00, 0x00, 0x00, 0x00, 0x00, 0x00, 0x00, 0x00, 0x00, 0x00, 0x00, 0x00, 0x00, 0x00, 0x00, 0x00, 0x00,
    0x00, 0x00, 0x00, 0x00, 0x00, 0x00, 0x00, 0x00, 0x00, 0x00, 0x00, 0x00, 0x00, 0x00, 0x00, 0x00, 0x00, 0x00, 0x00, 0x00, 0x00, 0x00, 0x00, 0x00,
    0x00, 0x00, 0x00, 0x00, 0x00, 0x00, 0x00, 0x00, 0x00, 0x00, 0x00, 0x00, 0x00, 0x00, 0x00, 0x00, 0x00, 0x00, 0x00, 0x00, 0x00, 0x00, 0x00, 0x00,
    0x00, 0x00, 0x00, 0x00, 0x00, 0x00, 0x00, 0x00, 0x00, 0x00, 0x00, 0x00, 0x00, 0x00, 0x00, 0x00, 0x00, 0x00, 0x00, 0x00, 0x00, 0x00, 0x00, 0x00,
    0x00, 0x00, 0x00, 0x00, 0x00, 0x00, 0x00, 0x00, 0x00, 0x00, 0x00, 0x00, 0x7F, 0x7F, 0x7F, 0x02, 0xFF, 0xFF, 0xFF, 0x01, 0x61, 0x61, 0x61, 0x22,
    0x78, 0x79, 0x75, 0xF5, 0x6D, 0x6F, 0x6C, 0xDD, 0x69, 0x6D, 0x6D, 0x3A, 0x00, 0x00, 0x00, 0x00, 0x00, 0x00, 0x00, 0x00, 0x00, 0x00, 0x00, 0x01,
    0x00, 0x00, 0x00, 0x00, 0x00, 0x00, 0x00, 0x00, 0x00, 0x00, 0x00, 0x00, 0x00, 0x00, 0x00, 0x00, 0x00, 0x00, 0x00, 0x00, 0x00, 0x00, 0x00, 0x00,
    0x00, 0x00, 0x00, 0x00, 0x00, 0x00, 0x00, 0x00, 0x00, 0x00, 0x00, 0x00, 0x00, 0x00, 0x00, 0x00, 0x00, 0x00, 0x00, 0x00, 0x00, 0x00, 0x00, 0x00,
    0x00, 0x00, 0x00, 0x00, 0x00, 0x00, 0x00, 0x00, 0x00, 0x00, 0x00, 0x00, 0x00, 0x00, 0x00, 0x00, 0x00, 0x00, 0x00, 0x00, 0x00, 0x00, 0x00, 0x00,
    0x00, 0x00, 0x00, 0x00, 0x00, 0x00, 0x00, 0x00, 0x00, 0x00, 0x00, 0x00, 0x00, 0x00, 0x00, 0x00, 0x00, 0x00, 0x00, 0x00, 0x00, 0x00, 0x00, 0x00,
    0x00, 0x00, 0x00, 0x00, 0x00, 0x00, 0x00, 0x00, 0x00, 0x00, 0x00, 0x00, 0x00, 0x00, 0x00, 0x00, 0x00, 0x00, 0x00, 0x00, 0x00, 0x00, 0x00, 0x00,
    0x00, 0x00, 0x00, 0x00, 0x00, 0x00, 0x00, 0x00, 0x00, 0x00, 0x00, 0x00, 0x00, 0x00, 0x00, 0x00, 0x00, 0x00, 0x00, 0x00, 0x00, 0x00, 0x00, 0x00,
    0x00, 0x00, 0x00, 0x00, 0x00, 0x00, 0x00, 0x00, 0x00, 0x00, 0x00, 0x00, 0xAA, 0xAA, 0xAA, 0x03, 0x00, 0x00, 0x00, 0x00, 0x9D, 0xA0, 0x9B, 0x71,
    0x7C, 0x7D, 0x78, 0xFF, 0x6C, 0x6F, 0x6A, 0xF2, 0x65, 0x68, 0x66, 0xEF, 0x1F, 0x22, 0x22, 0xC0, 0x19, 0x1D, 0x1D, 0x4F, 0x00, 0x00, 0x00, 0x00,
    0x00, 0x00, 0x00, 0x02, 0x00, 0x00, 0x00, 0x00, 0x00, 0x00, 0x00, 0x00, 0x00, 0x00, 0x00, 0x00, 0x00, 0x00, 0x00, 0x00, 0x00, 0x00, 0x00, 0x00,
    0x00, 0x00, 0x00, 0x00, 0x00, 0x00, 0x00, 0x00, 0x00, 0x00, 0x00, 0x00, 0x00, 0x00, 0x00, 0x00, 0x00, 0x00, 0x00, 0x00, 0x00, 0x00, 0x00, 0x00,
    0x00, 0x00, 0x00, 0x00, 0x00, 0x00, 0x00, 0x00, 0x00, 0x00, 0x00, 0x00, 0x00, 0x00, 0x00, 0x00, 0x00, 0x00, 0x00, 0x00, 0x00, 0x00, 0x00, 0x00,
    0x00, 0x00, 0x00, 0x00, 0x00, 0x00, 0x00, 0x00, 0x00, 0x00, 0x00, 0x00, 0x00, 0x00, 0x00, 0x00, 0x00, 0x00, 0x00, 0x00, 0x00, 0x00, 0x00, 0x00,
    0x00, 0x00, 0x00, 0x00, 0x00, 0x00, 0x00, 0x00, 0x00, 0x00, 0x00, 0x00, 0x00, 0x00, 0x00, 0x00, 0x00, 0x00, 0x00, 0x00, 0x00, 0x00, 0x00, 0x00,
    0x00, 0x00, 0x00, 0x00, 0x00, 0x00, 0x00, 0x00, 0x00, 0x00, 0x00, 0x00, 0x00, 0x00, 0x00, 0x00, 0x00, 0x00, 0x00, 0x00, 0x00, 0x00, 0x00, 0x00,
    0x00, 0x00, 0x00, 0x00, 0x00, 0x00, 0x00, 0x00, 0x7F, 0x7F, 0x7F, 0x02, 0xFF, 0xFF, 0xFF, 0x01, 0x9B, 0x9B, 0x90, 0x17, 0xA7, 0xAA, 0xA5, 0xDE,
    0x7F, 0x82, 0x7F, 0xFA, 0x6C, 0x70, 0x6C, 0xF4, 0x66, 0x6A, 0x67, 0xF5, 0x25, 0x27, 0x27, 0xFF, 0x09, 0x0B, 0x0B, 0xEB, 0x15, 0x15, 0x15, 0x23,
    0x00, 0x00, 0x00, 0x01, 0x00, 0x00, 0x00, 0x02, 0x00, 0x00, 0x00, 0x00, 0x00, 0x00, 0x00, 0x00, 0x00, 0x00, 0x00, 0x00, 0x00, 0x00, 0x00, 0x00,
    0x00, 0x00, 0x00, 0x00, 0x00, 0x00, 0x00, 0x00, 0x00, 0x00, 0x00, 0x00, 0x00, 0x00, 0x00, 0x00, 0x00, 0x00, 0x00, 0x00, 0x00, 0x00, 0x00, 0x00,
    0x00, 0x00, 0x00, 0x00, 0x00, 0x00, 0x00, 0x00, 0x00, 0x00, 0x00, 0x00, 0x00, 0x00, 0x00, 0x00, 0x00, 0x00, 0x00, 0x00, 0x00, 0x00, 0x00, 0x00,
    0x00, 0x00, 0x00, 0x00, 0x00, 0x00, 0x00, 0x00, 0x00, 0x00, 0x00, 0x00, 0x00, 0x00, 0x00, 0x00, 0x00, 0x00, 0x00, 0x00, 0x00, 0x00, 0x00, 0x00,
    0x00, 0x00, 0x00, 0x00, 0x00, 0x00, 0x00, 0x00, 0x00, 0x00, 0x00, 0x00, 0x00, 0x00, 0x00, 0x00, 0x00, 0x00, 0x00, 0x00, 0x00, 0x00, 0x00, 0x00,
    0x00, 0x00, 0x00, 0x00, 0x00, 0x00, 0x00, 0x00, 0x00, 0x00, 0x00, 0x00, 0x00, 0x00, 0x00, 0x00, 0x00, 0x00, 0x00, 0x00, 0x00, 0x00, 0x00, 0x00,
    0x00, 0x00, 0x00, 0x00, 0x00, 0x00, 0x00, 0x00, 0xFF, 0xFF, 0xFF, 0x02, 0x00, 0x00, 0x00, 0x00, 0xA6, 0xA7, 0xA2, 0x98, 0xA1, 0xA4, 0x9E, 0xFF,
    0x7A, 0x7C, 0x79, 0xF2, 0x6B, 0x70, 0x6C, 0xF6, 0x61, 0x65, 0x62, 0xF6, 0x49, 0x4B, 0x4A, 0xF1, 0x07, 0x0A, 0x09, 0xFF, 0x0D, 0x0F, 0x0F, 0x98,
    0x00, 0x00, 0x00, 0x00, 0x00, 0x00, 0x00, 0x04, 0x00, 0x00, 0x00, 0x00, 0x00, 0x00, 0x00, 0x00, 0x00, 0x00, 0x00, 0x00, 0x00, 0x00, 0x00, 0x00,
    0x00, 0x00, 0x00, 0x00, 0x00, 0x00, 0x00, 0x00, 0x00, 0x00, 0x00, 0x00, 0x00, 0x00, 0x00, 0x00, 0x00, 0x00, 0x00, 0x00, 0x00, 0x00, 0x00, 0x00,
    0x00, 0x00, 0x00, 0x00, 0x00, 0x00, 0x00, 0x00, 0x00, 0x00, 0x00, 0x00, 0x00, 0x00, 0x00, 0x00, 0x00, 0x00, 0x00, 0x00, 0x00, 0x00, 0x00, 0x00,
    0x00, 0x00, 0x00, 0x00, 0x00, 0x00, 0x00, 0x00, 0x00, 0x00, 0x00, 0x00, 0x00, 0x00, 0x00, 0x00, 0x00, 0x00, 0x00, 0x00, 0x00, 0x00, 0x00, 0x00,
    0x00, 0x00, 0x00, 0x00, 0x00, 0x00, 0x00, 0x00, 0x00, 0x00, 0x00, 0x00, 0x00, 0x00, 0x00, 0x00, 0x00, 0x00, 0x00, 0x00, 0x00, 0x00, 0x00, 0x00,
    0x00, 0x00, 0x00, 0x00, 0x00, 0x00, 0x00, 0x00, 0x00, 0x00, 0x00, 0x00, 0x00, 0x00, 0x00, 0x00, 0x00, 0x00, 0x00, 0x00, 0x00, 0x00, 0x00, 0x00,
    0x00, 0x00, 0x00, 0x00, 0xFF, 0xFF, 0x7F, 0x02, 0x00, 0x00, 0x00, 0x00, 0x95, 0x90, 0x90, 0x2E, 0xA6, 0xA8, 0xA2, 0xF6, 0x88, 0x8C, 0x87, 0xF6,
    0x6F, 0x71, 0x6F, 0xF5, 0x6D, 0x72, 0x6F, 0xF6, 0x5E, 0x63, 0x60, 0xF6, 0x58, 0x5B, 0x5B, 0xF5, 0x22, 0x24, 0x24, 0xF6, 0x06, 0x07, 0x07, 0xF1,
    0x0F, 0x0F, 0x0F, 0x33, 0x00, 0x00, 0x00, 0x00, 0x00, 0x00, 0x00, 0x03, 0x55, 0x55, 0x55, 0x03, 0x55, 0x55, 0x55, 0x03, 0x00, 0x00, 0x00, 0x01,
    0x00, 0x00, 0x00, 0x00, 0x00, 0x00, 0x00, 0x00, 0x00, 0x00, 0x00, 0x00, 0x00, 0x00, 0x00, 0x00, 0x00, 0x00, 0x00, 0x00, 0x00, 0x00, 0x00, 0x00,
    0x00, 0x00, 0x00, 0x00, 0x00, 0x00, 0x00, 0x00, 0x00, 0x00, 0x00, 0x00, 0x00, 0x00, 0x00, 0x00, 0x00, 0x00, 0x00, 0x00, 0x00, 0x00, 0x00, 0x00,
    0x00, 0x00, 0x00, 0x00, 0x00, 0x00, 0x00, 0x00, 0x00, 0x00, 0x00, 0x00, 0x00, 0x00, 0x00, 0x00, 0x00, 0x00, 0x00, 0x00, 0x00, 0x00, 0x00, 0x00,
    0x00, 0x00, 0x00, 0x00, 0x00, 0x00, 0x00, 0x00, 0x00, 0x00, 0x00, 0x00, 0x00, 0x00, 0x00, 0x00, 0x00, 0x00, 0x00, 0x00, 0x00, 0x00, 0x00, 0x00,
    0x00, 0x00, 0x00, 0x00, 0x00, 0x00, 0x00, 0x00, 0x00, 0x00, 0x00, 0x00, 0x00, 0x00, 0x00, 0x00, 0x00, 0x00, 0x00, 0x00, 0x00, 0x00, 0x00, 0x00,
    0x00, 0x00, 0x00, 0x00, 0xAA, 0xAA, 0xAA, 0x03, 0x00, 0x00, 0x00, 0x00, 0x9C, 0x9C, 0x96, 0x98, 0xAA, 0xAC, 0xA7, 0xFF, 0x80, 0x83, 0x80, 0xF2,
    0x6E, 0x72, 0x70, 0xF6, 0x75, 0x79, 0x78, 0xF6, 0x69, 0x6E, 0x6C, 0xF6, 0x4C, 0x50, 0x51, 0xF6, 0x3B, 0x3E, 0x3D, 0xF5, 0x0E, 0x11, 0x10, 0xFA,
    0x09, 0x0C, 0x0B, 0xCE, 0x0D, 0x12, 0x12, 0x38, 0x00, 0x00, 0x00, 0x00, 0x00, 0x00, 0x00, 0x00, 0x00, 0x00, 0x00, 0x00, 0x00, 0x00, 0x00, 0x00,
    0x00, 0x00, 0x00, 0x00, 0x00, 0x00, 0x00, 0x00, 0x00, 0x00, 0x00, 0x00, 0x00, 0x00, 0x00, 0x00, 0x00, 0x00, 0x00, 0x02, 0x00, 0x00, 0x00, 0x01,
    0x7F, 0x7F, 0x7F, 0x02, 0xAA, 0xAA, 0xAA, 0x03, 0x00, 0x00, 0x00, 0x00, 0x00, 0x00, 0x00, 0x00, 0x00, 0x00, 0x00, 0x00, 0x00, 0x00, 0x00, 0x00,
    0x00, 0x00, 0x00, 0x00, 0x00, 0x00, 0x00, 0x00, 0x00, 0x00, 0x00, 0x00, 0x00, 0x00, 0x00, 0x00, 0x00, 0x00, 0x00, 0x00, 0x00, 0x00, 0x00, 0x00,
    0x00, 0x00, 0x00, 0x00, 0x00, 0x00, 0x00, 0x00, 0x00, 0x00, 0x00, 0x00, 0x00, 0x00, 0x00, 0x00, 0x00, 0x00, 0x00, 0x00, 0x00, 0x00, 0x00, 0x00,
    0x00, 0x00, 0x00, 0x00, 0x00, 0x00, 0x00, 0x00, 0x00, 0x00, 0x00, 0x00, 0x00, 0x00, 0x00, 0x00, 0x00, 0x00, 0x00, 0x00, 0x00, 0x00, 0x00, 0x00,
    0x00, 0x00, 0x00, 0x01, 0x00, 0x00, 0x00, 0x00, 0x15, 0x15, 0x00, 0x0C, 0x7B, 0x7C, 0x77, 0xD3, 0xA3, 0xA5, 0x9F, 0xFD, 0x7E, 0x80, 0x7D, 0xF4,
    0x7A, 0x7B, 0x7A, 0xF6, 0x79, 0x7D, 0x7B, 0xF6, 0x70, 0x75, 0x74, 0xF6, 0x48, 0x4C, 0x4D, 0xF6, 0x44, 0x47, 0x46, 0xF6, 0x2F, 0x2F, 0x2E, 0xF5,
    0x05, 0x07, 0x06, 0xFA, 0x06, 0x08, 0x08, 0xE9, 0x00, 0x02, 0x01, 0xB3, 0x4B, 0x4D, 0x4D, 0x7A, 0x81, 0x7D, 0x7D, 0x53, 0x91, 0x6D, 0x6D, 0x07,
    0x00, 0x00, 0x00, 0x01, 0x00, 0x00, 0x00, 0x00, 0x00, 0x00, 0x00, 0x00, 0x00, 0x00, 0x00, 0x02, 0x00, 0x00, 0x00, 0x00, 0x00, 0x00, 0x00, 0x00,
    0x00, 0x00, 0x00, 0x00, 0x00, 0x00, 0x00, 0x00, 0x00, 0x00, 0x00, 0x00, 0x00, 0x00, 0x00, 0x00, 0x00, 0x00, 0x00, 0x00, 0x00, 0x00, 0x00, 0x00,
    0x00, 0x00, 0x00, 0x00, 0x00, 0x00, 0x00, 0x00, 0x00, 0x00, 0x00, 0x00, 0x00, 0x00, 0x00, 0x00, 0x00, 0x00, 0x00, 0x00, 0x00, 0x00, 0x00, 0x00,
    0x00, 0x00, 0x00, 0x00, 0x00, 0x00, 0x00, 0x00, 0x00, 0x00, 0x00, 0x00, 0x00, 0x00, 0x00, 0x00, 0x00, 0x00, 0x00, 0x00, 0x00, 0x00, 0x00, 0x00,
    0x00, 0x00, 0x00, 0x00, 0x00, 0x00, 0x00, 0x00, 0x00, 0x00, 0x00, 0x00, 0x00, 0x00, 0x00, 0x00, 0x00, 0x00, 0x00, 0x00, 0x00, 0x00, 0x00, 0x00,
    0x00, 0x00, 0x00, 0x01, 0x00, 0x00, 0x00, 0x00, 0x00, 0x00, 0x00, 0x0D, 0x6A, 0x6A, 0x65, 0xD1, 0x9D, 0xA0, 0x9B, 0xFD, 0x77, 0x7F, 0x79, 0xF4,
    0x7C, 0x87, 0x81, 0xF6, 0x7B, 0x81, 0x80, 0xF6, 0x77, 0x7B, 0x7B, 0xF6, 0x51, 0x56, 0x56, 0xF6, 0x4A, 0x50, 0x50, 0xF6, 0x32, 0x46, 0x49, 0xF6,
    0x04, 0x0B, 0x0C, 0xF5, 0x19, 0x16, 0x18, 0xF7, 0x4C, 0x4F, 0x4F, 0xFE, 0x68, 0x6A, 0x6B, 0xFE, 0x53, 0x67, 0x6A, 0xFF, 0x3C, 0x4F, 0x51, 0x93,
    0x00, 0x00, 0x00, 0x00, 0x7F, 0x7F, 0x7F, 0x02, 0x00, 0x00, 0x00, 0x02, 0x00, 0x00, 0x00, 0x00, 0x26, 0x26, 0x1E, 0x21, 0x0A, 0x0A, 0x0A, 0x18,
    0x6E, 0x68, 0x62, 0x2C, 0x8E, 0x8E, 0x89, 0x66, 0x00, 0x00, 0x00, 0x00, 0x00, 0x00, 0x00, 0x01, 0x00, 0x00, 0x00, 0x00, 0x00, 0x00, 0x00, 0x00,
    0x00, 0x00, 0x00, 0x00, 0x00, 0x00, 0x00, 0x00, 0x00, 0x00, 0x00, 0x00, 0x00, 0x00, 0x00, 0x00, 0x00, 0x00, 0x00, 0x00, 0x00, 0x00, 0x00, 0x00,
    0x00, 0x00, 0x00, 0x00, 0x00, 0x00, 0x00, 0x00, 0x00, 0x00, 0x00, 0x00, 0x00, 0x00, 0x00, 0x00, 0x00, 0x00, 0x00, 0x00, 0x00, 0x00, 0x00, 0x00,
    0x00, 0x00, 0x00, 0x00, 0x00, 0x00, 0x00, 0x00, 0x00, 0x00, 0x00, 0x00, 0x00, 0x00, 0x00, 0x00, 0x00, 0x00, 0x00, 0x00, 0x00, 0x00, 0x00, 0x00,
    0x7F, 0x7F, 0x7F, 0x02, 0xFF, 0xFF, 0xFF, 0x01, 0x69, 0x69, 0x69, 0x22, 0x7F, 0x80, 0x7C, 0xEE, 0x8A, 0x8B, 0x88, 0xF8, 0x49, 0x6E, 0x6D, 0xF5,
    0x43, 0x81, 0x83, 0xF6, 0x29, 0x42, 0x43, 0xF6, 0x51, 0x53, 0x55, 0xF6, 0x57, 0x58, 0x59, 0xF6, 0x39, 0x4C, 0x4F, 0xF6, 0x32, 0x9E, 0xA4, 0xF6,
    0x0A, 0x26, 0x27, 0xF6, 0x49, 0x48, 0x44, 0xF5, 0x5B, 0x5E, 0x62, 0xF4, 0x33, 0x45, 0x48, 0xF2, 0x31, 0x5E, 0x64, 0xFF, 0x25, 0x2E, 0x2E, 0x52,
    0x00, 0x00, 0x00, 0x01, 0x24, 0x24, 0x24, 0x07, 0x00, 0x00, 0x00, 0x00, 0x16, 0x16, 0x16, 0x66, 0x1D, 0x1E, 0x1D, 0xF2, 0x0A, 0x0C, 0x06, 0xA8,
    0x8A, 0x8C, 0x84, 0xDE, 0x9C, 0x9C, 0x96, 0xCF, 0x00, 0x00, 0x00, 0x00, 0xFF, 0xFF, 0xFF, 0x01, 0x00, 0x00, 0x00, 0x00, 0x00, 0x00, 0x00, 0x00,
    0x00, 0x00, 0x00, 0x00, 0x00, 0x00, 0x00, 0x00, 0x00, 0x00, 0x00, 0x00, 0x00, 0x00, 0x00, 0x00, 0x00, 0x00, 0x00, 0x00, 0x00, 0x00, 0x00, 0x00,
    0x00, 0x00, 0x00, 0x00, 0x00, 0x00, 0x00, 0x00, 0x00, 0x00, 0x00, 0x00, 0x00, 0x00, 0x00, 0x00, 0x00, 0x00, 0x00, 0x00, 0x00, 0x00, 0x00, 0x00,
    0x00, 0x00, 0x00, 0x00, 0x00, 0x00, 0x00, 0x00, 0x00, 0x00, 0x00, 0x00, 0x00, 0x00, 0x00, 0x00, 0x00, 0x00, 0x00, 0x00, 0x00, 0x00, 0x00, 0x00,
    0xAA, 0xAA, 0xAA, 0x03, 0x00, 0x00, 0x00, 0x00, 0x95, 0x97, 0x8F, 0x8C, 0x90, 0x91, 0x8F, 0xFF, 0x84, 0x8B, 0x8A, 0xF2, 0x67, 0x76, 0x73, 0xF6,
    0x5A, 0x69, 0x69, 0xF6, 0x28, 0x32, 0x33, 0xF6, 0x36, 0x3C, 0x3C, 0xF6, 0x49, 0x47, 0x48, 0xF6, 0x27, 0x6B, 0x76, 0xF6, 0x1F, 0x96, 0xA2, 0xF6,
    0x0B, 0x0F, 0x0E, 0xF6, 0x52, 0x58, 0x57, 0xF6, 0x3B, 0x3E, 0x43, 0xF3, 0x3B, 0x6F, 0x70, 0xFF, 0x33, 0x5F, 0x65, 0xA9, 0x00, 0x00, 0x00, 0x00,
    0x00, 0x00, 0x00, 0x00, 0x00, 0x00, 0x00, 0x00, 0x0E, 0x0E, 0x0E, 0x46, 0x1B, 0x1D, 0x1F, 0xFC, 0x0A, 0x0C, 0x0C, 0xF9, 0x3B, 0x3E, 0x3A, 0xF6,
    0x99, 0x9D, 0x97, 0xFF, 0x7B, 0x7E, 0x79, 0xC6, 0xFF, 0xFF, 0xFF, 0x03, 0x00, 0x00, 0x00, 0x00, 0x00, 0x00, 0x00, 0x01, 0x00, 0x00, 0x00, 0x00,
    0x00, 0x00, 0x00, 0x00, 0x00, 0x00, 0x00, 0x00, 0x00, 0x00, 0x00, 0x00, 0x00, 0x00, 0x00, 0x00, 0x00, 0x00, 0x00, 0x00, 0x00, 0x00, 0x00, 0x00,
    0x00, 0x00, 0x00, 0x00, 0x00, 0x00, 0x00, 0x00, 0x00, 0x00, 0x00, 0x00, 0x00, 0x00, 0x00, 0x00, 0x00, 0x00, 0x00, 0x00, 0x00, 0x00, 0x00, 0x00,
    0x00, 0x00, 0x00, 0x00, 0x00, 0x00, 0x00, 0x00, 0x00, 0x00, 0x00, 0x00, 0x00, 0x00, 0x00, 0x00, 0x00, 0x00, 0x00, 0x00, 0x7F, 0xFF, 0x7F, 0x02,
    0xFF, 0xFF, 0xFF, 0x02, 0x99, 0x99, 0x99, 0x19, 0x93, 0x96, 0x97, 0xEB, 0x76, 0x79, 0x7E, 0xF9, 0x7D, 0x86, 0x87, 0xF5, 0x63, 0x6C, 0x6C, 0xF6,
    0x63, 0x6D, 0x6E, 0xF6, 0x2E, 0x3A, 0x3A, 0xF6, 0x40, 0x45, 0x46, 0xF6, 0x35, 0x3F, 0x45, 0xF6, 0x20, 0x9B, 0xA7, 0xF6, 0x08, 0x39, 0x3C, 0xF6,
    0x3C, 0x35, 0x32, 0xF6, 0x57, 0x5A, 0x5B, 0xF6, 0x38, 0x46, 0x4A, 0xF4, 0x33, 0x62, 0x66, 0xFC, 0x3F, 0x47, 0x4A, 0x8C, 0x00, 0x00, 0x00, 0x38,
    0x05, 0x05, 0x0B, 0x2B, 0x18, 0x1D, 0x1D, 0x34, 0x1A, 0x1B, 0x1D, 0xE1, 0x16, 0x18, 0x19, 0xFB, 0x08, 0x0B, 0x09, 0xF3, 0x81, 0x84, 0x80, 0xF4,
    0x83, 0x87, 0x85, 0xFB, 0x87, 0x8A, 0x85, 0xD9, 0xAA, 0xAA, 0x99, 0x0F, 0x00, 0x00, 0x00, 0x00, 0xFF, 0xFF, 0x00, 0x01, 0x00, 0x00, 0x00, 0x00,
    0x00, 0x00, 0x00, 0x00, 0x00, 0x00, 0x00, 0x00, 0x00, 0x00, 0x00, 0x00, 0x00, 0x00, 0x00, 0x00, 0x00, 0x00, 0x00, 0x00, 0x00, 0x00, 0x00, 0x00,
    0x00, 0x00, 0x00, 0x00, 0x00, 0x00, 0x00, 0x00, 0x00, 0x00, 0x00, 0x00, 0x00, 0x00, 0x00, 0x00, 0x00, 0x00, 0x00, 0x00, 0x00, 0x00, 0x00, 0x00,
    0x00, 0x00, 0x00, 0x00, 0x00, 0x00, 0x00, 0x00, 0x00, 0x00, 0x00, 0x00, 0x00, 0x00, 0x00, 0x00, 0xFF, 0xFF, 0xFF, 0x02, 0x00, 0x00, 0x00, 0x01,
    0x00, 0x00, 0x00, 0x00, 0x9C, 0xA0, 0x95, 0x8C, 0x8B, 0x8E, 0x8C, 0xFF, 0x5B, 0x5E, 0x65, 0xF2, 0x82, 0x88, 0x8A, 0xF6, 0x64, 0x6B, 0x6D, 0xF6,
    0x4A, 0x52, 0x53, 0xF6, 0x2A, 0x30, 0x32, 0xF6, 0x3C, 0x3A, 0x3C, 0xF6, 0x28, 0x60, 0x66, 0xF6, 0x21, 0x8B, 0x98, 0xF6, 0x0F, 0x15, 0x11, 0xF6,
    0x5A, 0x5C, 0x5B, 0xF6, 0x42, 0x44, 0x42, 0xF6, 0x31, 0x41, 0x44, 0xF6, 0x2F, 0x45, 0x47, 0xF5, 0x56, 0x63, 0x66, 0xF8, 0x48, 0x4B, 0x4F, 0xF4,
    0x1B, 0x1D, 0x1E, 0xEC, 0x0E, 0x11, 0x14, 0xF2, 0x19, 0x1A, 0x1C, 0xFA, 0x0D, 0x0E, 0x10, 0xF5, 0x3C, 0x3F, 0x40, 0xF6, 0x96, 0x9B, 0x97, 0xF5,
    0x7A, 0x7F, 0x7E, 0xFA, 0x89, 0x8E, 0x89, 0xE7, 0xA0, 0xA0, 0x97, 0x1B, 0x00, 0x00, 0x00, 0x00, 0xFF, 0xFF, 0xFF, 0x01, 0x00, 0x00, 0x00, 0x00,
    0x00, 0x00, 0x00, 0x00, 0x00, 0x00, 0x00, 0x00, 0x00, 0x00, 0x00, 0x00, 0x00, 0x00, 0x00, 0x00, 0x00, 0x00, 0x00, 0x00, 0x00, 0x00, 0x00, 0x00,
    0x00, 0x00, 0x00, 0x00, 0x00, 0x00, 0x00, 0x00, 0x00, 0x00, 0x00, 0x00, 0x00, 0x00, 0x00, 0x00, 0x00, 0x00, 0x00, 0x00, 0x00, 0x00, 0x00, 0x00,
    0x00, 0x00, 0x00, 0x00, 0x00, 0x00, 0x00, 0x00, 0x00, 0x00, 0x00, 0x00, 0x55, 0x55, 0x55, 0x03, 0x00, 0x00, 0x00, 0x00, 0xAA, 0xAA, 0xAA, 0x09,
    0xB6, 0xB8, 0xAD, 0x8A, 0xAE, 0xB0, 0xA2, 0xF8, 0xB7, 0xB9, 0xAE, 0xF5, 0x6D, 0x6E, 0x6F, 0xF6, 0x43, 0x49, 0x4A, 0xF6, 0x70, 0x78, 0x79, 0xF6,
    0x3B, 0x42, 0x44, 0xF6, 0x30, 0x31, 0x35, 0xF6, 0x2E, 0x3A, 0x40, 0xF6, 0x2F, 0x9B, 0xA5, 0xF6, 0x0E, 0x3F, 0x47, 0xF6, 0x3A, 0x33, 0x34, 0xF6,
    0x45, 0x4A, 0x4A, 0xF6, 0x3C, 0x40, 0x40, 0xF6, 0x1D, 0x21, 0x1E, 0xF6, 0x09, 0x11, 0x11, 0xF6, 0x21, 0x40, 0x42, 0xF5, 0x22, 0x27, 0x27, 0xF6,
    0x49, 0x4A, 0x48, 0xF7, 0x23, 0x27, 0x28, 0xF6, 0x0C, 0x15, 0x1B, 0xF5, 0x0C, 0x18, 0x1E, 0xF6, 0x70, 0x75, 0x76, 0xF6, 0x84, 0x8A, 0x88, 0xF6,
    0x7D, 0x83, 0x82, 0xF6, 0x85, 0x89, 0x85, 0xF5, 0x84, 0x84, 0x7F, 0x30, 0x00, 0x00, 0x00, 0x00, 0x7F, 0x7F, 0x7F, 0x02, 0x00, 0x00, 0x00, 0x00,
    0x00, 0x00, 0x00, 0x00, 0x00, 0x00, 0x00, 0x00, 0x00, 0x00, 0x00, 0x00, 0x00, 0x00, 0x00, 0x00, 0x00, 0x00, 0x00, 0x00, 0x00, 0x00, 0x00, 0x00,
    0x00, 0x00, 0x00, 0x00, 0x00, 0x00, 0x00, 0x00, 0x00, 0x00, 0x00, 0x00, 0x00, 0x00, 0x00, 0x00, 0x00, 0x00, 0x00, 0x00, 0x00, 0x00, 0x00, 0x00,
    0x00, 0x00, 0x00, 0x00, 0x00, 0x00, 0x00, 0x00, 0x00, 0x00, 0x00, 0x01, 0x00, 0x00, 0x00, 0x00, 0xC1, 0xC6, 0xC1, 0x32, 0xAB, 0xAE, 0xA6, 0xC7,
    0xA3, 0xA5, 0x9F, 0xFF, 0x94, 0x95, 0x91, 0xF5, 0x86, 0x88, 0x85, 0xF6, 0x45, 0x48, 0x49, 0xF6, 0x3E, 0x42, 0x44, 0xF6, 0x57, 0x5E, 0x5E, 0xF6,
    0x35, 0x3D, 0x3D, 0xF6, 0x21, 0x23, 0x25, 0xF6, 0x24, 0x3F, 0x45, 0xF6, 0x16, 0x4C, 0x56, 0xF6, 0x19, 0x1A, 0x19, 0xF6, 0x3C, 0x3E, 0x3C, 0xF6,
    0x3D, 0x40, 0x3E, 0xF5, 0x30, 0x31, 0x32, 0xF6, 0x12, 0x18, 0x12, 0xF7, 0x09, 0x0E, 0x0A, 0xF6, 0x32, 0x50, 0x52, 0xF6, 0x07, 0x14, 0x14, 0xF6,
    0x09, 0x0C, 0x0D, 0xF5, 0x2B, 0x28, 0x28, 0xF5, 0x23, 0x5C, 0x64, 0xF6, 0x1E, 0x85, 0x95, 0xF6, 0x3C, 0x40, 0x3F, 0xF6, 0x80, 0x8E, 0x86, 0xF6,
    0x7B, 0x83, 0x82, 0xF4, 0x87, 0x8A, 0x86, 0xFF, 0x84, 0x84, 0x7D, 0x4F, 0x00, 0x00, 0x00, 0x00, 0xAA, 0xAA, 0x55, 0x03, 0x00, 0x00, 0x00, 0x00,
    0x00, 0x00, 0x00, 0x00, 0x00, 0x00, 0x00, 0x00, 0x00, 0x00, 0x00, 0x00, 0x00, 0x00, 0x00, 0x00, 0x00, 0x00, 0x00, 0x00, 0x00, 0x00, 0x00, 0x00,
    0x00, 0x00, 0x00, 0x00, 0x00, 0x00, 0x00, 0x00, 0x00, 0x00, 0x00, 0x00, 0x00, 0x00, 0x00, 0x00, 0x00, 0x00, 0x00, 0x00, 0x00, 0x00, 0x00, 0x00,
    0x00, 0x00, 0x00, 0x00, 0xFF, 0xFF, 0xFF, 0x01, 0xFF, 0xFF, 0xFF, 0x02, 0x66, 0x68, 0x64, 0x70, 0x66, 0x67, 0x66, 0xF0, 0x5D, 0x63, 0x62, 0xFF,
    0x52, 0x58, 0x59, 0xF2, 0x73, 0x78, 0x7B, 0xF6, 0x40, 0x44, 0x49, 0xF6, 0x2D, 0x30, 0x37, 0xF6, 0x56, 0x59, 0x5E, 0xF6, 0x47, 0x4B, 0x4C, 0xF6,
    0x3D, 0x43, 0x43, 0xF6, 0x25, 0x2A, 0x29, 0xF6, 0x0B, 0x0D, 0x0A, 0xF6, 0x04, 0x01, 0x00, 0xF6, 0x25, 0x28, 0x25, 0xF6, 0x2C, 0x2E, 0x2B, 0xF5,
    0x30, 0x37, 0x35, 0xF7, 0x22, 0x3B, 0x40, 0xF7, 0x13, 0x17, 0x14, 0xF3, 0x0B, 0x05, 0x05, 0xF7, 0x24, 0x48, 0x49, 0xF6, 0x11, 0x2C, 0x30, 0xF6,
    0x08, 0x0A, 0x08, 0xF6, 0x0C, 0x0B, 0x08, 0xF6, 0x20, 0x51, 0x57, 0xF6, 0x27, 0xB9, 0xC8, 0xF6, 0x20, 0x34, 0x36, 0xF6, 0x78, 0x7E, 0x75, 0xF5,
    0x74, 0x7D, 0x7A, 0xF8, 0x7A, 0x7D, 0x7A, 0xF1, 0x8A, 0x8A, 0x85, 0x2E, 0x00, 0x00, 0x00, 0x00, 0x7F, 0x7F, 0x7F, 0x02, 0x00, 0x00, 0x00, 0x00,
    0x00, 0x00, 0x00, 0x00, 0x00, 0x00, 0x00, 0x00, 0x00, 0x00, 0x00, 0x00, 0x00, 0x00, 0x00, 0x00, 0x00, 0x00, 0x00, 0x00, 0x00, 0x00, 0x00, 0x00,
    0x00, 0x00, 0x00, 0x00, 0x00, 0x00, 0x00, 0x00, 0x00, 0x00, 0x00, 0x00, 0x00, 0x00, 0x00, 0x00, 0x00, 0x00, 0x00, 0x00, 0x00, 0x00, 0x00, 0x00,
    0x55, 0x55, 0x55, 0x03, 0x00, 0x00, 0x00, 0x01, 0x3F, 0x3F, 0x3B, 0x3C, 0x6D, 0x6E, 0x6C, 0xFF, 0x6B, 0x6E, 0x6B, 0xF8, 0x75, 0x78, 0x77, 0xF3,
    0x88, 0x8E, 0x8C, 0xF6, 0x79, 0x7D, 0x7D, 0xF6, 0x19, 0x1E, 0x1F, 0xF6, 0x37, 0x3C, 0x3D, 0xF6, 0x3E, 0x42, 0x43, 0xF6, 0x39, 0x3E, 0x3F, 0xF6,
    0x3A, 0x3F, 0x40, 0xF6, 0x34, 0x3C, 0x3E, 0xF6, 0x1E, 0x23, 0x26, 0xF6, 0x09, 0x0C, 0x09, 0xF6, 0x20, 0x24, 0x21, 0xF5, 0x30, 0x33, 0x30, 0xF7,
    0x18, 0x1C, 0x19, 0xF7, 0x03, 0x13, 0x11, 0x92, 0x0F, 0x0D, 0x0C, 0xE5, 0x0F, 0x0C, 0x0B, 0xFA, 0x10, 0x23, 0x25, 0xF5, 0x1B, 0x2C, 0x2F, 0xF6,
    0x09, 0x0D, 0x0A, 0xF6, 0x11, 0x10, 0x0E, 0xF6, 0x1B, 0x2D, 0x32, 0xF6, 0x24, 0xB7, 0xC4, 0xF6, 0x14, 0x41, 0x45, 0xF6, 0x64, 0x60, 0x58, 0xF3,
    0x6E, 0x78, 0x71, 0xFF, 0x5F, 0x66, 0x62, 0xBA, 0x00, 0x00, 0x00, 0x00, 0x7F, 0x7F, 0x7F, 0x02, 0x00, 0x00, 0x00, 0x00, 0x00, 0x00, 0x00, 0x00,
    0x00, 0x00, 0x00, 0x00, 0x00, 0x00, 0x00, 0x00, 0x00, 0x00, 0x00, 0x00, 0x00, 0x00, 0x00, 0x00, 0x00, 0x00, 0x00, 0x00, 0x00, 0x00, 0x00, 0x00,
    0x00, 0x00, 0x00, 0x00, 0x00, 0x00, 0x00, 0x00, 0x00, 0x00, 0x00, 0x00, 0x00, 0x00, 0x00, 0x00, 0x00, 0x00, 0x00, 0x00, 0x00, 0x00, 0x00, 0x00,
    0x3F, 0x3F, 0x3F, 0x04, 0x00, 0x00, 0x00, 0x00, 0x52, 0x54, 0x52, 0x82, 0x65, 0x68, 0x65, 0xFE, 0x66, 0x69, 0x66, 0xF1, 0x7E, 0x81, 0x7D, 0xF6,
    0x53, 0x57, 0x53, 0xF6, 0x19, 0x1D, 0x1B, 0xF6, 0x0E, 0x10, 0x0F, 0xF6, 0x2F, 0x33, 0x33, 0xF6, 0x44, 0x49, 0x4B, 0xF6, 0x4C, 0x53, 0x56, 0xF6,
    0x3E, 0x42, 0x46, 0xF6, 0x2E, 0x33, 0x39, 0xF6, 0x22, 0x26, 0x2A, 0xF6, 0x15, 0x18, 0x19, 0xF4, 0x20, 0x22, 0x21, 0xF3, 0x19, 0x1C, 0x1B, 0xFF,
    0x09, 0x0B, 0x0B, 0x6B, 0x00, 0x00, 0x00, 0x0A, 0x09, 0x09, 0x09, 0xD2, 0x0F, 0x0F, 0x0F, 0xFC, 0x0D, 0x0F, 0x0D, 0xF4, 0x16, 0x18, 0x15, 0xF6,
    0x0F, 0x10, 0x0E, 0xF6, 0x10, 0x0F, 0x0F, 0xF6, 0x13, 0x1A, 0x1B, 0xF6, 0x28, 0xA2, 0xAE, 0xF6, 0x12, 0x59, 0x5F, 0xF6, 0x48, 0x41, 0x3D, 0xF2,
    0x79, 0x83, 0x7F, 0xFF, 0x78, 0x82, 0x7C, 0x81, 0x00, 0x00, 0x00, 0x02, 0x7F, 0x7F, 0x7F, 0x04, 0x00, 0x00, 0x00, 0x00, 0x00, 0x00, 0x00, 0x00,
    0x00, 0x00, 0x00, 0x00, 0x00, 0x00, 0x00, 0x00, 0x00, 0x00, 0x00, 0x00, 0x00, 0x00, 0x00, 0x00, 0x00, 0x00, 0x00, 0x00, 0x00, 0x00, 0x00, 0x00,
    0x00, 0x00, 0x00, 0x00, 0x00, 0x00, 0x00, 0x00, 0x00, 0x00, 0x00, 0x00, 0x00, 0x00, 0x00, 0x00, 0x00, 0x00, 0x00, 0x00, 0x00, 0x00, 0x00, 0x00,
    0x00, 0x00, 0x00, 0x00, 0x5F, 0x5F, 0x5F, 0x08, 0x67, 0x6B, 0x67, 0xD3, 0x55, 0x58, 0x55, 0xFD, 0x6B, 0x6E, 0x6B, 0xF4, 0x48, 0x4B, 0x47, 0xF6,
    0x29, 0x2A, 0x29, 0xF6, 0x31, 0x2F, 0x2F, 0xF6, 0x31, 0x31, 0x30, 0xF6, 0x2B, 0x2E, 0x2E, 0xF6, 0x2A, 0x30, 0x31, 0xF6, 0x2C, 0x33, 0x35, 0xF6,
    0x30, 0x34, 0x39, 0xF6, 0x2D, 0x31, 0x36, 0xF6, 0x20, 0x24, 0x27, 0xF6, 0x1A, 0x1C, 0x1C, 0xF8, 0x15, 0x16, 0x16, 0xFF, 0x0C, 0x0C, 0x0C, 0x78,
    0x00, 0x00, 0x00, 0x00, 0x00, 0x00, 0x00, 0x00, 0x05, 0x05, 0x05, 0x94, 0x0F, 0x0F, 0x0F, 0xFD, 0x0D, 0x0E, 0x0C, 0xF4, 0x12, 0x15, 0x12, 0xF6,
    0x11, 0x11, 0x0F, 0xF6, 0x0E, 0x10, 0x0E, 0xF6, 0x11, 0x10, 0x10, 0xF6, 0x24, 0x7A, 0x85, 0xF6, 0x1F, 0x6A, 0x72, 0xF6, 0x3D, 0x38, 0x39, 0xF3,
    0x78, 0x81, 0x81, 0xFD, 0x51, 0x56, 0x51, 0x9F, 0x00, 0x00, 0x00, 0x00, 0x00, 0x00, 0x00, 0x00, 0x00, 0x00, 0x00, 0x01, 0x00, 0x00, 0x00, 0x00,
    0x00, 0x00, 0x00, 0x00, 0x00, 0x00, 0x00, 0x00, 0x00, 0x00, 0x00, 0x00, 0x00, 0x00, 0x00, 0x00, 0x00, 0x00, 0x00, 0x00, 0x00, 0x00, 0x00, 0x00,
    0x00, 0x00, 0x00, 0x00, 0x00, 0x00, 0x00, 0x00, 0x00, 0x00, 0x00, 0x00, 0x00, 0x00, 0x00, 0x00, 0x00, 0x00, 0x00, 0x00, 0x00, 0x00, 0x00, 0x00,
    0x00, 0x00, 0x00, 0x00, 0x63, 0x66, 0x63, 0x48, 0x61, 0x63, 0x60, 0xFF, 0x44, 0x47, 0x40, 0xF4, 0x33, 0x36, 0x32, 0xF6, 0x3E, 0x44, 0x42, 0xF6,
    0x44, 0x4D, 0x4E, 0xF6, 0x40, 0x5D, 0x61, 0xF6, 0x3D, 0x50, 0x53, 0xF6, 0x5B, 0x61, 0x65, 0xF6, 0x45, 0x46, 0x4A, 0xF6, 0x32, 0x37, 0x3A, 0xF6,
    0x25, 0x28, 0x2B, 0xF6, 0x22, 0x23, 0x27, 0xF6, 0x27, 0x2C, 0x2D, 0xF4, 0x23, 0x25, 0x25, 0xEB, 0x04, 0x04, 0x04, 0x7B, 0x00, 0x00, 0x00, 0x00,
    0x00, 0x00, 0x00, 0x05, 0x00, 0x00, 0x00, 0x00, 0x00, 0x00, 0x00, 0x3E, 0x0B, 0x0B, 0x0A, 0xDF, 0x0E, 0x0F, 0x0C, 0xF9, 0x0E, 0x0F, 0x0D, 0xF5,
    0x0E, 0x10, 0x0D, 0xF6, 0x0E, 0x0F, 0x0D, 0xF6, 0x0F, 0x12, 0x10, 0xF6, 0x16, 0x27, 0x27, 0xF6, 0x04, 0x0E, 0x0E, 0xF6, 0x29, 0x2A, 0x27, 0xF6,
    0x7B, 0x7D, 0x7B, 0xF5, 0x2B, 0x2D, 0x29, 0xFA, 0x1A, 0x20, 0x1A, 0x85, 0x24, 0x24, 0x24, 0x07, 0x00, 0x00, 0x00, 0x02, 0x00, 0x00, 0x00, 0x00,
    0x00, 0x00, 0x00, 0x00, 0x00, 0x00, 0x00, 0x00, 0x00, 0x00, 0x00, 0x00, 0x00, 0x00, 0x00, 0x00, 0x00, 0x00, 0x00, 0x00, 0x00, 0x00, 0x00, 0x00,
    0x00, 0x00, 0x00, 0x00, 0x00, 0x00, 0x00, 0x00, 0x00, 0x00, 0x00, 0x00, 0x00, 0x00, 0x00, 0x00, 0x00, 0x00, 0x00, 0x00, 0x00, 0x00, 0x00, 0x00,
    0x00, 0x00, 0x00, 0x01, 0x3C, 0x3C, 0x3A, 0xA9, 0x38, 0x39, 0x36, 0xFB, 0x26, 0x27, 0x23, 0xF0, 0x41, 0x42, 0x3E, 0xF7, 0x5F, 0x64, 0x61, 0xF6,
    0x5D, 0x6C, 0x68, 0xF6, 0x51, 0x94, 0x95, 0xF6, 0x46, 0x8C, 0x90, 0xF6, 0x39, 0x59, 0x5D, 0xF6, 0x3A, 0x6B, 0x76, 0xF6, 0x33, 0x56, 0x5C, 0xF6,
    0x31, 0x54, 0x5A, 0xF5, 0x19, 0x29, 0x32, 0xF9, 0x1A, 0x1C, 0x1B, 0xE6, 0x0F, 0x0F, 0x0B, 0x44, 0x00, 0x00, 0x00, 0x00, 0x00, 0x00, 0x00, 0x02,
    0x00, 0x00, 0x00, 0x01, 0x00, 0x00, 0x00, 0x01, 0x00, 0x00, 0x00, 0x02, 0x03, 0x05, 0x03, 0x8B, 0x0D, 0x0D, 0x0B, 0xF7, 0x0D, 0x0D, 0x0B, 0xF5,
    0x0E, 0x0F, 0x0C, 0xF5, 0x0E, 0x0F, 0x0C, 0xF6, 0x0F, 0x0F, 0x0E, 0xF6, 0x0E, 0x0E, 0x0B, 0xF6, 0x11, 0x13, 0x0F, 0xF6, 0x24, 0x27, 0x24, 0xF6,
    0x35, 0x37, 0x32, 0xF6, 0x2F, 0x2F, 0x2B, 0xF2, 0x1A, 0x1A, 0x16, 0xFF, 0x31, 0x33, 0x31, 0x68, 0x00, 0x00, 0x00, 0x00, 0x00, 0x00, 0x00, 0x00,
    0x00, 0x00, 0x00, 0x00, 0x00, 0x00, 0x00, 0x00, 0x00, 0x00, 0x00, 0x00, 0x00, 0x00, 0x00, 0x00, 0x00, 0x00, 0x00, 0x00, 0x00, 0x00, 0x00, 0x00,
    0x00, 0x00, 0x00, 0x00, 0x00, 0x00, 0x00, 0x00, 0x00, 0x00, 0x00, 0x00, 0x00, 0x00, 0x00, 0x00, 0x00, 0x00, 0x00, 0x00, 0x00, 0x00, 0x00, 0x00,
    0x00, 0x00, 0x00, 0x0A, 0x00, 0x02, 0x00, 0x73, 0x01, 0x03, 0x03, 0x8D, 0x31, 0x33, 0x33, 0xEF, 0x39, 0x3B, 0x3A, 0xF7, 0x36, 0x39, 0x39, 0xF6,
    0x47, 0x48, 0x47, 0xF6, 0x3D, 0x47, 0x46, 0xF6, 0x37, 0x49, 0x49, 0xF6, 0x33, 0x3E, 0x43, 0xF6, 0x31, 0x45, 0x4D, 0xF6, 0x2C, 0x4F, 0x58, 0xF6,
    0x2D, 0x83, 0x8E, 0xF6, 0x34, 0x89, 0x92, 0xF5, 0x21, 0x4A, 0x4C, 0xF1, 0x11, 0x1C, 0x16, 0x2D, 0x00, 0x00, 0x00, 0x01, 0x00, 0x00, 0x00, 0x02,
    0x00, 0x00, 0x00, 0x00, 0x00, 0x00, 0x00, 0x02, 0x00, 0x00, 0x00, 0x00, 0x00, 0x00, 0x00, 0x28, 0x09, 0x0A, 0x08, 0xD2, 0x11, 0x12, 0x0F, 0xFD,
    0x0F, 0x0F, 0x0D, 0xF7, 0x0E, 0x0E, 0x0D, 0xF6, 0x0D, 0x0D, 0x0B, 0xF6, 0x0D, 0x0E, 0x0C, 0xF6, 0x15, 0x19, 0x16, 0xF6, 0x23, 0x25, 0x22, 0xF6,
    0x1E, 0x20, 0x1B, 0xF6, 0x26, 0x28, 0x22, 0xF2, 0x15, 0x16, 0x11, 0xFE, 0x19, 0x19, 0x17, 0x8B, 0x00, 0x00, 0x00, 0x00, 0x00, 0x00, 0x00, 0x00,
    0x00, 0x00, 0x00, 0x00, 0x00, 0x00, 0x00, 0x00, 0x00, 0x00, 0x00, 0x00, 0x00, 0x00, 0x00, 0x00, 0x00, 0x00, 0x00, 0x00, 0x00, 0x00, 0x00, 0x00,
    0x00, 0x00, 0x00, 0x00, 0x00, 0x00, 0x00, 0x00, 0x00, 0x00, 0x00, 0x00, 0x00, 0x00, 0x00, 0x00, 0x00, 0x00, 0x00, 0x00, 0x00, 0x00, 0x00, 0x00,
    0x00, 0x00, 0x00, 0x02, 0x00, 0x00, 0x00, 0x00, 0x00, 0x00, 0x00, 0x24, 0x1B, 0x1D, 0x20, 0xE7, 0x22, 0x26, 0x29, 0xF9, 0x20, 0x25, 0x2B, 0xF5,
    0x1A, 0x21, 0x27, 0xF6, 0x19, 0x1D, 0x21, 0xF6, 0x1B, 0x20, 0x25, 0xF6, 0x19, 0x1D, 0x22, 0xF6, 0x0F, 0x0F, 0x14, 0xF6, 0x12, 0x12, 0x16, 0xF6,
    0x10, 0x11, 0x13, 0xF4, 0x1B, 0x2B, 0x2D, 0xFF, 0x1D, 0x3B, 0x3D, 0xD7, 0x24, 0x6D, 0x6D, 0x07, 0x00, 0x00, 0x00, 0x01, 0x00, 0x00, 0x00, 0x01,
    0x00, 0x00, 0x00, 0x00, 0x00, 0x00, 0x00, 0x00, 0x00, 0x00, 0x00, 0x01, 0x00, 0x00, 0x00, 0x00, 0x00, 0x00, 0x00, 0x6D, 0x09, 0x08, 0x08, 0xD7,
    0x0B, 0x0E, 0x0B, 0xEB, 0x09, 0x0D, 0x09, 0xF8, 0x0C, 0x0C, 0x0A, 0xF6, 0x09, 0x0D, 0x0B, 0xF6, 0x0E, 0x11, 0x0E, 0xF6, 0x15, 0x17, 0x14, 0xF6,
    0x17, 0x18, 0x15, 0xF6, 0x24, 0x25, 0x21, 0xF4, 0x40, 0x3D, 0x3A, 0xFF, 0x38, 0x38, 0x35, 0xB5, 0x00, 0x00, 0x00, 0x00, 0x00, 0x00, 0x00, 0x00,
    0x00, 0x00, 0x00, 0x00, 0x00, 0x00, 0x00, 0x00, 0x00, 0x00, 0x00, 0x00, 0x00, 0x00, 0x00, 0x00, 0x00, 0x00, 0x00, 0x00, 0x00, 0x00, 0x00, 0x00,
    0x00, 0x00, 0x00, 0x00, 0x00, 0x00, 0x00, 0x00, 0x00, 0x00, 0x00, 0x00, 0x00, 0x00, 0x00, 0x00, 0x00, 0x00, 0x00, 0x00, 0x00, 0x00, 0x00, 0x00,
    0x00, 0x00, 0x00, 0x02, 0x00, 0x00, 0x00, 0x02, 0x0B, 0x0B, 0x0B, 0x2E, 0x28, 0x2B, 0x2D, 0xF5, 0x2B, 0x32, 0x36, 0xF6, 0x26, 0x2C, 0x32, 0xF6,
    0x26, 0x2B, 0x32, 0xF6, 0x26, 0x2C, 0x32, 0xF6, 0x1E, 0x25, 0x29, 0xF6, 0x1B, 0x21, 0x25, 0xF6, 0x07, 0x0C, 0x0F, 0xF6, 0x0E, 0x12, 0x13, 0xF7,
    0x1A, 0x1C, 0x1D, 0xF1, 0x06, 0x02, 0x03, 0xE2, 0x13, 0x07, 0x07, 0x6A, 0x00, 0x00, 0x00, 0x00, 0x00, 0x00, 0x00, 0x03, 0x00, 0x00, 0x00, 0x00,
    0x00, 0x00, 0x00, 0x00, 0x00, 0x00, 0x00, 0x00, 0x00, 0x00, 0x00, 0x00, 0x00, 0x00, 0x00, 0x01, 0x00, 0x00, 0x00, 0x03, 0x0A, 0x06, 0x0A, 0x4B,
    0x12, 0x14, 0x12, 0xE9, 0x06, 0x08, 0x03, 0xF8, 0x0A, 0x0A, 0x06, 0xF5, 0x0D, 0x0A, 0x08, 0xF6, 0x16, 0x10, 0x11, 0xF6, 0x22, 0x1E, 0x1E, 0xF6,
    0x4B, 0x50, 0x4F, 0xF6, 0x67, 0x7B, 0x76, 0xF4, 0x74, 0x8D, 0x88, 0xFE, 0x6B, 0x72, 0x6E, 0xCF, 0x00, 0x00, 0x00, 0x07, 0x00, 0x00, 0x00, 0x00,
    0x00, 0x00, 0x00, 0x00, 0x00, 0x00, 0x00, 0x00, 0x00, 0x00, 0x00, 0x00, 0x00, 0x00, 0x00, 0x00, 0x00, 0x00, 0x00, 0x00, 0x00, 0x00, 0x00, 0x00,
    0x00, 0x00, 0x00, 0x00, 0x00, 0x00, 0x00, 0x00, 0x00, 0x00, 0x00, 0x00, 0x00, 0x00, 0x00, 0x00, 0x00, 0x00, 0x00, 0x00, 0x00, 0x00, 0x00, 0x00,
    0x00, 0x00, 0x00, 0x04, 0x00, 0x00, 0x00, 0x00, 0x0E, 0x0E, 0x0E, 0x5A, 0x31, 0x35, 0x36, 0xFF, 0x30, 0x36, 0x3A, 0xF3, 0x22, 0x28, 0x2E, 0xF6,
    0x29, 0x2F, 0x35, 0xF6, 0x25, 0x2A, 0x30, 0xF6, 0x18, 0x1F, 0x23, 0xF6, 0x1A, 0x20, 0x25, 0xF6, 0x20, 0x23, 0x26, 0xF6, 0x46, 0x4B, 0x4C, 0xF6,
    0x38, 0x3A, 0x3C, 0xF7, 0x0F, 0x12, 0x12, 0x62, 0x00, 0x00, 0x00, 0x01, 0x00, 0x00, 0x00, 0x02, 0x00, 0x00, 0x00, 0x00, 0x00, 0x00, 0x00, 0x00,
    0x00, 0x00, 0x00, 0x00, 0x00, 0x00, 0x00, 0x00, 0x00, 0x00, 0x00, 0x00, 0x00, 0x00, 0x00, 0x02, 0x00, 0x00, 0x00, 0x00, 0x05, 0x05, 0x05, 0x32,
    0x18, 0x18, 0x1A, 0xE6, 0x0E, 0x0C, 0x0B, 0xFC, 0x09, 0x12, 0x0F, 0xF5, 0x1A, 0x48, 0x4F, 0xF6, 0x23, 0x5B, 0x67, 0xF6, 0x42, 0x87, 0x8F, 0xF6,
    0x60, 0xA1, 0xA7, 0xF6, 0x69, 0x96, 0x97, 0xF3, 0x64, 0x8E, 0x8C, 0xFF, 0x5E, 0x6B, 0x67, 0xAF, 0x00, 0x00, 0x00, 0x00, 0x00, 0x00, 0x00, 0x00,
    0x00, 0x00, 0x00, 0x00, 0x00, 0x00, 0x00, 0x00, 0x00, 0x00, 0x00, 0x00, 0x00, 0x00, 0x00, 0x00, 0x00, 0x00, 0x00, 0x00, 0x00, 0x00, 0x00, 0x00,
    0x00, 0x00, 0x00, 0x00, 0x00, 0x00, 0x00, 0x00, 0x00, 0x00, 0x00, 0x00, 0x00, 0x00, 0x00, 0x00, 0x00, 0x00, 0x00, 0x00, 0x00, 0x00, 0x00, 0x00,
    0x00, 0x00, 0x00, 0x03, 0x00, 0x00, 0x00, 0x00, 0x02, 0x02, 0x02, 0x62, 0x0F, 0x12, 0x11, 0xFD, 0x4F, 0x52, 0x55, 0xF4, 0x37, 0x3C, 0x3E, 0xF6,
    0x2A, 0x2E, 0x32, 0xF6, 0x19, 0x1D, 0x24, 0xF6, 0x1B, 0x20, 0x27, 0xF6, 0x1B, 0x20, 0x24, 0xF6, 0x15, 0x19, 0x1B, 0xF6, 0x55, 0x59, 0x5D, 0xF4,
    0x40, 0x44, 0x47, 0xFF, 0x2F, 0x35, 0x39, 0xA1, 0x00, 0x00, 0x00, 0x00, 0x00, 0x7F, 0x7F, 0x02, 0x00, 0x00, 0x00, 0x00, 0x00, 0x00, 0x00, 0x00,
    0x00, 0x00, 0x00, 0x00, 0x00, 0x00, 0x00, 0x00, 0x00, 0x00, 0x00, 0x00, 0x00, 0x00, 0x00, 0x00, 0x00, 0x00, 0x00, 0x01, 0x00, 0x00, 0x00, 0x09,
    0x08, 0x0A, 0x0A, 0x95, 0x0C, 0x0D, 0x0C, 0xDE, 0x13, 0x18, 0x1B, 0xF7, 0x1D, 0x37, 0x3F, 0xF5, 0x19, 0x3B, 0x40, 0xF6, 0x2C, 0x53, 0x53, 0xF6,
    0x32, 0x50, 0x55, 0xF6, 0x33, 0x42, 0x41, 0xF3, 0x37, 0x3D, 0x3D, 0xFF, 0x2A, 0x2D, 0x2F, 0x65, 0x00, 0x00, 0x00, 0x00, 0x00, 0x00, 0x00, 0x00,
    0x00, 0x00, 0x00, 0x00, 0x00, 0x00, 0x00, 0x00, 0x00, 0x00, 0x00, 0x00, 0x00, 0x00, 0x00, 0x00, 0x00, 0x00, 0x00, 0x00, 0x00, 0x00, 0x00, 0x00,
    0x00, 0x00, 0x00, 0x00, 0x00, 0x00, 0x00, 0x00, 0x00, 0x00, 0x00, 0x00, 0x00, 0x00, 0x00, 0x00, 0x00, 0x00, 0x00, 0x00, 0x00, 0x00, 0x00, 0x00,
    0x00, 0x00, 0x00, 0x02, 0x00, 0x00, 0x00, 0x00, 0x06, 0x06, 0x06, 0x29, 0x00, 0x00, 0x00, 0x93, 0x2D, 0x2E, 0x30, 0xE2, 0x3A, 0x3E, 0x3E, 0xFA,
    0x17, 0x1C, 0x1E, 0xF5, 0x1D, 0x20, 0x26, 0xF6, 0x22, 0x25, 0x2D, 0xF6, 0x16, 0x1A, 0x1F, 0xF6, 0x0B, 0x0F, 0x11, 0xF6, 0x4D, 0x50, 0x55, 0xF6,
    0x3C, 0x41, 0x44, 0xF6, 0x30, 0x37, 0x3C, 0xF6, 0x35, 0x3D, 0x41, 0x3E, 0x00, 0x00, 0x00, 0x01, 0x00, 0x7F, 0x7F, 0x02, 0x00, 0x00, 0x00, 0x00,
    0x00, 0x00, 0x00, 0x00, 0x00, 0x00, 0x00, 0x00, 0x00, 0x00, 0x00, 0x00, 0x00, 0x00, 0x00, 0x00, 0x00, 0x00, 0x00, 0x00, 0x00, 0x00, 0x00, 0x00,
    0x00, 0x00, 0x00, 0x0D, 0x19, 0x1B, 0x1D, 0xA7, 0x36, 0x36, 0x3B, 0xFE, 0x17, 0x13, 0x18, 0xF3, 0x19, 0x15, 0x17, 0xF6, 0x41, 0x3D, 0x3A, 0xF6,
    0x33, 0x32, 0x2F, 0xF6, 0x12, 0x14, 0x16, 0xF3, 0x1B, 0x1E, 0x20, 0xFE, 0x24, 0x28, 0x2D, 0x6A, 0x00, 0x00, 0x00, 0x00, 0x00, 0x00, 0x00, 0x00,
    0x00, 0x00, 0x00, 0x00, 0x00, 0x00, 0x00, 0x00, 0x00, 0x00, 0x00, 0x00, 0x00, 0x00, 0x00, 0x00, 0x00, 0x00, 0x00, 0x00, 0x00, 0x00, 0x00, 0x00,
    0x00, 0x00, 0x00, 0x00, 0x00, 0x00, 0x00, 0x00, 0x00, 0x00, 0x00, 0x00, 0x00, 0x00, 0x00, 0x00, 0x00, 0x00, 0x00, 0x00, 0x00, 0x00, 0x00, 0x00,
    0x00, 0x00, 0x00, 0x00, 0x00, 0x00, 0x00, 0x01, 0x00, 0x00, 0x00, 0x00, 0x0A, 0x0A, 0x0A, 0x18, 0x18, 0x1B, 0x1C, 0xE1, 0x29, 0x2D, 0x2E, 0xFC,
    0x20, 0x24, 0x26, 0xF5, 0x1F, 0x23, 0x27, 0xF6, 0x1A, 0x1F, 0x25, 0xF6, 0x13, 0x17, 0x1A, 0xF6, 0x12, 0x16, 0x18, 0xF6, 0x3D, 0x40, 0x43, 0xF6,
    0x4E, 0x52, 0x56, 0xF3, 0x32, 0x36, 0x3A, 0xFF, 0x1B, 0x1D, 0x21, 0xAF, 0x00, 0x00, 0x00, 0x00, 0x7F, 0x7F, 0x7F, 0x02, 0x00, 0x00, 0x00, 0x00,
    0x00, 0x00, 0x00, 0x00, 0x00, 0x00, 0x00, 0x00, 0x00, 0x00, 0x00, 0x00, 0x00, 0x00, 0x00, 0x00, 0x00, 0x00, 0x00, 0x01, 0x00, 0x00, 0x00, 0x01,
    0x00, 0x00, 0x00, 0x0C, 0x1F, 0x20, 0x22, 0xD5, 0x3A, 0x3B, 0x41, 0xFD, 0x16, 0x1B, 0x20, 0xF5, 0x32, 0x3A, 0x3A, 0xF6, 0x68, 0x73, 0x6D, 0xF6,
    0x69, 0x6E, 0x6A, 0xF6, 0x30, 0x32, 0x37, 0xF3, 0x13, 0x15, 0x17, 0xFF, 0x15, 0x19, 0x19, 0x6C, 0x00, 0x00, 0x00, 0x00, 0x00, 0x00, 0x00, 0x00,
    0x00, 0x00, 0x00, 0x00, 0x00, 0x00, 0x00, 0x00, 0x00, 0x00, 0x00, 0x00, 0x00, 0x00, 0x00, 0x00, 0x00, 0x00, 0x00, 0x00, 0x00, 0x00, 0x00, 0x00,
    0x00, 0x00, 0x00, 0x00, 0x00, 0x00, 0x00, 0x00, 0x00, 0x00, 0x00, 0x00, 0x00, 0x00, 0x00, 0x00, 0x00, 0x00, 0x00, 0x00, 0x00, 0x00, 0x00, 0x00,
    0x00, 0x00, 0x00, 0x00, 0x00, 0x00, 0x00, 0x01, 0x00, 0x00, 0x00, 0x01, 0x0F, 0x0F, 0x0F, 0x10, 0x03, 0x04, 0x04, 0xA7, 0x35, 0x37, 0x38, 0xF4,
    0x53, 0x55, 0x57, 0xF7, 0x40, 0x42, 0x44, 0xF5, 0x20, 0x23, 0x26, 0xF6, 0x13, 0x17, 0x18, 0xF6, 0x15, 0x1A, 0x1B, 0xF6, 0x18, 0x1D, 0x1E, 0xF6,
    0x2C, 0x2E, 0x30, 0xF6, 0x39, 0x51, 0x58, 0xF6, 0x31, 0x55, 0x5F, 0xF4, 0x25, 0x2C, 0x33, 0x4A, 0x00, 0x00, 0x00, 0x00, 0x7F, 0x7F, 0x7F, 0x02,
    0x00, 0x00, 0x00, 0x00, 0x00, 0x00, 0x00, 0x00, 0x00, 0x00, 0x00, 0x00, 0x00, 0x00, 0x00, 0x00, 0x00, 0x00, 0x00, 0x02, 0x00, 0x00, 0x00, 0x00,
    0x00, 0x00, 0x00, 0x21, 0x12, 0x14, 0x16, 0xE9, 0x2C, 0x2F, 0x35, 0xF9, 0x16, 0x1C, 0x22, 0xF5, 0x4A, 0x50, 0x52, 0xF6, 0x6E, 0x77, 0x74, 0xF6,
    0x60, 0x66, 0x62, 0xF4, 0x24, 0x26, 0x24, 0xFC, 0x11, 0x13, 0x11, 0xD0, 0x00, 0x00, 0x00, 0x0D, 0xFF, 0xFF, 0xFF, 0x01, 0x00, 0x00, 0x00, 0x00,
    0x00, 0x00, 0x00, 0x00, 0x00, 0x00, 0x00, 0x00, 0x00, 0x00, 0x00, 0x00, 0x00, 0x00, 0x00, 0x00, 0x00, 0x00, 0x00, 0x00, 0x00, 0x00, 0x00, 0x00,
    0x00, 0x00, 0x00, 0x00, 0x00, 0x00, 0x00, 0x00, 0x00, 0x00, 0x00, 0x00, 0x00, 0x00, 0x00, 0x00, 0x00, 0x00, 0x00, 0x00, 0x00, 0x00, 0x00, 0x00,
    0x00, 0x00, 0x00, 0x00, 0x00, 0x00, 0x00, 0x00, 0x00, 0x00, 0x00, 0x02, 0x00, 0x00, 0x00, 0x00, 0x1B, 0x1B, 0x1B, 0x49, 0x57, 0x5A, 0x56, 0xF9,
    0x6D, 0x70, 0x6D, 0xF5, 0x61, 0x64, 0x62, 0xF6, 0x5B, 0x5F, 0x5E, 0xF6, 0x2F, 0x34, 0x34, 0xF6, 0x12, 0x17, 0x17, 0xF6, 0x0D, 0x12, 0x13, 0xF6,
    0x25, 0x24, 0x25, 0xF5, 0x55, 0x78, 0x7D, 0xF4, 0x39, 0x86, 0x90, 0xFF, 0x28, 0x34, 0x3C, 0xB5, 0x00, 0x00, 0x00, 0x00, 0x00, 0x00, 0xFF, 0x01,
    0x00, 0x00, 0x00, 0x00, 0x00, 0x00, 0x00, 0x00, 0x00, 0x00, 0x00, 0x00, 0x00, 0x00, 0x00, 0x00, 0x00, 0x00, 0x00, 0x02, 0x00, 0x00, 0x00, 0x00,
    0x07, 0x07, 0x07, 0x20, 0x0D, 0x10, 0x12, 0xDB, 0x19, 0x1D, 0x24, 0xFB, 0x1D, 0x22, 0x2A, 0xF5, 0x2B, 0x2E, 0x34, 0xF6, 0x5F, 0x65, 0x65, 0xF6,
    0x4F, 0x55, 0x52, 0xF3, 0x1A, 0x1B, 0x19, 0xFF, 0x11, 0x13, 0x11, 0x82, 0x00, 0x00, 0x00, 0x00, 0x00, 0x00, 0x00, 0x03, 0x00, 0x00, 0x00, 0x00,
    0x00, 0x00, 0x00, 0x00, 0x00, 0x00, 0x00, 0x00, 0x00, 0x00, 0x00, 0x00, 0x00, 0x00, 0x00, 0x00, 0x00, 0x00, 0x00, 0x00, 0x00, 0x00, 0x00, 0x00,
    0x00, 0x00, 0x00, 0x00, 0x00, 0x00, 0x00, 0x00, 0x00, 0x00, 0x00, 0x00, 0x00, 0x00, 0x00, 0x00, 0x00, 0x00, 0x00, 0x00, 0x00, 0x00, 0x00, 0x00,
    0x00, 0x00, 0x00, 0x00, 0x00, 0x00, 0x00, 0x00, 0x55, 0x55, 0x55, 0x03, 0x00, 0x00, 0x00, 0x00, 0x36, 0x39, 0x36, 0x50, 0x5D, 0x5F, 0x59, 0xFF,
    0x69, 0x6D, 0x69, 0xF4, 0x61, 0x65, 0x62, 0xF6, 0x73, 0x78, 0x77, 0xF6, 0x35, 0x3A, 0x3A, 0xF6, 0x0D, 0x11, 0x12, 0xF6, 0x0F, 0x13, 0x13, 0xF5,
    0x16, 0x18, 0x18, 0xF8, 0x56, 0x59, 0x5D, 0xF6, 0x2F, 0x41, 0x44, 0xF5, 0x30, 0x37, 0x37, 0xF3, 0x27, 0x2B, 0x27, 0x41, 0x00, 0x00, 0x00, 0x01,
    0x55, 0x55, 0x55, 0x03, 0x00, 0x00, 0x00, 0x00, 0x00, 0x00, 0x00, 0x00, 0x00, 0x00, 0x00, 0x00, 0x00, 0x00, 0x00, 0x01, 0x7F, 0x7F, 0x7F, 0x02,
    0x00, 0x00, 0x00, 0x00, 0x11, 0x12, 0x15, 0xC1, 0x11, 0x14, 0x1C, 0xFF, 0x0D, 0x13, 0x19, 0xF4, 0x2C, 0x32, 0x36, 0xF6, 0x68, 0x8D, 0x8E, 0xF5,
    0x34, 0x4F, 0x4B, 0xF7, 0x3B, 0x3A, 0x38, 0xF3, 0x46, 0x46, 0x46, 0x24, 0x00, 0x00, 0x00, 0x01, 0x00, 0x00, 0x00, 0x02, 0x00, 0x00, 0x00, 0x00,
    0x00, 0x00, 0x00, 0x00, 0x00, 0x00, 0x00, 0x00, 0x00, 0x00, 0x00, 0x00, 0x00, 0x00, 0x00, 0x00, 0x00, 0x00, 0x00, 0x00, 0x00, 0x00, 0x00, 0x00,
    0x00, 0x00, 0x00, 0x00, 0x00, 0x00, 0x00, 0x00, 0x00, 0x00, 0x00, 0x00, 0x00, 0x00, 0x00, 0x00, 0x00, 0x00, 0x00, 0x00, 0x00, 0x00, 0x00, 0x00,
    0x00, 0x00, 0x00, 0x00, 0x00, 0x00, 0x00, 0x00, 0x55, 0x55, 0x55, 0x03, 0x00, 0x00, 0x00, 0x00, 0x3E, 0x4C, 0x4A, 0x7E, 0x59, 0x63, 0x5E, 0xFF,
    0x52, 0x53, 0x4D, 0xF3, 0x64, 0x68, 0x61, 0xF6, 0x5B, 0x5F, 0x5F, 0xF6, 0x29, 0x2B, 0x2C, 0xF6, 0x10, 0x13, 0x13, 0xF7, 0x11, 0x12, 0x11, 0xFC,
    0x05, 0x06, 0x06, 0xE7, 0x2B, 0x2F, 0x2E, 0xF5, 0x3E, 0x41, 0x41, 0xF3, 0x39, 0x3B, 0x3C, 0xFF, 0x22, 0x24, 0x24, 0x9A, 0x00, 0x00, 0x00, 0x00,
    0x55, 0x55, 0x55, 0x03, 0x00, 0x00, 0x00, 0x00, 0x00, 0x00, 0x00, 0x00, 0x00, 0x00, 0x00, 0x00, 0x00, 0x00, 0x00, 0x00, 0x00, 0x00, 0x00, 0x00,
    0x34, 0x34, 0x36, 0x5D, 0x11, 0x11, 0x14, 0xF1, 0x15, 0x19, 0x1B, 0xF7, 0x40, 0x45, 0x48, 0xF5, 0x48, 0x4F, 0x52, 0xF6, 0x5E, 0x71, 0x72, 0xF5,
    0x30, 0x3C, 0x39, 0xF8, 0x31, 0x3C, 0x39, 0xEE, 0x4E, 0x75, 0x7C, 0x27, 0x00, 0x00, 0x00, 0x00, 0x00, 0x7F, 0x7F, 0x02, 0x00, 0x00, 0x00, 0x00,
    0x00, 0x00, 0x00, 0x00, 0x00, 0x00, 0x00, 0x00, 0x00, 0x00, 0x00, 0x00, 0x00, 0x00, 0x00, 0x00, 0x00, 0x00, 0x00, 0x00, 0x00, 0x00, 0x00, 0x00,
    0x00, 0x00, 0x00, 0x00, 0x00, 0x00, 0x00, 0x00, 0x00, 0x00, 0x00, 0x00, 0x00, 0x00, 0x00, 0x00, 0x00, 0x00, 0x00, 0x00, 0x00, 0x00, 0x00, 0x00,
    0x00, 0x00, 0x00, 0x00, 0x00, 0x00, 0x00, 0x00, 0x7F, 0x7F, 0x7F, 0x02, 0x00, 0x00, 0x00, 0x00, 0x2A, 0x41, 0x3F, 0x90, 0x3F, 0x5F, 0x5B, 0xFF,
    0x44, 0x64, 0x62, 0xF3, 0x67, 0x7B, 0x7C, 0xF6, 0x2D, 0x2F, 0x30, 0xF6, 0x19, 0x1C, 0x1D, 0xF4, 0x19, 0x1B, 0x1B, 0xFE, 0x0C, 0x10, 0x0E, 0x8E,
    0x05, 0x05, 0x05, 0x66, 0x22, 0x24, 0x23, 0xEF, 0x2A, 0x2D, 0x2E, 0xF6, 0x1B, 0x1E, 0x20, 0xF6, 0x13, 0x15, 0x15, 0xEC, 0x1C, 0x21, 0x21, 0x35,
    0x00, 0x00, 0x00, 0x00, 0x00, 0x00, 0x00, 0x02, 0x00, 0x00, 0x00, 0x01, 0x00, 0x00, 0x00, 0x01, 0xFF, 0xFF, 0xFF, 0x03, 0x61, 0x61, 0x63, 0x7E,
    0x63, 0x63, 0x65, 0xFF, 0x1D, 0x1C, 0x1E, 0xF9, 0x12, 0x15, 0x16, 0xF4, 0x40, 0x43, 0x44, 0xF6, 0x59, 0x57, 0x59, 0xF6, 0x44, 0x41, 0x43, 0xF6,
    0x0D, 0x0A, 0x0C, 0xF5, 0x2B, 0x42, 0x42, 0xF9, 0x5E, 0xA5, 0xA5, 0x36, 0x00, 0x00, 0x00, 0x00, 0x7F, 0x7F, 0x7F, 0x02, 0x00, 0x00, 0x00, 0x00,
    0x00, 0x00, 0x00, 0x00, 0x00, 0x00, 0x00, 0x00, 0x00, 0x00, 0x00, 0x00, 0x00, 0x00, 0x00, 0x00, 0x00, 0x00, 0x00, 0x00, 0x00, 0x00, 0x00, 0x00,
    0x00, 0x00, 0x00, 0x00, 0x00, 0x00, 0x00, 0x00, 0x00, 0x00, 0x00, 0x00, 0x00, 0x00, 0x00, 0x00, 0x00, 0x00, 0x00, 0x00, 0x00, 0x00, 0x00, 0x00,
    0x00, 0x00, 0x00, 0x00, 0x00, 0x00, 0x00, 0x00, 0x55, 0x55, 0x55, 0x03, 0x00, 0x00, 0x00, 0x00, 0x20, 0x28, 0x28, 0x66, 0x49, 0x4C, 0x49, 0xFB,
    0x4F, 0x7D, 0x7A, 0xF5, 0x50, 0x70, 0x70, 0xF6, 0x41, 0x45, 0x44, 0xF6, 0x16, 0x19, 0x1A, 0xF4, 0x18, 0x19, 0x19, 0xFC, 0x10, 0x10, 0x10, 0x2E,
    0x00, 0x00, 0x00, 0x06, 0x01, 0x03, 0x01, 0x95, 0x17, 0x19, 0x1A, 0xF1, 0x30, 0x32, 0x32, 0xF3, 0x35, 0x37, 0x36, 0xFF, 0x1A, 0x1C, 0x1C, 0x7E,
    0x00, 0x00, 0x00, 0x00, 0x00, 0x3F, 0x3F, 0x04, 0x55, 0x55, 0x55, 0x03, 0x00, 0x00, 0x00, 0x02, 0x3B, 0x3D, 0x3D, 0x85, 0x4A, 0x4C, 0x4D, 0xFF,
    0x1A, 0x19, 0x1B, 0xDB, 0x21, 0x21, 0x23, 0xCF, 0x3C, 0x41, 0x42, 0xF8, 0x26, 0x29, 0x29, 0xF6, 0x20, 0x1F, 0x1E, 0xF6, 0x0A, 0x0B, 0x09, 0xF4,
    0x0E, 0x0E, 0x0C, 0xFA, 0x24, 0x2D, 0x2A, 0xE6, 0x48, 0x6D, 0x61, 0x15, 0x00, 0x00, 0x00, 0x00, 0x00, 0x00, 0x00, 0x01, 0x00, 0x00, 0x00, 0x00,
    0x00, 0x00, 0x00, 0x00, 0x00, 0x00, 0x00, 0x00, 0x00, 0x00, 0x00, 0x00, 0x00, 0x00, 0x00, 0x00, 0x00, 0x00, 0x00, 0x00, 0x00, 0x00, 0x00, 0x00,
    0x00, 0x00, 0x00, 0x00, 0x00, 0x00, 0x00, 0x00, 0x00, 0x00, 0x00, 0x00, 0x00, 0x00, 0x00, 0x00, 0x00, 0x00, 0x00, 0x00, 0x00, 0x00, 0x00, 0x00,
    0x00, 0x00, 0x00, 0x00, 0x00, 0x00, 0x00, 0x00, 0x00, 0x00, 0x00, 0x03, 0x00, 0x00, 0x00, 0x00, 0x15, 0x11, 0x11, 0x3B, 0x46, 0x46, 0x44, 0xF1,
    0x25, 0x31, 0x2D, 0xF7, 0x4F, 0x59, 0x57, 0xF5, 0x33, 0x37, 0x35, 0xF6, 0x04, 0x05, 0x04, 0xF5, 0x11, 0x11, 0x11, 0xFB, 0x18, 0x1A, 0x1A, 0xB8,
    0x00, 0x00, 0x00, 0x01, 0x00, 0x00, 0x00, 0x2B, 0x29, 0x2B, 0x2A, 0xEB, 0x30, 0x33, 0x32, 0xF7, 0x1E, 0x1E, 0x1E, 0xF9, 0x14, 0x14, 0x14, 0xCA,
    0x00, 0x00, 0x00, 0x09, 0x00, 0x00, 0x00, 0x01, 0x00, 0x00, 0x00, 0x01, 0x00, 0x00, 0x00, 0x04, 0x00, 0x02, 0x00, 0x77, 0x00, 0x00, 0x00, 0x67,
    0x27, 0x25, 0x29, 0x6E, 0x38, 0x39, 0x3C, 0xEE, 0x41, 0x44, 0x47, 0xF8, 0x44, 0x48, 0x49, 0xF5, 0x32, 0x35, 0x35, 0xF6, 0x23, 0x26, 0x25, 0xF3,
    0x37, 0x39, 0x37, 0xFF, 0x24, 0x24, 0x22, 0x6F, 0x00, 0x00, 0x00, 0x00, 0x55, 0x55, 0x55, 0x03, 0x00, 0x00, 0x00, 0x00, 0x00, 0x00, 0x00, 0x00,
    0x00, 0x00, 0x00, 0x00, 0x00, 0x00, 0x00, 0x00, 0x00, 0x00, 0x00, 0x00, 0x00, 0x00, 0x00, 0x00, 0x00, 0x00, 0x00, 0x00, 0x00, 0x00, 0x00, 0x00,
    0x00, 0x00, 0x00, 0x00, 0x00, 0x00, 0x00, 0x00, 0x00, 0x00, 0x00, 0x00, 0x00, 0x00, 0x00, 0x00, 0x00, 0x00, 0x00, 0x00, 0x00, 0x00, 0x00, 0x00,
    0x00, 0x00, 0x00, 0x00, 0x00, 0x00, 0x00, 0x00, 0x00, 0x00, 0x00, 0x01, 0x00, 0x00, 0x00, 0x00, 0x00, 0x00, 0x00, 0x18, 0x06, 0x0A, 0x0C, 0x92,
    0x0E, 0x0F, 0x0F, 0xE9, 0x2C, 0x2A, 0x29, 0xF8, 0x21, 0x21, 0x20, 0xF5, 0x37, 0x39, 0x38, 0xF3, 0x4B, 0x4E, 0x4D, 0xFF, 0x2F, 0x32, 0x32, 0xB6,
    0x00, 0xFF, 0xFF, 0x01, 0x0E, 0x0E, 0x0E, 0x12, 0x08, 0x09, 0x08, 0xB3, 0x1C, 0x1E, 0x1D, 0xF7, 0x20, 0x21, 0x20, 0xFF, 0x14, 0x14, 0x14, 0xC3,
    0x00, 0x00, 0x00, 0x07, 0x00, 0x00, 0x00, 0x01, 0x00, 0x00, 0x00, 0x01, 0x00, 0x00, 0x00, 0x00, 0x00, 0x00, 0x00, 0x00, 0x45, 0x47, 0x49, 0x79,
    0x41, 0x40, 0x43, 0xE9, 0x1F, 0x20, 0x22, 0xF9, 0x31, 0x36, 0x38, 0xF5, 0x3A, 0x3E, 0x3F, 0xF6, 0x18, 0x1B, 0x1A, 0xF3, 0x26, 0x29, 0x28, 0xFB,
    0x48, 0x4C, 0x4A, 0xCB, 0x7F, 0x7F, 0x7F, 0x04, 0x00, 0x00, 0x00, 0x01, 0x00, 0x00, 0x00, 0x01, 0x00, 0x00, 0x00, 0x00, 0x00, 0x00, 0x00, 0x00,
    0x00, 0x00, 0x00, 0x00, 0x00, 0x00, 0x00, 0x00, 0x00, 0x00, 0x00, 0x00, 0x00, 0x00, 0x00, 0x00, 0x00, 0x00, 0x00, 0x00, 0x00, 0x00, 0x00, 0x00,
    0x00, 0x00, 0x00, 0x00, 0x00, 0x00, 0x00, 0x00, 0x00, 0x00, 0x00, 0x00, 0x00, 0x00, 0x00, 0x00, 0x00, 0x00, 0x00, 0x00, 0x00, 0x00, 0x00, 0x00,
    0x00, 0x00, 0x00, 0x00, 0x00, 0x00, 0x00, 0x00, 0x00, 0x00, 0x00, 0x00, 0x00, 0x00, 0x00, 0x02, 0x00, 0x00, 0x00, 0x00, 0x08, 0x00, 0x08, 0x1F,
    0x37, 0x38, 0x33, 0xE3, 0x29, 0x28, 0x22, 0xFA, 0x5A, 0x5A, 0x56, 0xF5, 0x6A, 0x70, 0x6C, 0xF4, 0x6A, 0x70, 0x6E, 0xFE, 0x3C, 0x3F, 0x3F, 0xC1,
    0x00, 0x00, 0x00, 0x02, 0x00, 0x00, 0x00, 0x00, 0x00, 0x00, 0x03, 0x4A, 0x0D, 0x0F, 0x0F, 0xDC, 0x13, 0x13, 0x13, 0xDB, 0x0B, 0x0B, 0x0B, 0x2E,
    0x00, 0x00, 0x00, 0x00, 0x00, 0x00, 0x00, 0x02, 0x00, 0x00, 0x00, 0x02, 0x00, 0x00, 0x00, 0x00, 0x05, 0x05, 0x05, 0x2D, 0x11, 0x12, 0x13, 0xDE,
    0x2B, 0x2B, 0x2D, 0xF7, 0x44, 0x46, 0x48, 0xF4, 0x23, 0x25, 0x28, 0xF4, 0x27, 0x2A, 0x2A, 0xF4, 0x3B, 0x3E, 0x3B, 0xF3, 0x26, 0x28, 0x26, 0xFF,
    0x23, 0x25, 0x23, 0x7B, 0x00, 0x00, 0x00, 0x00, 0x55, 0x55, 0x55, 0x03, 0x00, 0x00, 0x00, 0x00, 0x00, 0x00, 0x00, 0x00, 0x00, 0x00, 0x00, 0x00,
    0x00, 0x00, 0x00, 0x00, 0x00, 0x00, 0x00, 0x00, 0x00, 0x00, 0x00, 0x00, 0x00, 0x00, 0x00, 0x00, 0x00, 0x00, 0x00, 0x00, 0x00, 0x00, 0x00, 0x00,
    0x00, 0x00, 0x00, 0x00, 0x00, 0x00, 0x00, 0x00, 0x00, 0x00, 0x00, 0x00, 0x00, 0x00, 0x00, 0x00, 0x00, 0x00, 0x00, 0x00, 0x00, 0x00, 0x00, 0x00,
    0x00, 0x00, 0x00, 0x00, 0x00, 0x00, 0x00, 0x00, 0x00, 0x00, 0x00, 0x00, 0x00, 0x00, 0x00, 0x01, 0x00, 0x00, 0x00, 0x00, 0x00, 0x00, 0x00, 0x12,
    0x20, 0x20, 0x1C, 0xC2, 0x15, 0x15, 0x0E, 0xFC, 0x57, 0x59, 0x51, 0xF3, 0x5D, 0x66, 0x60, 0xF6, 0x4B, 0x53, 0x51, 0xF5, 0x17, 0x19, 0x18, 0xFA,
    0x28, 0x2A, 0x2A, 0x8B, 0x00, 0x00, 0x00, 0x00, 0x00, 0x00, 0x00, 0x00, 0x00, 0x00, 0x00, 0x3E, 0x00, 0x00, 0x00, 0x23, 0x00, 0x00, 0x00, 0x00,
    0x00, 0x00, 0x00, 0x01, 0x00, 0x00, 0x00, 0x00, 0x00, 0x00, 0x00, 0x01, 0x00, 0x00, 0x00, 0x02, 0x00, 0x00, 0x00, 0x0A, 0x06, 0x06, 0x08, 0x78,
    0x28, 0x28, 0x2A, 0xF7, 0x36, 0x3A, 0x3B, 0xF6, 0x46, 0x48, 0x4C, 0xFB, 0x2A, 0x2C, 0x2D, 0xFE, 0x30, 0x32, 0x2F, 0xF9, 0x2B, 0x2E, 0x2B, 0xAE,
    0x11, 0x00, 0x00, 0x0F, 0x00, 0x00, 0x00, 0x01, 0x00, 0x00, 0x00, 0x01, 0x00, 0x00, 0x00, 0x00, 0x00, 0x00, 0x00, 0x00, 0x00, 0x00, 0x00, 0x00,
    0x00, 0x00, 0x00, 0x00, 0x00, 0x00, 0x00, 0x00, 0x00, 0x00, 0x00, 0x00, 0x00, 0x00, 0x00, 0x00, 0x00, 0x00, 0x00, 0x00, 0x00, 0x00, 0x00, 0x00,
    0x00, 0x00, 0x00, 0x00, 0x00, 0x00, 0x00, 0x00, 0x00, 0x00, 0x00, 0x00, 0x00, 0x00, 0x00, 0x00, 0x00, 0x00, 0x00, 0x00, 0x00, 0x00, 0x00, 0x00,
    0x00, 0x00, 0x00, 0x00, 0x00, 0x00, 0x00, 0x00, 0x00, 0x00, 0x00, 0x00, 0x00, 0x00, 0x00, 0x00, 0x7F, 0x7F, 0x7F, 0x02, 0x00, 0x00, 0x00, 0x00,
    0x23, 0x23, 0x21, 0x80, 0x42, 0x43, 0x3B, 0xFF, 0x34, 0x36, 0x2E, 0xF7, 0x5B, 0x63, 0x5E, 0xF5, 0x27, 0x2E, 0x2C, 0xF5, 0x1A, 0x1D, 0x1C, 0xF5,
    0x39, 0x3B, 0x3B, 0xF4, 0x1E, 0x20, 0x1E, 0xB5, 0x1C, 0x1C, 0x1C, 0x62, 0x00, 0x00, 0x00, 0x00, 0x00, 0x00, 0x00, 0x00, 0x00, 0x00, 0x00, 0x02,
    0x00, 0x00, 0x00, 0x00, 0x00, 0x00, 0x00, 0x00, 0x00, 0x00, 0x00, 0x00, 0x00, 0x00, 0x00, 0x02, 0x00, 0x00, 0x00, 0x00, 0x00, 0x00, 0x04, 0x34,
    0x00, 0x00, 0x00, 0x8B, 0x1B, 0x1C, 0x1D, 0xD6, 0x26, 0x27, 0x2A, 0xDD, 0x1E, 0x20, 0x21, 0x97, 0x00, 0x00, 0x00, 0x52, 0x00, 0x00, 0x00, 0x02,
    0x00, 0x00, 0x00, 0x00, 0x00, 0x00, 0x00, 0x00, 0x00, 0x00, 0x00, 0x00, 0x00, 0x00, 0x00, 0x00, 0x00, 0x00, 0x00, 0x00, 0x00, 0x00, 0x00, 0x00,
    0x00, 0x00, 0x00, 0x00, 0x00, 0x00, 0x00, 0x00, 0x00, 0x00, 0x00, 0x00, 0x00, 0x00, 0x00, 0x00, 0x00, 0x00, 0x00, 0x00, 0x00, 0x00, 0x00, 0x00,
    0x00, 0x00, 0x00, 0x00, 0x00, 0x00, 0x00, 0x00, 0x00, 0x00, 0x00, 0x00, 0x00, 0x00, 0x00, 0x00, 0x00, 0x00, 0x00, 0x00, 0x00, 0x00, 0x00, 0x00,
    0x00, 0x00, 0x00, 0x00, 0x00, 0x00, 0x00, 0x00, 0x00, 0x00, 0x00, 0x00, 0x00, 0x00, 0x00, 0x00, 0x00, 0x00, 0x00, 0x02, 0x00, 0x00, 0x00, 0x00,
    0x07, 0x07, 0x07, 0x40, 0x1F, 0x1F, 0x1D, 0xDB, 0x1C, 0x1D, 0x19, 0xE7, 0x2C, 0x2F, 0x2B, 0xF9, 0x37, 0x39, 0x37, 0xFC, 0x36, 0x36, 0x37, 0xFB,
    0x27, 0x28, 0x28, 0xF6, 0x25, 0x28, 0x27, 0xFE, 0x27, 0x28, 0x28, 0xFF, 0x1C, 0x18, 0x18, 0x48, 0x00, 0x00, 0x00, 0x02, 0x00, 0x00, 0x00, 0x03,
    0x00, 0x00, 0x00, 0x00, 0x00, 0x00, 0x00, 0x00, 0x00, 0x00, 0x00, 0x00, 0x00, 0x00, 0x00, 0x00, 0x00, 0x00, 0x00, 0x01, 0x00, 0x00, 0x00, 0x00,
    0xFF, 0xFF, 0xFF, 0x01, 0x00, 0x00, 0x00, 0x39, 0x00, 0x00, 0x00, 0x24, 0x00, 0x00, 0x00, 0x00, 0x00, 0x00, 0x00, 0x00, 0x00, 0x00, 0x00, 0x00,
    0x00, 0x00, 0x00, 0x01, 0x00, 0x00, 0x00, 0x00, 0x00, 0x00, 0x00, 0x00, 0x00, 0x00, 0x00, 0x00, 0x00, 0x00, 0x00, 0x00, 0x00, 0x00, 0x00, 0x00,
    0x00, 0x00, 0x00, 0x00, 0x00, 0x00, 0x00, 0x00, 0x00, 0x00, 0x00, 0x00, 0x00, 0x00, 0x00, 0x00, 0x00, 0x00, 0x00, 0x00, 0x00, 0x00, 0x00, 0x00,
    0x00, 0x00, 0x00, 0x00, 0x00, 0x00, 0x00, 0x00, 0x00, 0x00, 0x00, 0x00, 0x00, 0x00, 0x00, 0x00, 0x00, 0x00, 0x00, 0x00, 0x00, 0x00, 0x00, 0x00,
    0x00, 0x00, 0x00, 0x00, 0x00, 0x00, 0x00, 0x00, 0x00, 0x00, 0x00, 0x00, 0x00, 0x00, 0x00, 0x00, 0x00, 0x00, 0x00, 0x00, 0x00, 0x00, 0x00, 0x00,
    0x00, 0x00, 0x00, 0x05, 0x00, 0x00, 0x00, 0x32, 0x00, 0x00, 0x00, 0x58, 0x08, 0x08, 0x06, 0x9E, 0x0E, 0x0E, 0x0C, 0xB1, 0x14, 0x14, 0x14, 0xD1,
    0x0F, 0x0F, 0x0F, 0xE9, 0x17, 0x18, 0x17, 0xF5, 0x1B, 0x1C, 0x1C, 0xCF, 0x2F, 0x2F, 0x2F, 0x1B, 0x00, 0x00, 0x00, 0x01, 0x00, 0x00, 0x00, 0x01,
    0x00, 0x00, 0x00, 0x00, 0x00, 0x00, 0x00, 0x00, 0x00, 0x00, 0x00, 0x00, 0x00, 0x00, 0x00, 0x00, 0x00, 0x00, 0x00, 0x00, 0x00, 0x00, 0x00, 0x02,
    0x00, 0x00, 0x00, 0x00, 0x00, 0x00, 0x00, 0x00, 0x00, 0x00, 0x00, 0x00, 0xFF, 0xFF, 0xFF, 0x01, 0x00, 0x00, 0x00, 0x03, 0x00, 0x00, 0x00, 0x01,
    0x00, 0x00, 0x00, 0x00, 0x00, 0x00, 0x00, 0x00, 0x00, 0x00, 0x00, 0x00, 0x00, 0x00, 0x00, 0x00, 0x00, 0x00, 0x00, 0x00, 0x00, 0x00, 0x00, 0x00,
    0x00, 0x00, 0x00, 0x00, 0x00, 0x00, 0x00, 0x00, 0x00, 0x00, 0x00, 0x00, 0x00, 0x00, 0x00, 0x00, 0x00, 0x00, 0x00, 0x00, 0x00, 0x00, 0x00, 0x00,
    0x00, 0x00, 0x00, 0x00, 0x00, 0x00, 0x00, 0x00, 0x00, 0x00, 0x00, 0x00, 0x00, 0x00, 0x00, 0x00, 0x00, 0x00, 0x00, 0x00, 0x00, 0x00, 0x00, 0x00,
    0x00, 0x00, 0x00, 0x00, 0x00, 0x00, 0x00, 0x00, 0x00, 0x00, 0x00, 0x00, 0x00, 0x00, 0x00, 0x00, 0x00, 0x00, 0x00, 0x00, 0x00, 0x00, 0x00, 0x00,
    0x00, 0x00, 0x00, 0x00, 0x00, 0x00, 0x00, 0x00, 0x00, 0x00, 0x00, 0x00, 0x00, 0x00, 0x00, 0x02, 0x00, 0x00, 0x00, 0x12, 0x00, 0x00, 0x00, 0x34,
    0x00, 0x00, 0x00, 0x6B, 0x00, 0x00, 0x00, 0x69, 0x00, 0x00, 0x00, 0x26, 0x00, 0x00, 0x00, 0x00, 0x00, 0x00, 0x00, 0x01, 0x00, 0x00, 0x00, 0x00,
    0x00, 0x00, 0x00, 0x00, 0x00, 0x00, 0x00, 0x00, 0x00, 0x00, 0x00, 0x00, 0x00, 0x00, 0x00, 0x00, 0x00, 0x00, 0x00, 0x00, 0x00, 0x00, 0x00, 0x00,
    0x00, 0x00, 0x00, 0x00, 0x00, 0x00, 0x00, 0x02, 0x00, 0x00, 0x00, 0x02, 0x00, 0x00, 0x00, 0x00, 0x00, 0x00, 0x00, 0x00, 0x00, 0x00, 0x00, 0x00,
    0x00, 0x00, 0x00, 0x00, 0x00, 0x00, 0x00, 0x00, 0x00, 0x00, 0x00, 0x00, 0x00, 0x00, 0x00, 0x00, 0x00, 0x00, 0x00, 0x00, 0x00, 0x00, 0x00, 0x00,
    0x00, 0x00, 0x00, 0x00, 0x00, 0x00, 0x00, 0x00, 0x00, 0x00, 0x00, 0x00, 0x00, 0x00, 0x00, 0x00, 0x00, 0x00, 0x00, 0x00, 0x00, 0x00, 0x00, 0x00,
    0x00, 0x00, 0x00, 0x00, 0x00, 0x00, 0x00, 0x00, 0x00, 0x00, 0x00, 0x00, 0x00, 0x00, 0x00, 0x00, 0x00, 0x00, 0x00, 0x00, 0x00, 0x00, 0x00, 0x00,
    0x00, 0x00, 0x00, 0x00, 0x00, 0x00, 0x00, 0x00, 0x00, 0x00, 0x00, 0x00, 0x00, 0x00, 0x00, 0x00, 0x00, 0x00, 0x00, 0x00, 0x00, 0x00, 0x00, 0x00,
    0x00, 0x00, 0x00, 0x00, 0x00, 0x00, 0x00, 0x00, 0x00, 0x00, 0x00, 0x00, 0x00, 0x00, 0x00, 0x00, 0x00, 0x00, 0x00, 0x00, 0x00, 0x00, 0x00, 0x00,
    0x00, 0x00, 0x00, 0x00, 0x00, 0x00, 0x00, 0x00, 0x00, 0x00, 0x00, 0x00, 0x00, 0x00, 0x00, 0x00, 0x00, 0x00, 0x00, 0x00, 0x00, 0x00, 0x00, 0x00,
    0x00, 0x00, 0x00, 0x00, 0x00, 0x00, 0x00, 0x00, 0x00, 0x00, 0x00, 0x00, 0x00, 0x00, 0x00, 0x00, 0x00, 0x00, 0x00, 0x00, 0x00, 0x00, 0x00, 0x00,
    0x00, 0x00, 0x00, 0x00, 0x00, 0x00, 0x00, 0x00, 0x00, 0x00, 0x00, 0x00, 0x00, 0x00, 0x00, 0x00, 0x00, 0x00, 0x00, 0x00, 0x00, 0x00, 0x00, 0x00,
    0x00, 0x00, 0x00, 0x00, 0x00, 0x00, 0x00, 0x00, 0x00, 0x00, 0x00, 0x00, 0x00, 0x00, 0x00, 0x00, 0x00, 0x00, 0x00, 0x00, 0x00, 0x00, 0x00, 0x00,
    0x00, 0x00, 0x00, 0x00, 0x00, 0x00, 0x00, 0x00, 0x00, 0x00, 0x00, 0x00, 0x00, 0x00, 0x00, 0x00, 0x00, 0x00, 0x00, 0x00, 0x00, 0x00, 0x00, 0x00,
    0x00, 0x00, 0x00, 0x00, 0x00, 0x00, 0x00, 0x00, 0x00, 0x00, 0x00, 0x00, 0x00, 0x00, 0x00, 0x00, 0x00, 0x00, 0x00, 0x00, 0x00, 0x00, 0x00, 0x00,
    0x00, 0x00, 0x00, 0x00, 0x00, 0x00, 0x00, 0x00, 0x00, 0x00, 0x00, 0x00, 0x00, 0x00, 0x00, 0x00, 0x00, 0x00, 0x00, 0x00, 0x00, 0x00, 0x00, 0x00,
    0x00, 0x00, 0x00, 0x00, 0x00, 0x00, 0x00, 0x00, 0x00, 0x00, 0x00, 0x00, 0x00, 0x00, 0x00, 0x00, 0x00, 0x00, 0x00, 0x00, 0x00, 0x00, 0x00, 0x00,
    0x00, 0x00, 0x00, 0x00, 0x00, 0x00, 0x00, 0x00, 0x00, 0x00, 0x00, 0x00, 0x00, 0x00, 0x00, 0x00, 0x00, 0x00, 0x00, 0x00, 0x00, 0x00, 0x00, 0x00,
    0x00, 0x00, 0x00, 0x00, 0x00, 0x00, 0x00, 0x00, 0x00, 0x00, 0x00, 0x00, 0x00, 0x00, 0x00, 0x00, 0x00, 0x00, 0x00, 0x00, 0x00, 0x00, 0x00, 0x00,
    0x00, 0x00, 0x00, 0x00, 0x00, 0x00, 0x00, 0x00, 0x00, 0x00, 0x00, 0x00, 0x00, 0x00, 0x00, 0x00, 0x00, 0x00, 0x00, 0x00, 0x00, 0x00, 0x00, 0x00,
    0x00, 0x00, 0x00, 0x00, 0x00, 0x00, 0x00, 0x00, 0x00, 0x00, 0x00, 0x00, 0x00, 0x00, 0x00, 0x00, 0x00, 0x00, 0x00, 0x00, 0x00, 0x00, 0x00, 0x00,
    0x00, 0x00, 0x00, 0x00, 0x00, 0x00, 0x00, 0x00, 0x00, 0x00, 0x00, 0x00, 0x00, 0x00, 0x00, 0x00, 0x00, 0x00, 0x00, 0x00, 0x00, 0x00, 0x00, 0x00,
    0x00, 0x00, 0x00, 0x00, 0x00, 0x00, 0x00, 0x00, 0x00, 0x00, 0x00, 0x00, 0x00, 0x00, 0x00, 0x00, 0x00, 0x00, 0x00, 0x00, 0x00, 0x00, 0x00, 0x00,
    0x00, 0x00, 0x00, 0x00, 0x00, 0x00, 0x00, 0x00, 0x00, 0x00, 0x00, 0x00, 0x00, 0x00, 0x00, 0x00, 0x00, 0x00, 0x00, 0x00, 0x00, 0x00, 0x00, 0x00,
    0x00, 0x00, 0x00, 0x00, 0x00, 0x00, 0x00, 0x00, 0x00, 0x00, 0x00, 0x00, 0x00, 0x00, 0x00, 0x00, 0x00, 0x00, 0x00, 0x00, 0x00, 0x00, 0x00, 0x00,
    0x00, 0x00, 0x00, 0x00, 0x00, 0x00, 0x00, 0x00, 0x00, 0x00, 0x00, 0x00, 0x00, 0x00, 0x00, 0x00, 0x00, 0x00, 0x00, 0x00, 0x00, 0x00, 0x00, 0x00,
    0x00, 0x00, 0x00, 0x00, 0x00, 0x00, 0x00, 0x00, 0x00, 0x00, 0x00, 0x00, 0x00, 0x00, 0x00, 0x00, 0x00, 0x00, 0x00, 0x00, 0x00, 0x00, 0x00, 0x00,
    0x00, 0x00, 0x00, 0x00, 0x00, 0x00, 0x00, 0x00, 0x00, 0x00, 0x00, 0x00, 0x00, 0x00, 0x00, 0x00, 0x00, 0x00, 0x00, 0x00, 0x00, 0x00, 0x00, 0x00,
    0x00, 0x00, 0x00, 0x00, 0x00, 0x00, 0x00, 0x00, 0x00, 0x00, 0x00, 0x00, 0x00, 0x00, 0x00, 0x00, 0x00, 0x00, 0x00, 0x00, 0x00, 0x00, 0x00, 0x00,
    0x00, 0x00, 0x00, 0x00, 0x00, 0x00, 0x00, 0x00, 0x00, 0x00, 0x00, 0x00, 0x00, 0x00, 0x00, 0x00, 0x00, 0x00, 0x00, 0x00, 0x00, 0x00, 0x00, 0x00,
};
inline constexpr std::array<std::uint8_t, 9216> tek_leggings = {
    0x00, 0x00, 0x00, 0x00, 0x00, 0x00, 0x00, 0x00, 0x00, 0x00, 0x00, 0x00, 0x00, 0x00, 0x00, 0x00, 0x00, 0x00, 0x00, 0x00, 0x00, 0x00, 0x00, 0x00,
    0x00, 0x00, 0x00, 0x00, 0x00, 0x00, 0x00, 0x00, 0x00, 0x00, 0x00, 0x00, 0x00, 0x00, 0x00, 0x00, 0x00, 0x00, 0x00, 0x00, 0x00, 0x00, 0x00, 0x00,
    0x00, 0x00, 0x00, 0x00, 0x00, 0x00, 0x00, 0x00, 0x00, 0x00, 0x00, 0x00, 0x00, 0x00, 0x00, 0x00, 0x00, 0x00, 0x00, 0x00, 0x00, 0x00, 0x00, 0x00,
    0x00, 0x00, 0x00, 0x00, 0x00, 0x00, 0x00, 0x00, 0x00, 0x00, 0x00, 0x00, 0x00, 0x00, 0x00, 0x00, 0x00, 0x00, 0x00, 0x00, 0x00, 0x00, 0x00, 0x00,
    0x00, 0x00, 0x00, 0x00, 0x00, 0x00, 0x00, 0x00, 0x00, 0x00, 0x00, 0x00, 0x00, 0x00, 0x00, 0x00, 0x00, 0x00, 0x00, 0x00, 0x00, 0x00, 0x00, 0x00,
    0x00, 0x00, 0x00, 0x00, 0x00, 0x00, 0x00, 0x00, 0x00, 0x00, 0x00, 0x00, 0x00, 0x00, 0x00, 0x00, 0x00, 0x00, 0x00, 0x00, 0x00, 0x00, 0x00, 0x00,
    0x00, 0x00, 0x00, 0x00, 0x00, 0x00, 0x00, 0x00, 0x00, 0x00, 0x00, 0x00, 0x00, 0x00, 0x00, 0x00, 0x00, 0x00, 0x00, 0x00, 0x00, 0x00, 0x00, 0x00,
    0x00, 0x00, 0x00, 0x00, 0x00, 0x00, 0x00, 0x00, 0x00, 0x00, 0x00, 0x00, 0x00, 0x00, 0x00, 0x00, 0x00, 0x00, 0x00, 0x00, 0x00, 0x00, 0x00, 0x00,
    0x00, 0x00, 0x00, 0x00, 0x00, 0x00, 0x00, 0x00, 0x00, 0x00, 0x00, 0x00, 0x00, 0x00, 0x00, 0x00, 0x00, 0x00, 0x00, 0x00, 0x00, 0x00, 0x00, 0x00,
    0x00, 0x00, 0x00, 0x00, 0x00, 0x00, 0x00, 0x00, 0x00, 0x00, 0x00, 0x00, 0x00, 0x00, 0x00, 0x00, 0x00, 0x00, 0x00, 0x00, 0x00, 0x00, 0x00, 0x00,
    0x00, 0x00, 0x00, 0x00, 0x00, 0x00, 0x00, 0x00, 0x00, 0x00, 0x00, 0x00, 0x00, 0x00, 0x00, 0x00, 0x00, 0x00, 0x00, 0x00, 0x00, 0x00, 0x00, 0x00,
    0x00, 0x00, 0x00, 0x00, 0x00, 0x00, 0x00, 0x00, 0x00, 0x00, 0x00, 0x00, 0x00, 0x00, 0x00, 0x00, 0x00, 0x00, 0x00, 0x00, 0x00, 0x00, 0x00, 0x00,
    0x00, 0x00, 0x00, 0x00, 0x00, 0x00, 0x00, 0x00, 0x00, 0x00, 0x00, 0x00, 0x00, 0x00, 0x00, 0x00, 0x00, 0x00, 0x00, 0x00, 0x00, 0x00, 0x00, 0x00,
    0x00, 0x00, 0x00, 0x00, 0x00, 0x00, 0x00, 0x00, 0x00, 0x00, 0x00, 0x00, 0x00, 0x00, 0x00, 0x00, 0x00, 0x00, 0x00, 0x00, 0x00, 0x00, 0x00, 0x00,
    0x00, 0x00, 0x00, 0x00, 0x00, 0x00, 0x00, 0x00, 0x00, 0x00, 0x00, 0x00, 0x00, 0x00, 0x00, 0x00, 0x00, 0x00, 0x00, 0x00, 0x00, 0x00, 0x00, 0x00,
    0x00, 0x00, 0x00, 0x00, 0x00, 0x00, 0x00, 0x00, 0x00, 0x00, 0x00, 0x00, 0x00, 0x00, 0x00, 0x00, 0x00, 0x00, 0x00, 0x00, 0x00, 0x00, 0x00, 0x00,
    0x00, 0x00, 0x00, 0x00, 0x00, 0x00, 0x00, 0x00, 0x00, 0x00, 0x00, 0x00, 0x00, 0x00, 0x00, 0x00, 0x00, 0x00, 0x00, 0x00, 0x00, 0x00, 0x00, 0x00,
    0x00, 0x00, 0x00, 0x00, 0x00, 0x00, 0x00, 0x00, 0x00, 0x00, 0x00, 0x00, 0x00, 0x00, 0x00, 0x00, 0x00, 0x00, 0x00, 0x00, 0x00, 0x00, 0x00, 0x00,
    0x00, 0x00, 0x00, 0x00, 0x00, 0x00, 0x00, 0x00, 0x00, 0x00, 0x00, 0x00, 0x00, 0x00, 0x00, 0x00, 0x00, 0x00, 0x00, 0x00, 0x00, 0x00, 0x00, 0x00,
    0x00, 0x00, 0x00, 0x00, 0x00, 0x00, 0x00, 0x00, 0x00, 0x00, 0x00, 0x00, 0x00, 0x00, 0x00, 0x00, 0x00, 0x00, 0x00, 0x00, 0x00, 0x00, 0x00, 0x00,
    0x00, 0x00, 0x00, 0x00, 0x00, 0x00, 0x00, 0x00, 0x00, 0x00, 0x00, 0x00, 0x00, 0x00, 0x00, 0x00, 0x00, 0x00, 0x00, 0x00, 0x00, 0x00, 0x00, 0x00,
    0x00, 0x00, 0x00, 0x00, 0x00, 0x00, 0x00, 0x00, 0x00, 0x00, 0x00, 0x00, 0x00, 0x00, 0x00, 0x00, 0x00, 0x00, 0x00, 0x00, 0x00, 0x00, 0x00, 0x00,
    0x00, 0x00, 0x00, 0x00, 0x00, 0x00, 0x00, 0x00, 0x00, 0x00, 0x00, 0x00, 0x00, 0x00, 0x00, 0x00, 0x00, 0x00, 0x00, 0x00, 0x00, 0x00, 0x00, 0x00,
    0x00, 0x00, 0x00, 0x00, 0x00, 0x00, 0x00, 0x00, 0x00, 0x00, 0x00, 0x00, 0x00, 0x00, 0x00, 0x00, 0x00, 0x00, 0x00, 0x00, 0x00, 0x00, 0x00, 0x00,
    0x00, 0x00, 0x00, 0x00, 0x00, 0x00, 0x00, 0x00, 0x00, 0x00, 0x00, 0x00, 0x00, 0x00, 0x00, 0x00, 0x00, 0x00, 0x00, 0x00, 0x00, 0x00, 0x00, 0x00,
    0x00, 0x00, 0x00, 0x00, 0x00, 0x00, 0x00, 0x00, 0x00, 0x00, 0x00, 0x00, 0x00, 0x00, 0x00, 0x00, 0x00, 0x00, 0x00, 0x00, 0x00, 0x00, 0x00, 0x00,
    0x00, 0x00, 0x00, 0x00, 0x00, 0x00, 0x00, 0x00, 0x70, 0x70, 0x74, 0x3B, 0x2F, 0x2F, 0x3F, 0x10, 0x00, 0x00, 0x00, 0x00, 0x00, 0x00, 0x00, 0x00,
    0x00, 0x00, 0x00, 0x00, 0x00, 0x00, 0x00, 0x00, 0x00, 0x00, 0x00, 0x00, 0x00, 0x00, 0x00, 0x00, 0x00, 0x00, 0x00, 0x00, 0x00, 0x00, 0x00, 0x00,
    0x00, 0x00, 0x00, 0x00, 0x00, 0x00, 0x00, 0x00, 0x62, 0x62, 0x62, 0x0D, 0x84, 0x84, 0x84, 0x1B, 0x00, 0x00, 0x00, 0x00, 0x00, 0x00, 0x00, 0x00,
    0x00, 0x00, 0x00, 0x00, 0xAA, 0xAA, 0xAA, 0x03, 0x55, 0x55, 0x55, 0x03, 0x00, 0x00, 0x00, 0x01, 0x00, 0x00, 0x00, 0x00, 0x00, 0x00, 0x00, 0x00,
    0x00, 0x00, 0x00, 0x00, 0x00, 0x00, 0x00, 0x00, 0x00, 0x00, 0x00, 0x00, 0x00, 0x00, 0x00, 0x00, 0x00, 0x00, 0x00, 0x00, 0x00, 0x00, 0x00, 0x00,
    0x00, 0x00, 0x00, 0x00, 0x00, 0x00, 0x00, 0x00, 0x00, 0x00, 0x00, 0x00, 0x00, 0x00, 0x00, 0x00, 0x00, 0x00, 0x00, 0x00, 0x00, 0x00, 0x00, 0x00,
    0x00, 0x00, 0x00, 0x00, 0x00, 0x00, 0x00, 0x00, 0x00, 0x00, 0x00, 0x00, 0x00, 0x00, 0x00, 0x00, 0x00, 0x00, 0x00, 0x00, 0x00, 0x00, 0x00, 0x00,
    0x00, 0x00, 0x00, 0x00, 0x00, 0x00, 0x00, 0x00, 0x00, 0x00, 0x00, 0x00, 0x00, 0x00, 0x00, 0x00, 0x00, 0x00, 0x00, 0x00, 0x00, 0x00, 0x00, 0x02,
    0x00, 0x00, 0x00, 0x00, 0x6B, 0x6D, 0x6D, 0x82, 0x69, 0x6B, 0x6F, 0xFA, 0x6C, 0x70, 0x74, 0xBA, 0x84, 0x89, 0x87, 0x98, 0x82, 0x87, 0x87, 0x93,
    0x80, 0x86, 0x84, 0x81, 0x92, 0x97, 0x94, 0x67, 0x8E, 0x92, 0x8E, 0x42, 0x7C, 0x82, 0x7C, 0x27, 0x91, 0x91, 0x91, 0x07, 0x88, 0x8D, 0x8D, 0x36,
    0x6A, 0x6E, 0x6E, 0x7A, 0x63, 0x68, 0x69, 0xA6, 0x5B, 0x5E, 0x63, 0xD0, 0x67, 0x6A, 0x6C, 0xDC, 0x8B, 0x8D, 0x8E, 0xA6, 0xA2, 0xA2, 0xA2, 0x5B,
    0xBF, 0xBF, 0xBF, 0x18, 0x00, 0x00, 0x00, 0x00, 0x00, 0x00, 0x00, 0x00, 0x00, 0x00, 0x00, 0x00, 0x19, 0x19, 0x00, 0x0A, 0x00, 0x00, 0x00, 0x00,
    0x00, 0x00, 0x00, 0x00, 0x00, 0x00, 0x00, 0x00, 0x00, 0x00, 0x00, 0x00, 0x00, 0x00, 0x00, 0x00, 0x00, 0x00, 0x00, 0x00, 0x00, 0x00, 0x00, 0x00,
    0x00, 0x00, 0x00, 0x00, 0x00, 0x00, 0x00, 0x00, 0x00, 0x00, 0x00, 0x00, 0x00, 0x00, 0x00, 0x00, 0x00, 0x00, 0x00, 0x00, 0x00, 0x00, 0x00, 0x00,
    0x00, 0x00, 0x00, 0x00, 0x00, 0x00, 0x00, 0x00, 0x00, 0x00, 0x00, 0x00, 0x00, 0x00, 0x00, 0x00, 0x00, 0x00, 0x00, 0x00, 0x00, 0x00, 0x00, 0x00,
    0x00, 0x00, 0x00, 0x00, 0x00, 0x00, 0x00, 0x00, 0x00, 0x00, 0x00, 0x00, 0x00, 0x00, 0x00, 0x00, 0x00, 0x00, 0x00, 0x00, 0x00, 0x00, 0x00, 0x00,
    0x34, 0x34, 0x34, 0x27, 0x5B, 0x5F, 0x60, 0xFD, 0x67, 0x6B, 0x70, 0xF8, 0x6A, 0x70, 0x73, 0xFC, 0x79, 0x80, 0x81, 0xFF, 0x6F, 0x75, 0x78, 0xFF,
    0x54, 0x5A, 0x5C, 0xFF, 0x60, 0x67, 0x67, 0xFF, 0x6A, 0x70, 0x72, 0xF9, 0x62, 0x69, 0x6B, 0xEB, 0x5F, 0x65, 0x69, 0xCE, 0x58, 0x5E, 0x61, 0xF3,
    0x5E, 0x63, 0x67, 0xFF, 0x54, 0x57, 0x5E, 0xFF, 0x33, 0x37, 0x3C, 0xFD, 0x25, 0x28, 0x2A, 0xFA, 0x41, 0x44, 0x47, 0xFF, 0x5B, 0x5F, 0x5E, 0xFF,
    0x64, 0x68, 0x67, 0xD6, 0x73, 0x75, 0x75, 0x82, 0x7B, 0x7C, 0x79, 0x93, 0x69, 0x6A, 0x69, 0xBB, 0x4F, 0x51, 0x51, 0x81, 0x00, 0x00, 0x00, 0x00,
    0x00, 0x00, 0x00, 0x00, 0x00, 0x00, 0x00, 0x00, 0x00, 0x00, 0x00, 0x00, 0x00, 0x00, 0x00, 0x00, 0x00, 0x00, 0x00, 0x00, 0x00, 0x00, 0x00, 0x00,
    0x00, 0x00, 0x00, 0x00, 0x00, 0x00, 0x00, 0x00, 0x00, 0x00, 0x00, 0x00, 0x00, 0x00, 0x00, 0x00, 0x00, 0x00, 0x00, 0x00, 0x00, 0x00, 0x00, 0x00,
    0x00, 0x00, 0x00, 0x00, 0x00, 0x00, 0x00, 0x00, 0x00, 0x00, 0x00, 0x00, 0x00, 0x00, 0x00, 0x00, 0x00, 0x00, 0x00, 0x00, 0x00, 0x00, 0x00, 0x00,
    0x00, 0x00, 0x00, 0x00, 0x00, 0x00, 0x00, 0x00, 0x00, 0x00, 0x00, 0x00, 0x00, 0x00, 0x00, 0x00, 0x00, 0x00, 0x00, 0x00, 0x00, 0x00, 0x00, 0x00,
    0x3E, 0x43, 0x43, 0x5E, 0x65, 0x6A, 0x6E, 0xFF, 0x47, 0x4B, 0x53, 0xF2, 0x37, 0x3A, 0x43, 0xF5, 0x64, 0x6E, 0x73, 0xF3, 0x77, 0x81, 0x84, 0xF3,
    0x60, 0x68, 0x6D, 0xF3, 0x5D, 0x66, 0x67, 0xF4, 0x63, 0x6D, 0x6E, 0xF5, 0x59, 0x62, 0x65, 0xF7, 0x51, 0x57, 0x5C, 0xFD, 0x3B, 0x42, 0x46, 0xF7,
    0x45, 0x49, 0x50, 0xF3, 0x31, 0x33, 0x3E, 0xF4, 0x24, 0x27, 0x2B, 0xF5, 0x0D, 0x11, 0x10, 0xF5, 0x20, 0x27, 0x2C, 0xF4, 0x4B, 0x51, 0x54, 0xF4,
    0x5E, 0x65, 0x64, 0xF8, 0x75, 0x7B, 0x77, 0xFF, 0x74, 0x78, 0x73, 0xFF, 0x6F, 0x75, 0x75, 0xFF, 0x84, 0x8B, 0x8B, 0xA5, 0x00, 0x00, 0x00, 0x00,
    0x00, 0x00, 0x00, 0x00, 0x00, 0x00, 0x00, 0x00, 0x00, 0x00, 0x00, 0x00, 0x00, 0x00, 0x00, 0x00, 0x00, 0x00, 0x00, 0x00, 0x00, 0x00, 0x00, 0x00,
    0x00, 0x00, 0x00, 0x00, 0x00, 0x00, 0x00, 0x00, 0x00, 0x00, 0x00, 0x00, 0x00, 0x00, 0x00, 0x00, 0x00, 0x00, 0x00, 0x00, 0x00, 0x00, 0x00, 0x00,
    0x00, 0x00, 0x00, 0x00, 0x00, 0x00, 0x00, 0x00, 0x00, 0x00, 0x00, 0x00, 0x00, 0x00, 0x00, 0x00, 0x00, 0x00, 0x00, 0x00, 0x00, 0x00, 0x00, 0x00,
    0x00, 0x00, 0x00, 0x00, 0x00, 0x00, 0x00, 0x00, 0x00, 0x00, 0x00, 0x00, 0x00, 0x00, 0x00, 0x00, 0x00, 0x00, 0x00, 0x00, 0x00, 0x00, 0x00, 0x00,
    0x5B, 0x60, 0x60, 0x8E, 0x4E, 0x55, 0x58, 0xFE, 0x1C, 0x22, 0x2E, 0xF2, 0x08, 0x0E, 0x21, 0xF6, 0x11, 0x15, 0x23, 0xF6, 0x49, 0x50, 0x5B, 0xF6,
    0x73, 0x7D, 0x84, 0xF6, 0x70, 0x7C, 0x7E, 0xF6, 0x76, 0x7F, 0x81, 0xF6, 0x5D, 0x67, 0x69, 0xF5, 0x57, 0x5F, 0x64, 0xF4, 0x26, 0x2D, 0x30, 0xF5,
    0x0D, 0x13, 0x17, 0xF6, 0x2B, 0x2F, 0x3A, 0xF6, 0x35, 0x3B, 0x3F, 0xF6, 0x17, 0x1B, 0x1A, 0xF6, 0x2E, 0x35, 0x3C, 0xF6, 0x2A, 0x2E, 0x31, 0xF6,
    0x38, 0x3B, 0x37, 0xF5, 0x84, 0x8B, 0x87, 0xF3, 0x79, 0x81, 0x80, 0xF1, 0x7F, 0x84, 0x83, 0xFC, 0x4A, 0x4E, 0x4E, 0xB3, 0x00, 0x00, 0x00, 0x00,
    0x00, 0x00, 0x00, 0x00, 0x00, 0x00, 0x00, 0x00, 0x00, 0x00, 0x00, 0x00, 0x00, 0x00, 0x00, 0x00, 0x00, 0x00, 0x00, 0x00, 0x00, 0x00, 0x00, 0x00,
    0x00, 0x00, 0x00, 0x00, 0x00, 0x00, 0x00, 0x00, 0x00, 0x00, 0x00, 0x00, 0x00, 0x00, 0x00, 0x00, 0x00, 0x00, 0x00, 0x00, 0x00, 0x00, 0x00, 0x00,
    0x00, 0x00, 0x00, 0x00, 0x00, 0x00, 0x00, 0x00, 0x00, 0x00, 0x00, 0x00, 0x00, 0x00, 0x00, 0x00, 0x00, 0x00, 0x00, 0x00, 0x00, 0x00, 0x00, 0x00,
    0x00, 0x00, 0x00, 0x00, 0x00, 0x00, 0x00, 0x00, 0x00, 0x00, 0x00, 0x00, 0x00, 0x00, 0x00, 0x00, 0x00, 0x00, 0x00, 0x00, 0xFF, 0xFF, 0xFF, 0x01,
    0x3A, 0x3F, 0x40, 0xC1, 0x1E, 0x26, 0x2B, 0xFF, 0x23, 0x2E, 0x3B, 0xF3, 0x17, 0x3B, 0x4D, 0xF6, 0x1F, 0x59, 0x6A, 0xF6, 0x09, 0x2A, 0x42, 0xF6,
    0x20, 0x2B, 0x43, 0xF6, 0x66, 0x6F, 0x77, 0xF6, 0x87, 0x93, 0x93, 0xF6, 0x57, 0x5F, 0x64, 0xF6, 0x56, 0x5E, 0x63, 0xF6, 0x4D, 0x56, 0x59, 0xF6,
    0x09, 0x0F, 0x11, 0xF6, 0x2A, 0x2F, 0x37, 0xF6, 0x35, 0x3B, 0x3F, 0xF6, 0x1D, 0x20, 0x22, 0xF6, 0x31, 0x3A, 0x41, 0xF6, 0x30, 0x35, 0x36, 0xF6,
    0x57, 0x59, 0x52, 0xF6, 0x85, 0x8E, 0x8B, 0xF6, 0x89, 0x90, 0x93, 0xF3, 0x42, 0x52, 0x57, 0xFF, 0x04, 0x10, 0x15, 0xA9, 0xFF, 0xFF, 0x00, 0x01,
    0x00, 0x00, 0x00, 0x00, 0x00, 0x00, 0x00, 0x00, 0x00, 0x00, 0x00, 0x00, 0x00, 0x00, 0x00, 0x00, 0x00, 0x00, 0x00, 0x00, 0x00, 0x00, 0x00, 0x00,
    0x00, 0x00, 0x00, 0x00, 0x00, 0x00, 0x00, 0x00, 0x00, 0x00, 0x00, 0x00, 0x00, 0x00, 0x00, 0x00, 0x00, 0x00, 0x00, 0x00, 0x00, 0x00, 0x00, 0x00,
    0x00, 0x00, 0x00, 0x00, 0x00, 0x00, 0x00, 0x00, 0x00, 0x00, 0x00, 0x00, 0x00, 0x00, 0x00, 0x00, 0x00, 0x00, 0x00, 0x00, 0x00, 0x00, 0x00, 0x00,
    0x00, 0x00, 0x00, 0x00, 0x00, 0x00, 0x00, 0x00, 0x00, 0x00, 0x00, 0x00, 0x00, 0x00, 0x00, 0x00, 0x00, 0x00, 0x00, 0x00, 0x00, 0x00, 0x00, 0x17,
    0x0F, 0x13, 0x14, 0xC6, 0x25, 0x2D, 0x36, 0xFC, 0x27, 0x2D, 0x3C, 0xF5, 0x0F, 0x2C, 0x3F, 0xF6, 0x27, 0x81, 0x96, 0xF6, 0x2E, 0x88, 0x99, 0xF6,
    0x0D, 0x3E, 0x56, 0xF6, 0x0B, 0x18, 0x28, 0xF6, 0x57, 0x61, 0x65, 0xF6, 0x5A, 0x64, 0x6A, 0xF6, 0x4C, 0x53, 0x5B, 0xF6, 0x63, 0x6C, 0x6F, 0xF6,
    0x1A, 0x20, 0x22, 0xF6, 0x1A, 0x21, 0x28, 0xF6, 0x3E, 0x44, 0x49, 0xF6, 0x1D, 0x20, 0x23, 0xF6, 0x3C, 0x43, 0x49, 0xF6, 0x32, 0x39, 0x39, 0xF6,
    0x87, 0x8F, 0x8A, 0xF6, 0x8A, 0x94, 0x94, 0xF6, 0x5D, 0x6B, 0x73, 0xF3, 0x22, 0x5B, 0x6B, 0xFF, 0x1F, 0x3A, 0x45, 0xB3, 0x00, 0x00, 0x00, 0x00,
    0x00, 0x00, 0x00, 0x00, 0x00, 0x00, 0x00, 0x00, 0x00, 0x00, 0x00, 0x00, 0x00, 0x00, 0x00, 0x00, 0x00, 0x00, 0x00, 0x00, 0x00, 0x00, 0x00, 0x00,
    0x00, 0x00, 0x00, 0x00, 0x00, 0x00, 0x00, 0x00, 0x00, 0x00, 0x00, 0x00, 0x00, 0x00, 0x00, 0x00, 0x00, 0x00, 0x00, 0x00, 0x00, 0x00, 0x00, 0x00,
    0x00, 0x00, 0x00, 0x00, 0x00, 0x00, 0x00, 0x00, 0x00, 0x00, 0x00, 0x00, 0x00, 0x00, 0x00, 0x00, 0x00, 0x00, 0x00, 0x00, 0x00, 0x00, 0x00, 0x00,
    0x00, 0x00, 0x00, 0x00, 0x00, 0x00, 0x00, 0x00, 0x00, 0x00, 0x00, 0x00, 0x00, 0x00, 0x00, 0x00, 0x00, 0x00, 0x00, 0x00, 0x00, 0x00, 0x00, 0x04,
    0x04, 0x04, 0x06, 0x71, 0x21, 0x29, 0x31, 0xF8, 0x41, 0x45, 0x4D, 0xF6, 0x1E, 0x21, 0x2D, 0xF5, 0x00, 0x10, 0x29, 0xF6, 0x17, 0x58, 0x6C, 0xF6,
    0x2A, 0x76, 0x8A, 0xF6, 0x07, 0x22, 0x31, 0xF6, 0x1B, 0x25, 0x2F, 0xF6, 0x59, 0x65, 0x70, 0xF6, 0x4B, 0x55, 0x5C, 0xF6, 0x53, 0x5D, 0x5F, 0xF6,
    0x3D, 0x43, 0x43, 0xF6, 0x0B, 0x12, 0x18, 0xF6, 0x43, 0x49, 0x4E, 0xF6, 0x25, 0x2B, 0x2A, 0xF6, 0x34, 0x39, 0x3C, 0xF6, 0x46, 0x4E, 0x49, 0xF6,
    0x8F, 0x9E, 0x9B, 0xF6, 0x79, 0x7F, 0x87, 0xF6, 0x21, 0x3C, 0x48, 0xF4, 0x17, 0x4D, 0x5A, 0xFD, 0x13, 0x21, 0x2A, 0xB8, 0x6F, 0x7F, 0x7F, 0x10,
    0x00, 0x00, 0x00, 0x00, 0x00, 0x00, 0x00, 0x00, 0x00, 0x00, 0x00, 0x00, 0x00, 0x00, 0x00, 0x00, 0x00, 0x00, 0x00, 0x00, 0x00, 0x00, 0x00, 0x00,
    0x00, 0x00, 0x00, 0x00, 0x00, 0x00, 0x00, 0x00, 0x00, 0x00, 0x00, 0x00, 0x00, 0x00, 0x00, 0x00, 0x00, 0x00, 0x00, 0x00, 0x00, 0x00, 0x00, 0x00,
    0x00, 0x00, 0x00, 0x00, 0x00, 0x00, 0x00, 0x00, 0x00, 0x00, 0x00, 0x00, 0x00, 0x00, 0x00, 0x00, 0x00, 0x00, 0x00, 0x00, 0x00, 0x00, 0x00, 0x00,
    0x00, 0x00, 0x00, 0x00, 0x00, 0x00, 0x00, 0x00, 0x00, 0x00, 0x00, 0x00, 0x00, 0x00, 0x00, 0x00, 0x00, 0x00, 0x00, 0x00, 0x00, 0x00, 0x00, 0x00,
    0x00, 0x00, 0x00, 0x24, 0x16, 0x19, 0x1C, 0xDA, 0x35, 0x39, 0x3C, 0xFA, 0x54, 0x55, 0x58, 0xF5, 0x46, 0x4C, 0x56, 0xF6, 0x03, 0x0C, 0x1F, 0xF6,
    0x12, 0x30, 0x44, 0xF6, 0x14, 0x2C, 0x3C, 0xF6, 0x06, 0x10, 0x1A, 0xF6, 0x39, 0x44, 0x4E, 0xF6, 0x48, 0x50, 0x57, 0xF6, 0x3B, 0x44, 0x44, 0xF6,
    0x4C, 0x53, 0x51, 0xF6, 0x19, 0x20, 0x23, 0xF6, 0x39, 0x3F, 0x46, 0xF6, 0x2B, 0x31, 0x34, 0xF6, 0x24, 0x26, 0x25, 0xF6, 0x7A, 0x81, 0x7A, 0xF6,
    0x7E, 0x8C, 0x91, 0xF6, 0x55, 0x63, 0x6A, 0xF6, 0x0C, 0x1E, 0x26, 0xF5, 0x01, 0x12, 0x19, 0xFA, 0x3E, 0x47, 0x49, 0xE4, 0x9A, 0xAD, 0xA3, 0x1C,
    0x00, 0x00, 0x00, 0x00, 0x00, 0x00, 0x00, 0x00, 0x00, 0x00, 0x00, 0x00, 0x00, 0x00, 0x00, 0x00, 0x00, 0x00, 0x00, 0x00, 0x00, 0x00, 0x00, 0x00,
    0x00, 0x00, 0x00, 0x00, 0x00, 0x00, 0x00, 0x00, 0x00, 0x00, 0x00, 0x00, 0x00, 0x00, 0x00, 0x00, 0x00, 0x00, 0x00, 0x00, 0x00, 0x00, 0x00, 0x00,
    0x00, 0x00, 0x00, 0x00, 0x00, 0x00, 0x00, 0x00, 0x00, 0x00, 0x00, 0x00, 0x00, 0x00, 0x00, 0x00, 0x00, 0x00, 0x00, 0x00, 0x00, 0x00, 0x00, 0x00,
    0x00, 0x00, 0x00, 0x00, 0x00, 0x00, 0x00, 0x00, 0x00, 0x00, 0x00, 0x00, 0x00, 0x00, 0x00, 0x00, 0x00, 0x00, 0x00, 0x00, 0xFF, 0xFF, 0xFF, 0x01,
    0x00, 0x00, 0x00, 0x01, 0x17, 0x18, 0x17, 0x9A, 0x2F, 0x32, 0x36, 0xFE, 0x49, 0x4F, 0x50, 0xF4, 0x69, 0x70, 0x70, 0xF6, 0x4F, 0x58, 0x5E, 0xF6,
    0x09, 0x0B, 0x18, 0xF6, 0x10, 0x1B, 0x2A, 0xF6, 0x14, 0x32, 0x3B, 0xF6, 0x15, 0x1E, 0x27, 0xF6, 0x42, 0x49, 0x4E, 0xF6, 0x3D, 0x45, 0x44, 0xF6,
    0x4A, 0x52, 0x4E, 0xF6, 0x40, 0x48, 0x47, 0xF6, 0x2D, 0x34, 0x3A, 0xF6, 0x17, 0x1E, 0x20, 0xF6, 0x57, 0x58, 0x52, 0xF6, 0x7F, 0x84, 0x82, 0xF6,
    0x6C, 0x74, 0x79, 0xF6, 0x36, 0x55, 0x58, 0xF6, 0x08, 0x14, 0x16, 0xF4, 0x2B, 0x2A, 0x2D, 0xFE, 0x81, 0x84, 0x89, 0xD6, 0x19, 0x33, 0x33, 0x0A,
    0x00, 0x00, 0x00, 0x00, 0x00, 0x00, 0x00, 0x00, 0x00, 0x00, 0x00, 0x00, 0x00, 0x00, 0x00, 0x00, 0x00, 0x00, 0x00, 0x00, 0x00, 0x00, 0x00, 0x00,
    0x00, 0x00, 0x00, 0x00, 0x00, 0x00, 0x00, 0x00, 0x00, 0x00, 0x00, 0x00, 0x00, 0x00, 0x00, 0x00, 0x00, 0x00, 0x00, 0x00, 0x00, 0x00, 0x00, 0x00,
    0x00, 0x00, 0x00, 0x00, 0x00, 0x00, 0x00, 0x00, 0x00, 0x00, 0x00, 0x00, 0x00, 0x00, 0x00, 0x00, 0x00, 0x00, 0x00, 0x00, 0x00, 0x00, 0x00, 0x00,
    0x00, 0x00, 0x00, 0x00, 0x00, 0x00, 0x00, 0x00, 0x00, 0x00, 0x00, 0x00, 0x00, 0x00, 0x00, 0x00, 0x00, 0x00, 0x00, 0x00, 0x3F, 0x3F, 0x3F, 0x04,
    0x00, 0x00, 0x00, 0x00, 0x1B, 0x1D, 0x1B, 0x71, 0x44, 0x47, 0x4B, 0xFF, 0x6B, 0x70, 0x6F, 0xF3, 0x5E, 0x66, 0x5D, 0xF6, 0x87, 0x91, 0x8C, 0xF6,
    0x65, 0x6F, 0x70, 0xF6, 0x06, 0x0B, 0x16, 0xF6, 0x22, 0x60, 0x69, 0xF6, 0x10, 0x2B, 0x34, 0xF6, 0x36, 0x39, 0x3D, 0xF6, 0x3E, 0x45, 0x44, 0xF6,
    0x44, 0x4B, 0x45, 0xF6, 0x4D, 0x56, 0x4F, 0xF6, 0x17, 0x1E, 0x1E, 0xF6, 0x32, 0x39, 0x36, 0xF6, 0x7F, 0x81, 0x7B, 0xF6, 0x65, 0x67, 0x68, 0xF6,
    0x5D, 0x6E, 0x73, 0xF6, 0x23, 0x4E, 0x51, 0xF6, 0x0A, 0x0D, 0x11, 0xF4, 0x72, 0x77, 0x7A, 0xFF, 0x73, 0x79, 0x7D, 0xCB, 0x00, 0x00, 0x00, 0x02,
    0x00, 0x00, 0x00, 0x00, 0x00, 0x00, 0x00, 0x00, 0x00, 0x00, 0x00, 0x00, 0x00, 0x00, 0x00, 0x00, 0x00, 0x00, 0x00, 0x00, 0x00, 0x00, 0x00, 0x00,
    0x00, 0x00, 0x00, 0x00, 0x00, 0x00, 0x00, 0x00, 0x00, 0x00, 0x00, 0x00, 0x00, 0x00, 0x00, 0x00, 0x00, 0x00, 0x00, 0x00, 0x00, 0x00, 0x00, 0x00,
    0x00, 0x00, 0x00, 0x00, 0x00, 0x00, 0x00, 0x00, 0x00, 0x00, 0x00, 0x00, 0x00, 0x00, 0x00, 0x00, 0x00, 0x00, 0x00, 0x00, 0x00, 0x00, 0x00, 0x00,
    0x00, 0x00, 0x00, 0x00, 0x00, 0x00, 0x00, 0x00, 0x00, 0x00, 0x00, 0x00, 0x00, 0x00, 0x00, 0x00, 0x00, 0x00, 0x00, 0x00, 0x3F, 0x3F, 0x3F, 0x04,
    0x00, 0x00, 0x00, 0x00, 0x23, 0x25, 0x23, 0x81, 0x55, 0x59, 0x5A, 0xFF, 0x76, 0x7B, 0x7B, 0xF3, 0x76, 0x7C, 0x75, 0xF6, 0x7C, 0x84, 0x80, 0xF6,
    0x80, 0x8B, 0x8A, 0xF6, 0x5B, 0x60, 0x66, 0xF6, 0x0E, 0x2C, 0x36, 0xF6, 0x1B, 0x4F, 0x61, 0xF6, 0x1F, 0x22, 0x29, 0xF6, 0x41, 0x46, 0x43, 0xF6,
    0x3A, 0x3F, 0x3A, 0xF6, 0x39, 0x41, 0x3B, 0xF6, 0x31, 0x39, 0x34, 0xF6, 0x61, 0x66, 0x62, 0xF6, 0x67, 0x65, 0x62, 0xF6, 0x62, 0x5C, 0x5B, 0xF6,
    0x52, 0x70, 0x76, 0xF6, 0x06, 0x1D, 0x22, 0xF6, 0x40, 0x3E, 0x41, 0xF4, 0x69, 0x73, 0x76, 0xFF, 0x5E, 0x69, 0x6A, 0xC7, 0xFF, 0xFF, 0xFF, 0x02,
    0x00, 0x00, 0x00, 0x00, 0x00, 0x00, 0x00, 0x00, 0x00, 0x00, 0x00, 0x00, 0x00, 0x00, 0x00, 0x00, 0x00, 0x00, 0x00, 0x00, 0x00, 0x00, 0x00, 0x00,
    0x00, 0x00, 0x00, 0x00, 0x00, 0x00, 0x00, 0x00, 0x00, 0x00, 0x00, 0x00, 0x00, 0x00, 0x00, 0x00, 0x00, 0x00, 0x00, 0x00, 0x00, 0x00, 0x00, 0x00,
    0x00, 0x00, 0x00, 0x00, 0x00, 0x00, 0x00, 0x00, 0x00, 0x00, 0x00, 0x00, 0x00, 0x00, 0x00, 0x00, 0x00, 0x00, 0x00, 0x00, 0x00, 0x00, 0x00, 0x00,
    0x00, 0x00, 0x00, 0x00, 0x00, 0x00, 0x00, 0x00, 0x00, 0x00, 0x00, 0x00, 0x00, 0x00, 0x00, 0x00, 0x00, 0x00, 0x00, 0x00, 0x55, 0x55, 0x55, 0x03,
    0x00, 0x00, 0x00, 0x00, 0x27, 0x28, 0x27, 0x96, 0x5A, 0x5E, 0x5E, 0xFF, 0x72, 0x78, 0x76, 0xF3, 0x7A, 0x7F, 0x7B, 0xF6, 0x79, 0x80, 0x7E, 0xF6,
    0x6B, 0x76, 0x77, 0xF6, 0x72, 0x7B, 0x7C, 0xF6, 0x42, 0x4A, 0x4F, 0xF6, 0x1A, 0x4A, 0x52, 0xF6, 0x18, 0x2E, 0x34, 0xF6, 0x37, 0x3C, 0x3D, 0xF6,
    0x3E, 0x45, 0x42, 0xF6, 0x3B, 0x43, 0x3E, 0xF6, 0x4F, 0x57, 0x51, 0xF6, 0x64, 0x65, 0x61, 0xF6, 0x62, 0x5C, 0x5D, 0xF6, 0x6D, 0x7F, 0x7D, 0xF6,
    0x1F, 0x46, 0x44, 0xF6, 0x24, 0x27, 0x2A, 0xF6, 0x56, 0x5F, 0x61, 0xF4, 0x43, 0x4B, 0x4F, 0xFF, 0x3E, 0x43, 0x48, 0xCD, 0x33, 0x33, 0x33, 0x05,
    0x00, 0x00, 0x00, 0x00, 0x00, 0x00, 0x00, 0x00, 0x00, 0x00, 0x00, 0x00, 0x00, 0x00, 0x00, 0x00, 0x00, 0x00, 0x00, 0x00, 0x00, 0x00, 0x00, 0x00,
    0x00, 0x00, 0x00, 0x00, 0x00, 0x00, 0x00, 0x00, 0x00, 0x00, 0x00, 0x00, 0x00, 0x00, 0x00, 0x00, 0x00, 0x00, 0x00, 0x00, 0x00, 0x00, 0x00, 0x00,
    0x00, 0x00, 0x00, 0x00, 0x00, 0x00, 0x00, 0x00, 0x00, 0x00, 0x00, 0x00, 0x00, 0x00, 0x00, 0x00, 0x00, 0x00, 0x00, 0x00, 0x00, 0x00, 0x00, 0x00,
    0x00, 0x00, 0x00, 0x00, 0x00, 0x00, 0x00, 0x00, 0x00, 0x00, 0x00, 0x00, 0x00, 0x00, 0x00, 0x00, 0x00, 0x00, 0x00, 0x00, 0x7F, 0x7F, 0x7F, 0x02,
    0x00, 0x00, 0x00, 0x00, 0x39, 0x3B, 0x3B, 0xA8, 0x61, 0x66, 0x64, 0xFF, 0x6D, 0x72, 0x6E, 0xF3, 0x77, 0x7B, 0x76, 0xF6, 0x7F, 0x86, 0x83, 0xF6,
    0x6B, 0x76, 0x77, 0xF6, 0x5E, 0x67, 0x68, 0xF6, 0x65, 0x69, 0x6B, 0xF6, 0x27, 0x3B, 0x3C, 0xF6, 0x0E, 0x2D, 0x32, 0xF6, 0x26, 0x2C, 0x2F, 0xF6,
    0x3C, 0x45, 0x43, 0xF6, 0x3B, 0x42, 0x3D, 0xF6, 0x46, 0x4E, 0x49, 0xF6, 0x59, 0x5A, 0x57, 0xF6, 0x70, 0x75, 0x74, 0xF6, 0x36, 0x51, 0x51, 0xF6,
    0x16, 0x24, 0x24, 0xF6, 0x5B, 0x65, 0x66, 0xF6, 0x38, 0x40, 0x42, 0xF4, 0x31, 0x37, 0x39, 0xFE, 0x32, 0x37, 0x3A, 0xD5, 0x2A, 0x2A, 0x2A, 0x0C,
    0x00, 0x00, 0x00, 0x00, 0x00, 0x00, 0x00, 0x00, 0x00, 0x00, 0x00, 0x00, 0x00, 0x00, 0x00, 0x00, 0x00, 0x00, 0x00, 0x00, 0x00, 0x00, 0x00, 0x00,
    0x00, 0x00, 0x00, 0x00, 0x00, 0x00, 0x00, 0x00, 0x00, 0x00, 0x00, 0x00, 0x00, 0x00, 0x00, 0x00, 0x00, 0x00, 0x00, 0x00, 0x00, 0x00, 0x00, 0x00,
    0x00, 0x00, 0x00, 0x00, 0x00, 0x00, 0x00, 0x00, 0x00, 0x00, 0x00, 0x00, 0x00, 0x00, 0x00, 0x00, 0x00, 0x00, 0x00, 0x00, 0x00, 0x00, 0x00, 0x00,
    0x00, 0x00, 0x00, 0x00, 0x00, 0x00, 0x00, 0x00, 0x00, 0x00, 0x00, 0x00, 0x00, 0x00, 0x00, 0x00, 0x00, 0x00, 0x00, 0x00, 0xFF, 0xFF, 0xFF, 0x01,
    0x00, 0x00, 0x00, 0x00, 0x4E, 0x51, 0x4F, 0xB9, 0x67, 0x6B, 0x68, 0xFF, 0x6D, 0x72, 0x6C, 0xF3, 0x7E, 0x85, 0x7E, 0xF6, 0x7C, 0x84, 0x7F, 0xF6,
    0x64, 0x6C, 0x6B, 0xF6, 0x5E, 0x67, 0x67, 0xF6, 0x4B, 0x52, 0x52, 0xF6, 0x42, 0x45, 0x49, 0xF6, 0x0C, 0x1A, 0x20, 0xF6, 0x12, 0x21, 0x22, 0xF7,
    0x35, 0x3B, 0x3A, 0xF6, 0x41, 0x46, 0x44, 0xF6, 0x46, 0x4B, 0x49, 0xF6, 0x64, 0x69, 0x68, 0xF6, 0x33, 0x3B, 0x3B, 0xF6, 0x00, 0x04, 0x07, 0xF6,
    0x53, 0x5A, 0x5C, 0xF6, 0x53, 0x5C, 0x5F, 0xF6, 0x36, 0x3F, 0x42, 0xF5, 0x2F, 0x36, 0x38, 0xFC, 0x2F, 0x35, 0x39, 0xDB, 0x2A, 0x38, 0x38, 0x12,
    0x00, 0x00, 0x00, 0x00, 0x00, 0x00, 0x00, 0x00, 0x00, 0x00, 0x00, 0x00, 0x00, 0x00, 0x00, 0x00, 0x00, 0x00, 0x00, 0x00, 0x00, 0x00, 0x00, 0x00,
    0x00, 0x00, 0x00, 0x00, 0x00, 0x00, 0x00, 0x00, 0x00, 0x00, 0x00, 0x00, 0x00, 0x00, 0x00, 0x00, 0x00, 0x00, 0x00, 0x00, 0x00, 0x00, 0x00, 0x00,
    0x00, 0x00, 0x00, 0x00, 0x00, 0x00, 0x00, 0x00, 0x00, 0x00, 0x00, 0x00, 0x00, 0x00, 0x00, 0x00, 0x00, 0x00, 0x00, 0x00, 0x00, 0x00, 0x00, 0x00,
    0x00, 0x00, 0x00, 0x00, 0x00, 0x00, 0x00, 0x00, 0x00, 0x00, 0x00, 0x00, 0x00, 0x00, 0x00, 0x00, 0x00, 0x00, 0x00, 0x00, 0x00, 0x00, 0x00, 0x00,
    0x00, 0x00, 0x00, 0x05, 0x55, 0x56, 0x56, 0xCB, 0x66, 0x6A, 0x67, 0xFF, 0x76, 0x7B, 0x75, 0xF4, 0x85, 0x8E, 0x85, 0xF6, 0x6F, 0x78, 0x74, 0xF6,
    0x5D, 0x65, 0x63, 0xF6, 0x56, 0x5C, 0x5C, 0xF6, 0x39, 0x40, 0x40, 0xF6, 0x3B, 0x3E, 0x43, 0xF6, 0x0F, 0x10, 0x18, 0xF7, 0x0A, 0x0C, 0x11, 0xF0,
    0x1E, 0x22, 0x22, 0xF4, 0x2E, 0x32, 0x36, 0xF6, 0x37, 0x3C, 0x41, 0xF6, 0x20, 0x27, 0x2B, 0xF6, 0x08, 0x0F, 0x14, 0xF6, 0x12, 0x1B, 0x20, 0xF6,
    0x3C, 0x46, 0x49, 0xF6, 0x46, 0x4D, 0x51, 0xF6, 0x3D, 0x46, 0x48, 0xF5, 0x3B, 0x42, 0x45, 0xFB, 0x34, 0x38, 0x3C, 0xE1, 0x1E, 0x1E, 0x28, 0x19,
    0x00, 0x00, 0x00, 0x00, 0x00, 0x00, 0x00, 0x00, 0x00, 0x00, 0x00, 0x00, 0x00, 0x00, 0x00, 0x00, 0x00, 0x00, 0x00, 0x00, 0x00, 0x00, 0x00, 0x00,
    0x00, 0x00, 0x00, 0x00, 0x00, 0x00, 0x00, 0x00, 0x00, 0x00, 0x00, 0x00, 0x00, 0x00, 0x00, 0x00, 0x00, 0x00, 0x00, 0x00, 0x00, 0x00, 0x00, 0x00,
    0x00, 0x00, 0x00, 0x00, 0x00, 0x00, 0x00, 0x00, 0x00, 0x00, 0x00, 0x00, 0x00, 0x00, 0x00, 0x00, 0x00, 0x00, 0x00, 0x00, 0x00, 0x00, 0x00, 0x00,
    0x00, 0x00, 0x00, 0x00, 0x00, 0x00, 0x00, 0x00, 0x00, 0x00, 0x00, 0x00, 0x00, 0x00, 0x00, 0x00, 0x00, 0x00, 0x00, 0x00, 0x00, 0x00, 0x00, 0x00,
    0x00, 0x00, 0x00, 0x11, 0x66, 0x68, 0x67, 0xDB, 0x68, 0x6C, 0x68, 0xFC, 0x73, 0x78, 0x72, 0xF5, 0x84, 0x8A, 0x85, 0xF6, 0x67, 0x6E, 0x6A, 0xF6,
    0x53, 0x5B, 0x5B, 0xF6, 0x49, 0x50, 0x50, 0xF6, 0x3B, 0x42, 0x42, 0xF6, 0x25, 0x29, 0x2E, 0xF5, 0x10, 0x14, 0x1C, 0xFB, 0x11, 0x15, 0x19, 0xD8,
    0x0D, 0x11, 0x12, 0xDE, 0x16, 0x1A, 0x24, 0xFB, 0x12, 0x15, 0x1F, 0xF5, 0x12, 0x1A, 0x23, 0xF6, 0x22, 0x2C, 0x33, 0xF6, 0x16, 0x21, 0x26, 0xF6,
    0x25, 0x2E, 0x33, 0xF6, 0x41, 0x49, 0x4A, 0xF6, 0x3E, 0x47, 0x48, 0xF5, 0x35, 0x39, 0x3D, 0xFB, 0x2C, 0x30, 0x33, 0xE2, 0x1E, 0x28, 0x28, 0x19,
    0x00, 0x00, 0x00, 0x00, 0x00, 0x00, 0x00, 0x00, 0x00, 0x00, 0x00, 0x00, 0x00, 0x00, 0x00, 0x00, 0x00, 0x00, 0x00, 0x00, 0x00, 0x00, 0x00, 0x00,
    0x00, 0x00, 0x00, 0x00, 0x00, 0x00, 0x00, 0x00, 0x00, 0x00, 0x00, 0x00, 0x00, 0x00, 0x00, 0x00, 0x00, 0x00, 0x00, 0x00, 0x00, 0x00, 0x00, 0x00,
    0x00, 0x00, 0x00, 0x00, 0x00, 0x00, 0x00, 0x00, 0x00, 0x00, 0x00, 0x00, 0x00, 0x00, 0x00, 0x00, 0x00, 0x00, 0x00, 0x00, 0x00, 0x00, 0x00, 0x00,
    0x00, 0x00, 0x00, 0x00, 0x00, 0x00, 0x00, 0x00, 0x00, 0x00, 0x00, 0x00, 0x00, 0x00, 0x00, 0x00, 0x00, 0x00, 0x00, 0x00, 0x00, 0x00, 0x00, 0x00,
    0x08, 0x08, 0x08, 0x1E, 0x64, 0x67, 0x64, 0xE6, 0x67, 0x6A, 0x67, 0xF9, 0x71, 0x75, 0x71, 0xF5, 0x7C, 0x82, 0x7D, 0xF6, 0x62, 0x69, 0x66, 0xF6,
    0x4C, 0x53, 0x53, 0xF6, 0x3D, 0x43, 0x43, 0xF6, 0x3A, 0x41, 0x42, 0xF6, 0x16, 0x1C, 0x21, 0xF4, 0x13, 0x17, 0x20, 0xFF, 0x13, 0x1C, 0x20, 0xB5,
    0x12, 0x16, 0x18, 0xCF, 0x20, 0x25, 0x31, 0xFE, 0x1C, 0x22, 0x2C, 0xF5, 0x1D, 0x25, 0x2E, 0xF6, 0x21, 0x2A, 0x33, 0xF6, 0x1B, 0x26, 0x2C, 0xF6,
    0x33, 0x3C, 0x41, 0xF6, 0x49, 0x4F, 0x4D, 0xF6, 0x3C, 0x43, 0x46, 0xF4, 0x39, 0x3C, 0x42, 0xFE, 0x35, 0x39, 0x3D, 0xD2, 0x24, 0x48, 0x48, 0x07,
    0x00, 0x00, 0x00, 0x00, 0x00, 0x00, 0x00, 0x00, 0x00, 0x00, 0x00, 0x00, 0x00, 0x00, 0x00, 0x00, 0x00, 0x00, 0x00, 0x00, 0x00, 0x00, 0x00, 0x00,
    0x00, 0x00, 0x00, 0x00, 0x00, 0x00, 0x00, 0x00, 0x00, 0x00, 0x00, 0x00, 0x00, 0x00, 0x00, 0x00, 0x00, 0x00, 0x00, 0x00, 0x00, 0x00, 0x00, 0x00,
    0x00, 0x00, 0x00, 0x00, 0x00, 0x00, 0x00, 0x00, 0x00, 0x00, 0x00, 0x00, 0x00, 0x00, 0x00, 0x00, 0x00, 0x00, 0x00, 0x00, 0x00, 0x00, 0x00, 0x00,
    0x00, 0x00, 0x00, 0x00, 0x00, 0x00, 0x00, 0x00, 0x00, 0x00, 0x00, 0x00, 0x00, 0x00, 0x00, 0x00, 0x00, 0x00, 0x00, 0x00, 0x00, 0x00, 0x00, 0x00,
    0x00, 0x00, 0x00, 0x16, 0x43, 0x45, 0x43, 0xD1, 0x53, 0x56, 0x52, 0xFC, 0x71, 0x76, 0x72, 0xF4, 0x6E, 0x74, 0x70, 0xF6, 0x5E, 0x64, 0x63, 0xF6,
    0x4D, 0x53, 0x53, 0xF6, 0x48, 0x4E, 0x4E, 0xF6, 0x2D, 0x34, 0x35, 0xF6, 0x16, 0x1C, 0x20, 0xF4, 0x19, 0x1C, 0x25, 0xFF, 0x10, 0x17, 0x1D, 0xA6,
    0x13, 0x15, 0x18, 0xC8, 0x21, 0x25, 0x32, 0xFF, 0x1B, 0x21, 0x2C, 0xF4, 0x1F, 0x27, 0x2D, 0xF6, 0x27, 0x30, 0x37, 0xF6, 0x20, 0x29, 0x33, 0xF6,
    0x37, 0x3E, 0x44, 0xF6, 0x56, 0x5A, 0x58, 0xF6, 0x3E, 0x44, 0x44, 0xF5, 0x3F, 0x43, 0x47, 0xFC, 0x42, 0x46, 0x49, 0xDA, 0x38, 0x46, 0x46, 0x12,
    0x00, 0x00, 0x00, 0x00, 0x00, 0x00, 0x00, 0x00, 0x00, 0x00, 0x00, 0x00, 0x00, 0x00, 0x00, 0x00, 0x00, 0x00, 0x00, 0x00, 0x00, 0x00, 0x00, 0x00,
    0x00, 0x00, 0x00, 0x00, 0x00, 0x00, 0x00, 0x00, 0x00, 0x00, 0x00, 0x00, 0x00, 0x00, 0x00, 0x00, 0x00, 0x00, 0x00, 0x00, 0x00, 0x00, 0x00, 0x00,
    0x00, 0x00, 0x00, 0x00, 0x00, 0x00, 0x00, 0x00, 0x00, 0x00, 0x00, 0x00, 0x00, 0x00, 0x00, 0x00, 0x00, 0x00, 0x00, 0x00, 0x00, 0x00, 0x00, 0x00,
    0x00, 0x00, 0x00, 0x00, 0x00, 0x00, 0x00, 0x00, 0x00, 0x00, 0x00, 0x00, 0x00, 0x00, 0x00, 0x00, 0x00, 0x00, 0x00, 0x00, 0x00, 0x00, 0x00, 0x00,
    0x00, 0x00, 0x00, 0x07, 0x82, 0x83, 0x81, 0xD1, 0x5C, 0x5F, 0x5A, 0xFE, 0x43, 0x47, 0x46, 0xF4, 0x64, 0x6B, 0x6B, 0xF6, 0x5A, 0x61, 0x61, 0xF6,
    0x4A, 0x57, 0x58, 0xF6, 0x49, 0x4E, 0x51, 0xF6, 0x25, 0x2B, 0x2E, 0xF6, 0x13, 0x1A, 0x20, 0xF3, 0x1C, 0x21, 0x29, 0xFF, 0x11, 0x18, 0x1E, 0x8F,
    0x10, 0x11, 0x12, 0xBD, 0x21, 0x26, 0x31, 0xFF, 0x21, 0x26, 0x32, 0xF4, 0x21, 0x29, 0x30, 0xF6, 0x1F, 0x29, 0x2F, 0xF6, 0x1E, 0x26, 0x30, 0xF6,
    0x27, 0x2D, 0x32, 0xF6, 0x5F, 0x62, 0x5F, 0xF6, 0x41, 0x46, 0x49, 0xF5, 0x3F, 0x42, 0x49, 0xF9, 0x43, 0x48, 0x4D, 0xE9, 0x4E, 0x4E, 0x55, 0x27,
    0x00, 0x00, 0x00, 0x00, 0x00, 0x00, 0x00, 0x00, 0x00, 0x00, 0x00, 0x00, 0x00, 0x00, 0x00, 0x00, 0x00, 0x00, 0x00, 0x00, 0x00, 0x00, 0x00, 0x00,
    0x00, 0x00, 0x00, 0x00, 0x00, 0x00, 0x00, 0x00, 0x00, 0x00, 0x00, 0x00, 0x00, 0x00, 0x00, 0x00, 0x00, 0x00, 0x00, 0x00, 0x00, 0x00, 0x00, 0x00,
    0x00, 0x00, 0x00, 0x00, 0x00, 0x00, 0x00, 0x00, 0x00, 0x00, 0x00, 0x00, 0x00, 0x00, 0x00, 0x00, 0x00, 0x00, 0x00, 0x00, 0x00, 0x00, 0x00, 0x00,
    0x00, 0x00, 0x00, 0x00, 0x00, 0x00, 0x00, 0x00, 0x00, 0x00, 0x00, 0x00, 0x00, 0x00, 0x00, 0x00, 0x00, 0x00, 0x00, 0x00, 0x00, 0x00, 0x00, 0x00,
    0x1E, 0x1E, 0x1E, 0x22, 0x7C, 0x7E, 0x7B, 0xEF, 0x75, 0x78, 0x76, 0xF8, 0x48, 0x4B, 0x50, 0xF5, 0x4D, 0x56, 0x5F, 0xF6, 0x5C, 0x65, 0x70, 0xF6,
    0x43, 0x53, 0x5B, 0xF6, 0x42, 0x4B, 0x53, 0xF6, 0x1D, 0x23, 0x2C, 0xF6, 0x16, 0x1C, 0x26, 0xF4, 0x1A, 0x21, 0x29, 0xFF, 0x14, 0x1A, 0x20, 0x57,
    0x0F, 0x0D, 0x0C, 0xAA, 0x21, 0x26, 0x2D, 0xFF, 0x1E, 0x24, 0x2C, 0xF4, 0x18, 0x22, 0x2B, 0xF6, 0x1F, 0x29, 0x32, 0xF6, 0x2C, 0x36, 0x3C, 0xF6,
    0x1B, 0x27, 0x2C, 0xF6, 0x49, 0x51, 0x55, 0xF6, 0x49, 0x61, 0x6F, 0xF5, 0x2D, 0x48, 0x57, 0xF9, 0x3D, 0x47, 0x4F, 0xED, 0x48, 0x55, 0x4E, 0x2A,
    0x00, 0x00, 0x00, 0x00, 0x00, 0x00, 0x00, 0x00, 0x00, 0x00, 0x00, 0x00, 0x00, 0x00, 0x00, 0x00, 0x00, 0x00, 0x00, 0x00, 0x00, 0x00, 0x00, 0x00,
    0x00, 0x00, 0x00, 0x00, 0x00, 0x00, 0x00, 0x00, 0x00, 0x00, 0x00, 0x00, 0x00, 0x00, 0x00, 0x00, 0x00, 0x00, 0x00, 0x00, 0x00, 0x00, 0x00, 0x00,
    0x00, 0x00, 0x00, 0x00, 0x00, 0x00, 0x00, 0x00, 0x00, 0x00, 0x00, 0x00, 0x00, 0x00, 0x00, 0x00, 0x00, 0x00, 0x00, 0x00, 0x00, 0x00, 0x00, 0x00,
    0x00, 0x00, 0x00, 0x00, 0x00, 0x00, 0x00, 0x00, 0x00, 0x00, 0x00, 0x00, 0x00, 0x00, 0x00, 0x00, 0x00, 0x00, 0x00, 0x00, 0x00, 0x00, 0x00, 0x00,
    0x57, 0x57, 0x53, 0x46, 0x6B, 0x70, 0x6F, 0xFE, 0x5F, 0x66, 0x69, 0xF4, 0x6E, 0x76, 0x7E, 0xF6, 0x36, 0x43, 0x58, 0xF6, 0x4A, 0x5E, 0x75, 0xF6,
    0x42, 0x57, 0x6A, 0xF6, 0x3F, 0x4E, 0x5C, 0xF6, 0x14, 0x1E, 0x2B, 0xF5, 0x1B, 0x20, 0x2E, 0xF7, 0x1E, 0x24, 0x2D, 0xF5, 0x1A, 0x23, 0x2B, 0x1D,
    0x0C, 0x0C, 0x09, 0x8D, 0x1B, 0x20, 0x22, 0xFF, 0x1A, 0x21, 0x25, 0xF4, 0x20, 0x2A, 0x2E, 0xF6, 0x28, 0x32, 0x39, 0xF6, 0x21, 0x2A, 0x36, 0xF6,
    0x23, 0x2C, 0x39, 0xF6, 0x4F, 0x58, 0x5F, 0xF6, 0x36, 0x62, 0x6D, 0xF4, 0x39, 0x56, 0x64, 0xFD, 0x41, 0x4C, 0x56, 0xCF, 0x24, 0x48, 0x24, 0x07,
    0x00, 0x00, 0x00, 0x00, 0x00, 0x00, 0x00, 0x00, 0x00, 0x00, 0x00, 0x00, 0x00, 0x00, 0x00, 0x00, 0x00, 0x00, 0x00, 0x00, 0x00, 0x00, 0x00, 0x00,
    0x00, 0x00, 0x00, 0x00, 0x00, 0x00, 0x00, 0x00, 0x00, 0x00, 0x00, 0x00, 0x00, 0x00, 0x00, 0x00, 0x00, 0x00, 0x00, 0x00, 0x00, 0x00, 0x00, 0x00,
    0x00, 0x00, 0x00, 0x00, 0x00, 0x00, 0x00, 0x00, 0x00, 0x00, 0x00, 0x00, 0x00, 0x00, 0x00, 0x00, 0x00, 0x00, 0x00, 0x00, 0x00, 0x00, 0x00, 0x00,
    0x00, 0x00, 0x00, 0x00, 0x00, 0x00, 0x00, 0x00, 0x00, 0x00, 0x00, 0x00, 0x00, 0x00, 0x00, 0x00, 0x00, 0x00, 0x00, 0x00, 0x00, 0x00, 0x00, 0x00,
    0x26, 0x26, 0x26, 0x5D, 0x5E, 0x64, 0x63, 0xFD, 0x5A, 0x67, 0x67, 0xF6, 0x60, 0x6D, 0x77, 0xF6, 0x2A, 0x41, 0x5C, 0xF6, 0x2C, 0x78, 0x89, 0xF6,
    0x4C, 0x84, 0x97, 0xF6, 0x37, 0x47, 0x5A, 0xF6, 0x10, 0x1C, 0x2C, 0xF5, 0x1D, 0x23, 0x32, 0xFC, 0x20, 0x26, 0x31, 0xE3, 0x2A, 0x55, 0x55, 0x06,
    0x0B, 0x09, 0x09, 0x70, 0x13, 0x18, 0x18, 0xFE, 0x18, 0x1F, 0x23, 0xF4, 0x1E, 0x27, 0x2C, 0xF6, 0x1D, 0x25, 0x2D, 0xF6, 0x15, 0x1D, 0x26, 0xF6,
    0x4C, 0x51, 0x5A, 0xF6, 0x4A, 0x4F, 0x55, 0xF6, 0x33, 0x3B, 0x44, 0xF3, 0x55, 0x5B, 0x62, 0xFF, 0x4C, 0x53, 0x58, 0x68, 0x00, 0x00, 0x00, 0x00,
    0x00, 0x00, 0x00, 0x00, 0x00, 0x00, 0x00, 0x00, 0x00, 0x00, 0x00, 0x00, 0x00, 0x00, 0x00, 0x00, 0x00, 0x00, 0x00, 0x00, 0x00, 0x00, 0x00, 0x00,
    0x00, 0x00, 0x00, 0x00, 0x00, 0x00, 0x00, 0x00, 0x00, 0x00, 0x00, 0x00, 0x00, 0x00, 0x00, 0x00, 0x00, 0x00, 0x00, 0x00, 0x00, 0x00, 0x00, 0x00,
    0x00, 0x00, 0x00, 0x00, 0x00, 0x00, 0x00, 0x00, 0x00, 0x00, 0x00, 0x00, 0x00, 0x00, 0x00, 0x00, 0x00, 0x00, 0x00, 0x00, 0x00, 0x00, 0x00, 0x00,
    0x00, 0x00, 0x00, 0x00, 0x00, 0x00, 0x00, 0x00, 0x00, 0x00, 0x00, 0x00, 0x00, 0x00, 0x00, 0x00, 0x00, 0x00, 0x00, 0x00, 0x00, 0x00, 0x00, 0x00,
    0x00, 0x00, 0x00, 0x2C, 0x2C, 0x2E, 0x2D, 0xC9, 0x51, 0x58, 0x55, 0xF5, 0x49, 0x56, 0x5F, 0xF6, 0x3C, 0x52, 0x6E, 0xF6, 0x22, 0x77, 0x8B, 0xF6,
    0x48, 0x8A, 0x9D, 0xF6, 0x39, 0x43, 0x58, 0xF6, 0x0D, 0x19, 0x28, 0xF3, 0x1C, 0x24, 0x30, 0xFF, 0x21, 0x28, 0x31, 0xBF, 0x00, 0x00, 0x00, 0x00,
    0x16, 0x16, 0x16, 0x50, 0x17, 0x1A, 0x1B, 0xFA, 0x14, 0x1B, 0x21, 0xF5, 0x16, 0x1F, 0x27, 0xF6, 0x16, 0x1D, 0x25, 0xF6, 0x22, 0x28, 0x2E, 0xF6,
    0x5A, 0x5F, 0x64, 0xF6, 0x36, 0x3C, 0x3F, 0xF4, 0x45, 0x48, 0x4B, 0xFD, 0x56, 0x59, 0x5C, 0xCF, 0x24, 0x24, 0x24, 0x07, 0x00, 0x00, 0x00, 0x02,
    0x00, 0x00, 0x00, 0x00, 0x00, 0x00, 0x00, 0x00, 0x00, 0x00, 0x00, 0x00, 0x00, 0x00, 0x00, 0x00, 0x00, 0x00, 0x00, 0x00, 0x00, 0x00, 0x00, 0x00,
    0x00, 0x00, 0x00, 0x00, 0x00, 0x00, 0x00, 0x00, 0x00, 0x00, 0x00, 0x00, 0x00, 0x00, 0x00, 0x00, 0x00, 0x00, 0x00, 0x00, 0x00, 0x00, 0x00, 0x00,
    0x00, 0x00, 0x00, 0x00, 0x00, 0x00, 0x00, 0x00, 0x00, 0x00, 0x00, 0x00, 0x00, 0x00, 0x00, 0x00, 0x00, 0x00, 0x00, 0x00, 0x00, 0x00, 0x00, 0x00,
    0x00, 0x00, 0x00, 0x00, 0x00, 0x00, 0x00, 0x00, 0x00, 0x00, 0x00, 0x00, 0x00, 0x00, 0x00, 0x00, 0x00, 0x00, 0x00, 0x00, 0x00, 0x00, 0x00, 0x03,
    0x00, 0x00, 0x00, 0x00, 0x05, 0x05, 0x00, 0x56, 0x51, 0x53, 0x4D, 0xF6, 0x53, 0x5A, 0x5F, 0xF6, 0x51, 0x5E, 0x74, 0xF5, 0x22, 0x34, 0x4F, 0xF6,
    0x40, 0x55, 0x6A, 0xF6, 0x49, 0x56, 0x65, 0xF6, 0x1C, 0x22, 0x2F, 0xF2, 0x1C, 0x20, 0x2C, 0xFF, 0x1F, 0x24, 0x30, 0x93, 0x00, 0x00, 0x00, 0x00,
    0x1D, 0x1D, 0x1D, 0x4E, 0x25, 0x28, 0x29, 0xFA, 0x0F, 0x15, 0x1B, 0xF5, 0x16, 0x1D, 0x22, 0xF5, 0x13, 0x1A, 0x1D, 0xF6, 0x42, 0x49, 0x4B, 0xF6,
    0x4E, 0x52, 0x56, 0xF6, 0x2C, 0x30, 0x33, 0xF4, 0x54, 0x57, 0x59, 0xFF, 0x4E, 0x4E, 0x4E, 0x4B, 0x00, 0x00, 0x00, 0x00, 0x55, 0x55, 0x55, 0x03,
    0x00, 0x00, 0x00, 0x00, 0x00, 0x00, 0x00, 0x00, 0x00, 0x00, 0x00, 0x00, 0x00, 0x00, 0x00, 0x00, 0x00, 0x00, 0x00, 0x00, 0x00, 0x00, 0x00, 0x00,
    0x00, 0x00, 0x00, 0x00, 0x00, 0x00, 0x00, 0x00, 0x00, 0x00, 0x00, 0x00, 0x00, 0x00, 0x00, 0x00, 0x00, 0x00, 0x00, 0x00, 0x00, 0x00, 0x00, 0x00,
    0x00, 0x00, 0x00, 0x00, 0x00, 0x00, 0x00, 0x00, 0x00, 0x00, 0x00, 0x00, 0x00, 0x00, 0x00, 0x00, 0x00, 0x00, 0x00, 0x00, 0x00, 0x00, 0x00, 0x00,
    0x00, 0x00, 0x00, 0x00, 0x00, 0x00, 0x00, 0x00, 0x00, 0x00, 0x00, 0x00, 0x00, 0x00, 0x00, 0x00, 0x00, 0x00, 0x00, 0x00, 0x00, 0x00, 0x00, 0x02,
    0x00, 0x00, 0x00, 0x00, 0x21, 0x21, 0x1C, 0x36, 0x30, 0x31, 0x2D, 0xF1, 0x5B, 0x60, 0x5C, 0xF7, 0x52, 0x57, 0x5F, 0xF5, 0x3B, 0x45, 0x4E, 0xF6,
    0x2D, 0x39, 0x41, 0xF6, 0x4E, 0x53, 0x60, 0xF6, 0x2F, 0x34, 0x3D, 0xF3, 0x19, 0x1D, 0x28, 0xFF, 0x1E, 0x21, 0x27, 0x55, 0x00, 0x00, 0x00, 0x00,
    0x00, 0x00, 0x00, 0x34, 0x32, 0x34, 0x34, 0xDE, 0x39, 0x3F, 0x40, 0xFA, 0x12, 0x1A, 0x1A, 0xF5, 0x0F, 0x16, 0x16, 0xF6, 0x4B, 0x51, 0x51, 0xF6,
    0x32, 0x36, 0x39, 0xF4, 0x34, 0x38, 0x3C, 0xFE, 0x5C, 0x5F, 0x62, 0xB3, 0x00, 0x00, 0x00, 0x00, 0x55, 0x55, 0x55, 0x03, 0x00, 0x00, 0x00, 0x00,
    0x00, 0x00, 0x00, 0x00, 0x00, 0x00, 0x00, 0x00, 0x00, 0x00, 0x00, 0x00, 0x00, 0x00, 0x00, 0x00, 0x00, 0x00, 0x00, 0x00, 0x00, 0x00, 0x00, 0x00,
    0x00, 0x00, 0x00, 0x00, 0x00, 0x00, 0x00, 0x00, 0x00, 0x00, 0x00, 0x00, 0x00, 0x00, 0x00, 0x00, 0x00, 0x00, 0x00, 0x00, 0x00, 0x00, 0x00, 0x00,
    0x00, 0x00, 0x00, 0x00, 0x00, 0x00, 0x00, 0x00, 0x00, 0x00, 0x00, 0x00, 0x00, 0x00, 0x00, 0x00, 0x00, 0x00, 0x00, 0x00, 0x00, 0x00, 0x00, 0x00,
    0x00, 0x00, 0x00, 0x00, 0x00, 0x00, 0x00, 0x00, 0x00, 0x00, 0x00, 0x00, 0x00, 0x00, 0x00, 0x00, 0x00, 0x00, 0x00, 0x00, 0x00, 0x00, 0x00, 0x02,
    0x00, 0x00, 0x00, 0x00, 0x15, 0x15, 0x15, 0x24, 0x38, 0x39, 0x34, 0xE7, 0x3C, 0x40, 0x3D, 0xF9, 0x5D, 0x63, 0x64, 0xF5, 0x41, 0x4A, 0x4D, 0xF6,
    0x37, 0x41, 0x43, 0xF6, 0x4B, 0x51, 0x57, 0xF5, 0x49, 0x4E, 0x56, 0xFB, 0x20, 0x24, 0x2A, 0xE4, 0x0E, 0x0E, 0x0E, 0x12, 0x00, 0x00, 0x00, 0x00,
    0x00, 0x00, 0x00, 0x00, 0x2C, 0x30, 0x2F, 0xA2, 0x42, 0x47, 0x47, 0xFF, 0x26, 0x2E, 0x2D, 0xF3, 0x10, 0x16, 0x17, 0xF6, 0x1F, 0x25, 0x28, 0xF6,
    0x2D, 0x34, 0x38, 0xF3, 0x36, 0x3E, 0x43, 0xFF, 0x3A, 0x43, 0x49, 0x9C, 0x00, 0x00, 0x00, 0x00, 0x55, 0x55, 0x55, 0x03, 0x00, 0x00, 0x00, 0x00,
    0x00, 0x00, 0x00, 0x00, 0x00, 0x00, 0x00, 0x00, 0x00, 0x00, 0x00, 0x00, 0x00, 0x00, 0x00, 0x00, 0x00, 0x00, 0x00, 0x00, 0x00, 0x00, 0x00, 0x00,
    0x00, 0x00, 0x00, 0x00, 0x00, 0x00, 0x00, 0x00, 0x00, 0x00, 0x00, 0x00, 0x00, 0x00, 0x00, 0x00, 0x00, 0x00, 0x00, 0x00, 0x00, 0x00, 0x00, 0x00,
    0x00, 0x00, 0x00, 0x00, 0x00, 0x00, 0x00, 0x00, 0x00, 0x00, 0x00, 0x00, 0x00, 0x00, 0x00, 0x00, 0x00, 0x00, 0x00, 0x00, 0x00, 0x00, 0x00, 0x00,
    0x00, 0x00, 0x00, 0x00, 0x00, 0x00, 0x00, 0x00, 0x00, 0x00, 0x00, 0x00, 0x00, 0x00, 0x00, 0x00, 0x00, 0x00, 0x00, 0x00, 0x00, 0x00, 0x00, 0x02,
    0x00, 0x00, 0x00, 0x00, 0x00, 0x00, 0x00, 0x1A, 0x30, 0x30, 0x2E, 0xD8, 0x23, 0x27, 0x23, 0xFB, 0x46, 0x4E, 0x4B, 0xF5, 0x41, 0x4B, 0x49, 0xF6,
    0x34, 0x40, 0x3C, 0xF6, 0x48, 0x4D, 0x4E, 0xF3, 0x43, 0x49, 0x4E, 0xFF, 0x17, 0x1E, 0x1E, 0xB7, 0x00, 0x00, 0x00, 0x01, 0xFF, 0xFF, 0xFF, 0x01,
    0x59, 0x66, 0x59, 0x14, 0x72, 0x75, 0x75, 0xD2, 0x46, 0x4B, 0x4B, 0xFB, 0x23, 0x29, 0x29, 0xF4, 0x43, 0x49, 0x4B, 0xF6, 0x21, 0x29, 0x2E, 0xF6,
    0x31, 0x39, 0x41, 0xF3, 0x4C, 0x55, 0x5E, 0xFE, 0x38, 0x43, 0x4B, 0x8B, 0x00, 0x00, 0x00, 0x00, 0x55, 0x55, 0x55, 0x03, 0x00, 0x00, 0x00, 0x00,
    0x00, 0x00, 0x00, 0x00, 0x00, 0x00, 0x00, 0x00, 0x00, 0x00, 0x00, 0x00, 0x00, 0x00, 0x00, 0x00, 0x00, 0x00, 0x00, 0x00, 0x00, 0x00, 0x00, 0x00,
    0x00, 0x00, 0x00, 0x00, 0x00, 0x00, 0x00, 0x00, 0x00, 0x00, 0x00, 0x00, 0x00, 0x00, 0x00, 0x00, 0x00, 0x00, 0x00, 0x00, 0x00, 0x00, 0x00, 0x00,
    0x00, 0x00, 0x00, 0x00, 0x00, 0x00, 0x00, 0x00, 0x00, 0x00, 0x00, 0x00, 0x00, 0x00, 0x00, 0x00, 0x00, 0x00, 0x00, 0x00, 0x00, 0x00, 0x00, 0x00,
    0x00, 0x00, 0x00, 0x00, 0x00, 0x00, 0x00, 0x00, 0x00, 0x00, 0x00, 0x00, 0x00, 0x00, 0x00, 0x00, 0x00, 0x00, 0x00, 0x00, 0x00, 0x00, 0x00, 0x00,
    0x00, 0x00, 0x00, 0x01, 0x00, 0x00, 0x00, 0x05, 0x10, 0x12, 0x10, 0x99, 0x28, 0x2C, 0x2A, 0xFC, 0x28, 0x2F, 0x2E, 0xF5, 0x39, 0x42, 0x42, 0xF6,
    0x3B, 0x44, 0x42, 0xF6, 0x43, 0x49, 0x48, 0xF3, 0x24, 0x2A, 0x2B, 0xFF, 0x0C, 0x16, 0x14, 0x65, 0x00, 0x00, 0x00, 0x00, 0x00, 0x00, 0x00, 0x00,
    0x53, 0x53, 0x53, 0x7D, 0x7A, 0x7D, 0x7E, 0xFF, 0x46, 0x4D, 0x4F, 0xF2, 0x37, 0x3F, 0x44, 0xF6, 0x3D, 0x46, 0x4D, 0xF6, 0x27, 0x30, 0x3A, 0xF6,
    0x32, 0x3E, 0x4F, 0xF3, 0x47, 0x57, 0x69, 0xFF, 0x4B, 0x58, 0x64, 0x51, 0x00, 0x00, 0x00, 0x00, 0x55, 0x55, 0x55, 0x03, 0x00, 0x00, 0x00, 0x00,
    0x00, 0x00, 0x00, 0x00, 0x00, 0x00, 0x00, 0x00, 0x00, 0x00, 0x00, 0x00, 0x00, 0x00, 0x00, 0x00, 0x00, 0x00, 0x00, 0x00, 0x00, 0x00, 0x00, 0x00,
    0x00, 0x00, 0x00, 0x00, 0x00, 0x00, 0x00, 0x00, 0x00, 0x00, 0x00, 0x00, 0x00, 0x00, 0x00, 0x00, 0x00, 0x00, 0x00, 0x00, 0x00, 0x00, 0x00, 0x00,
    0x00, 0x00, 0x00, 0x00, 0x00, 0x00, 0x00, 0x00, 0x00, 0x00, 0x00, 0x00, 0x00, 0x00, 0x00, 0x00, 0x00, 0x00, 0x00, 0x00, 0x00, 0x00, 0x00, 0x00,
    0x00, 0x00, 0x00, 0x00, 0x00, 0x00, 0x00, 0x00, 0x00, 0x00, 0x00, 0x00, 0x00, 0x00, 0x00, 0x00, 0x00, 0x00, 0x00, 0x00, 0x00, 0x00, 0x00, 0x00,
    0x00, 0x00, 0x00, 0x03, 0x00, 0x00, 0x00, 0x00, 0x18, 0x18, 0x1B, 0x53, 0x37, 0x3A, 0x3B, 0xFC, 0x39, 0x40, 0x41, 0xF4, 0x25, 0x2E, 0x31, 0xF6,
    0x4F, 0x59, 0x5C, 0xF6, 0x53, 0x59, 0x5D, 0xF3, 0x2B, 0x31, 0x34, 0xFF, 0x41, 0x47, 0x4B, 0x84, 0x00, 0x00, 0x00, 0x00, 0x00, 0x00, 0x00, 0x01,
    0x37, 0x35, 0x37, 0xB0, 0x36, 0x3D, 0x40, 0xFE, 0x2F, 0x3B, 0x44, 0xF3, 0x29, 0x30, 0x3F, 0xF6, 0x2E, 0x36, 0x45, 0xF6, 0x39, 0x40, 0x4F, 0xF5,
    0x2C, 0x50, 0x65, 0xFB, 0x39, 0x6B, 0x7E, 0xDD, 0x35, 0x3F, 0x4A, 0x18, 0x00, 0x00, 0x00, 0x00, 0x00, 0x00, 0x00, 0x01, 0x00, 0x00, 0x00, 0x00,
    0x00, 0x00, 0x00, 0x00, 0x00, 0x00, 0x00, 0x00, 0x00, 0x00, 0x00, 0x00, 0x00, 0x00, 0x00, 0x00, 0x00, 0x00, 0x00, 0x00, 0x00, 0x00, 0x00, 0x00,
    0x00, 0x00, 0x00, 0x00, 0x00, 0x00, 0x00, 0x00, 0x00, 0x00, 0x00, 0x00, 0x00, 0x00, 0x00, 0x00, 0x00, 0x00, 0x00, 0x00, 0x00, 0x00, 0x00, 0x00,
    0x00, 0x00, 0x00, 0x00, 0x00, 0x00, 0x00, 0x00, 0x00, 0x00, 0x00, 0x00, 0x00, 0x00, 0x00, 0x00, 0x00, 0x00, 0x00, 0x00, 0x00, 0x00, 0x00, 0x00,
    0x00, 0x00, 0x00, 0x00, 0x00, 0x00, 0x00, 0x00, 0x00, 0x00, 0x00, 0x00, 0x00, 0x00, 0x00, 0x00, 0x00, 0x00, 0x00, 0x00, 0x00, 0x00, 0x00, 0x00,
    0x55, 0x55, 0x55, 0x03, 0x00, 0x00, 0x00, 0x00, 0x6A, 0x6A, 0x68, 0x7A, 0x3C, 0x40, 0x3E, 0xFF, 0x36, 0x41, 0x47, 0xF2, 0x39, 0x41, 0x4B, 0xF6,
    0x43, 0x47, 0x56, 0xF6, 0x3D, 0x42, 0x4C, 0xF2, 0x43, 0x46, 0x52, 0xFF, 0x2E, 0x34, 0x3A, 0x98, 0x00, 0x00, 0x00, 0x00, 0x7F, 0x7F, 0x7F, 0x02,
    0x00, 0x00, 0x00, 0x7E, 0x16, 0x14, 0x1B, 0xF3, 0x23, 0x35, 0x44, 0xF7, 0x35, 0x56, 0x64, 0xF5, 0x36, 0x43, 0x55, 0xF6, 0x39, 0x40, 0x52, 0xF2,
    0x47, 0x68, 0x7D, 0xFF, 0x33, 0x63, 0x7A, 0x85, 0x00, 0x00, 0x00, 0x00, 0x3F, 0x7F, 0x7F, 0x04, 0x00, 0x00, 0x00, 0x00, 0x00, 0x00, 0x00, 0x00,
    0x00, 0x00, 0x00, 0x00, 0x00, 0x00, 0x00, 0x00, 0x00, 0x00, 0x00, 0x00, 0x00, 0x00, 0x00, 0x00, 0x00, 0x00, 0x00, 0x00, 0x00, 0x00, 0x00, 0x00,
    0x00, 0x00, 0x00, 0x00, 0x00, 0x00, 0x00, 0x00, 0x00, 0x00, 0x00, 0x00, 0x00, 0x00, 0x00, 0x00, 0x00, 0x00, 0x00, 0x00, 0x00, 0x00, 0x00, 0x00,
    0x00, 0x00, 0x00, 0x00, 0x00, 0x00, 0x00, 0x00, 0x00, 0x00, 0x00, 0x00, 0x00, 0x00, 0x00, 0x00, 0x00, 0x00, 0x00, 0x00, 0x00, 0x00, 0x00, 0x00,
    0x00, 0x00, 0x00, 0x00, 0x00, 0x00, 0x00, 0x00, 0x00, 0x00, 0x00, 0x00, 0x00, 0x00, 0x00, 0x00, 0x00, 0x00, 0x00, 0x00, 0x7F, 0x7F, 0x7F, 0x02,
    0x00, 0x00, 0x00, 0x00, 0x59, 0x4C, 0x4C, 0x14, 0x58, 0x58, 0x57, 0xE3, 0x35, 0x3B, 0x3D, 0xFB, 0x3C, 0x43, 0x4F, 0xF5, 0x4F, 0x78, 0x82, 0xF6,
    0x2F, 0x69, 0x7C, 0xF6, 0x3F, 0x60, 0x6B, 0xF6, 0x46, 0x49, 0x52, 0xF4, 0x0C, 0x12, 0x1E, 0x2A, 0x00, 0x00, 0x00, 0x00, 0x00, 0x00, 0x00, 0x00,
    0x00, 0x00, 0x00, 0x19, 0x19, 0x1C, 0x1F, 0xC8, 0x2A, 0x33, 0x45, 0xFB, 0x25, 0x4D, 0x5B, 0xF5, 0x3D, 0x60, 0x70, 0xF6, 0x31, 0x36, 0x4A, 0xF2,
    0x45, 0x55, 0x63, 0xFF, 0x30, 0x50, 0x61, 0x59, 0x00, 0x00, 0x00, 0x01, 0x3F, 0x3F, 0x7F, 0x04, 0x00, 0x00, 0x00, 0x00, 0x00, 0x00, 0x00, 0x00,
    0x00, 0x00, 0x00, 0x00, 0x00, 0x00, 0x00, 0x00, 0x00, 0x00, 0x00, 0x00, 0x00, 0x00, 0x00, 0x00, 0x00, 0x00, 0x00, 0x00, 0x00, 0x00, 0x00, 0x00,
    0x00, 0x00, 0x00, 0x00, 0x00, 0x00, 0x00, 0x00, 0x00, 0x00, 0x00, 0x00, 0x00, 0x00, 0x00, 0x00, 0x00, 0x00, 0x00, 0x00, 0x00, 0x00, 0x00, 0x00,
    0x00, 0x00, 0x00, 0x00, 0x00, 0x00, 0x00, 0x00, 0x00, 0x00, 0x00, 0x00, 0x00, 0x00, 0x00, 0x00, 0x00, 0x00, 0x00, 0x00, 0x00, 0x00, 0x00, 0x00,
    0x00, 0x00, 0x00, 0x00, 0x00, 0x00, 0x00, 0x00, 0x00, 0x00, 0x00, 0x00, 0x00, 0x00, 0x00, 0x00, 0x00, 0x00, 0x00, 0x00, 0x00, 0x00, 0x00, 0x03,
    0x00, 0x00, 0x00, 0x00, 0x0F, 0x0B, 0x0B, 0x44, 0x2E, 0x34, 0x39, 0xE7, 0x30, 0x43, 0x51, 0xF7, 0x2C, 0x37, 0x49, 0xF5, 0x3D, 0x61, 0x70, 0xF6,
    0x3F, 0x7E, 0x8C, 0xF4, 0x53, 0x68, 0x74, 0xFE, 0x37, 0x38, 0x44, 0xD3, 0x00, 0x33, 0x33, 0x05, 0x00, 0x00, 0x00, 0x00, 0x00, 0x00, 0x00, 0x02,
    0x00, 0x00, 0x00, 0x00, 0x0C, 0x0E, 0x10, 0x79, 0x2D, 0x2F, 0x38, 0xFB, 0x16, 0x1F, 0x2B, 0xF5, 0x25, 0x38, 0x4A, 0xF4, 0x41, 0x57, 0x66, 0xFB,
    0x30, 0x3A, 0x43, 0xDB, 0x1F, 0x0F, 0x1F, 0x10, 0x00, 0x00, 0x00, 0x00, 0x00, 0x00, 0x00, 0x01, 0x00, 0x00, 0x00, 0x00, 0x00, 0x00, 0x00, 0x00,
    0x00, 0x00, 0x00, 0x00, 0x00, 0x00, 0x00, 0x00, 0x00, 0x00, 0x00, 0x00, 0x00, 0x00, 0x00, 0x00, 0x00, 0x00, 0x00, 0x00, 0x00, 0x00, 0x00, 0x00,
    0x00, 0x00, 0x00, 0x00, 0x00, 0x00, 0x00, 0x00, 0x00, 0x00, 0x00, 0x00, 0x00, 0x00, 0x00, 0x00, 0x00, 0x00, 0x00, 0x00, 0x00, 0x00, 0x00, 0x00,
    0x00, 0x00, 0x00, 0x00, 0x00, 0x00, 0x00, 0x00, 0x00, 0x00, 0x00, 0x00, 0x00, 0x00, 0x00, 0x00, 0x00, 0x00, 0x00, 0x00, 0x00, 0x00, 0x00, 0x00,
    0x00, 0x00, 0x00, 0x00, 0x00, 0x00, 0x00, 0x00, 0x00, 0x00, 0x00, 0x00, 0x00, 0x00, 0x00, 0x00, 0x00, 0x00, 0x00, 0x00, 0x00, 0x00, 0x00, 0x00,
    0x00, 0xFF, 0xFF, 0x01, 0x00, 0x00, 0x00, 0x08, 0x0B, 0x0F, 0x17, 0x99, 0x2A, 0x58, 0x65, 0xFE, 0x1B, 0x44, 0x59, 0xF4, 0x3B, 0x45, 0x5B, 0xF6,
    0x60, 0x65, 0x79, 0xF3, 0x36, 0x3B, 0x4E, 0xFF, 0x39, 0x3C, 0x48, 0xA9, 0x00, 0x00, 0x00, 0x00, 0x7F, 0x7F, 0x7F, 0x02, 0x00, 0x00, 0x00, 0x03,
    0x00, 0x00, 0x00, 0x01, 0x04, 0x04, 0x04, 0x3D, 0x2C, 0x2C, 0x2F, 0xF1, 0x1E, 0x26, 0x30, 0xF7, 0x1F, 0x2F, 0x38, 0xF1, 0x3C, 0x56, 0x61, 0xFF,
    0x19, 0x24, 0x30, 0x78, 0x00, 0x00, 0x00, 0x00, 0x00, 0x3F, 0x3F, 0x04, 0x00, 0x00, 0x00, 0x00, 0x00, 0x00, 0x00, 0x00, 0x00, 0x00, 0x00, 0x00,
    0x00, 0x00, 0x00, 0x00, 0x00, 0x00, 0x00, 0x00, 0x00, 0x00, 0x00, 0x00, 0x00, 0x00, 0x00, 0x00, 0x00, 0x00, 0x00, 0x00, 0x00, 0x00, 0x00, 0x00,
    0x00, 0x00, 0x00, 0x00, 0x00, 0x00, 0x00, 0x00, 0x00, 0x00, 0x00, 0x00, 0x00, 0x00, 0x00, 0x00, 0x00, 0x00, 0x00, 0x00, 0x00, 0x00, 0x00, 0x00,
    0x00, 0x00, 0x00, 0x00, 0x00, 0x00, 0x00, 0x00, 0x00, 0x00, 0x00, 0x00, 0x00, 0x00, 0x00, 0x00, 0x00, 0x00, 0x00, 0x00, 0x00, 0x00, 0x00, 0x00,
    0x00, 0x00, 0x00, 0x00, 0x00, 0x00, 0x00, 0x00, 0x00, 0x00, 0x00, 0x00, 0x00, 0x00, 0x00, 0x00, 0x00, 0x00, 0x00, 0x00, 0x00, 0x00, 0x00, 0x00,
    0x00, 0x00, 0x00, 0x03, 0x00, 0x00, 0x00, 0x00, 0x02, 0x02, 0x05, 0x5E, 0x24, 0x3B, 0x4B, 0xFA, 0x28, 0x4E, 0x67, 0xF5, 0x24, 0x39, 0x52, 0xF6,
    0x3B, 0x49, 0x66, 0xF2, 0x35, 0x3C, 0x51, 0xFF, 0x2B, 0x32, 0x3C, 0x7A, 0x00, 0x00, 0x00, 0x00, 0x3F, 0x3F, 0x3F, 0x04, 0x00, 0x00, 0x00, 0x02,
    0x00, 0x00, 0x00, 0x00, 0x00, 0x00, 0x00, 0x1B, 0x21, 0x24, 0x25, 0xD8, 0x21, 0x22, 0x2D, 0xFB, 0x29, 0x46, 0x53, 0xF4, 0x32, 0x50, 0x5A, 0xF4,
    0x0D, 0x0D, 0x13, 0x27, 0x00, 0x00, 0x00, 0x01, 0x00, 0x00, 0x00, 0x02, 0x00, 0x00, 0x00, 0x00, 0x00, 0x00, 0x00, 0x00, 0x00, 0x00, 0x00, 0x00,
    0x00, 0x00, 0x00, 0x00, 0x00, 0x00, 0x00, 0x00, 0x00, 0x00, 0x00, 0x00, 0x00, 0x00, 0x00, 0x00, 0x00, 0x00, 0x00, 0x00, 0x00, 0x00, 0x00, 0x00,
    0x00, 0x00, 0x00, 0x00, 0x00, 0x00, 0x00, 0x00, 0x00, 0x00, 0x00, 0x00, 0x00, 0x00, 0x00, 0x00, 0x00, 0x00, 0x00, 0x00, 0x00, 0x00, 0x00, 0x00,
    0x00, 0x00, 0x00, 0x00, 0x00, 0x00, 0x00, 0x00, 0x00, 0x00, 0x00, 0x00, 0x00, 0x00, 0x00, 0x00, 0x00, 0x00, 0x00, 0x00, 0x00, 0x00, 0x00, 0x00,
    0x00, 0x00, 0x00, 0x00, 0x00, 0x00, 0x00, 0x00, 0x00, 0x00, 0x00, 0x00, 0x00, 0x00, 0x00, 0x00, 0x00, 0x00, 0x00, 0x00, 0x00, 0x00, 0x00, 0x00,
    0x00, 0x00, 0x00, 0x02, 0x00, 0x00, 0x00, 0x00, 0x00, 0x00, 0x00, 0x34, 0x16, 0x1E, 0x2A, 0xEA, 0x22, 0x31, 0x4B, 0xF9, 0x25, 0x5D, 0x74, 0xF5,
    0x2D, 0x58, 0x74, 0xF5, 0x39, 0x3B, 0x53, 0xF9, 0x1B, 0x24, 0x32, 0x38, 0x00, 0x00, 0x00, 0x00, 0x00, 0x00, 0x7F, 0x02, 0x00, 0x00, 0x00, 0x01,
    0x00, 0x00, 0x00, 0x00, 0x2D, 0x2D, 0x2D, 0x11, 0x36, 0x38, 0x3B, 0xE0, 0x23, 0x26, 0x2C, 0xFA, 0x2A, 0x43, 0x4C, 0xFB, 0x26, 0x3C, 0x44, 0xE8,
    0x34, 0x1A, 0x1A, 0x1D, 0x00, 0x00, 0x00, 0x00, 0x00, 0x00, 0x00, 0x01, 0x00, 0x00, 0x00, 0x00, 0x00, 0x00, 0x00, 0x00, 0x00, 0x00, 0x00, 0x00,
    0x00, 0x00, 0x00, 0x00, 0x00, 0x00, 0x00, 0x00, 0x00, 0x00, 0x00, 0x00, 0x00, 0x00, 0x00, 0x00, 0x00, 0x00, 0x00, 0x00, 0x00, 0x00, 0x00, 0x00,
    0x00, 0x00, 0x00, 0x00, 0x00, 0x00, 0x00, 0x00, 0x00, 0x00, 0x00, 0x00, 0x00, 0x00, 0x00, 0x00, 0x00, 0x00, 0x00, 0x00, 0x00, 0x00, 0x00, 0x00,
    0x00, 0x00, 0x00, 0x00, 0x00, 0x00, 0x00, 0x00, 0x00, 0x00, 0x00, 0x00, 0x00, 0x00, 0x00, 0x00, 0x00, 0x00, 0x00, 0x00, 0x00, 0x00, 0x00, 0x00,
    0x00, 0x00, 0x00, 0x00, 0x00, 0x00, 0x00, 0x00, 0x00, 0x00, 0x00, 0x00, 0x00, 0x00, 0x00, 0x00, 0x00, 0x00, 0x00, 0x00, 0x00, 0x00, 0x00, 0x00,
    0x00, 0x00, 0x00, 0x01, 0x00, 0x00, 0x00, 0x00, 0x00, 0x00, 0x00, 0x0F, 0x0C, 0x12, 0x16, 0xBD, 0x24, 0x2E, 0x46, 0xFB, 0x37, 0x81, 0x95, 0xF3,
    0x2C, 0x67, 0x7E, 0xFE, 0x39, 0x36, 0x53, 0xCD, 0x00, 0x00, 0x00, 0x03, 0x00, 0x00, 0x00, 0x00, 0x00, 0x00, 0x00, 0x01, 0x00, 0x00, 0x00, 0x02,
    0x00, 0x00, 0x00, 0x00, 0x00, 0x06, 0x06, 0x28, 0x19, 0x19, 0x1B, 0xCA, 0x22, 0x27, 0x29, 0xF8, 0x28, 0x2E, 0x2F, 0xE2, 0x18, 0x18, 0x1C, 0x85,
    0x22, 0x22, 0x22, 0x16, 0x00, 0x00, 0x00, 0x01, 0x00, 0x00, 0x00, 0x01, 0x00, 0x00, 0x00, 0x00, 0x00, 0x00, 0x00, 0x00, 0x00, 0x00, 0x00, 0x00,
    0x00, 0x00, 0x00, 0x00, 0x00, 0x00, 0x00, 0x00, 0x00, 0x00, 0x00, 0x00, 0x00, 0x00, 0x00, 0x00, 0x00, 0x00, 0x00, 0x00, 0x00, 0x00, 0x00, 0x00,
    0x00, 0x00, 0x00, 0x00, 0x00, 0x00, 0x00, 0x00, 0x00, 0x00, 0x00, 0x00, 0x00, 0x00, 0x00, 0x00, 0x00, 0x00, 0x00, 0x00, 0x00, 0x00, 0x00, 0x00,
    0x00, 0x00, 0x00, 0x00, 0x00, 0x00, 0x00, 0x00, 0x00, 0x00, 0x00, 0x00, 0x00, 0x00, 0x00, 0x00, 0x00, 0x00, 0x00, 0x00, 0x00, 0x00, 0x00, 0x00,
    0x00, 0x00, 0x00, 0x00, 0x00, 0x00, 0x00, 0x00, 0x00, 0x00, 0x00, 0x00, 0x00, 0x00, 0x00, 0x00, 0x00, 0x00, 0x00, 0x00, 0x00, 0x00, 0x00, 0x00,
    0x00, 0x00, 0x00, 0x00, 0x00, 0x00, 0x00, 0x02, 0x00, 0x00, 0x00, 0x00, 0x00, 0x00, 0x00, 0x62, 0x1C, 0x25, 0x3B, 0xF3, 0x2B, 0x68, 0x7D, 0xF4,
    0x1B, 0x4B, 0x63, 0xFA, 0x34, 0x32, 0x4F, 0xD5, 0x17, 0x17, 0x17, 0x0B, 0x00, 0x00, 0x00, 0x00, 0x00, 0x00, 0x00, 0x01, 0x00, 0x00, 0x00, 0x00,
    0x00, 0x00, 0x00, 0x02, 0x00, 0x00, 0x00, 0x02, 0x02, 0x05, 0x05, 0x62, 0x2A, 0x2A, 0x2C, 0xEF, 0x0B, 0x07, 0x0B, 0x42, 0x00, 0x00, 0x00, 0x05,
    0x00, 0x00, 0x00, 0x01, 0x00, 0x00, 0x00, 0x00, 0x00, 0x00, 0x00, 0x00, 0x00, 0x00, 0x00, 0x00, 0x00, 0x00, 0x00, 0x00, 0x00, 0x00, 0x00, 0x00,
    0x00, 0x00, 0x00, 0x00, 0x00, 0x00, 0x00, 0x00, 0x00, 0x00, 0x00, 0x00, 0x00, 0x00, 0x00, 0x00, 0x00, 0x00, 0x00, 0x00, 0x00, 0x00, 0x00, 0x00,
    0x00, 0x00, 0x00, 0x00, 0x00, 0x00, 0x00, 0x00, 0x00, 0x00, 0x00, 0x00, 0x00, 0x00, 0x00, 0x00, 0x00, 0x00, 0x00, 0x00, 0x00, 0x00, 0x00, 0x00,
    0x00, 0x00, 0x00, 0x00, 0x00, 0x00, 0x00, 0x00, 0x00, 0x00, 0x00, 0x00, 0x00, 0x00, 0x00, 0x00, 0x00, 0x00, 0x00, 0x00, 0x00, 0x00, 0x00, 0x00,
    0x00, 0x00, 0x00, 0x00, 0x00, 0x00, 0x00, 0x00, 0x00, 0x00, 0x00, 0x00, 0x00, 0x00, 0x00, 0x00, 0x00, 0x00, 0x00, 0x00, 0x00, 0x00, 0x00, 0x00,
    0x00, 0x00, 0x00, 0x00, 0x00, 0x00, 0x00, 0x02, 0x00, 0x00, 0x00, 0x00, 0x07, 0x07, 0x07, 0x23, 0x22, 0x29, 0x34, 0xEC, 0x20, 0x48, 0x5A, 0xFB,
    0x2B, 0x4B, 0x5D, 0xFF, 0x36, 0x35, 0x48, 0xD7, 0x00, 0x00, 0x00, 0x08, 0x00, 0x00, 0x00, 0x00, 0x00, 0x00, 0x00, 0x01, 0x00, 0x00, 0x00, 0x00,
    0x00, 0x00, 0x00, 0x02, 0x00, 0x00, 0x00, 0x00, 0x04, 0x04, 0x09, 0x34, 0x13, 0x13, 0x16, 0x73, 0x00, 0x00, 0x00, 0x00, 0x00, 0x00, 0x00, 0x00,
    0x00, 0x00, 0x00, 0x00, 0x00, 0x00, 0x00, 0x00, 0x00, 0x00, 0x00, 0x00, 0x00, 0x00, 0x00, 0x00, 0x00, 0x00, 0x00, 0x00, 0x00, 0x00, 0x00, 0x00,
    0x00, 0x00, 0x00, 0x00, 0x00, 0x00, 0x00, 0x00, 0x00, 0x00, 0x00, 0x00, 0x00, 0x00, 0x00, 0x00, 0x00, 0x00, 0x00, 0x00, 0x00, 0x00, 0x00, 0x00,
    0x00, 0x00, 0x00, 0x00, 0x00, 0x00, 0x00, 0x00, 0x00, 0x00, 0x00, 0x00, 0x00, 0x00, 0x00, 0x00, 0x00, 0x00, 0x00, 0x00, 0x00, 0x00, 0x00, 0x00,
    0x00, 0x00, 0x00, 0x00, 0x00, 0x00, 0x00, 0x00, 0x00, 0x00, 0x00, 0x00, 0x00, 0x00, 0x00, 0x00, 0x00, 0x00, 0x00, 0x00, 0x00, 0x00, 0x00, 0x00,
    0x00, 0x00, 0x00, 0x00, 0x00, 0x00, 0x00, 0x00, 0x00, 0x00, 0x00, 0x00, 0x00, 0x00, 0x00, 0x00, 0x00, 0x00, 0x00, 0x00, 0x00, 0x00, 0x00, 0x00,
    0x00, 0x00, 0x00, 0x00, 0x00, 0x00, 0x00, 0x02, 0x00, 0x00, 0x00, 0x00, 0x20, 0x20, 0x20, 0x37, 0x15, 0x17, 0x17, 0xBB, 0x0F, 0x10, 0x14, 0xC4,
    0x1C, 0x1F, 0x23, 0xBC, 0x20, 0x25, 0x2B, 0xDE, 0x2B, 0x37, 0x3E, 0x29, 0x00, 0x00, 0x00, 0x00, 0x00, 0x00, 0x00, 0x02, 0x00, 0x00, 0x00, 0x00,
    0x00, 0x00, 0x00, 0x00, 0x00, 0x00, 0x00, 0x00, 0x00, 0x00, 0x00, 0x01, 0x00, 0x00, 0x00, 0x00, 0x00, 0x00, 0x00, 0x02, 0x00, 0x00, 0x00, 0x01,
    0x00, 0x00, 0x00, 0x00, 0x00, 0x00, 0x00, 0x00, 0x00, 0x00, 0x00, 0x00, 0x00, 0x00, 0x00, 0x00, 0x00, 0x00, 0x00, 0x00, 0x00, 0x00, 0x00, 0x00,
    0x00, 0x00, 0x00, 0x00, 0x00, 0x00, 0x00, 0x00, 0x00, 0x00, 0x00, 0x00, 0x00, 0x00, 0x00, 0x00, 0x00, 0x00, 0x00, 0x00, 0x00, 0x00, 0x00, 0x00,
    0x00, 0x00, 0x00, 0x00, 0x00, 0x00, 0x00, 0x00, 0x00, 0x00, 0x00, 0x00, 0x00, 0x00, 0x00, 0x00, 0x00, 0x00, 0x00, 0x00, 0x00, 0x00, 0x00, 0x00,
    0x00, 0x00, 0x00, 0x00, 0x00, 0x00, 0x00, 0x00, 0x00, 0x00, 0x00, 0x00, 0x00, 0x00, 0x00, 0x00, 0x00, 0x00, 0x00, 0x00, 0x00, 0x00, 0x00, 0x00,
    0x00, 0x00, 0x00, 0x00, 0x00, 0x00, 0x00, 0x00, 0x00, 0x00, 0x00, 0x00, 0x00, 0x00, 0x00, 0x00, 0x00, 0x00, 0x00, 0x00, 0x00, 0x00, 0x00, 0x00,
    0x00, 0x00, 0x00, 0x00, 0x00, 0x00, 0x00, 0x01, 0x00, 0x00, 0x00, 0x00, 0x05, 0x05, 0x05, 0x2F, 0x00, 0x00, 0x00, 0x18, 0x00, 0x00, 0x00, 0x1F,
    0x00, 0x00, 0x00, 0x22, 0x0C, 0x10, 0x10, 0x8F, 0x44, 0x44, 0x55, 0x0F, 0x00, 0x00, 0x00, 0x00, 0x00, 0x00, 0x00, 0x01, 0x00, 0x00, 0x00, 0x00,
    0x00, 0x00, 0x00, 0x00, 0x00, 0x00, 0x00, 0x00, 0x00, 0x00, 0x00, 0x00, 0x00, 0x00, 0x00, 0x00, 0x00, 0x00, 0x00, 0x00, 0x00, 0x00, 0x00, 0x00,
    0x00, 0x00, 0x00, 0x00, 0x00, 0x00, 0x00, 0x00, 0x00, 0x00, 0x00, 0x00, 0x00, 0x00, 0x00, 0x00, 0x00, 0x00, 0x00, 0x00, 0x00, 0x00, 0x00, 0x00,
    0x00, 0x00, 0x00, 0x00, 0x00, 0x00, 0x00, 0x00, 0x00, 0x00, 0x00, 0x00, 0x00, 0x00, 0x00, 0x00, 0x00, 0x00, 0x00, 0x00, 0x00, 0x00, 0x00, 0x00,
    0x00, 0x00, 0x00, 0x00, 0x00, 0x00, 0x00, 0x00, 0x00, 0x00, 0x00, 0x00, 0x00, 0x00, 0x00, 0x00, 0x00, 0x00, 0x00, 0x00, 0x00, 0x00, 0x00, 0x00,
    0x00, 0x00, 0x00, 0x00, 0x00, 0x00, 0x00, 0x00, 0x00, 0x00, 0x00, 0x00, 0x00, 0x00, 0x00, 0x00, 0x00, 0x00, 0x00, 0x00, 0x00, 0x00, 0x00, 0x00,
    0x00, 0x00, 0x00, 0x00, 0x00, 0x00, 0x00, 0x00, 0x00, 0x00, 0x00, 0x00, 0x00, 0x00, 0x00, 0x00, 0x00, 0x00, 0x00, 0x00, 0x00, 0x00, 0x00, 0x00,
    0x00, 0x00, 0x00, 0x00, 0x00, 0x00, 0x00, 0x00, 0x00, 0x00, 0x00, 0x00, 0x00, 0x00, 0x00, 0x00, 0x00, 0x00, 0x00, 0x00, 0x00, 0x00, 0x00, 0x00,
    0xFF, 0xFF, 0xFF, 0x01, 0x00, 0x00, 0x00, 0x0B, 0x00, 0x00, 0x00, 0x00, 0x00, 0x00, 0x00, 0x00, 0x00, 0x00, 0x00, 0x00, 0x00, 0x00, 0x00, 0x00,
    0x00, 0x00, 0x00, 0x00, 0x00, 0x00, 0x00, 0x00, 0x00, 0x00, 0x00, 0x00, 0x00, 0x00, 0x00, 0x00, 0x00, 0x00, 0x00, 0x00, 0x00, 0x00, 0x00, 0x00,
    0x00, 0x00, 0x00, 0x00, 0x00, 0x00, 0x00, 0x00, 0x00, 0x00, 0x00, 0x00, 0x00, 0x00, 0x00, 0x00, 0x00, 0x00, 0x00, 0x00, 0x00, 0x00, 0x00, 0x00,
    0x00, 0x00, 0x00, 0x00, 0x00, 0x00, 0x00, 0x00, 0x00, 0x00, 0x00, 0x00, 0x00, 0x00, 0x00, 0x00, 0x00, 0x00, 0x00, 0x00, 0x00, 0x00, 0x00, 0x00,
    0x00, 0x00, 0x00, 0x00, 0x00, 0x00, 0x00, 0x00, 0x00, 0x00, 0x00, 0x00, 0x00, 0x00, 0x00, 0x00, 0x00, 0x00, 0x00, 0x00, 0x00, 0x00, 0x00, 0x00,
    0x00, 0x00, 0x00, 0x00, 0x00, 0x00, 0x00, 0x00, 0x00, 0x00, 0x00, 0x00, 0x00, 0x00, 0x00, 0x00, 0x00, 0x00, 0x00, 0x00, 0x00, 0x00, 0x00, 0x00,
    0x00, 0x00, 0x00, 0x00, 0x00, 0x00, 0x00, 0x00, 0x00, 0x00, 0x00, 0x00, 0x00, 0x00, 0x00, 0x00, 0x00, 0x00, 0x00, 0x00, 0x00, 0x00, 0x00, 0x00,
    0x00, 0x00, 0x00, 0x00, 0x00, 0x00, 0x00, 0x00, 0x00, 0x00, 0x00, 0x00, 0x00, 0x00, 0x00, 0x00, 0x00, 0x00, 0x00, 0x00, 0x00, 0x00, 0x00, 0x00,
    0x00, 0x00, 0x00, 0x00, 0x00, 0x00, 0x00, 0x00, 0x00, 0x00, 0x00, 0x00, 0x00, 0x00, 0x00, 0x00, 0x00, 0x00, 0x00, 0x00, 0x00, 0x00, 0x00, 0x00,
    0x00, 0x00, 0x00, 0x00, 0x00, 0x00, 0x00, 0x00, 0x00, 0x00, 0x00, 0x00, 0x00, 0x00, 0x00, 0x00, 0x00, 0x00, 0x00, 0x00, 0x00, 0x00, 0x00, 0x00,
    0x00, 0x00, 0x00, 0x00, 0x00, 0x00, 0x00, 0x00, 0x00, 0x00, 0x00, 0x00, 0x00, 0x00, 0x00, 0x00, 0x00, 0x00, 0x00, 0x00, 0x00, 0x00, 0x00, 0x00,
    0x00, 0x00, 0x00, 0x00, 0x00, 0x00, 0x00, 0x00, 0x00, 0x00, 0x00, 0x00, 0x00, 0x00, 0x00, 0x00, 0x00, 0x00, 0x00, 0x00, 0x00, 0x00, 0x00, 0x00,
    0x00, 0x00, 0x00, 0x00, 0x00, 0x00, 0x00, 0x00, 0x00, 0x00, 0x00, 0x00, 0x00, 0x00, 0x00, 0x00, 0x00, 0x00, 0x00, 0x00, 0x00, 0x00, 0x00, 0x00,
    0x00, 0x00, 0x00, 0x00, 0x00, 0x00, 0x00, 0x00, 0x00, 0x00, 0x00, 0x00, 0x00, 0x00, 0x00, 0x00, 0x00, 0x00, 0x00, 0x00, 0x00, 0x00, 0x00, 0x00,
    0x00, 0x00, 0x00, 0x00, 0x00, 0x00, 0x00, 0x00, 0x00, 0x00, 0x00, 0x00, 0x00, 0x00, 0x00, 0x00, 0x00, 0x00, 0x00, 0x00, 0x00, 0x00, 0x00, 0x00,
    0x00, 0x00, 0x00, 0x00, 0x00, 0x00, 0x00, 0x00, 0x00, 0x00, 0x00, 0x00, 0x00, 0x00, 0x00, 0x00, 0x00, 0x00, 0x00, 0x00, 0x00, 0x00, 0x00, 0x00,
    0x00, 0x00, 0x00, 0x00, 0x00, 0x00, 0x00, 0x00, 0x00, 0x00, 0x00, 0x00, 0x00, 0x00, 0x00, 0x00, 0x00, 0x00, 0x00, 0x00, 0x00, 0x00, 0x00, 0x00,
    0x00, 0x00, 0x00, 0x00, 0x00, 0x00, 0x00, 0x00, 0x00, 0x00, 0x00, 0x00, 0x00, 0x00, 0x00, 0x00, 0x00, 0x00, 0x00, 0x00, 0x00, 0x00, 0x00, 0x00,
    0x00, 0x00, 0x00, 0x00, 0x00, 0x00, 0x00, 0x00, 0x00, 0x00, 0x00, 0x00, 0x00, 0x00, 0x00, 0x00, 0x00, 0x00, 0x00, 0x00, 0x00, 0x00, 0x00, 0x00,
    0x00, 0x00, 0x00, 0x00, 0x00, 0x00, 0x00, 0x00, 0x00, 0x00, 0x00, 0x00, 0x00, 0x00, 0x00, 0x00, 0x00, 0x00, 0x00, 0x00, 0x00, 0x00, 0x00, 0x00,
    0x00, 0x00, 0x00, 0x00, 0x00, 0x00, 0x00, 0x00, 0x00, 0x00, 0x00, 0x00, 0x00, 0x00, 0x00, 0x00, 0x00, 0x00, 0x00, 0x00, 0x00, 0x00, 0x00, 0x00,
    0x00, 0x00, 0x00, 0x00, 0x00, 0x00, 0x00, 0x00, 0x00, 0x00, 0x00, 0x00, 0x00, 0x00, 0x00, 0x00, 0x00, 0x00, 0x00, 0x00, 0x00, 0x00, 0x00, 0x00,
    0x00, 0x00, 0x00, 0x00, 0x00, 0x00, 0x00, 0x00, 0x00, 0x00, 0x00, 0x00, 0x00, 0x00, 0x00, 0x00, 0x00, 0x00, 0x00, 0x00, 0x00, 0x00, 0x00, 0x00,
    0x00, 0x00, 0x00, 0x00, 0x00, 0x00, 0x00, 0x00, 0x00, 0x00, 0x00, 0x00, 0x00, 0x00, 0x00, 0x00, 0x00, 0x00, 0x00, 0x00, 0x00, 0x00, 0x00, 0x00,
    0x00, 0x00, 0x00, 0x00, 0x00, 0x00, 0x00, 0x00, 0x00, 0x00, 0x00, 0x00, 0x00, 0x00, 0x00, 0x00, 0x00, 0x00, 0x00, 0x00, 0x00, 0x00, 0x00, 0x00,
    0x00, 0x00, 0x00, 0x00, 0x00, 0x00, 0x00, 0x00, 0x00, 0x00, 0x00, 0x00, 0x00, 0x00, 0x00, 0x00, 0x00, 0x00, 0x00, 0x00, 0x00, 0x00, 0x00, 0x00,
    0x00, 0x00, 0x00, 0x00, 0x00, 0x00, 0x00, 0x00, 0x00, 0x00, 0x00, 0x00, 0x00, 0x00, 0x00, 0x00, 0x00, 0x00, 0x00, 0x00, 0x00, 0x00, 0x00, 0x00,
    0x00, 0x00, 0x00, 0x00, 0x00, 0x00, 0x00, 0x00, 0x00, 0x00, 0x00, 0x00, 0x00, 0x00, 0x00, 0x00, 0x00, 0x00, 0x00, 0x00, 0x00, 0x00, 0x00, 0x00,
    0x00, 0x00, 0x00, 0x00, 0x00, 0x00, 0x00, 0x00, 0x00, 0x00, 0x00, 0x00, 0x00, 0x00, 0x00, 0x00, 0x00, 0x00, 0x00, 0x00, 0x00, 0x00, 0x00, 0x00,
};
inline constexpr std::array<std::uint8_t, 9216> tek_boots = {
    0x00, 0x00, 0x00, 0x00, 0x00, 0x00, 0x00, 0x00, 0x00, 0x00, 0x00, 0x00, 0x00, 0x00, 0x00, 0x00, 0x00, 0x00, 0x00, 0x00, 0x00, 0x00, 0x00, 0x00,
    0x00, 0x00, 0x00, 0x00, 0x00, 0x00, 0x00, 0x00, 0x00, 0x00, 0x00, 0x00, 0x00, 0x00, 0x00, 0x00, 0x00, 0x00, 0x00, 0x00, 0x00, 0x00, 0x00, 0x00,
    0x00, 0x00, 0x00, 0x00, 0x00, 0x00, 0x00, 0x00, 0x00, 0x00, 0x00, 0x00, 0x00, 0x00, 0x00, 0x00, 0x00, 0x00, 0x00, 0x00, 0x00, 0x00, 0x00, 0x00,
    0x00, 0x00, 0x00, 0x00, 0x00, 0x00, 0x00, 0x00, 0x00, 0x00, 0x00, 0x00, 0x00, 0x00, 0x00, 0x00, 0x00, 0x00, 0x00, 0x00, 0x00, 0x00, 0x00, 0x00,
    0x00, 0x00, 0x00, 0x00, 0x00, 0x00, 0x00, 0x00, 0x00, 0x00, 0x00, 0x00, 0x00, 0x00, 0x00, 0x00, 0x00, 0x00, 0x00, 0x00, 0x00, 0x00, 0x00, 0x00,
    0x00, 0x00, 0x00, 0x00, 0x00, 0x00, 0x00, 0x00, 0x00, 0x00, 0x00, 0x00, 0x00, 0x00, 0x00, 0x00, 0x00, 0x00, 0x00, 0x00, 0x00, 0x00, 0x00, 0x00,
    0x00, 0x00, 0x00, 0x00, 0x00, 0x00, 0x00, 0x00, 0x00, 0x00, 0x00, 0x00, 0x00, 0x00, 0x00, 0x00, 0x00, 0x00, 0x00, 0x00, 0x00, 0x00, 0x00, 0x00,
    0x00, 0x00, 0x00, 0x00, 0x00, 0x00, 0x00, 0x00, 0x00, 0x00, 0x00, 0x00, 0x00, 0x00, 0x00, 0x00, 0x00, 0x00, 0x00, 0x00, 0x00, 0x00, 0x00, 0x00,
    0x00, 0x00, 0x00, 0x00, 0x00, 0x00, 0x00, 0x00, 0x00, 0x00, 0x00, 0x00, 0x00, 0x00, 0x00, 0x00, 0x00, 0x00, 0x00, 0x00, 0x00, 0x00, 0x00, 0x00,
    0x00, 0x00, 0x00, 0x00, 0x00, 0x00, 0x00, 0x00, 0x00, 0x00, 0x00, 0x00, 0x00, 0x00, 0x00, 0x00, 0x00, 0x00, 0x00, 0x00, 0x00, 0x00, 0x00, 0x00,
    0x00, 0x00, 0x00, 0x00, 0x00, 0x00, 0x00, 0x00, 0x00, 0x00, 0x00, 0x00, 0x00, 0x00, 0x00, 0x00, 0x00, 0x00, 0x00, 0x00, 0x00, 0x00, 0x00, 0x00,
    0x00, 0x00, 0x00, 0x00, 0x00, 0x00, 0x00, 0x00, 0x00, 0x00, 0x00, 0x00, 0x00, 0x00, 0x00, 0x00, 0x00, 0x00, 0x00, 0x00, 0x00, 0x00, 0x00, 0x00,
    0x00, 0x00, 0x00, 0x00, 0x00, 0x00, 0x00, 0x00, 0x00, 0x00, 0x00, 0x00, 0x00, 0x00, 0x00, 0x00, 0x00, 0x00, 0x00, 0x00, 0x00, 0x00, 0x00, 0x00,
    0x00, 0x00, 0x00, 0x00, 0x00, 0x00, 0x00, 0x00, 0x00, 0x00, 0x00, 0x00, 0x00, 0x00, 0x00, 0x00, 0x00, 0x00, 0x00, 0x00, 0x00, 0x00, 0x00, 0x00,
    0x00, 0x00, 0x00, 0x00, 0x00, 0x00, 0x00, 0x00, 0x00, 0x00, 0x00, 0x00, 0x00, 0x00, 0x00, 0x00, 0x00, 0x00, 0x00, 0x00, 0x00, 0x00, 0x00, 0x00,
    0x00, 0x00, 0x00, 0x00, 0x00, 0x00, 0x00, 0x00, 0x00, 0x00, 0x00, 0x00, 0x00, 0x00, 0x00, 0x00, 0x00, 0x00, 0x00, 0x00, 0x00, 0x00, 0x00, 0x00,
    0x00, 0x00, 0x00, 0x00, 0x00, 0x00, 0x00, 0x00, 0x00, 0x00, 0x00, 0x00, 0x00, 0x00, 0x00, 0x00, 0x00, 0x00, 0x00, 0x00, 0x00, 0x00, 0x00, 0x00,
    0x00, 0x00, 0x00, 0x00, 0x00, 0x00, 0x00, 0x00, 0x00, 0x00, 0x00, 0x00, 0x00, 0x00, 0x00, 0x00, 0x00, 0x00, 0x00, 0x00, 0x00, 0x00, 0x00, 0x00,
    0x00, 0x00, 0x00, 0x00, 0x00, 0x00, 0x00, 0x00, 0x00, 0x00, 0x00, 0x00, 0x00, 0x00, 0x00, 0x00, 0x00, 0x00, 0x00, 0x00, 0x00, 0x00, 0x00, 0x00,
    0x00, 0x00, 0x00, 0x00, 0x00, 0x00, 0x00, 0x00, 0x00, 0x00, 0x00, 0x00, 0x00, 0x00, 0x00, 0x00, 0x00, 0x00, 0x00, 0x00, 0x00, 0x00, 0x00, 0x00,
    0x00, 0x00, 0x00, 0x00, 0x00, 0x00, 0x00, 0x00, 0x00, 0x00, 0x00, 0x00, 0x00, 0x00, 0x00, 0x00, 0x00, 0x00, 0x00, 0x00, 0x00, 0x00, 0x00, 0x00,
    0x00, 0x00, 0x00, 0x00, 0x00, 0x00, 0x00, 0x00, 0x00, 0x00, 0x00, 0x00, 0x00, 0x00, 0x00, 0x00, 0x00, 0x00, 0x00, 0x00, 0x00, 0x00, 0x00, 0x00,
    0x00, 0x00, 0x00, 0x00, 0x00, 0x00, 0x00, 0x00, 0x00, 0x00, 0x00, 0x00, 0x00, 0x00, 0x00, 0x00, 0x00, 0x00, 0x00, 0x00, 0x00, 0x00, 0x00, 0x00,
    0x00, 0x00, 0x00, 0x00, 0x00, 0x00, 0x00, 0x00, 0x00, 0x00, 0x00, 0x00, 0x00, 0x00, 0x00, 0x00, 0x00, 0x00, 0x00, 0x00, 0x00, 0x00, 0x00, 0x00,
    0x00, 0x00, 0x00, 0x00, 0x00, 0x00, 0x00, 0x00, 0x00, 0x00, 0x00, 0x00, 0x00, 0x00, 0x00, 0x00, 0x00, 0x00, 0x00, 0x00, 0x00, 0x00, 0x00, 0x00,
    0x00, 0x00, 0x00, 0x00, 0x00, 0x00, 0x00, 0x00, 0x00, 0x00, 0x00, 0x00, 0x00, 0x00, 0x00, 0x00, 0x00, 0x00, 0x00, 0x00, 0x00, 0x00, 0x00, 0x00,
    0x00, 0x00, 0x00, 0x00, 0x00, 0x00, 0x00, 0x00, 0x00, 0x00, 0x00, 0x00, 0x00, 0x00, 0x00, 0x00, 0x00, 0x00, 0x00, 0x00, 0x00, 0x00, 0x00, 0x00,
    0x00, 0x00, 0x00, 0x00, 0x00, 0x00, 0x00, 0x00, 0x00, 0x00, 0x00, 0x00, 0x00, 0x00, 0x00, 0x00, 0x00, 0x00, 0x00, 0x00, 0x00, 0x00, 0x00, 0x00,
    0x00, 0x00, 0x00, 0x00, 0x00, 0x00, 0x00, 0x00, 0x00, 0x00, 0x00, 0x00, 0x00, 0x00, 0x00, 0x00, 0x00, 0x00, 0x00, 0x00, 0x00, 0x00, 0x00, 0x00,
    0x00, 0x00, 0x00, 0x00, 0x00, 0x00, 0x00, 0x00, 0x00, 0x00, 0x00, 0x00, 0x00, 0x00, 0x00, 0x00, 0x00, 0x00, 0x00, 0x00, 0x00, 0x00, 0x00, 0x00,
    0x00, 0x00, 0x00, 0x00, 0x00, 0x00, 0x00, 0x00, 0x00, 0x00, 0x00, 0x00, 0x00, 0x00, 0x00, 0x00, 0x00, 0x00, 0x00, 0x00, 0x00, 0x00, 0x00, 0x00,
    0x00, 0x00, 0x00, 0x00, 0x00, 0x00, 0x00, 0x00, 0x00, 0x00, 0x00, 0x00, 0x00, 0x00, 0x00, 0x00, 0x00, 0x00, 0x00, 0x00, 0x00, 0x00, 0x00, 0x00,
    0x00, 0x00, 0x00, 0x00, 0x00, 0x00, 0x00, 0x00, 0x00, 0x00, 0x00, 0x00, 0x00, 0x00, 0x00, 0x00, 0x00, 0x00, 0x00, 0x00, 0x00, 0x00, 0x00, 0x00,
    0x00, 0x00, 0x00, 0x00, 0x00, 0x00, 0x00, 0x00, 0x00, 0x00, 0x00, 0x00, 0x00, 0x00, 0x00, 0x00, 0x00, 0x00, 0x00, 0x00, 0x00, 0x00, 0x00, 0x00,
    0x00, 0x00, 0x00, 0x00, 0x00, 0x00, 0x00, 0x00, 0x00, 0x00, 0x00, 0x00, 0x00, 0x00, 0x00, 0x00, 0x00, 0x00, 0x00, 0x00, 0x00, 0x00, 0x00, 0x00,
    0x00, 0x00, 0x00, 0x00, 0x00, 0x00, 0x00, 0x00, 0x00, 0x00, 0x00, 0x00, 0x00, 0x00, 0x00, 0x00, 0x00, 0x00, 0x00, 0x00, 0x00, 0x00, 0x00, 0x00,
    0x00, 0x00, 0x00, 0x00, 0x00, 0x00, 0x00, 0x00, 0x00, 0x00, 0x00, 0x00, 0x00, 0x00, 0x00, 0x00, 0x00, 0x00, 0x00, 0x00, 0x00, 0x00, 0x00, 0x00,
    0x00, 0x00, 0x00, 0x00, 0x00, 0x00, 0x00, 0x00, 0x00, 0x00, 0x00, 0x00, 0x00, 0x00, 0x00, 0x00, 0x00, 0x00, 0x00, 0x00, 0x00, 0x00, 0x00, 0x00,
    0x00, 0x00, 0x00, 0x00, 0x00, 0x00, 0x00, 0x00, 0x00, 0x00, 0x00, 0x00, 0x00, 0x00, 0x00, 0x00, 0x00, 0x00, 0x00, 0x00, 0x00, 0x00, 0x00, 0x00,
    0x00, 0x00, 0x00, 0x00, 0x00, 0x00, 0x00, 0x00, 0x00, 0x00, 0x00, 0x00, 0x00, 0x00, 0x00, 0x00, 0x00, 0x00, 0x00, 0x00, 0x00, 0x00, 0x00, 0x00,
    0x00, 0x00, 0x00, 0x00, 0x00, 0x00, 0x00, 0x00, 0x00, 0x00, 0x00, 0x00, 0x00, 0x00, 0x00, 0x00, 0x00, 0x00, 0x00, 0x00, 0x00, 0x00, 0x00, 0x00,
    0x00, 0x00, 0x00, 0x00, 0x00, 0x00, 0x00, 0x00, 0x00, 0x00, 0x00, 0x00, 0x00, 0x00, 0x00, 0x00, 0x7F, 0x7F, 0x7F, 0x02, 0x00, 0x00, 0x00, 0x00,
    0x84, 0x84, 0x7A, 0x1B, 0x8D, 0x8D, 0x84, 0x1B, 0x00, 0x00, 0x00, 0x00, 0x00, 0x00, 0x00, 0x02, 0x00, 0x00, 0x00, 0x00, 0xFF, 0xFF, 0xFF, 0x04,
    0x00, 0x00, 0x00, 0x00, 0x7F, 0x7F, 0x7F, 0x02, 0x00, 0x00, 0x00, 0x00, 0x00, 0x00, 0x00, 0x00, 0x00, 0x00, 0x00, 0x00, 0x00, 0x00, 0x00, 0x00,
    0x00, 0x00, 0x00, 0x00, 0x00, 0x00, 0x00, 0x00, 0x00, 0x00, 0x00, 0x00, 0x00, 0x00, 0x00, 0x00, 0x00, 0x00, 0x00, 0x00, 0x00, 0x00, 0x00, 0x00,
    0x00, 0x00, 0x00, 0x00, 0x00, 0x00, 0x00, 0x00, 0x00, 0x00, 0x00, 0x00, 0x00, 0x00, 0x00, 0x01, 0x00, 0x00, 0x00, 0x00, 0x00, 0x00, 0x00, 0x00,
    0x00, 0x00, 0x00, 0x00, 0x00, 0x00, 0x00, 0x00, 0x00, 0x00, 0x00, 0x00, 0x00, 0x00, 0x00, 0x00, 0x00, 0x00, 0x00, 0x00, 0x00, 0x00, 0x00, 0x00,
    0x00, 0x00, 0x00, 0x00, 0x00, 0x00, 0x00, 0x00, 0x00, 0x00, 0x00, 0x00, 0x00, 0x00, 0x00, 0x00, 0x00, 0x00, 0x00, 0x00, 0x00, 0x00, 0x00, 0x00,
    0x00, 0x00, 0x00, 0x00, 0x00, 0x00, 0x00, 0x00, 0x00, 0x00, 0x00, 0x00, 0x00, 0x00, 0x00, 0x00, 0x00, 0x00, 0x00, 0x00, 0x00, 0x00, 0x00, 0x00,
    0x00, 0x00, 0x00, 0x00, 0x00, 0x00, 0x00, 0x00, 0x00, 0x00, 0x00, 0x00, 0x7F, 0x7F, 0x7F, 0x02, 0x00, 0x00, 0x00, 0x00, 0x97, 0x97, 0x91, 0x2A,
    0x7D, 0x7B, 0x77, 0xD8, 0x50, 0x52, 0x4F, 0xD3, 0x3D, 0x3D, 0x3D, 0x42, 0x00, 0x00, 0x00, 0x00, 0x2E, 0x31, 0x2C, 0x68, 0x45, 0x48, 0x48, 0xAA,
    0xFF, 0xFF, 0xFF, 0x02, 0x00, 0x00, 0x00, 0x00, 0x00, 0x00, 0x00, 0x01, 0x00, 0x00, 0x00, 0x00, 0x00, 0x00, 0x00, 0x00, 0x00, 0x00, 0x00, 0x00,
    0x00, 0x00, 0x00, 0x00, 0x00, 0x00, 0x00, 0x01, 0x00, 0x00, 0x00, 0x00, 0x00, 0x00, 0x00, 0x06, 0x81, 0x86, 0x84, 0x96, 0x8D, 0x97, 0x8D, 0x1B,
    0xC4, 0xC4, 0xB0, 0x0D, 0x51, 0x54, 0x51, 0x58, 0x55, 0x55, 0x55, 0x12, 0x00, 0x00, 0x00, 0x00, 0x7F, 0x7F, 0x7F, 0x02, 0x00, 0x00, 0x00, 0x00,
    0x00, 0x00, 0x00, 0x00, 0x00, 0x00, 0x00, 0x00, 0x00, 0x00, 0x00, 0x00, 0x00, 0x00, 0x00, 0x00, 0x00, 0x00, 0x00, 0x00, 0x00, 0x00, 0x00, 0x00,
    0x00, 0x00, 0x00, 0x00, 0x00, 0x00, 0x00, 0x00, 0x00, 0x00, 0x00, 0x00, 0x00, 0x00, 0x00, 0x00, 0x00, 0x00, 0x00, 0x00, 0x00, 0x00, 0x00, 0x00,
    0x00, 0x00, 0x00, 0x00, 0x00, 0x00, 0x00, 0x00, 0x00, 0x00, 0x00, 0x00, 0x00, 0x00, 0x00, 0x00, 0x00, 0x00, 0x00, 0x00, 0x00, 0x00, 0x00, 0x00,
    0x00, 0x00, 0x00, 0x00, 0x00, 0x00, 0x00, 0x00, 0x7F, 0x7F, 0x7F, 0x02, 0xFF, 0x00, 0xFF, 0x01, 0xAA, 0xAA, 0xA2, 0x21, 0x8A, 0x8A, 0x85, 0xDF,
    0x57, 0x59, 0x5B, 0xFF, 0x40, 0x44, 0x47, 0xF9, 0x36, 0x3A, 0x36, 0xED, 0x42, 0x41, 0x39, 0xB0, 0x12, 0x12, 0x0D, 0xF6, 0x1F, 0x1F, 0x1E, 0xFF,
    0x36, 0x39, 0x3C, 0x59, 0x62, 0x62, 0x62, 0x39, 0x5D, 0x5E, 0x5D, 0xB4, 0x00, 0x00, 0x00, 0x04, 0x00, 0x00, 0x00, 0x00, 0x00, 0x00, 0x00, 0x01,
    0x00, 0x00, 0x00, 0x00, 0x55, 0x55, 0x55, 0x03, 0x00, 0x00, 0x00, 0x00, 0x62, 0x64, 0x62, 0x60, 0x83, 0x87, 0x85, 0xFF, 0x77, 0x7A, 0x7A, 0xC2,
    0x1B, 0x1A, 0x1A, 0xD3, 0x1E, 0x1E, 0x1C, 0xFF, 0x26, 0x26, 0x22, 0xBB, 0x6B, 0x6B, 0x6B, 0x13, 0x00, 0x00, 0x00, 0x00, 0x7F, 0x7F, 0x7F, 0x02,
    0x00, 0x00, 0x00, 0x01, 0x00, 0x00, 0x00, 0x00, 0x00, 0x00, 0x00, 0x00, 0x00, 0x00, 0x00, 0x00, 0x00, 0x00, 0x00, 0x00, 0x00, 0x00, 0x00, 0x00,
    0x00, 0x00, 0x00, 0x00, 0x00, 0x00, 0x00, 0x00, 0x00, 0x00, 0x00, 0x00, 0x00, 0x00, 0x00, 0x00, 0x00, 0x00, 0x00, 0x00, 0x00, 0x00, 0x00, 0x00,
    0x00, 0x00, 0x00, 0x00, 0x00, 0x00, 0x00, 0x00, 0x00, 0x00, 0x00, 0x00, 0x00, 0x00, 0x00, 0x00, 0x00, 0x00, 0x00, 0x00, 0x00, 0x00, 0x00, 0x00,
    0x00, 0x00, 0x00, 0x00, 0x00, 0x00, 0x00, 0x00, 0xAA, 0xAA, 0xAA, 0x03, 0x00, 0x00, 0x00, 0x00, 0x9C, 0x9A, 0x95, 0xA0, 0x7F, 0x81, 0x7C, 0xFF,
    0x3C, 0x40, 0x41, 0xF0, 0x38, 0x3E, 0x3E, 0xF5, 0x36, 0x36, 0x30, 0xF5, 0x21, 0x1E, 0x17, 0xFF, 0x09, 0x09, 0x06, 0xF6, 0x0E, 0x0C, 0x0C, 0xF6,
    0x23, 0x22, 0x1F, 0xE1, 0x52, 0x51, 0x4E, 0xF0, 0x68, 0x69, 0x6A, 0xE4, 0x11, 0x11, 0x11, 0x0F, 0x00, 0x00, 0x00, 0x00, 0x00, 0x00, 0x00, 0x01,
    0x00, 0x00, 0x00, 0x01, 0xFF, 0xFF, 0xFF, 0x01, 0x00, 0x00, 0x00, 0x0F, 0x53, 0x57, 0x56, 0xCC, 0x5F, 0x63, 0x62, 0xFB, 0x6A, 0x6D, 0x6C, 0xFA,
    0x1C, 0x1D, 0x1B, 0xFD, 0x04, 0x03, 0x01, 0xF2, 0x15, 0x13, 0x0F, 0xFE, 0x3D, 0x39, 0x35, 0xBF, 0xA5, 0x99, 0xA5, 0x14, 0x00, 0x00, 0x00, 0x00,
    0x00, 0x00, 0x00, 0x00, 0x00, 0x00, 0x00, 0x00, 0x00, 0x00, 0x00, 0x00, 0x00, 0x00, 0x00, 0x00, 0x00, 0x00, 0x00, 0x00, 0x00, 0x00, 0x00, 0x00,
    0x00, 0x00, 0x00, 0x00, 0x00, 0x00, 0x00, 0x00, 0x00, 0x00, 0x00, 0x00, 0x00, 0x00, 0x00, 0x00, 0x00, 0x00, 0x00, 0x00, 0x00, 0x00, 0x00, 0x00,
    0x00, 0x00, 0x00, 0x00, 0x00, 0x00, 0x00, 0x00, 0x00, 0x00, 0x00, 0x00, 0x00, 0x00, 0x00, 0x00, 0x00, 0x00, 0x00, 0x00, 0x00, 0x00, 0x00, 0x00,
    0x00, 0x00, 0x00, 0x00, 0x00, 0x00, 0x00, 0x01, 0x00, 0x00, 0x00, 0x00, 0x00, 0x00, 0x00, 0x0C, 0x83, 0x82, 0x7D, 0xD7, 0x69, 0x68, 0x67, 0xFC,
    0x24, 0x23, 0x25, 0xF4, 0x2F, 0x2F, 0x2C, 0xF6, 0x1F, 0x1E, 0x19, 0xF6, 0x07, 0x07, 0x06, 0xF4, 0x0D, 0x0D, 0x0E, 0xF6, 0x09, 0x09, 0x09, 0xF6,
    0x0C, 0x0B, 0x0A, 0xF7, 0x71, 0x71, 0x70, 0xFF, 0x66, 0x66, 0x67, 0xD9, 0x00, 0x00, 0x00, 0x0E, 0x00, 0x00, 0x00, 0x00, 0x00, 0x00, 0x00, 0x01,
    0x00, 0x00, 0x00, 0x01, 0x00, 0x00, 0x00, 0x00, 0x00, 0x00, 0x00, 0x10, 0x4D, 0x51, 0x50, 0xCF, 0x5D, 0x61, 0x60, 0xFD, 0x4D, 0x51, 0x4F, 0xF3,
    0x65, 0x69, 0x64, 0xF4, 0x2B, 0x2D, 0x29, 0xF6, 0x08, 0x06, 0x03, 0xF2, 0x1A, 0x15, 0x10, 0xFF, 0x59, 0x52, 0x4F, 0xA9, 0xFF, 0xFF, 0xFF, 0x07,
    0x33, 0x33, 0x33, 0x19, 0x00, 0x00, 0x00, 0x01, 0x00, 0x00, 0x00, 0x00, 0x00, 0x00, 0x00, 0x00, 0x00, 0x00, 0x00, 0x00, 0x00, 0x00, 0x00, 0x00,
    0x00, 0x00, 0x00, 0x00, 0x00, 0x00, 0x00, 0x00, 0x00, 0x00, 0x00, 0x00, 0x00, 0x00, 0x00, 0x00, 0x00, 0x00, 0x00, 0x00, 0x00, 0x00, 0x00, 0x00,
    0x00, 0x00, 0x00, 0x00, 0x00, 0x00, 0x00, 0x00, 0x00, 0x00, 0x00, 0x00, 0x00, 0x00, 0x00, 0x00, 0x00, 0x00, 0x00, 0x00, 0x00, 0x00, 0x00, 0x00,
    0x00, 0x00, 0x00, 0x00, 0x00, 0x00, 0x00, 0x01, 0x00, 0x00, 0x00, 0x00, 0x00, 0x00, 0x00, 0x0F, 0x44, 0x43, 0x3F, 0xBA, 0x73, 0x74, 0x6E, 0xFB,
    0x31, 0x33, 0x31, 0xF5, 0x2D, 0x30, 0x32, 0xF6, 0x2A, 0x2E, 0x32, 0xF6, 0x20, 0x25, 0x26, 0xF6, 0x0B, 0x0D, 0x0C, 0xF6, 0x0D, 0x0F, 0x0E, 0xF6,
    0x5B, 0x5B, 0x5F, 0xF3, 0x7E, 0x7F, 0x83, 0xFE, 0x41, 0x42, 0x44, 0xBF, 0x00, 0x00, 0x00, 0x01, 0xFF, 0xFF, 0xFF, 0x01, 0x00, 0x00, 0x00, 0x00,
    0x00, 0x00, 0x00, 0x02, 0xFF, 0xFF, 0xFF, 0x01, 0x1F, 0x1F, 0x1F, 0x18, 0x62, 0x66, 0x64, 0xE9, 0x55, 0x59, 0x57, 0xF9, 0x52, 0x54, 0x51, 0xF5,
    0x52, 0x58, 0x51, 0xF6, 0x6D, 0x74, 0x6C, 0xF6, 0x3F, 0x43, 0x3C, 0xF6, 0x14, 0x15, 0x0F, 0xF6, 0x42, 0x40, 0x39, 0xEE, 0x3A, 0x3C, 0x41, 0xCE,
    0x20, 0x22, 0x25, 0xB2, 0x00, 0x00, 0x00, 0x01, 0x00, 0x00, 0x00, 0x00, 0x00, 0x00, 0x00, 0x00, 0x00, 0x00, 0x00, 0x00, 0x00, 0x00, 0x00, 0x00,
    0x00, 0x00, 0x00, 0x00, 0x00, 0x00, 0x00, 0x00, 0x00, 0x00, 0x00, 0x00, 0x00, 0x00, 0x00, 0x00, 0x00, 0x00, 0x00, 0x00, 0x00, 0x00, 0x00, 0x00,
    0x00, 0x00, 0x00, 0x00, 0x00, 0x00, 0x00, 0x00, 0x00, 0x00, 0x00, 0x00, 0x00, 0x00, 0x00, 0x00, 0x00, 0x00, 0x00, 0x00, 0x00, 0x00, 0x00, 0x00,
    0x00, 0x00, 0x00, 0x00, 0x00, 0x00, 0x00, 0x00, 0x7F, 0x7F, 0x7F, 0x02, 0x00, 0x00, 0x00, 0x00, 0x32, 0x36, 0x36, 0x88, 0x4F, 0x56, 0x57, 0xFE,
    0x32, 0x39, 0x3E, 0xF3, 0x2E, 0x36, 0x3F, 0xF6, 0x2A, 0x30, 0x39, 0xF6, 0x27, 0x2D, 0x32, 0xF6, 0x1D, 0x22, 0x26, 0xF6, 0x27, 0x2B, 0x2C, 0xF6,
    0x5F, 0x63, 0x66, 0xF2, 0x3E, 0x41, 0x44, 0xFF, 0x34, 0x37, 0x39, 0x92, 0x00, 0x00, 0x00, 0x00, 0x55, 0x55, 0x55, 0x03, 0x00, 0x00, 0x00, 0x00,
    0x55, 0x55, 0x55, 0x03, 0x00, 0x00, 0x00, 0x00, 0x59, 0x59, 0x5B, 0x72, 0x84, 0x86, 0x87, 0xFF, 0x69, 0x6D, 0x6B, 0xF2, 0x3D, 0x40, 0x3C, 0xF6,
    0x51, 0x56, 0x4F, 0xF6, 0x4B, 0x50, 0x48, 0xF6, 0x51, 0x56, 0x4F, 0xF6, 0x33, 0x3A, 0x35, 0xF6, 0x23, 0x2A, 0x2B, 0xF1, 0x22, 0x28, 0x2F, 0xFF,
    0x1D, 0x22, 0x27, 0xA3, 0x00, 0x00, 0x00, 0x00, 0x00, 0x55, 0x55, 0x03, 0x00, 0x00, 0x00, 0x00, 0x00, 0x00, 0x00, 0x00, 0x00, 0x00, 0x00, 0x00,
    0x00, 0x00, 0x00, 0x00, 0x00, 0x00, 0x00, 0x00, 0x00, 0x00, 0x00, 0x00, 0x00, 0x00, 0x00, 0x00, 0x00, 0x00, 0x00, 0x00, 0x00, 0x00, 0x00, 0x00,
    0x00, 0x00, 0x00, 0x00, 0x00, 0x00, 0x00, 0x00, 0x00, 0x00, 0x00, 0x00, 0x00, 0x00, 0x00, 0x00, 0x00, 0x00, 0x00, 0x00, 0x00, 0x00, 0x00, 0x00,
    0x00, 0x00, 0x00, 0x00, 0x00, 0x00, 0x00, 0x01, 0x00, 0x00, 0x00, 0x01, 0x2E, 0x2E, 0x2E, 0x0B, 0x4B, 0x50, 0x52, 0xCD, 0x2C, 0x33, 0x3A, 0xFD,
    0x2A, 0x34, 0x3D, 0xF4, 0x2E, 0x37, 0x40, 0xF6, 0x26, 0x2B, 0x32, 0xF6, 0x20, 0x26, 0x2B, 0xF6, 0x1E, 0x24, 0x2B, 0xF6, 0x19, 0x1E, 0x23, 0xF6,
    0x18, 0x1C, 0x1F, 0xF4, 0x2F, 0x31, 0x36, 0xFE, 0x2E, 0x31, 0x31, 0xB4, 0x7F, 0x7F, 0x00, 0x02, 0x7F, 0x7F, 0x7F, 0x02, 0x7F, 0x7F, 0x7F, 0x02,
    0x00, 0x00, 0x00, 0x00, 0x51, 0x5C, 0x51, 0x16, 0x6F, 0x6D, 0x73, 0xE1, 0x69, 0x66, 0x6B, 0xFA, 0x75, 0x78, 0x74, 0xF4, 0x55, 0x58, 0x52, 0xF6,
    0x36, 0x37, 0x34, 0xF6, 0x47, 0x49, 0x47, 0xF6, 0x28, 0x2A, 0x2E, 0xF6, 0x22, 0x28, 0x2D, 0xF6, 0x25, 0x2D, 0x31, 0xF3, 0x29, 0x2F, 0x34, 0xFC,
    0x21, 0x2A, 0x2D, 0x54, 0x00, 0x00, 0x00, 0x00, 0x00, 0x55, 0x55, 0x03, 0x00, 0x00, 0x00, 0x00, 0x00, 0x00, 0x00, 0x00, 0x00, 0x00, 0x00, 0x00,
    0x00, 0x00, 0x00, 0x00, 0x00, 0x00, 0x00, 0x00, 0x00, 0x00, 0x00, 0x00, 0x00, 0x00, 0x00, 0x00, 0x00, 0x00, 0x00, 0x00, 0x00, 0x00, 0x00, 0x00,
    0x00, 0x00, 0x00, 0x00, 0x00, 0x00, 0x00, 0x00, 0x00, 0x00, 0x00, 0x00, 0x00, 0x00, 0x00, 0x00, 0x00, 0x00, 0x00, 0x00, 0x00, 0x00, 0x00, 0x00,
    0x00, 0x00, 0x00, 0x00, 0x55, 0x55, 0x55, 0x03, 0x00, 0x00, 0x00, 0x00, 0x46, 0x46, 0x46, 0x3A, 0x49, 0x4C, 0x50, 0xFE, 0x2C, 0x34, 0x39, 0xF5,
    0x35, 0x3A, 0x42, 0xF6, 0x2B, 0x2F, 0x37, 0xF6, 0x26, 0x2C, 0x33, 0xF6, 0x26, 0x2B, 0x32, 0xF6, 0x1F, 0x23, 0x2A, 0xF6, 0x1B, 0x1F, 0x27, 0xF6,
    0x1B, 0x21, 0x27, 0xF6, 0x18, 0x1E, 0x22, 0xF5, 0x2B, 0x30, 0x36, 0xFB, 0x41, 0x44, 0x4D, 0x52, 0x00, 0x00, 0x00, 0x00, 0x33, 0x33, 0x33, 0x05,
    0xFF, 0xFF, 0xFF, 0x01, 0x59, 0x5C, 0x5C, 0xA5, 0x46, 0x46, 0x48, 0xFF, 0x0E, 0x1C, 0x18, 0xF3, 0x31, 0x3B, 0x34, 0xF6, 0x69, 0x67, 0x65, 0xF6,
    0x1F, 0x1F, 0x1D, 0xF6, 0x41, 0x45, 0x43, 0xF6, 0x29, 0x2E, 0x31, 0xF6, 0x26, 0x2D, 0x34, 0xF5, 0x36, 0x3C, 0x44, 0xF7, 0x33, 0x37, 0x3D, 0xF2,
    0x1A, 0x20, 0x20, 0x27, 0x00, 0x00, 0x00, 0x00, 0x00, 0x00, 0x00, 0x02, 0x00, 0x00, 0x00, 0x00, 0x00, 0x00, 0x00, 0x00, 0x00, 0x00, 0x00, 0x00,
    0x00, 0x00, 0x00, 0x00, 0x00, 0x00, 0x00, 0x00, 0x00, 0x00, 0x00, 0x00, 0x00, 0x00, 0x00, 0x00, 0x00, 0x00, 0x00, 0x00, 0x00, 0x00, 0x00, 0x00,
    0x00, 0x00, 0x00, 0x00, 0x00, 0x00, 0x00, 0x00, 0x00, 0x00, 0x00, 0x00, 0x00, 0x00, 0x00, 0x00, 0x00, 0x00, 0x00, 0x00, 0x00, 0x00, 0x00, 0x00,
    0x00, 0x00, 0x00, 0x00, 0x55, 0x55, 0x55, 0x03, 0x00, 0x00, 0x00, 0x00, 0x53, 0x53, 0x53, 0x6B, 0x4C, 0x4F, 0x52, 0xFF, 0x2C, 0x31, 0x38, 0xF3,
    0x2C, 0x46, 0x4C, 0xF6, 0x21, 0x37, 0x3C, 0xF6, 0x1A, 0x1D, 0x23, 0xF6, 0x1B, 0x21, 0x28, 0xF6, 0x1B, 0x2C, 0x31, 0xF6, 0x1D, 0x27, 0x2C, 0xF6,
    0x18, 0x1E, 0x23, 0xF6, 0x19, 0x1E, 0x20, 0xF2, 0x33, 0x38, 0x3F, 0xFF, 0x3C, 0x3F, 0x48, 0x90, 0x00, 0x00, 0x00, 0x00, 0x00, 0x00, 0x00, 0x00,
    0x1B, 0x1B, 0x1B, 0x25, 0x4F, 0x51, 0x52, 0xF2, 0x21, 0x22, 0x21, 0xF7, 0x45, 0x4A, 0x46, 0xF5, 0x4F, 0x51, 0x4E, 0xF6, 0x2A, 0x2A, 0x27, 0xF6,
    0x10, 0x11, 0x0E, 0xF6, 0x43, 0x46, 0x43, 0xF6, 0x28, 0x2E, 0x2F, 0xF6, 0x20, 0x27, 0x2A, 0xF5, 0x26, 0x2F, 0x36, 0xF8, 0x21, 0x30, 0x37, 0xED,
    0x0C, 0x13, 0x19, 0x28, 0x00, 0x00, 0x00, 0x00, 0x00, 0x00, 0x00, 0x02, 0x00, 0x00, 0x00, 0x00, 0x00, 0x00, 0x00, 0x00, 0x00, 0x00, 0x00, 0x00,
    0x00, 0x00, 0x00, 0x00, 0x00, 0x00, 0x00, 0x00, 0x00, 0x00, 0x00, 0x00, 0x00, 0x00, 0x00, 0x00, 0x00, 0x00, 0x00, 0x00, 0x00, 0x00, 0x00, 0x00,
    0x00, 0x00, 0x00, 0x00, 0x00, 0x00, 0x00, 0x00, 0x00, 0x00, 0x00, 0x00, 0x00, 0x00, 0x00, 0x00, 0x00, 0x00, 0x00, 0x00, 0x00, 0x00, 0x00, 0x00,
    0x00, 0x00, 0x00, 0x00, 0x55, 0x55, 0x55, 0x03, 0x00, 0x00, 0x00, 0x00, 0x5A, 0x5A, 0x5B, 0xA4, 0x3D, 0x40, 0x45, 0xFF, 0x20, 0x22, 0x2B, 0xF2,
    0x1E, 0x34, 0x40, 0xF6, 0x20, 0x35, 0x3C, 0xF6, 0x16, 0x19, 0x1B, 0xF6, 0x0F, 0x15, 0x18, 0xF6, 0x1F, 0x37, 0x3F, 0xF6, 0x1E, 0x30, 0x34, 0xF6,
    0x14, 0x19, 0x1D, 0xF6, 0x1B, 0x21, 0x21, 0xF2, 0x30, 0x33, 0x37, 0xFE, 0x33, 0x35, 0x3C, 0x8A, 0x00, 0x00, 0x00, 0x00, 0x00, 0x00, 0x00, 0x00,
    0x75, 0x75, 0x75, 0x50, 0x51, 0x51, 0x53, 0xFD, 0x0F, 0x11, 0x10, 0xF3, 0x19, 0x1D, 0x18, 0xF6, 0x1F, 0x20, 0x1E, 0xF6, 0x10, 0x10, 0x0F, 0xF6,
    0x0C, 0x0C, 0x0C, 0xF6, 0x49, 0x4C, 0x49, 0xF6, 0x2D, 0x34, 0x35, 0xF6, 0x28, 0x34, 0x36, 0xF5, 0x41, 0x57, 0x5C, 0xFA, 0x25, 0x36, 0x3F, 0xE5,
    0x1B, 0x12, 0x1B, 0x1C, 0x00, 0x00, 0x00, 0x00, 0x00, 0x00, 0x00, 0x01, 0x00, 0x00, 0x00, 0x00, 0x00, 0x00, 0x00, 0x00, 0x00, 0x00, 0x00, 0x00,
    0x00, 0x00, 0x00, 0x00, 0x00, 0x00, 0x00, 0x00, 0x00, 0x00, 0x00, 0x00, 0x00, 0x00, 0x00, 0x00, 0x00, 0x00, 0x00, 0x00, 0x00, 0x00, 0x00, 0x00,
    0x00, 0x00, 0x00, 0x00, 0x00, 0x00, 0x00, 0x00, 0x00, 0x00, 0x00, 0x00, 0x00, 0x00, 0x00, 0x00, 0x00, 0x00, 0x00, 0x00, 0x00, 0x00, 0x00, 0x00,
    0x00, 0x00, 0x00, 0x01, 0x00, 0x00, 0x00, 0x00, 0x00, 0x00, 0x00, 0x0D, 0x2D, 0x2C, 0x30, 0xCE, 0x2A, 0x2E, 0x35, 0xFB, 0x29, 0x2D, 0x33, 0xF5,
    0x23, 0x2A, 0x32, 0xF6, 0x1F, 0x35, 0x3D, 0xF6, 0x21, 0x39, 0x3E, 0xF6, 0x18, 0x25, 0x2D, 0xF6, 0x14, 0x17, 0x21, 0xF6, 0x0F, 0x13, 0x1A, 0xF6,
    0x14, 0x19, 0x1E, 0xF6, 0x17, 0x1C, 0x1C, 0xF3, 0x21, 0x23, 0x23, 0xFF, 0x1B, 0x1E, 0x20, 0x65, 0x00, 0x00, 0x00, 0x00, 0x1C, 0x1C, 0x1C, 0x09,
    0x5E, 0x5D, 0x61, 0xC2, 0x43, 0x44, 0x46, 0xFE, 0x12, 0x13, 0x13, 0xF4, 0x0D, 0x0E, 0x0C, 0xF6, 0x0F, 0x10, 0x0E, 0xF6, 0x15, 0x15, 0x14, 0xF6,
    0x0E, 0x0F, 0x0D, 0xF6, 0x32, 0x35, 0x32, 0xF6, 0x59, 0x60, 0x61, 0xF6, 0x29, 0x31, 0x34, 0xF6, 0x26, 0x36, 0x3E, 0xF4, 0x2E, 0x40, 0x4B, 0xFD,
    0x1E, 0x30, 0x38, 0x44, 0x00, 0x00, 0x00, 0x01, 0x00, 0x55, 0x55, 0x03, 0x00, 0x00, 0x00, 0x00, 0x00, 0x00, 0x00, 0x00, 0x00, 0x00, 0x00, 0x00,
    0x00, 0x00, 0x00, 0x00, 0x00, 0x00, 0x00, 0x00, 0x00, 0x00, 0x00, 0x00, 0x00, 0x00, 0x00, 0x00, 0x00, 0x00, 0x00, 0x00, 0x00, 0x00, 0x00, 0x00,
    0x00, 0x00, 0x00, 0x00, 0x00, 0x00, 0x00, 0x00, 0x00, 0x00, 0x00, 0x00, 0x00, 0x00, 0x00, 0x00, 0x00, 0x00, 0x00, 0x00, 0x00, 0x00, 0x00, 0x00,
    0x00, 0x00, 0x00, 0x00, 0x7F, 0x7F, 0x7F, 0x02, 0x00, 0x00, 0x00, 0x0D, 0x19, 0x19, 0x1D, 0x95, 0x3B, 0x3D, 0x45, 0xFB, 0x2A, 0x38, 0x3A, 0xF4,
    0x2B, 0x55, 0x56, 0xF6, 0x29, 0x57, 0x5C, 0xF6, 0x21, 0x3E, 0x46, 0xF6, 0x22, 0x43, 0x4D, 0xF6, 0x1D, 0x46, 0x4F, 0xF6, 0x17, 0x1F, 0x25, 0xF6,
    0x14, 0x16, 0x1D, 0xF5, 0x12, 0x15, 0x17, 0xFD, 0x13, 0x16, 0x13, 0xD9, 0x1C, 0x1C, 0x1C, 0x09, 0x00, 0x00, 0x00, 0x00, 0x15, 0x15, 0x15, 0x2F,
    0x3A, 0x39, 0x3C, 0xF7, 0x35, 0x34, 0x36, 0xF6, 0x14, 0x14, 0x14, 0xF5, 0x12, 0x12, 0x11, 0xF6, 0x2E, 0x2E, 0x2B, 0xF6, 0x1E, 0x1E, 0x19, 0xF6,
    0x17, 0x18, 0x14, 0xF6, 0x2D, 0x30, 0x2E, 0xF6, 0x57, 0x5D, 0x5E, 0xF6, 0x2F, 0x36, 0x3B, 0xF6, 0x33, 0x42, 0x47, 0xF4, 0x2F, 0x48, 0x4F, 0xFF,
    0x1A, 0x33, 0x3A, 0x86, 0x00, 0x00, 0x00, 0x00, 0x3F, 0x7F, 0x7F, 0x04, 0x00, 0x00, 0x00, 0x00, 0x00, 0x00, 0x00, 0x00, 0x00, 0x00, 0x00, 0x00,
    0x00, 0x00, 0x00, 0x00, 0x00, 0x00, 0x00, 0x00, 0x00, 0x00, 0x00, 0x00, 0x00, 0x00, 0x00, 0x00, 0x00, 0x00, 0x00, 0x00, 0x00, 0x00, 0x00, 0x00,
    0x00, 0x00, 0x00, 0x00, 0x00, 0x00, 0x00, 0x00, 0x00, 0x00, 0x00, 0x00, 0x00, 0x00, 0x00, 0x00, 0x00, 0x00, 0x00, 0x00, 0x00, 0x00, 0x00, 0x00,
    0x00, 0x00, 0x00, 0x00, 0x7F, 0x7F, 0x7F, 0x02, 0x00, 0x00, 0x00, 0x00, 0x61, 0x61, 0x66, 0xA7, 0x37, 0x3A, 0x41, 0xFF, 0x19, 0x21, 0x26, 0xF3,
    0x1E, 0x29, 0x30, 0xF6, 0x22, 0x2A, 0x31, 0xF6, 0x21, 0x28, 0x2F, 0xF6, 0x14, 0x21, 0x29, 0xF6, 0x14, 0x27, 0x2D, 0xF6, 0x17, 0x1E, 0x22, 0xF6,
    0x1D, 0x1F, 0x23, 0xF3, 0x1B, 0x1C, 0x1E, 0xFF, 0x0E, 0x0E, 0x10, 0x79, 0x00, 0x00, 0x00, 0x00, 0x00, 0x00, 0x00, 0x00, 0x07, 0x07, 0x07, 0x43,
    0x1B, 0x1B, 0x1D, 0xEC, 0x19, 0x19, 0x1A, 0xF8, 0x10, 0x11, 0x11, 0xF5, 0x12, 0x12, 0x11, 0xF5, 0x37, 0x37, 0x34, 0xF6, 0x18, 0x19, 0x14, 0xF6,
    0x1E, 0x1F, 0x19, 0xF6, 0x18, 0x19, 0x17, 0xF6, 0x56, 0x58, 0x5A, 0xF6, 0x4A, 0x52, 0x57, 0xF6, 0x29, 0x34, 0x39, 0xF4, 0x2E, 0x45, 0x4D, 0xFD,
    0x1D, 0x41, 0x46, 0xD3, 0x00, 0x19, 0x19, 0x0A, 0x00, 0x00, 0x00, 0x00, 0xFF, 0xFF, 0x00, 0x01, 0x00, 0x00, 0x00, 0x00, 0x00, 0x00, 0x00, 0x00,
    0x00, 0x00, 0x00, 0x00, 0x00, 0x00, 0x00, 0x00, 0x00, 0x00, 0x00, 0x00, 0x00, 0x00, 0x00, 0x00, 0x00, 0x00, 0x00, 0x00, 0x00, 0x00, 0x00, 0x00,
    0x00, 0x00, 0x00, 0x00, 0x00, 0x00, 0x00, 0x00, 0x00, 0x00, 0x00, 0x00, 0x00, 0x00, 0x00, 0x00, 0x00, 0x00, 0x00, 0x00, 0x00, 0x00, 0x00, 0x00,
    0x00, 0x00, 0x00, 0x02, 0x00, 0x00, 0x00, 0x00, 0x38, 0x38, 0x38, 0x1B, 0x40, 0x3E, 0x42, 0xE7, 0x23, 0x27, 0x2D, 0xFA, 0x2A, 0x31, 0x38, 0xF5,
    0x25, 0x33, 0x3D, 0xF6, 0x27, 0x3F, 0x44, 0xF6, 0x22, 0x34, 0x3A, 0xF6, 0x1E, 0x26, 0x2A, 0xF6, 0x14, 0x18, 0x1F, 0xF6, 0x13, 0x16, 0x1D, 0xF6,
    0x19, 0x1B, 0x1F, 0xF3, 0x17, 0x19, 0x1B, 0xFE, 0x0F, 0x12, 0x12, 0x63, 0x00, 0x00, 0x00, 0x01, 0x00, 0x00, 0x00, 0x03, 0x00, 0x00, 0x00, 0x14,
    0x00, 0x00, 0x01, 0x90, 0x09, 0x09, 0x0B, 0xE7, 0x0E, 0x0E, 0x0E, 0xF8, 0x10, 0x10, 0x10, 0xF7, 0x28, 0x29, 0x27, 0xF6, 0x13, 0x14, 0x11, 0xF6,
    0x19, 0x19, 0x16, 0xF6, 0x19, 0x1A, 0x17, 0xF6, 0x41, 0x44, 0x41, 0xF6, 0x50, 0x57, 0x5B, 0xF6, 0x2D, 0x39, 0x41, 0xF6, 0x1F, 0x3B, 0x3F, 0xF8,
    0x51, 0x63, 0x67, 0xEA, 0x91, 0x94, 0x92, 0xC6, 0x91, 0x91, 0x91, 0x23, 0x00, 0x00, 0x00, 0x00, 0x7F, 0xFF, 0x7F, 0x02, 0x00, 0x00, 0x00, 0x00,
    0x00, 0x00, 0x00, 0x00, 0x00, 0x00, 0x00, 0x00, 0x00, 0x00, 0x00, 0x00, 0x00, 0x00, 0x00, 0x00, 0x00, 0x00, 0x00, 0x00, 0x00, 0x00, 0x00, 0x00,
    0x00, 0x00, 0x00, 0x00, 0x00, 0x00, 0x00, 0x00, 0x00, 0x00, 0x00, 0x00, 0x00, 0x00, 0x00, 0x00, 0x00, 0x00, 0x00, 0x00, 0x00, 0x00, 0x00, 0x00,
    0x00, 0x00, 0x00, 0x02, 0x00, 0x00, 0x00, 0x00, 0x0A, 0x0A, 0x0A, 0x32, 0x37, 0x39, 0x3A, 0xF1, 0x33, 0x37, 0x3C, 0xF7, 0x22, 0x3B, 0x40, 0xF5,
    0x28, 0x57, 0x5F, 0xF6, 0x2C, 0x53, 0x5B, 0xF6, 0x1E, 0x32, 0x3C, 0xF6, 0x20, 0x44, 0x4E, 0xF6, 0x1B, 0x42, 0x4B, 0xF6, 0x1D, 0x1F, 0x28, 0xF6,
    0x18, 0x19, 0x1E, 0xF3, 0x12, 0x14, 0x15, 0xFF, 0x14, 0x14, 0x11, 0x64, 0x00, 0x00, 0x00, 0x00, 0x00, 0x00, 0x00, 0x05, 0x00, 0x00, 0x00, 0x00,
    0x00, 0x00, 0x00, 0x10, 0x00, 0x00, 0x00, 0x7A, 0x08, 0x08, 0x08, 0xD6, 0x0A, 0x0A, 0x0A, 0xF4, 0x0B, 0x0B, 0x09, 0xF4, 0x10, 0x10, 0x0F, 0xF7,
    0x15, 0x15, 0x13, 0xF6, 0x1B, 0x1B, 0x18, 0xF6, 0x20, 0x22, 0x1E, 0xF6, 0x31, 0x34, 0x34, 0xF6, 0x36, 0x3C, 0x3F, 0xF6, 0x77, 0x7A, 0x79, 0xF6,
    0xA6, 0xAB, 0xA6, 0xF6, 0x96, 0x9A, 0x96, 0xFF, 0x96, 0x96, 0x94, 0xBF, 0x75, 0x75, 0x75, 0x0D, 0xFF, 0xFF, 0xFF, 0x01, 0xFF, 0xFF, 0xFF, 0x01,
    0x00, 0x00, 0x00, 0x00, 0x00, 0x00, 0x00, 0x00, 0x00, 0x00, 0x00, 0x00, 0x00, 0x00, 0x00, 0x00, 0x00, 0x00, 0x00, 0x00, 0x00, 0x00, 0x00, 0x00,
    0x00, 0x00, 0x00, 0x00, 0x00, 0x00, 0x00, 0x00, 0x00, 0x00, 0x00, 0x00, 0x00, 0x00, 0x00, 0x00, 0x00, 0x00, 0x00, 0x00, 0x00, 0x00, 0x00, 0x00,
    0xAA, 0xAA, 0xAA, 0x03, 0x00, 0x00, 0x00, 0x00, 0x77, 0x77, 0x74, 0x53, 0x57, 0x58, 0x59, 0xFD, 0x2A, 0x2F, 0x35, 0xF4, 0x20, 0x2D, 0x35, 0xF6,
    0x19, 0x32, 0x3F, 0xF6, 0x22, 0x3D, 0x46, 0xF6, 0x20, 0x31, 0x3F, 0xF6, 0x16, 0x1E, 0x2C, 0xF6, 0x11, 0x16, 0x1E, 0xF6, 0x1F, 0x20, 0x27, 0xF5,
    0x1E, 0x1F, 0x23, 0xF8, 0x14, 0x16, 0x17, 0xEE, 0x16, 0x16, 0x16, 0x22, 0x00, 0x00, 0x00, 0x00, 0x00, 0x00, 0x00, 0x02, 0x00, 0x00, 0x00, 0x01,
    0x00, 0x00, 0x00, 0x00, 0x00, 0x00, 0x00, 0x00, 0x00, 0x00, 0x00, 0x48, 0x00, 0x00, 0x00, 0x75, 0x05, 0x05, 0x04, 0xB8, 0x0E, 0x0F, 0x0C, 0xF7,
    0x11, 0x12, 0x0E, 0xF7, 0x1B, 0x1B, 0x17, 0xF5, 0x14, 0x14, 0x15, 0xF6, 0x4E, 0x4F, 0x4C, 0xF6, 0x9A, 0x9C, 0x96, 0xF6, 0xAC, 0xAF, 0xA5, 0xF6,
    0xA3, 0xA6, 0x9B, 0xF6, 0xA5, 0xA6, 0x9E, 0xF2, 0x9D, 0x9E, 0x97, 0xFE, 0x94, 0x96, 0x90, 0xA1, 0x7F, 0x7F, 0x7F, 0x02, 0xAA, 0xAA, 0xAA, 0x03,
    0x00, 0x00, 0x00, 0x01, 0x00, 0x00, 0x00, 0x00, 0x00, 0x00, 0x00, 0x00, 0x00, 0x00, 0x00, 0x00, 0x00, 0x00, 0x00, 0x00, 0x00, 0x00, 0x00, 0x00,
    0x00, 0x00, 0x00, 0x00, 0x00, 0x00, 0x00, 0x00, 0x00, 0x00, 0x00, 0x00, 0x00, 0x00, 0x00, 0x00, 0x00, 0x00, 0x00, 0x00, 0x00, 0x00, 0x00, 0x00,
    0xBF, 0xBF, 0xBF, 0x04, 0x00, 0x00, 0x00, 0x07, 0x38, 0x3B, 0x3D, 0xCB, 0x21, 0x25, 0x2B, 0xFE, 0x1D, 0x37, 0x3C, 0xF4, 0x33, 0x60, 0x66, 0xF6,
    0x45, 0x69, 0x72, 0xF6, 0x28, 0x40, 0x45, 0xF6, 0x1D, 0x36, 0x3E, 0xF6, 0x24, 0x5B, 0x63, 0xF6, 0x1B, 0x3C, 0x40, 0xF6, 0x13, 0x15, 0x1D, 0xF4,
    0x18, 0x1A, 0x1D, 0xFE, 0x13, 0x16, 0x14, 0xD0, 0x00, 0x00, 0x00, 0x03, 0x00, 0x00, 0x00, 0x00, 0x00, 0x00, 0x00, 0x01, 0x00, 0x00, 0x00, 0x00,
    0x00, 0x00, 0x00, 0x01, 0x00, 0x00, 0x00, 0x00, 0x00, 0x00, 0x00, 0x00, 0x00, 0x00, 0x00, 0x00, 0x00, 0x00, 0x00, 0x3E, 0x0A, 0x0A, 0x0A, 0xCB,
    0x11, 0x11, 0x10, 0xF7, 0x0F, 0x0F, 0x0E, 0xF6, 0x37, 0x3A, 0x3B, 0xF6, 0x8B, 0x8F, 0x8B, 0xF6, 0xA0, 0xA1, 0x9B, 0xF6, 0xA5, 0xA6, 0x9C, 0xF6,
    0xA2, 0xA4, 0x98, 0xF6, 0xA7, 0xAA, 0xA0, 0xF6, 0xA1, 0xA1, 0x9B, 0xF3, 0x9A, 0x9C, 0x95, 0xFE, 0x91, 0x93, 0x8D, 0x85, 0x00, 0x00, 0x00, 0x00,
    0xAA, 0xAA, 0xAA, 0x03, 0x00, 0x00, 0x00, 0x00, 0x00, 0x00, 0x00, 0x00, 0x00, 0x00, 0x00, 0x00, 0x00, 0x00, 0x00, 0x00, 0x00, 0x00, 0x00, 0x00,
    0x00, 0x00, 0x00, 0x00, 0x00, 0x00, 0x00, 0x00, 0x00, 0x00, 0x00, 0x00, 0x00, 0x00, 0x00, 0x00, 0x00, 0x00, 0x00, 0x00, 0x55, 0x55, 0x55, 0x03,
    0x00, 0x00, 0x00, 0x00, 0x11, 0x11, 0x0D, 0x4A, 0x4D, 0x4E, 0x4A, 0xFF, 0x6D, 0x6F, 0x6D, 0xF4, 0x7F, 0x86, 0x83, 0xF6, 0x8A, 0x96, 0x92, 0xF6,
    0x92, 0x99, 0x99, 0xF6, 0x69, 0x6C, 0x70, 0xF6, 0x35, 0x3B, 0x3C, 0xF6, 0x15, 0x1E, 0x21, 0xF6, 0x13, 0x1E, 0x1F, 0xF6, 0x18, 0x1A, 0x1F, 0xF3,
    0x13, 0x15, 0x17, 0xFF, 0x11, 0x14, 0x11, 0xAB, 0x00, 0x00, 0x00, 0x01, 0x00, 0x00, 0x00, 0x02, 0x00, 0x00, 0x00, 0x00, 0x00, 0x00, 0x00, 0x00,
    0x00, 0x00, 0x00, 0x00, 0x00, 0x00, 0x00, 0x00, 0x00, 0x00, 0x00, 0x02, 0x00, 0x00, 0x00, 0x03, 0x00, 0x00, 0x00, 0x00, 0x00, 0x00, 0x00, 0x53,
    0x0A, 0x0A, 0x09, 0xD7, 0x14, 0x15, 0x13, 0xF8, 0x66, 0x6A, 0x69, 0xF5, 0x64, 0x69, 0x67, 0xF6, 0x63, 0x64, 0x61, 0xF6, 0x9D, 0x9E, 0x96, 0xF6,
    0xAF, 0xB0, 0xA6, 0xF6, 0xA4, 0xA5, 0x9D, 0xF6, 0x9D, 0x9D, 0x97, 0xF6, 0x96, 0x97, 0x91, 0xF4, 0x92, 0x94, 0x8F, 0xFA, 0x88, 0x8A, 0x88, 0x65,
    0x00, 0x00, 0x00, 0x00, 0x7F, 0x7F, 0x7F, 0x04, 0x00, 0x00, 0x00, 0x00, 0x00, 0x00, 0x00, 0x00, 0x00, 0x00, 0x00, 0x00, 0x00, 0x00, 0x00, 0x00,
    0x00, 0x00, 0x00, 0x00, 0x00, 0x00, 0x00, 0x00, 0x00, 0x00, 0x00, 0x00, 0x00, 0x00, 0x00, 0x00, 0x7F, 0x7F, 0x7F, 0x02, 0x00, 0x00, 0x00, 0x00,
    0xA1, 0xA1, 0x94, 0x62, 0xA0, 0x9E, 0x92, 0xDF, 0xB5, 0xB4, 0xA5, 0xF7, 0xB1, 0xAD, 0xA1, 0xF5, 0xA4, 0xA3, 0x9C, 0xF6, 0x9F, 0x9C, 0x99, 0xF6,
    0x96, 0x96, 0x95, 0xF6, 0x6D, 0x6F, 0x73, 0xF6, 0x62, 0x68, 0x69, 0xF6, 0x4E, 0x52, 0x57, 0xF6, 0x31, 0x32, 0x36, 0xF6, 0x1C, 0x1F, 0x23, 0xF2,
    0x14, 0x16, 0x19, 0xFF, 0x11, 0x13, 0x11, 0x74, 0x00, 0x00, 0x00, 0x00, 0x00, 0x00, 0x00, 0x04, 0x00, 0x00, 0x00, 0x00, 0x00, 0x00, 0x00, 0x00,
    0x00, 0x00, 0x00, 0x00, 0x00, 0x00, 0x00, 0x00, 0x00, 0x00, 0x00, 0x00, 0x00, 0x00, 0x00, 0x01, 0x00, 0x00, 0x00, 0x02, 0x00, 0x00, 0x00, 0x00,
    0x00, 0x00, 0x00, 0x67, 0x23, 0x23, 0x23, 0xDF, 0x61, 0x64, 0x63, 0xF8, 0x5F, 0x63, 0x61, 0xF4, 0x5F, 0x61, 0x5D, 0xF6, 0x6F, 0x70, 0x6A, 0xF6,
    0x9A, 0x9B, 0x92, 0xF6, 0xB1, 0xB0, 0xA8, 0xF6, 0xAB, 0xAA, 0xA3, 0xF6, 0x97, 0x99, 0x91, 0xF5, 0x8A, 0x8D, 0x86, 0xF5, 0x83, 0x86, 0x81, 0xF3,
    0x88, 0x88, 0x84, 0x4B, 0x00, 0x00, 0x00, 0x00, 0xAA, 0xAA, 0xAA, 0x03, 0x00, 0x00, 0x00, 0x00, 0x00, 0x00, 0x00, 0x00, 0x00, 0x00, 0x00, 0x00,
    0x00, 0x00, 0x00, 0x00, 0x00, 0x00, 0x00, 0x00, 0x00, 0x00, 0x00, 0x00, 0x7F, 0x7F, 0x7F, 0x02, 0x00, 0x00, 0x00, 0x00, 0x3B, 0x3B, 0x33, 0x1E,
    0x92, 0x92, 0x87, 0xF3, 0xAA, 0xA7, 0x9D, 0xFF, 0xAD, 0xAC, 0x9E, 0xF4, 0xA6, 0xA7, 0x9B, 0xF6, 0x9B, 0x9B, 0x96, 0xF6, 0xA0, 0xA1, 0x9E, 0xF6,
    0x82, 0x86, 0x86, 0xF6, 0x63, 0x6A, 0x6C, 0xF6, 0x59, 0x5E, 0x63, 0xF6, 0x49, 0x4F, 0x56, 0xF6, 0x43, 0x49, 0x4D, 0xF6, 0x39, 0x3E, 0x41, 0xF4,
    0x2B, 0x2F, 0x34, 0xFC, 0x1C, 0x1E, 0x21, 0xAD, 0x13, 0x13, 0x13, 0x0D, 0x00, 0x00, 0x00, 0x02, 0x00, 0x00, 0x00, 0x01, 0x00, 0x00, 0x00, 0x00,
    0x00, 0x00, 0x00, 0x00, 0x00, 0x00, 0x00, 0x00, 0x00, 0x00, 0x00, 0x00, 0x00, 0x00, 0x00, 0x00, 0x00, 0x00, 0x00, 0x01, 0x00, 0x00, 0x00, 0x02,
    0x00, 0x00, 0x00, 0x02, 0x08, 0x08, 0x08, 0x91, 0x3A, 0x3B, 0x3B, 0xF8, 0x66, 0x69, 0x68, 0xF7, 0x59, 0x5C, 0x58, 0xF5, 0x6D, 0x6F, 0x69, 0xF6,
    0x7C, 0x7E, 0x77, 0xF6, 0x8C, 0x8F, 0x86, 0xF6, 0xAF, 0xB1, 0xA7, 0xF6, 0xAA, 0xAC, 0xA3, 0xF6, 0x96, 0x97, 0x91, 0xF5, 0x77, 0x78, 0x74, 0xF8,
    0x71, 0x72, 0x6D, 0xE6, 0x77, 0x77, 0x71, 0x2D, 0x00, 0x00, 0x00, 0x00, 0x00, 0x00, 0x00, 0x00, 0x00, 0x00, 0x00, 0x00, 0x00, 0x00, 0x00, 0x00,
    0x00, 0x00, 0x00, 0x00, 0x00, 0x00, 0x00, 0x00, 0x00, 0x00, 0x00, 0x00, 0x7F, 0x7F, 0x7F, 0x04, 0x00, 0x00, 0x00, 0x00, 0x5A, 0x57, 0x52, 0x5A,
    0x9C, 0x9C, 0x91, 0xFF, 0xAE, 0xAC, 0xA1, 0xF1, 0xB1, 0xAF, 0xA3, 0xF6, 0xAA, 0xA8, 0x9E, 0xF6, 0xA1, 0x9F, 0x9A, 0xF6, 0xA1, 0xA2, 0x9F, 0xF6,
    0x79, 0x7D, 0x7E, 0xF6, 0x67, 0x6F, 0x73, 0xF6, 0x58, 0x5F, 0x64, 0xF6, 0x49, 0x4E, 0x53, 0xF6, 0x42, 0x47, 0x4B, 0xF6, 0x3B, 0x3E, 0x41, 0xF6,
    0x2F, 0x32, 0x34, 0xF4, 0x1C, 0x1E, 0x20, 0xFF, 0x1B, 0x1B, 0x1E, 0x42, 0x00, 0x00, 0x00, 0x00, 0x00, 0x00, 0x00, 0x03, 0x00, 0x00, 0x00, 0x00,
    0x00, 0x00, 0x00, 0x00, 0x00, 0x00, 0x00, 0x00, 0x00, 0x00, 0x00, 0x00, 0x00, 0x00, 0x00, 0x00, 0x00, 0x00, 0x00, 0x00, 0x00, 0x00, 0x00, 0x02,
    0x00, 0x00, 0x00, 0x00, 0x00, 0x00, 0x00, 0x2C, 0x03, 0x04, 0x03, 0xA8, 0x38, 0x38, 0x38, 0xE6, 0x5A, 0x5D, 0x5A, 0xF8, 0x69, 0x6C, 0x68, 0xF7,
    0x83, 0x87, 0x81, 0xF5, 0x6E, 0x75, 0x6C, 0xF6, 0x79, 0x7C, 0x75, 0xF6, 0xA8, 0xAC, 0xA3, 0xF6, 0xA1, 0xA3, 0x9B, 0xF6, 0x8A, 0x8A, 0x85, 0xF4,
    0x75, 0x76, 0x71, 0xFC, 0x65, 0x65, 0x61, 0xCC, 0x3F, 0x3F, 0x3F, 0x20, 0x00, 0x00, 0x00, 0x00, 0x00, 0x00, 0x00, 0x00, 0x00, 0x00, 0x00, 0x00,
    0x00, 0x00, 0x00, 0x00, 0x00, 0x00, 0x00, 0x00, 0x00, 0x00, 0x00, 0x00, 0xFF, 0xFF, 0xAA, 0x03, 0x00, 0x00, 0x00, 0x00, 0x70, 0x6F, 0x68, 0x95,
    0xAB, 0xAB, 0x9F, 0xFF, 0xAF, 0xAC, 0xA2, 0xF2, 0xB2, 0xB0, 0xA4, 0xF6, 0xAA, 0xA8, 0x9F, 0xF6, 0xA7, 0xA5, 0xA1, 0xF6, 0x9B, 0x9D, 0x9B, 0xF6,
    0x75, 0x7A, 0x7B, 0xF6, 0x62, 0x69, 0x6D, 0xF6, 0x4E, 0x55, 0x5A, 0xF6, 0x4B, 0x51, 0x56, 0xF6, 0x3D, 0x42, 0x45, 0xF6, 0x2A, 0x2C, 0x2C, 0xF6,
    0x21, 0x23, 0x23, 0xF3, 0x1E, 0x20, 0x1F, 0xFE, 0x18, 0x18, 0x15, 0x74, 0x00, 0x00, 0x00, 0x00, 0x00, 0x00, 0x00, 0x04, 0x00, 0x00, 0x00, 0x00,
    0x00, 0x00, 0x00, 0x00, 0x00, 0x00, 0x00, 0x00, 0x00, 0x00, 0x00, 0x00, 0x00, 0x00, 0x00, 0x00, 0x00, 0x00, 0x00, 0x00, 0x00, 0x00, 0x00, 0x00,
    0x00, 0x00, 0x00, 0x01, 0x00, 0x00, 0x00, 0x00, 0x00, 0x00, 0x00, 0x14, 0x00, 0x00, 0x00, 0x7A, 0x21, 0x24, 0x21, 0xD3, 0x54, 0x58, 0x55, 0xF5,
    0x6C, 0x71, 0x6E, 0xF8, 0x72, 0x76, 0x72, 0xF5, 0x5A, 0x5F, 0x5B, 0xF6, 0x6E, 0x73, 0x6C, 0xF6, 0x9F, 0xA2, 0x99, 0xF6, 0x7F, 0x80, 0x7A, 0xF6,
    0x4F, 0x50, 0x4B, 0xF3, 0x2D, 0x2D, 0x29, 0xF9, 0x27, 0x27, 0x23, 0x47, 0x00, 0x00, 0x00, 0x00, 0x00, 0x00, 0x00, 0x00, 0x00, 0x00, 0x00, 0x00,
    0x00, 0x00, 0x00, 0x00, 0x00, 0x00, 0x00, 0x00, 0x00, 0x00, 0x00, 0x00, 0xFF, 0xFF, 0xFF, 0x01, 0x00, 0x00, 0x00, 0x04, 0x83, 0x82, 0x7B, 0xCB,
    0xAD, 0xAD, 0xA0, 0xFE, 0xB0, 0xAE, 0xA0, 0xF4, 0xB2, 0xB1, 0xA3, 0xF6, 0xAC, 0xAB, 0xA2, 0xF6, 0xAC, 0xAA, 0xA6, 0xF6, 0x8F, 0x92, 0x90, 0xF6,
    0x6F, 0x77, 0x78, 0xF6, 0x5E, 0x63, 0x67, 0xF6, 0x4C, 0x52, 0x58, 0xF6, 0x4E, 0x55, 0x58, 0xF6, 0x32, 0x37, 0x3B, 0xF6, 0x26, 0x28, 0x29, 0xF6,
    0x2C, 0x2E, 0x30, 0xF3, 0x1E, 0x20, 0x21, 0xFF, 0x16, 0x16, 0x14, 0xAC, 0x00, 0x00, 0x00, 0x00, 0x00, 0x00, 0x00, 0x02, 0x00, 0x00, 0x00, 0x00,
    0x00, 0x00, 0x00, 0x00, 0x00, 0x00, 0x00, 0x00, 0x00, 0x00, 0x00, 0x00, 0x00, 0x00, 0x00, 0x00, 0x00, 0x00, 0x00, 0x00, 0x00, 0x00, 0x00, 0x00,
    0x00, 0x00, 0x00, 0x00, 0x00, 0x00, 0x00, 0x02, 0x00, 0x00, 0x00, 0x00, 0x00, 0x00, 0x00, 0x00, 0x00, 0x00, 0x00, 0x4B, 0x0F, 0x10, 0x10, 0xB5,
    0x49, 0x4C, 0x4A, 0xEC, 0x72, 0x75, 0x71, 0xF9, 0x69, 0x6E, 0x6A, 0xF6, 0x70, 0x75, 0x71, 0xF4, 0x6B, 0x6E, 0x6B, 0xF4, 0x21, 0x20, 0x1E, 0xF3,
    0x1E, 0x1B, 0x1B, 0xFF, 0x20, 0x1E, 0x1E, 0xDD, 0x2A, 0x2A, 0x15, 0x0C, 0x00, 0x00, 0x00, 0x00, 0x00, 0x00, 0x00, 0x00, 0x00, 0x00, 0x00, 0x00,
    0x00, 0x00, 0x00, 0x00, 0x00, 0x00, 0x00, 0x00, 0x00, 0x00, 0x00, 0x00, 0x00, 0x00, 0x00, 0x00, 0x15, 0x15, 0x15, 0x24, 0x8D, 0x8A, 0x82, 0xF2,
    0xAC, 0xAA, 0x9D, 0xF7, 0xAF, 0xAC, 0x9F, 0xF5, 0xB5, 0xB3, 0xA6, 0xF6, 0xB1, 0xB0, 0xA7, 0xF6, 0xAA, 0xAA, 0xA5, 0xF6, 0x84, 0x88, 0x87, 0xF6,
    0x70, 0x78, 0x7A, 0xF6, 0x5E, 0x64, 0x69, 0xF6, 0x4A, 0x50, 0x55, 0xF6, 0x47, 0x4D, 0x4F, 0xF6, 0x3E, 0x43, 0x46, 0xF6, 0x41, 0x42, 0x44, 0xF6,
    0x38, 0x38, 0x3B, 0xF5, 0x1A, 0x1A, 0x1B, 0xFD, 0x18, 0x18, 0x16, 0xD8, 0x13, 0x13, 0x13, 0x0D, 0x00, 0x00, 0x00, 0x00, 0x00, 0x00, 0x00, 0x01,
    0x00, 0x00, 0x00, 0x00, 0x00, 0x00, 0x00, 0x00, 0x00, 0x00, 0x00, 0x00, 0x00, 0x00, 0x00, 0x00, 0x00, 0x00, 0x00, 0x00, 0x00, 0x00, 0x00, 0x00,
    0x00, 0x00, 0x00, 0x00, 0x00, 0x00, 0x00, 0x00, 0x00, 0x00, 0x00, 0x01, 0x00, 0x00, 0x00, 0x01, 0x00, 0x00, 0x00, 0x00, 0x00, 0x00, 0x00, 0x22,
    0x00, 0x00, 0x00, 0x8C, 0x2C, 0x2E, 0x2C, 0xDC, 0x60, 0x63, 0x60, 0xF6, 0x73, 0x78, 0x74, 0xFB, 0x2C, 0x31, 0x2D, 0xFE, 0x1C, 0x1B, 0x1A, 0xF8,
    0x20, 0x1E, 0x1C, 0xF4, 0x1E, 0x1B, 0x19, 0x77, 0x00, 0x00, 0x00, 0x00, 0x00, 0x00, 0x00, 0x00, 0x00, 0x00, 0x00, 0x00, 0x00, 0x00, 0x00, 0x00,
    0x00, 0x00, 0x00, 0x00, 0x00, 0x00, 0x00, 0x00, 0x00, 0x00, 0x00, 0x00, 0x00, 0x00, 0x00, 0x00, 0x55, 0x52, 0x4F, 0x57, 0xA0, 0x9C, 0x96, 0xFF,
    0xAA, 0xA7, 0x9B, 0xF3, 0xB1, 0xAD, 0xA0, 0xF6, 0xB2, 0xB0, 0xA5, 0xF6, 0xAE, 0xAD, 0xA7, 0xF6, 0xA1, 0xA1, 0x9F, 0xF6, 0x7F, 0x83, 0x83, 0xF6,
    0x6D, 0x73, 0x76, 0xF6, 0x5D, 0x62, 0x66, 0xF6, 0x4D, 0x52, 0x57, 0xF6, 0x4E, 0x53, 0x56, 0xF6, 0x57, 0x5C, 0x5F, 0xF6, 0x4F, 0x50, 0x52, 0xF6,
    0x36, 0x36, 0x38, 0xF3, 0x17, 0x18, 0x17, 0xFE, 0x1A, 0x1A, 0x19, 0xC0, 0x00, 0x00, 0x00, 0x03, 0x00, 0x00, 0x00, 0x01, 0x00, 0x00, 0x00, 0x00,
    0x00, 0x00, 0x00, 0x00, 0x00, 0x00, 0x00, 0x00, 0x00, 0x00, 0x00, 0x00, 0x00, 0x00, 0x00, 0x00, 0x00, 0x00, 0x00, 0x00, 0x00, 0x00, 0x00, 0x00,
    0x00, 0x00, 0x00, 0x00, 0x00, 0x00, 0x00, 0x00, 0x00, 0x00, 0x00, 0x00, 0x00, 0x00, 0x00, 0x00, 0x00, 0x00, 0x00, 0x03, 0x00, 0x00, 0x00, 0x00,
    0x2A, 0x2A, 0x2A, 0x06, 0x00, 0x00, 0x00, 0x5D, 0x16, 0x17, 0x16, 0xC3, 0x27, 0x29, 0x27, 0xD6, 0x0A, 0x0D, 0x0A, 0xA8, 0x0B, 0x0B, 0x09, 0x71,
    0x00, 0x00, 0x00, 0x42, 0x00, 0x00, 0x00, 0x04, 0x00, 0x00, 0x00, 0x01, 0x00, 0x00, 0x00, 0x00, 0x00, 0x00, 0x00, 0x00, 0x00, 0x00, 0x00, 0x00,
    0x00, 0x00, 0x00, 0x00, 0x00, 0x00, 0x00, 0x00, 0x00, 0x00, 0x00, 0x00, 0x00, 0x00, 0x00, 0x00, 0x70, 0x6D, 0x69, 0x91, 0xAA, 0xA6, 0x9F, 0xFF,
    0xAB, 0xA8, 0x9E, 0xF2, 0xB2, 0xAD, 0xA2, 0xF6, 0xB1, 0xAD, 0xA4, 0xF6, 0xAD, 0xAD, 0xA7, 0xF6, 0x97, 0x98, 0x96, 0xF6, 0x7D, 0x80, 0x82, 0xF6,
    0x6B, 0x6E, 0x73, 0xF6, 0x52, 0x57, 0x5A, 0xF6, 0x51, 0x56, 0x59, 0xF6, 0x61, 0x64, 0x67, 0xF6, 0x5D, 0x60, 0x64, 0xF6, 0x5C, 0x5E, 0x61, 0xF6,
    0x2D, 0x30, 0x30, 0xF2, 0x15, 0x17, 0x16, 0xFF, 0x1C, 0x1C, 0x1C, 0x8F, 0x00, 0x00, 0x00, 0x00, 0x00, 0x00, 0x00, 0x04, 0x00, 0x00, 0x00, 0x00,
    0x00, 0x00, 0x00, 0x00, 0x00, 0x00, 0x00, 0x00, 0x00, 0x00, 0x00, 0x00, 0x00, 0x00, 0x00, 0x00, 0x00, 0x00, 0x00, 0x00, 0x00, 0x00, 0x00, 0x00,
    0x00, 0x00, 0x00, 0x00, 0x00, 0x00, 0x00, 0x00, 0x00, 0x00, 0x00, 0x00, 0x00, 0x00, 0x00, 0x00, 0x00, 0x00, 0x00, 0x00, 0x00, 0x00, 0x00, 0x02,
    0x00, 0x00, 0x00, 0x00, 0x00, 0x00, 0x00, 0x00, 0x00, 0x00, 0x00, 0x26, 0x00, 0x00, 0x00, 0x22, 0x00, 0x00, 0x00, 0x00, 0x00, 0x00, 0x00, 0x00,
    0x00, 0x00, 0x00, 0x00, 0x00, 0x00, 0x00, 0x00, 0x00, 0x00, 0x00, 0x00, 0x00, 0x00, 0x00, 0x00, 0x00, 0x00, 0x00, 0x00, 0x00, 0x00, 0x00, 0x00,
    0x00, 0x00, 0x00, 0x00, 0x00, 0x00, 0x00, 0x00, 0x00, 0x00, 0x00, 0x00, 0x00, 0x00, 0x00, 0x03, 0x77, 0x75, 0x6E, 0xC6, 0xA2, 0x9D, 0x96, 0xFF,
    0xA9, 0xA5, 0x9A, 0xF4, 0xAF, 0xAB, 0x9F, 0xF6, 0xAE, 0xAB, 0xA2, 0xF6, 0xA8, 0xA8, 0xA4, 0xF6, 0x8E, 0x90, 0x8E, 0xF6, 0x77, 0x7B, 0x7D, 0xF6,
    0x57, 0x5B, 0x5F, 0xF6, 0x49, 0x4E, 0x51, 0xF6, 0x59, 0x5D, 0x60, 0xF6, 0x63, 0x67, 0x6A, 0xF6, 0x64, 0x68, 0x6B, 0xF6, 0x63, 0x65, 0x68, 0xF6,
    0x22, 0x24, 0x24, 0xF3, 0x15, 0x18, 0x15, 0xFF, 0x1E, 0x1E, 0x1E, 0x53, 0x00, 0x00, 0x00, 0x00, 0x00, 0x00, 0x00, 0x03, 0x00, 0x00, 0x00, 0x00,
    0x00, 0x00, 0x00, 0x00, 0x00, 0x00, 0x00, 0x00, 0x00, 0x00, 0x00, 0x00, 0x00, 0x00, 0x00, 0x00, 0x00, 0x00, 0x00, 0x00, 0x00, 0x00, 0x00, 0x00,
    0x00, 0x00, 0x00, 0x00, 0x00, 0x00, 0x00, 0x00, 0x00, 0x00, 0x00, 0x00, 0x00, 0x00, 0x00, 0x00, 0x00, 0x00, 0x00, 0x00, 0x00, 0x00, 0x00, 0x00,
    0x00, 0x00, 0x00, 0x01, 0x00, 0x00, 0x00, 0x02, 0x00, 0x00, 0x00, 0x00, 0x00, 0x00, 0x00, 0x00, 0x00, 0x00, 0x00, 0x00, 0x00, 0x00, 0x00, 0x02,
    0x00, 0x00, 0x00, 0x02, 0x00, 0x00, 0x00, 0x01, 0x00, 0x00, 0x00, 0x00, 0x00, 0x00, 0x00, 0x00, 0x00, 0x00, 0x00, 0x00, 0x00, 0x00, 0x00, 0x00,
    0x00, 0x00, 0x00, 0x00, 0x00, 0x00, 0x00, 0x00, 0x00, 0x00, 0x00, 0x00, 0x12, 0x12, 0x12, 0x29, 0x74, 0x73, 0x6C, 0xEC, 0x86, 0x83, 0x78, 0xF9,
    0x97, 0x95, 0x8C, 0xF5, 0xA7, 0xA4, 0x9C, 0xF6, 0xA5, 0xA3, 0x9D, 0xF6, 0x9F, 0xA1, 0x9D, 0xF6, 0x81, 0x85, 0x84, 0xF6, 0x5F, 0x64, 0x65, 0xF6,
    0x58, 0x5A, 0x5C, 0xF6, 0x60, 0x63, 0x65, 0xF6, 0x67, 0x69, 0x6D, 0xF6, 0x69, 0x6A, 0x6E, 0xF6, 0x6E, 0x70, 0x74, 0xF6, 0x59, 0x5B, 0x5D, 0xF5,
    0x12, 0x14, 0x14, 0xF8, 0x17, 0x19, 0x18, 0xF2, 0x1E, 0x1E, 0x1E, 0x22, 0x00, 0x00, 0x00, 0x00, 0x00, 0x00, 0x00, 0x02, 0x00, 0x00, 0x00, 0x00,
    0x00, 0x00, 0x00, 0x00, 0x00, 0x00, 0x00, 0x00, 0x00, 0x00, 0x00, 0x00, 0x00, 0x00, 0x00, 0x00, 0x00, 0x00, 0x00, 0x00, 0x00, 0x00, 0x00, 0x00,
    0x00, 0x00, 0x00, 0x00, 0x00, 0x00, 0x00, 0x00, 0x00, 0x00, 0x00, 0x00, 0x00, 0x00, 0x00, 0x00, 0x00, 0x00, 0x00, 0x00, 0x00, 0x00, 0x00, 0x00,
    0x00, 0x00, 0x00, 0x00, 0x00, 0x00, 0x00, 0x00, 0x00, 0x00, 0x00, 0x02, 0x00, 0x00, 0x00, 0x02, 0x00, 0x00, 0x00, 0x00, 0x00, 0x00, 0x00, 0x00,
    0x00, 0x00, 0x00, 0x00, 0x00, 0x00, 0x00, 0x00, 0x00, 0x00, 0x00, 0x00, 0x00, 0x00, 0x00, 0x00, 0x00, 0x00, 0x00, 0x00, 0x00, 0x00, 0x00, 0x00,
    0x00, 0x00, 0x00, 0x00, 0x00, 0x00, 0x00, 0x00, 0x00, 0x00, 0x00, 0x00, 0x00, 0x00, 0x00, 0x36, 0x37, 0x35, 0x30, 0xD7, 0x77, 0x75, 0x6C, 0xFA,
    0x86, 0x85, 0x7D, 0xF5, 0x99, 0x98, 0x90, 0xF6, 0x9E, 0x9D, 0x98, 0xF6, 0x93, 0x96, 0x92, 0xF6, 0x62, 0x67, 0x66, 0xF6, 0x5B, 0x5F, 0x5F, 0xF6,
    0x66, 0x69, 0x69, 0xF6, 0x68, 0x6A, 0x6B, 0xF6, 0x75, 0x77, 0x78, 0xF6, 0x70, 0x73, 0x74, 0xF6, 0x7A, 0x7C, 0x7D, 0xF6, 0x48, 0x4A, 0x49, 0xF4,
    0x0D, 0x0F, 0x0E, 0xFE, 0x1B, 0x1C, 0x1C, 0xCE, 0x24, 0x24, 0x24, 0x07, 0x00, 0x00, 0x00, 0x01, 0x00, 0x00, 0x00, 0x01, 0x00, 0x00, 0x00, 0x00,
    0x00, 0x00, 0x00, 0x00, 0x00, 0x00, 0x00, 0x00, 0x00, 0x00, 0x00, 0x00, 0x00, 0x00, 0x00, 0x00, 0x00, 0x00, 0x00, 0x00, 0x00, 0x00, 0x00, 0x00,
    0x00, 0x00, 0x00, 0x00, 0x00, 0x00, 0x00, 0x00, 0x00, 0x00, 0x00, 0x00, 0x00, 0x00, 0x00, 0x00, 0x00, 0x00, 0x00, 0x00, 0x00, 0x00, 0x00, 0x00,
    0x00, 0x00, 0x00, 0x00, 0x00, 0x00, 0x00, 0x00, 0x00, 0x00, 0x00, 0x00, 0x00, 0x00, 0x00, 0x00, 0x00, 0x00, 0x00, 0x00, 0x00, 0x00, 0x00, 0x00,
    0x00, 0x00, 0x00, 0x00, 0x00, 0x00, 0x00, 0x00, 0x00, 0x00, 0x00, 0x00, 0x00, 0x00, 0x00, 0x00, 0x00, 0x00, 0x00, 0x00, 0x00, 0x00, 0x00, 0x00,
    0x00, 0x00, 0x00, 0x00, 0x00, 0x00, 0x00, 0x00, 0x00, 0x00, 0x00, 0x00, 0x55, 0x55, 0x55, 0x03, 0x00, 0x00, 0x00, 0x7A, 0x4D, 0x4B, 0x47, 0xF0,
    0x7B, 0x7A, 0x73, 0xF8, 0x89, 0x88, 0x81, 0xF5, 0x95, 0x94, 0x8E, 0xF6, 0x70, 0x73, 0x6F, 0xF6, 0x5A, 0x5C, 0x5B, 0xF6, 0x62, 0x65, 0x64, 0xF6,
    0x5A, 0x5D, 0x5C, 0xF6, 0x67, 0x68, 0x69, 0xF6, 0x69, 0x6B, 0x6A, 0xF6, 0x5A, 0x5C, 0x5B, 0xF6, 0x56, 0x58, 0x56, 0xF6, 0x24, 0x26, 0x25, 0xF2,
    0x12, 0x13, 0x13, 0xFF, 0x1E, 0x1C, 0x1C, 0x99, 0x00, 0x00, 0x00, 0x00, 0x00, 0x00, 0x00, 0x03, 0x00, 0x00, 0x00, 0x00, 0x00, 0x00, 0x00, 0x00,
    0x00, 0x00, 0x00, 0x00, 0x00, 0x00, 0x00, 0x00, 0x00, 0x00, 0x00, 0x00, 0x00, 0x00, 0x00, 0x00, 0x00, 0x00, 0x00, 0x00, 0x00, 0x00, 0x00, 0x00,
    0x00, 0x00, 0x00, 0x00, 0x00, 0x00, 0x00, 0x00, 0x00, 0x00, 0x00, 0x00, 0x00, 0x00, 0x00, 0x00, 0x00, 0x00, 0x00, 0x00, 0x00, 0x00, 0x00, 0x00,
    0x00, 0x00, 0x00, 0x00, 0x00, 0x00, 0x00, 0x00, 0x00, 0x00, 0x00, 0x00, 0x00, 0x00, 0x00, 0x00, 0x00, 0x00, 0x00, 0x00, 0x00, 0x00, 0x00, 0x00,
    0x00, 0x00, 0x00, 0x00, 0x00, 0x00, 0x00, 0x00, 0x00, 0x00, 0x00, 0x00, 0x00, 0x00, 0x00, 0x00, 0x00, 0x00, 0x00, 0x00, 0x00, 0x00, 0x00, 0x00,
    0x00, 0x00, 0x00, 0x00, 0x00, 0x00, 0x00, 0x00, 0x00, 0x00, 0x00, 0x00, 0x00, 0x00, 0x00, 0x00, 0x00, 0x00, 0x00, 0x15, 0x16, 0x16, 0x14, 0xB9,
    0x4E, 0x4E, 0x49, 0xF8, 0x6F, 0x70, 0x6B, 0xF5, 0x7C, 0x7C, 0x78, 0xF6, 0x5E, 0x5F, 0x5C, 0xF6, 0x53, 0x56, 0x55, 0xF6, 0x45, 0x48, 0x47, 0xF6,
    0x37, 0x3A, 0x39, 0xF6, 0x35, 0x37, 0x34, 0xF6, 0x29, 0x2B, 0x29, 0xF6, 0x20, 0x22, 0x1F, 0xF6, 0x16, 0x18, 0x16, 0xF6, 0x17, 0x19, 0x19, 0xF2,
    0x1B, 0x1C, 0x1C, 0xFF, 0x19, 0x19, 0x1B, 0x65, 0x00, 0x00, 0x00, 0x00, 0x00, 0x00, 0x00, 0x04, 0x00, 0x00, 0x00, 0x00, 0x00, 0x00, 0x00, 0x00,
    0x00, 0x00, 0x00, 0x00, 0x00, 0x00, 0x00, 0x00, 0x00, 0x00, 0x00, 0x00, 0x00, 0x00, 0x00, 0x00, 0x00, 0x00, 0x00, 0x00, 0x00, 0x00, 0x00, 0x00,
    0x00, 0x00, 0x00, 0x00, 0x00, 0x00, 0x00, 0x00, 0x00, 0x00, 0x00, 0x00, 0x00, 0x00, 0x00, 0x00, 0x00, 0x00, 0x00, 0x00, 0x00, 0x00, 0x00, 0x00,
    0x00, 0x00, 0x00, 0x00, 0x00, 0x00, 0x00, 0x00, 0x00, 0x00, 0x00, 0x00, 0x00, 0x00, 0x00, 0x00, 0x00, 0x00, 0x00, 0x00, 0x00, 0x00, 0x00, 0x00,
    0x00, 0x00, 0x00, 0x00, 0x00, 0x00, 0x00, 0x00, 0x00, 0x00, 0x00, 0x00, 0x00, 0x00, 0x00, 0x00, 0x00, 0x00, 0x00, 0x00, 0x00, 0x00, 0x00, 0x00,
    0x00, 0x00, 0x00, 0x00, 0x00, 0x00, 0x00, 0x00, 0x00, 0x00, 0x00, 0x00, 0x00, 0x00, 0x00, 0x02, 0x00, 0x00, 0x00, 0x00, 0x00, 0x00, 0x00, 0x48,
    0x28, 0x29, 0x25, 0xDE, 0x5E, 0x5F, 0x5B, 0xF9, 0x36, 0x36, 0x33, 0xF5, 0x19, 0x1A, 0x17, 0xF6, 0x16, 0x18, 0x15, 0xF6, 0x11, 0x13, 0x11, 0xF6,
    0x0D, 0x10, 0x0E, 0xF5, 0x0D, 0x10, 0x0D, 0xF5, 0x0F, 0x12, 0x0E, 0xF5, 0x12, 0x14, 0x10, 0xF4, 0x11, 0x14, 0x11, 0xF4, 0x1D, 0x1F, 0x1E, 0xF5,
    0x1F, 0x1E, 0x1E, 0xF9, 0x1C, 0x17, 0x17, 0x2C, 0x00, 0x00, 0x00, 0x00, 0x00, 0x00, 0x00, 0x02, 0x00, 0x00, 0x00, 0x00, 0x00, 0x00, 0x00, 0x00,
    0x00, 0x00, 0x00, 0x00, 0x00, 0x00, 0x00, 0x00, 0x00, 0x00, 0x00, 0x00, 0x00, 0x00, 0x00, 0x00, 0x00, 0x00, 0x00, 0x00, 0x00, 0x00, 0x00, 0x00,
    0x00, 0x00, 0x00, 0x00, 0x00, 0x00, 0x00, 0x00, 0x00, 0x00, 0x00, 0x00, 0x00, 0x00, 0x00, 0x00, 0x00, 0x00, 0x00, 0x00, 0x00, 0x00, 0x00, 0x00,
    0x00, 0x00, 0x00, 0x00, 0x00, 0x00, 0x00, 0x00, 0x00, 0x00, 0x00, 0x00, 0x00, 0x00, 0x00, 0x00, 0x00, 0x00, 0x00, 0x00, 0x00, 0x00, 0x00, 0x00,
    0x00, 0x00, 0x00, 0x00, 0x00, 0x00, 0x00, 0x00, 0x00, 0x00, 0x00, 0x00, 0x00, 0x00, 0x00, 0x00, 0x00, 0x00, 0x00, 0x00, 0x00, 0x00, 0x00, 0x00,
    0x00, 0x00, 0x00, 0x00, 0x00, 0x00, 0x00, 0x00, 0x00, 0x00, 0x00, 0x00, 0x00, 0x00, 0x00, 0x01, 0x00, 0x00, 0x00, 0x02, 0x7F, 0x7F, 0x7F, 0x02,
    0x05, 0x05, 0x03, 0x8B, 0x44, 0x44, 0x43, 0xF3, 0x2C, 0x2D, 0x2A, 0xF6, 0x0F, 0x10, 0x0D, 0xF4, 0x16, 0x16, 0x13, 0xF4, 0x14, 0x16, 0x13, 0xF5,
    0x14, 0x17, 0x14, 0xF6, 0x17, 0x18, 0x16, 0xF8, 0x16, 0x18, 0x15, 0xFB, 0x15, 0x17, 0x14, 0xFD, 0x15, 0x17, 0x15, 0xFB, 0x15, 0x17, 0x16, 0xFF,
    0x19, 0x18, 0x19, 0xC8, 0x1F, 0x1F, 0x1F, 0x08, 0x00, 0x00, 0x00, 0x00, 0x00, 0x00, 0x00, 0x00, 0x00, 0x00, 0x00, 0x00, 0x00, 0x00, 0x00, 0x00,
    0x00, 0x00, 0x00, 0x00, 0x00, 0x00, 0x00, 0x00, 0x00, 0x00, 0x00, 0x00, 0x00, 0x00, 0x00, 0x00, 0x00, 0x00, 0x00, 0x00, 0x00, 0x00, 0x00, 0x00,
    0x00, 0x00, 0x00, 0x00, 0x00, 0x00, 0x00, 0x00, 0x00, 0x00, 0x00, 0x00, 0x00, 0x00, 0x00, 0x00, 0x00, 0x00, 0x00, 0x00, 0x00, 0x00, 0x00, 0x00,
    0x00, 0x00, 0x00, 0x00, 0x00, 0x00, 0x00, 0x00, 0x00, 0x00, 0x00, 0x00, 0x00, 0x00, 0x00, 0x00, 0x00, 0x00, 0x00, 0x00, 0x00, 0x00, 0x00, 0x00,
    0x00, 0x00, 0x00, 0x00, 0x00, 0x00, 0x00, 0x00, 0x00, 0x00, 0x00, 0x00, 0x00, 0x00, 0x00, 0x00, 0x00, 0x00, 0x00, 0x00, 0x00, 0x00, 0x00, 0x00,
    0x00, 0x00, 0x00, 0x00, 0x00, 0x00, 0x00, 0x00, 0x00, 0x00, 0x00, 0x00, 0x00, 0x00, 0x00, 0x00, 0x00, 0x00, 0x00, 0x02, 0x00, 0x00, 0x00, 0x00,
    0x00, 0x00, 0x00, 0x20, 0x1C, 0x1C, 0x1C, 0xC4, 0x36, 0x36, 0x35, 0xFC, 0x11, 0x12, 0x0F, 0xFD, 0x14, 0x15, 0x12, 0xFE, 0x14, 0x14, 0x13, 0xFD,
    0x13, 0x13, 0x13, 0xF6, 0x11, 0x11, 0x11, 0xEA, 0x0E, 0x0E, 0x0E, 0xD6, 0x0C, 0x0C, 0x0C, 0xBB, 0x08, 0x08, 0x08, 0x99, 0x04, 0x04, 0x04, 0x7D,
    0x00, 0x00, 0x00, 0x2F, 0x00, 0x00, 0x00, 0x00, 0x00, 0x00, 0x00, 0x01, 0x00, 0x00, 0x00, 0x00, 0x00, 0x00, 0x00, 0x00, 0x00, 0x00, 0x00, 0x00,
    0x00, 0x00, 0x00, 0x00, 0x00, 0x00, 0x00, 0x00, 0x00, 0x00, 0x00, 0x00, 0x00, 0x00, 0x00, 0x00, 0x00, 0x00, 0x00, 0x00, 0x00, 0x00, 0x00, 0x00,
    0x00, 0x00, 0x00, 0x00, 0x00, 0x00, 0x00, 0x00, 0x00, 0x00, 0x00, 0x00, 0x00, 0x00, 0x00, 0x00, 0x00, 0x00, 0x00, 0x00, 0x00, 0x00, 0x00, 0x00,
    0x00, 0x00, 0x00, 0x00, 0x00, 0x00, 0x00, 0x00, 0x00, 0x00, 0x00, 0x00, 0x00, 0x00, 0x00, 0x00, 0x00, 0x00, 0x00, 0x00, 0x00, 0x00, 0x00, 0x00,
    0x00, 0x00, 0x00, 0x00, 0x00, 0x00, 0x00, 0x00, 0x00, 0x00, 0x00, 0x00, 0x00, 0x00, 0x00, 0x00, 0x00, 0x00, 0x00, 0x00, 0x00, 0x00, 0x00, 0x00,
    0x00, 0x00, 0x00, 0x00, 0x00, 0x00, 0x00, 0x00, 0x00, 0x00, 0x00, 0x00, 0x00, 0x00, 0x00, 0x00, 0x00, 0x00, 0x00, 0x00, 0x00, 0x00, 0x00, 0x02,
    0x00, 0x00, 0x00, 0x00, 0x00, 0x00, 0x00, 0x59, 0x13, 0x13, 0x12, 0xD4, 0x0A, 0x0A, 0x07, 0xC1, 0x06, 0x07, 0x06, 0xA1, 0x03, 0x03, 0x03, 0x81,
    0x02, 0x02, 0x02, 0x5D, 0x00, 0x00, 0x00, 0x3E, 0x00, 0x00, 0x00, 0x20, 0x00, 0x00, 0x00, 0x0C, 0x00, 0x00, 0x00, 0x00, 0x00, 0x00, 0x00, 0x00,
    0x00, 0x00, 0x00, 0x00, 0x00, 0x00, 0x00, 0x00, 0x00, 0x00, 0x00, 0x00, 0x00, 0x00, 0x00, 0x00, 0x00, 0x00, 0x00, 0x00, 0x00, 0x00, 0x00, 0x00,
    0x00, 0x00, 0x00, 0x00, 0x00, 0x00, 0x00, 0x00, 0x00, 0x00, 0x00, 0x00, 0x00, 0x00, 0x00, 0x00, 0x00, 0x00, 0x00, 0x00, 0x00, 0x00, 0x00, 0x00,
    0x00, 0x00, 0x00, 0x00, 0x00, 0x00, 0x00, 0x00, 0x00, 0x00, 0x00, 0x00, 0x00, 0x00, 0x00, 0x00, 0x00, 0x00, 0x00, 0x00, 0x00, 0x00, 0x00, 0x00,
    0x00, 0x00, 0x00, 0x00, 0x00, 0x00, 0x00, 0x00, 0x00, 0x00, 0x00, 0x00, 0x00, 0x00, 0x00, 0x00, 0x00, 0x00, 0x00, 0x00, 0x00, 0x00, 0x00, 0x00,
    0x00, 0x00, 0x00, 0x00, 0x00, 0x00, 0x00, 0x00, 0x00, 0x00, 0x00, 0x00, 0x00, 0x00, 0x00, 0x00, 0x00, 0x00, 0x00, 0x00, 0x00, 0x00, 0x00, 0x00,
    0x00, 0x00, 0x00, 0x00, 0x00, 0x00, 0x00, 0x00, 0x00, 0x00, 0x00, 0x00, 0x00, 0x00, 0x00, 0x00, 0x00, 0x00, 0x00, 0x00, 0x00, 0x00, 0x00, 0x00,
    0x00, 0x00, 0x00, 0x01, 0x00, 0x00, 0x00, 0x05, 0x00, 0x00, 0x00, 0x2C, 0x00, 0x00, 0x00, 0x14, 0x00, 0x00, 0x00, 0x00, 0x00, 0x00, 0x00, 0x00,
    0x00, 0x00, 0x00, 0x00, 0x00, 0x00, 0x00, 0x00, 0x00, 0x00, 0x00, 0x00, 0x00, 0x00, 0x00, 0x00, 0x00, 0x00, 0x00, 0x01, 0x00, 0x00, 0x00, 0x02,
    0x00, 0x00, 0x00, 0x02, 0x00, 0x00, 0x00, 0x00, 0x00, 0x00, 0x00, 0x00, 0x00, 0x00, 0x00, 0x00, 0x00, 0x00, 0x00, 0x00, 0x00, 0x00, 0x00, 0x00,
    0x00, 0x00, 0x00, 0x00, 0x00, 0x00, 0x00, 0x00, 0x00, 0x00, 0x00, 0x00, 0x00, 0x00, 0x00, 0x00, 0x00, 0x00, 0x00, 0x00, 0x00, 0x00, 0x00, 0x00,
    0x00, 0x00, 0x00, 0x00, 0x00, 0x00, 0x00, 0x00, 0x00, 0x00, 0x00, 0x00, 0x00, 0x00, 0x00, 0x00, 0x00, 0x00, 0x00, 0x00, 0x00, 0x00, 0x00, 0x00,
    0x00, 0x00, 0x00, 0x00, 0x00, 0x00, 0x00, 0x00, 0x00, 0x00, 0x00, 0x00, 0x00, 0x00, 0x00, 0x00, 0x00, 0x00, 0x00, 0x00, 0x00, 0x00, 0x00, 0x00,
    0x00, 0x00, 0x00, 0x00, 0x00, 0x00, 0x00, 0x00, 0x00, 0x00, 0x00, 0x00, 0x00, 0x00, 0x00, 0x00, 0x00, 0x00, 0x00, 0x00, 0x00, 0x00, 0x00, 0x00,
    0x00, 0x00, 0x00, 0x00, 0x00, 0x00, 0x00, 0x00, 0x00, 0x00, 0x00, 0x00, 0x00, 0x00, 0x00, 0x00, 0x00, 0x00, 0x00, 0x00, 0x00, 0x00, 0x00, 0x00,
    0x00, 0x00, 0x00, 0x00, 0x00, 0x00, 0x00, 0x00, 0x00, 0x00, 0x00, 0x00, 0x00, 0x00, 0x00, 0x00, 0x00, 0x00, 0x00, 0x00, 0x00, 0x00, 0x00, 0x00,
    0x00, 0x00, 0x00, 0x00, 0x00, 0x00, 0x00, 0x00, 0x00, 0x00, 0x00, 0x00, 0x00, 0x00, 0x00, 0x00, 0x00, 0x00, 0x00, 0x00, 0x00, 0x00, 0x00, 0x00,
    0x00, 0x00, 0x00, 0x00, 0x00, 0x00, 0x00, 0x00, 0x00, 0x00, 0x00, 0x00, 0x00, 0x00, 0x00, 0x00, 0x00, 0x00, 0x00, 0x00, 0x00, 0x00, 0x00, 0x00,
    0x00, 0x00, 0x00, 0x00, 0x00, 0x00, 0x00, 0x00, 0x00, 0x00, 0x00, 0x00, 0x00, 0x00, 0x00, 0x00, 0x00, 0x00, 0x00, 0x00, 0x00, 0x00, 0x00, 0x00,
    0x00, 0x00, 0x00, 0x00, 0x00, 0x00, 0x00, 0x00, 0x00, 0x00, 0x00, 0x00, 0x00, 0x00, 0x00, 0x00, 0x00, 0x00, 0x00, 0x00, 0x00, 0x00, 0x00, 0x00,
    0x00, 0x00, 0x00, 0x00, 0x00, 0x00, 0x00, 0x00, 0x00, 0x00, 0x00, 0x00, 0x00, 0x00, 0x00, 0x00, 0x00, 0x00, 0x00, 0x00, 0x00, 0x00, 0x00, 0x00,
    0x00, 0x00, 0x00, 0x00, 0x00, 0x00, 0x00, 0x00, 0x00, 0x00, 0x00, 0x00, 0x00, 0x00, 0x00, 0x00, 0x00, 0x00, 0x00, 0x00, 0x00, 0x00, 0x00, 0x00,
    0x00, 0x00, 0x00, 0x00, 0x00, 0x00, 0x00, 0x00, 0x00, 0x00, 0x00, 0x00, 0x00, 0x00, 0x00, 0x00, 0x00, 0x00, 0x00, 0x00, 0x00, 0x00, 0x00, 0x00,
    0x00, 0x00, 0x00, 0x00, 0x00, 0x00, 0x00, 0x00, 0x00, 0x00, 0x00, 0x00, 0x00, 0x00, 0x00, 0x00, 0x00, 0x00, 0x00, 0x00, 0x00, 0x00, 0x00, 0x00,
    0x00, 0x00, 0x00, 0x00, 0x00, 0x00, 0x00, 0x00, 0x00, 0x00, 0x00, 0x00, 0x00, 0x00, 0x00, 0x00, 0x00, 0x00, 0x00, 0x00, 0x00, 0x00, 0x00, 0x00,
    0x00, 0x00, 0x00, 0x00, 0x00, 0x00, 0x00, 0x00, 0x00, 0x00, 0x00, 0x00, 0x00, 0x00, 0x00, 0x00, 0x00, 0x00, 0x00, 0x00, 0x00, 0x00, 0x00, 0x00,
    0x00, 0x00, 0x00, 0x00, 0x00, 0x00, 0x00, 0x00, 0x00, 0x00, 0x00, 0x00, 0x00, 0x00, 0x00, 0x00, 0x00, 0x00, 0x00, 0x00, 0x00, 0x00, 0x00, 0x00,
    0x00, 0x00, 0x00, 0x00, 0x00, 0x00, 0x00, 0x00, 0x00, 0x00, 0x00, 0x00, 0x00, 0x00, 0x00, 0x00, 0x00, 0x00, 0x00, 0x00, 0x00, 0x00, 0x00, 0x00,
    0x00, 0x00, 0x00, 0x00, 0x00, 0x00, 0x00, 0x00, 0x00, 0x00, 0x00, 0x00, 0x00, 0x00, 0x00, 0x00, 0x00, 0x00, 0x00, 0x00, 0x00, 0x00, 0x00, 0x00,
    0x00, 0x00, 0x00, 0x00, 0x00, 0x00, 0x00, 0x00, 0x00, 0x00, 0x00, 0x00, 0x00, 0x00, 0x00, 0x00, 0x00, 0x00, 0x00, 0x00, 0x00, 0x00, 0x00, 0x00,
    0x00, 0x00, 0x00, 0x00, 0x00, 0x00, 0x00, 0x00, 0x00, 0x00, 0x00, 0x00, 0x00, 0x00, 0x00, 0x00, 0x00, 0x00, 0x00, 0x00, 0x00, 0x00, 0x00, 0x00,
    0x00, 0x00, 0x00, 0x00, 0x00, 0x00, 0x00, 0x00, 0x00, 0x00, 0x00, 0x00, 0x00, 0x00, 0x00, 0x00, 0x00, 0x00, 0x00, 0x00, 0x00, 0x00, 0x00, 0x00,
    0x00, 0x00, 0x00, 0x00, 0x00, 0x00, 0x00, 0x00, 0x00, 0x00, 0x00, 0x00, 0x00, 0x00, 0x00, 0x00, 0x00, 0x00, 0x00, 0x00, 0x00, 0x00, 0x00, 0x00,
    0x00, 0x00, 0x00, 0x00, 0x00, 0x00, 0x00, 0x00, 0x00, 0x00, 0x00, 0x00, 0x00, 0x00, 0x00, 0x00, 0x00, 0x00, 0x00, 0x00, 0x00, 0x00, 0x00, 0x00,
    0x00, 0x00, 0x00, 0x00, 0x00, 0x00, 0x00, 0x00, 0x00, 0x00, 0x00, 0x00, 0x00, 0x00, 0x00, 0x00, 0x00, 0x00, 0x00, 0x00, 0x00, 0x00, 0x00, 0x00,
    0x00, 0x00, 0x00, 0x00, 0x00, 0x00, 0x00, 0x00, 0x00, 0x00, 0x00, 0x00, 0x00, 0x00, 0x00, 0x00, 0x00, 0x00, 0x00, 0x00, 0x00, 0x00, 0x00, 0x00,
    0x00, 0x00, 0x00, 0x00, 0x00, 0x00, 0x00, 0x00, 0x00, 0x00, 0x00, 0x00, 0x00, 0x00, 0x00, 0x00, 0x00, 0x00, 0x00, 0x00, 0x00, 0x00, 0x00, 0x00,
    0x00, 0x00, 0x00, 0x00, 0x00, 0x00, 0x00, 0x00, 0x00, 0x00, 0x00, 0x00, 0x00, 0x00, 0x00, 0x00, 0x00, 0x00, 0x00, 0x00, 0x00, 0x00, 0x00, 0x00,
    0x00, 0x00, 0x00, 0x00, 0x00, 0x00, 0x00, 0x00, 0x00, 0x00, 0x00, 0x00, 0x00, 0x00, 0x00, 0x00, 0x00, 0x00, 0x00, 0x00, 0x00, 0x00, 0x00, 0x00,
    0x00, 0x00, 0x00, 0x00, 0x00, 0x00, 0x00, 0x00, 0x00, 0x00, 0x00, 0x00, 0x00, 0x00, 0x00, 0x00, 0x00, 0x00, 0x00, 0x00, 0x00, 0x00, 0x00, 0x00,
    0x00, 0x00, 0x00, 0x00, 0x00, 0x00, 0x00, 0x00, 0x00, 0x00, 0x00, 0x00, 0x00, 0x00, 0x00, 0x00, 0x00, 0x00, 0x00, 0x00, 0x00, 0x00, 0x00, 0x00,
    0x00, 0x00, 0x00, 0x00, 0x00, 0x00, 0x00, 0x00, 0x00, 0x00, 0x00, 0x00, 0x00, 0x00, 0x00, 0x00, 0x00, 0x00, 0x00, 0x00, 0x00, 0x00, 0x00, 0x00,
    0x00, 0x00, 0x00, 0x00, 0x00, 0x00, 0x00, 0x00, 0x00, 0x00, 0x00, 0x00, 0x00, 0x00, 0x00, 0x00, 0x00, 0x00, 0x00, 0x00, 0x00, 0x00, 0x00, 0x00,
    0x00, 0x00, 0x00, 0x00, 0x00, 0x00, 0x00, 0x00, 0x00, 0x00, 0x00, 0x00, 0x00, 0x00, 0x00, 0x00, 0x00, 0x00, 0x00, 0x00, 0x00, 0x00, 0x00, 0x00,
    0x00, 0x00, 0x00, 0x00, 0x00, 0x00, 0x00, 0x00, 0x00, 0x00, 0x00, 0x00, 0x00, 0x00, 0x00, 0x00, 0x00, 0x00, 0x00, 0x00, 0x00, 0x00, 0x00, 0x00,
    0x00, 0x00, 0x00, 0x00, 0x00, 0x00, 0x00, 0x00, 0x00, 0x00, 0x00, 0x00, 0x00, 0x00, 0x00, 0x00, 0x00, 0x00, 0x00, 0x00, 0x00, 0x00, 0x00, 0x00,
    0x00, 0x00, 0x00, 0x00, 0x00, 0x00, 0x00, 0x00, 0x00, 0x00, 0x00, 0x00, 0x00, 0x00, 0x00, 0x00, 0x00, 0x00, 0x00, 0x00, 0x00, 0x00, 0x00, 0x00,
    0x00, 0x00, 0x00, 0x00, 0x00, 0x00, 0x00, 0x00, 0x00, 0x00, 0x00, 0x00, 0x00, 0x00, 0x00, 0x00, 0x00, 0x00, 0x00, 0x00, 0x00, 0x00, 0x00, 0x00,
    0x00, 0x00, 0x00, 0x00, 0x00, 0x00, 0x00, 0x00, 0x00, 0x00, 0x00, 0x00, 0x00, 0x00, 0x00, 0x00, 0x00, 0x00, 0x00, 0x00, 0x00, 0x00, 0x00, 0x00,
    0x00, 0x00, 0x00, 0x00, 0x00, 0x00, 0x00, 0x00, 0x00, 0x00, 0x00, 0x00, 0x00, 0x00, 0x00, 0x00, 0x00, 0x00, 0x00, 0x00, 0x00, 0x00, 0x00, 0x00,
    0x00, 0x00, 0x00, 0x00, 0x00, 0x00, 0x00, 0x00, 0x00, 0x00, 0x00, 0x00, 0x00, 0x00, 0x00, 0x00, 0x00, 0x00, 0x00, 0x00, 0x00, 0x00, 0x00, 0x00,
    0x00, 0x00, 0x00, 0x00, 0x00, 0x00, 0x00, 0x00, 0x00, 0x00, 0x00, 0x00, 0x00, 0x00, 0x00, 0x00, 0x00, 0x00, 0x00, 0x00, 0x00, 0x00, 0x00, 0x00,
    0x00, 0x00, 0x00, 0x00, 0x00, 0x00, 0x00, 0x00, 0x00, 0x00, 0x00, 0x00, 0x00, 0x00, 0x00, 0x00, 0x00, 0x00, 0x00, 0x00, 0x00, 0x00, 0x00, 0x00,
    0x00, 0x00, 0x00, 0x00, 0x00, 0x00, 0x00, 0x00, 0x00, 0x00, 0x00, 0x00, 0x00, 0x00, 0x00, 0x00, 0x00, 0x00, 0x00, 0x00, 0x00, 0x00, 0x00, 0x00,
    0x00, 0x00, 0x00, 0x00, 0x00, 0x00, 0x00, 0x00, 0x00, 0x00, 0x00, 0x00, 0x00, 0x00, 0x00, 0x00, 0x00, 0x00, 0x00, 0x00, 0x00, 0x00, 0x00, 0x00,
    0x00, 0x00, 0x00, 0x00, 0x00, 0x00, 0x00, 0x00, 0x00, 0x00, 0x00, 0x00, 0x00, 0x00, 0x00, 0x00, 0x00, 0x00, 0x00, 0x00, 0x00, 0x00, 0x00, 0x00,
    0x00, 0x00, 0x00, 0x00, 0x00, 0x00, 0x00, 0x00, 0x00, 0x00, 0x00, 0x00, 0x00, 0x00, 0x00, 0x00, 0x00, 0x00, 0x00, 0x00, 0x00, 0x00, 0x00, 0x00,
    0x00, 0x00, 0x00, 0x00, 0x00, 0x00, 0x00, 0x00, 0x00, 0x00, 0x00, 0x00, 0x00, 0x00, 0x00, 0x00, 0x00, 0x00, 0x00, 0x00, 0x00, 0x00, 0x00, 0x00,
    0x00, 0x00, 0x00, 0x00, 0x00, 0x00, 0x00, 0x00, 0x00, 0x00, 0x00, 0x00, 0x00, 0x00, 0x00, 0x00, 0x00, 0x00, 0x00, 0x00, 0x00, 0x00, 0x00, 0x00,
    0x00, 0x00, 0x00, 0x00, 0x00, 0x00, 0x00, 0x00, 0x00, 0x00, 0x00, 0x00, 0x00, 0x00, 0x00, 0x00, 0x00, 0x00, 0x00, 0x00, 0x00, 0x00, 0x00, 0x00,
    0x00, 0x00, 0x00, 0x00, 0x00, 0x00, 0x00, 0x00, 0x00, 0x00, 0x00, 0x00, 0x00, 0x00, 0x00, 0x00, 0x00, 0x00, 0x00, 0x00, 0x00, 0x00, 0x00, 0x00,
    0x00, 0x00, 0x00, 0x00, 0x00, 0x00, 0x00, 0x00, 0x00, 0x00, 0x00, 0x00, 0x00, 0x00, 0x00, 0x00, 0x00, 0x00, 0x00, 0x00, 0x00, 0x00, 0x00, 0x00,
};
inline constexpr std::array<std::uint8_t, 9216> exo_chestpiece = {
    0x00, 0x00, 0x00, 0x00, 0x00, 0x00, 0x00, 0x00, 0x00, 0x00, 0x00, 0x00, 0x00, 0x00, 0x00, 0x00, 0x00, 0x00, 0x00, 0x00, 0x00, 0x00, 0x00, 0x00,
    0x00, 0x00, 0x00, 0x00, 0x00, 0x00, 0x00, 0x00, 0x00, 0x00, 0x00, 0x00, 0x00, 0x00, 0x00, 0x00, 0x00, 0x00, 0x00, 0x00, 0x00, 0x00, 0x00, 0x00,
    0x00, 0x00, 0x00, 0x00, 0x00, 0x00, 0x00, 0x00, 0x00, 0x00, 0x00, 0x00, 0x00, 0x00, 0x00, 0x00, 0x00, 0x00, 0x00, 0x00, 0x00, 0x00, 0x00, 0x00,
    0x00, 0x00, 0x00, 0x00, 0x00, 0x00, 0x00, 0x00, 0x00, 0x00, 0x00, 0x00, 0x00, 0x00, 0x00, 0x00, 0x00, 0x00, 0x00, 0x00, 0x00, 0x00, 0x00, 0x00,
    0x00, 0x00, 0x00, 0x00, 0x00, 0x00, 0x00, 0x00, 0x00, 0x00, 0x00, 0x00, 0x00, 0x00, 0x00, 0x00, 0x00, 0x00, 0x00, 0x00, 0x00, 0x00, 0x00, 0x00,
    0x00, 0x00, 0x00, 0x00, 0x00, 0x00, 0x00, 0x00, 0x00, 0x00, 0x00, 0x00, 0x00, 0x00, 0x00, 0x00, 0x00, 0x00, 0x00, 0x00, 0x00, 0x00, 0x00, 0x00,
    0x00, 0x00, 0x00, 0x00, 0x00, 0x00, 0x00, 0x00, 0x00, 0x00, 0x00, 0x00, 0x00, 0x00, 0x00, 0x00, 0x00, 0x00, 0x00, 0x00, 0x00, 0x00, 0x00, 0x00,
    0x00, 0x00, 0x00, 0x00, 0x00, 0x00, 0x00, 0x00, 0x00, 0x00, 0x00, 0x00, 0x00, 0x00, 0x00, 0x00, 0x00, 0x00, 0x00, 0x00, 0x00, 0x00, 0x00, 0x00,
    0x00, 0x00, 0x00, 0x00, 0x00, 0x00, 0x00, 0x00, 0x00, 0x00, 0x00, 0x00, 0x00, 0x00, 0x00, 0x00, 0x00, 0x00, 0x00, 0x00, 0x00, 0x00, 0x00, 0x00,
    0x00, 0x00, 0x00, 0x00, 0x00, 0x00, 0x00, 0x00, 0x00, 0x00, 0x00, 0x00, 0x00, 0x00, 0x00, 0x00, 0x00, 0x00, 0x00, 0x00, 0x00, 0x00, 0x00, 0x00,
    0x00, 0x00, 0x00, 0x00, 0x00, 0x00, 0x00, 0x00, 0x00, 0x00, 0x00, 0x00, 0x00, 0x00, 0x00, 0x00, 0x00, 0x00, 0x00, 0x00, 0x00, 0x00, 0x00, 0x00,
    0x00, 0x00, 0x00, 0x00, 0x00, 0x00, 0x00, 0x00, 0x00, 0x00, 0x00, 0x00, 0x00, 0x00, 0x00, 0x00, 0x00, 0x00, 0x00, 0x00, 0x00, 0x00, 0x00, 0x00,
    0x00, 0x00, 0x00, 0x00, 0x00, 0x00, 0x00, 0x00, 0x00, 0x00, 0x00, 0x00, 0x00, 0x00, 0x00, 0x00, 0x00, 0x00, 0x00, 0x00, 0x00, 0x00, 0x00, 0x00,
    0x00, 0x00, 0x00, 0x00, 0x00, 0x00, 0x00, 0x00, 0x00, 0x00, 0x00, 0x00, 0x00, 0x00, 0x00, 0x00, 0x00, 0x00, 0x00, 0x00, 0x00, 0x00, 0x00, 0x00,
    0x00, 0x00, 0x00, 0x00, 0x00, 0x00, 0x00, 0x00, 0x00, 0x00, 0x00, 0x00, 0x00, 0x00, 0x00, 0x00, 0x00, 0x00, 0x00, 0x00, 0x00, 0x00, 0x00, 0x00,
    0x00, 0x00, 0x00, 0x00, 0x00, 0x00, 0x00, 0x00, 0x00, 0x00, 0x00, 0x00, 0x00, 0x00, 0x00, 0x00, 0x00, 0x00, 0x00, 0x00, 0x00, 0x00, 0x00, 0x00,
    0x00, 0x00, 0x00, 0x00, 0x00, 0x00, 0x00, 0x00, 0x00, 0x00, 0x00, 0x00, 0x00, 0x00, 0x00, 0x00, 0x00, 0x00, 0x00, 0x00, 0x00, 0x00, 0x00, 0x00,
    0x00, 0x00, 0x00, 0x00, 0x00, 0x00, 0x00, 0x00, 0x00, 0x00, 0x00, 0x00, 0x00, 0x00, 0x00, 0x00, 0x00, 0x00, 0x00, 0x00, 0x00, 0x00, 0x00, 0x00,
    0x00, 0x00, 0x00, 0x00, 0x00, 0x00, 0x00, 0x00, 0x00, 0x00, 0x00, 0x00, 0x00, 0x00, 0x00, 0x00, 0x00, 0x00, 0x00, 0x00, 0x00, 0x00, 0x00, 0x00,
    0x00, 0x00, 0x00, 0x00, 0x00, 0x00, 0x00, 0x00, 0x00, 0x00, 0x00, 0x00, 0x00, 0x00, 0x00, 0x00, 0x00, 0x00, 0x00, 0x00, 0x00, 0x00, 0x00, 0x00,
    0x00, 0x00, 0x00, 0x00, 0x00, 0x00, 0x00, 0x00, 0x00, 0x00, 0x00, 0x00, 0x00, 0x00, 0x00, 0x00, 0x00, 0x00, 0x00, 0x00, 0x00, 0x00, 0x00, 0x00,
    0x00, 0x00, 0x00, 0x00, 0x00, 0x00, 0x00, 0x00, 0x00, 0x00, 0x00, 0x00, 0x00, 0x00, 0x00, 0x00, 0x00, 0x00, 0x00, 0x00, 0x00, 0x00, 0x00, 0x00,
    0x00, 0x00, 0x00, 0x00, 0x00, 0x00, 0x00, 0x00, 0x00, 0x00, 0x00, 0x00, 0x00, 0x00, 0x00, 0x00, 0x00, 0x00, 0x00, 0x00, 0x00, 0x00, 0x00, 0x00,
    0x00, 0x00, 0x00, 0x00, 0x00, 0x00, 0x00, 0x00, 0x00, 0x00, 0x00, 0x00, 0x00, 0x00, 0x00, 0x00, 0x00, 0x00, 0x00, 0x00, 0x00, 0x00, 0x00, 0x00,
    0x00, 0x00, 0x00, 0x00, 0x00, 0x00, 0x00, 0x00, 0x00, 0x00, 0x00, 0x00, 0x00, 0x00, 0x00, 0x00, 0x00, 0x00, 0x00, 0x00, 0x00, 0x00, 0x00, 0x00,
    0x00, 0x00, 0x00, 0x00, 0x00, 0x00, 0x00, 0x00, 0x00, 0x00, 0x00, 0x00, 0x00, 0x00, 0x00, 0x00, 0x00, 0x00, 0x00, 0x00, 0x00, 0x00, 0x00, 0x00,
    0x00, 0x00, 0x00, 0x00, 0x00, 0x00, 0x00, 0x00, 0x00, 0x00, 0x00, 0x00, 0x00, 0x00, 0x00, 0x00, 0x00, 0x00, 0x00, 0x00, 0x00, 0x00, 0x00, 0x00,
    0x00, 0x00, 0x00, 0x01, 0x66, 0x66, 0x66, 0x05, 0x00, 0x00, 0x00, 0x00, 0x31, 0x31, 0x2F, 0x61, 0x31, 0x30, 0x30, 0xC7, 0x29, 0x27, 0x27, 0xC0,
    0x28, 0x2A, 0x28, 0xA9, 0x22, 0x22, 0x22, 0x96, 0x0F, 0x0D, 0x0D, 0x88, 0x09, 0x09, 0x09, 0x6B, 0x0C, 0x0C, 0x0C, 0x4F, 0x36, 0x36, 0x36, 0x21,
    0x00, 0x00, 0x00, 0x00, 0x3F, 0x3F, 0x3F, 0x04, 0x00, 0x00, 0x00, 0x00, 0x00, 0x00, 0x00, 0x00, 0x00, 0x00, 0x00, 0x00, 0x00, 0x00, 0x00, 0x00,
    0x00, 0x00, 0x00, 0x00, 0x00, 0x00, 0x00, 0x00, 0x00, 0x00, 0x00, 0x00, 0x00, 0x00, 0x00, 0x00, 0x00, 0x00, 0x00, 0x00, 0x00, 0x00, 0x00, 0x00,
    0x00, 0x00, 0x00, 0x00, 0x00, 0x00, 0x00, 0x00, 0x00, 0x00, 0x00, 0x00, 0x00, 0x00, 0x00, 0x00, 0x00, 0x00, 0x00, 0x00, 0x00, 0x00, 0x00, 0x00,
    0x00, 0x00, 0x00, 0x00, 0x00, 0x00, 0x00, 0x00, 0x00, 0x00, 0x00, 0x00, 0x00, 0x00, 0x00, 0x00, 0x00, 0x00, 0x00, 0x00, 0x00, 0x00, 0x00, 0x00,
    0x00, 0x00, 0x00, 0x00, 0x00, 0x00, 0x00, 0x00, 0x00, 0x00, 0x00, 0x00, 0x00, 0x00, 0x00, 0x00, 0x00, 0x00, 0x00, 0x00, 0x00, 0x00, 0x00, 0x00,
    0x00, 0x00, 0x00, 0x00, 0x00, 0x00, 0x00, 0x00, 0x00, 0x00, 0x00, 0x00, 0x00, 0x00, 0x00, 0x00, 0x00, 0x00, 0x00, 0x00, 0x00, 0x00, 0x00, 0x00,
    0x00, 0x00, 0x00, 0x00, 0x00, 0x00, 0x00, 0x00, 0x8F, 0x8F, 0x8F, 0x10, 0x0A, 0x0A, 0x09, 0xD5, 0x1A, 0x19, 0x19, 0xFF, 0x18, 0x18, 0x17, 0xFF,
    0x11, 0x12, 0x11, 0xFF, 0x0D, 0x0D, 0x0D, 0xFF, 0x01, 0x01, 0x01, 0xFF, 0x00, 0x01, 0x01, 0xFF, 0x00, 0x00, 0x00, 0xFF, 0x11, 0x11, 0x0F, 0xE0,
    0x87, 0x87, 0x87, 0x11, 0x00, 0x00, 0x00, 0x00, 0x00, 0x00, 0x00, 0x02, 0xFF, 0xFF, 0xFF, 0x01, 0x00, 0x00, 0x00, 0x00, 0x00, 0x00, 0x00, 0x00,
    0x00, 0x00, 0x00, 0x00, 0x00, 0x00, 0x00, 0x00, 0x00, 0x00, 0x00, 0x00, 0x00, 0x00, 0x00, 0x00, 0x00, 0x00, 0x00, 0x00, 0x00, 0x00, 0x00, 0x00,
    0x00, 0x00, 0x00, 0x00, 0x00, 0x00, 0x00, 0x00, 0x00, 0x00, 0x00, 0x00, 0x00, 0x00, 0x00, 0x00, 0x00, 0x00, 0x00, 0x00, 0x00, 0x00, 0x00, 0x00,
    0x00, 0x00, 0x00, 0x00, 0x00, 0x00, 0x00, 0x00, 0x00, 0x00, 0x00, 0x00, 0x00, 0x00, 0x00, 0x00, 0x00, 0x00, 0x00, 0x00, 0x00, 0x00, 0x00, 0x00,
    0x00, 0x00, 0x00, 0x00, 0x00, 0x00, 0x00, 0x00, 0x00, 0x00, 0x00, 0x00, 0x00, 0x00, 0x00, 0x00, 0x00, 0x00, 0x00, 0x00, 0x00, 0x00, 0x00, 0x00,
    0x00, 0x00, 0x00, 0x00, 0x00, 0x00, 0x00, 0x00, 0x00, 0x00, 0x00, 0x00, 0x00, 0x00, 0x00, 0x00, 0x55, 0x55, 0x55, 0x03, 0x3F, 0x3F, 0x3F, 0x04,
    0xC6, 0xC6, 0xC6, 0x09, 0x7C, 0x7C, 0x7C, 0x8F, 0x54, 0x53, 0x54, 0xE6, 0x0D, 0x0E, 0x0D, 0xFD, 0x00, 0x00, 0x00, 0xFD, 0x09, 0x09, 0x09, 0xFD,
    0x0D, 0x0D, 0x0D, 0xFC, 0x0B, 0x0B, 0x0B, 0xFC, 0x08, 0x09, 0x08, 0xFD, 0x06, 0x07, 0x06, 0xFD, 0x06, 0x06, 0x06, 0xFC, 0x19, 0x18, 0x18, 0xFF,
    0x39, 0x39, 0x39, 0xC4, 0x71, 0x71, 0x71, 0x53, 0x00, 0x00, 0x00, 0x00, 0x00, 0x00, 0x00, 0x00, 0x00, 0x00, 0x00, 0x01, 0x00, 0x00, 0x00, 0x00,
    0x00, 0x00, 0x00, 0x00, 0x00, 0x00, 0x00, 0x00, 0x00, 0x00, 0x00, 0x00, 0x00, 0x00, 0x00, 0x00, 0x00, 0x00, 0x00, 0x00, 0x00, 0x00, 0x00, 0x00,
    0x00, 0x00, 0x00, 0x00, 0x00, 0x00, 0x00, 0x00, 0x00, 0x00, 0x00, 0x00, 0x00, 0x00, 0x00, 0x00, 0x00, 0x00, 0x00, 0x00, 0x00, 0x00, 0x00, 0x00,
    0x00, 0x00, 0x00, 0x00, 0x00, 0x00, 0x00, 0x00, 0x00, 0x00, 0x00, 0x00, 0x00, 0x00, 0x00, 0x00, 0x00, 0x00, 0x00, 0x00, 0x00, 0x00, 0x00, 0x00,
    0x00, 0x00, 0x00, 0x00, 0x00, 0x00, 0x00, 0x00, 0x00, 0x00, 0x00, 0x00, 0x00, 0x00, 0x00, 0x00, 0x00, 0x00, 0x00, 0x00, 0x00, 0x00, 0x00, 0x00,
    0x00, 0x00, 0x00, 0x00, 0xFF, 0xFF, 0xFF, 0x01, 0x7F, 0x7F, 0x7F, 0x02, 0x00, 0x00, 0x00, 0x02, 0x00, 0x00, 0x00, 0x00, 0x00, 0x00, 0x00, 0x00,
    0x69, 0x67, 0x69, 0x76, 0x61, 0x61, 0x61, 0xFF, 0x58, 0x57, 0x58, 0xFF, 0x54, 0x54, 0x54, 0xFF, 0x0C, 0x0C, 0x0C, 0xFF, 0x00, 0x00, 0x00, 0xFF,
    0x03, 0x03, 0x03, 0xFF, 0x08, 0x08, 0x08, 0xFF, 0x0F, 0x0F, 0x0F, 0xFF, 0x17, 0x18, 0x17, 0xFF, 0x1E, 0x1E, 0x1E, 0xFF, 0x33, 0x32, 0x32, 0xFD,
    0x2D, 0x2D, 0x2C, 0xFF, 0x22, 0x21, 0x21, 0xFF, 0x8A, 0x8A, 0x88, 0xC0, 0x7F, 0x88, 0x7F, 0x1E, 0xFF, 0xFF, 0xFF, 0x02, 0x55, 0x55, 0x55, 0x03,
    0x00, 0x00, 0x00, 0x00, 0x00, 0x00, 0x00, 0x00, 0x00, 0x00, 0x00, 0x00, 0x00, 0x00, 0x00, 0x00, 0x00, 0x00, 0x00, 0x00, 0x00, 0x00, 0x00, 0x00,
    0x00, 0x00, 0x00, 0x00, 0x00, 0x00, 0x00, 0x00, 0x00, 0x00, 0x00, 0x00, 0x00, 0x00, 0x00, 0x00, 0x00, 0x00, 0x00, 0x00, 0x00, 0x00, 0x00, 0x00,
    0x00, 0x00, 0x00, 0x00, 0x00, 0x00, 0x00, 0x00, 0x00, 0x00, 0x00, 0x00, 0x00, 0x00, 0x00, 0x00, 0x00, 0x00, 0x00, 0x00, 0x00, 0x00, 0x00, 0x00,
    0x00, 0x00, 0x00, 0x00, 0x00, 0x00, 0x00, 0x00, 0x00, 0x00, 0x00, 0x00, 0x00, 0x00, 0x00, 0x00, 0x00, 0x00, 0x00, 0x01, 0xAA, 0xAA, 0xAA, 0x03,
    0x00, 0x00, 0x00, 0x01, 0x00, 0x00, 0x00, 0x00, 0x00, 0x00, 0x00, 0x00, 0x00, 0x00, 0x00, 0x00, 0x7F, 0x7F, 0x7F, 0x2A, 0x5B, 0x5E, 0x5B, 0x7A,
    0x39, 0x38, 0x39, 0xEF, 0x32, 0x32, 0x32, 0xFB, 0x5A, 0x5B, 0x5A, 0xFC, 0x67, 0x67, 0x67, 0xFF, 0x3F, 0x40, 0x3F, 0xFF, 0x02, 0x02, 0x02, 0xFF,
    0x00, 0x00, 0x00, 0xFF, 0x03, 0x03, 0x03, 0xFF, 0x00, 0x00, 0x00, 0xFF, 0x02, 0x02, 0x02, 0xFF, 0x11, 0x11, 0x11, 0xFF, 0x2C, 0x2C, 0x2C, 0xFF,
    0x3C, 0x3A, 0x3A, 0xFD, 0x00, 0x00, 0x00, 0xFB, 0x89, 0x8B, 0x89, 0xFF, 0x89, 0x8C, 0x8B, 0xBB, 0x00, 0x00, 0x00, 0x00, 0x00, 0x00, 0x00, 0x00,
    0x7F, 0x7F, 0x7F, 0x04, 0x55, 0x55, 0x55, 0x03, 0x00, 0x00, 0x00, 0x00, 0x00, 0x00, 0x00, 0x00, 0x00, 0x00, 0x00, 0x00, 0x00, 0x00, 0x00, 0x00,
    0x00, 0x00, 0x00, 0x00, 0x00, 0x00, 0x00, 0x00, 0x00, 0x00, 0x00, 0x00, 0x00, 0x00, 0x00, 0x00, 0x00, 0x00, 0x00, 0x00, 0x00, 0x00, 0x00, 0x00,
    0x00, 0x00, 0x00, 0x00, 0x00, 0x00, 0x00, 0x00, 0x00, 0x00, 0x00, 0x00, 0x00, 0x00, 0x00, 0x00, 0x00, 0x00, 0x00, 0x00, 0x00, 0x00, 0x00, 0x00,
    0x00, 0x00, 0x00, 0x00, 0x00, 0x00, 0x00, 0x00, 0x00, 0x00, 0x00, 0x00, 0x00, 0x00, 0x00, 0x01, 0x00, 0x00, 0x00, 0x00, 0x00, 0x00, 0x00, 0x00,
    0x00, 0x00, 0x00, 0x00, 0xFF, 0xFF, 0xFF, 0x0A, 0x75, 0x70, 0x75, 0x32, 0x51, 0x52, 0x51, 0xB0, 0x60, 0x61, 0x60, 0xF6, 0x66, 0x67, 0x66, 0xFF,
    0x47, 0x47, 0x47, 0xFF, 0x36, 0x35, 0x36, 0xFF, 0x4A, 0x4A, 0x4A, 0xFF, 0x64, 0x65, 0x64, 0xFF, 0x4D, 0x4C, 0x4D, 0xFF, 0x4C, 0x4E, 0x4C, 0xFF,
    0x07, 0x08, 0x06, 0xFF, 0x00, 0x00, 0x00, 0xFF, 0x00, 0x00, 0x00, 0xFF, 0x01, 0x02, 0x01, 0xFF, 0x0C, 0x0B, 0x0B, 0xFF, 0x27, 0x25, 0x26, 0xFF,
    0x25, 0x25, 0x25, 0xFF, 0x0A, 0x09, 0x09, 0xFF, 0x99, 0x99, 0x99, 0xFB, 0xA9, 0xA9, 0xA9, 0xFF, 0x83, 0x85, 0x83, 0x8A, 0x85, 0x85, 0x85, 0x17,
    0x00, 0x00, 0x00, 0x00, 0x00, 0x00, 0x00, 0x00, 0x00, 0x00, 0x00, 0x00, 0xFF, 0xFF, 0xFF, 0x02, 0x00, 0x00, 0x00, 0x00, 0x00, 0x00, 0x00, 0x00,
    0x00, 0x00, 0x00, 0x00, 0x00, 0x00, 0x00, 0x00, 0x00, 0x00, 0x00, 0x00, 0x00, 0x00, 0x00, 0x00, 0x00, 0x00, 0x00, 0x00, 0x00, 0x00, 0x00, 0x00,
    0x00, 0x00, 0x00, 0x00, 0x00, 0x00, 0x00, 0x00, 0x00, 0x00, 0x00, 0x00, 0x00, 0x00, 0x00, 0x00, 0x00, 0x00, 0x00, 0x00, 0x00, 0x00, 0x00, 0x00,
    0x00, 0x00, 0x00, 0x00, 0x00, 0x00, 0x00, 0x00, 0xFF, 0xFF, 0xFF, 0x01, 0x00, 0x00, 0x00, 0x00, 0xBF, 0xBF, 0xBF, 0x08, 0x87, 0x87, 0x87, 0x6D,
    0x77, 0x77, 0x77, 0xBC, 0x8F, 0x92, 0x8F, 0xDA, 0x60, 0x60, 0x60, 0xF4, 0x19, 0x19, 0x19, 0xFF, 0x14, 0x14, 0x14, 0xFF, 0x1B, 0x1B, 0x1B, 0xFB,
    0x18, 0x18, 0x18, 0xFE, 0x12, 0x11, 0x11, 0xFF, 0x17, 0x17, 0x17, 0xFF, 0x68, 0x68, 0x68, 0xFF, 0x48, 0x47, 0x48, 0xFF, 0x6D, 0x6D, 0x6D, 0xFF,
    0x74, 0x75, 0x74, 0xFF, 0x3C, 0x3D, 0x3C, 0xFF, 0x10, 0x10, 0x10, 0xFF, 0x04, 0x05, 0x04, 0xFF, 0x1E, 0x1E, 0x1E, 0xFF, 0x2F, 0x2E, 0x2F, 0xFF,
    0x27, 0x26, 0x26, 0xFF, 0x4B, 0x4A, 0x4A, 0xFF, 0xC5, 0xC5, 0xC5, 0xFF, 0x8E, 0x8D, 0x8E, 0xFE, 0x91, 0x92, 0x91, 0xFF, 0xB6, 0xB6, 0xB6, 0xE4,
    0x85, 0x87, 0x85, 0x7E, 0x68, 0x64, 0x68, 0x42, 0x00, 0x00, 0x00, 0x00, 0x00, 0x00, 0x00, 0x00, 0xFF, 0xFF, 0xFF, 0x02, 0x00, 0x00, 0x00, 0x00,
    0x00, 0x00, 0x00, 0x00, 0x00, 0x00, 0x00, 0x00, 0x00, 0x00, 0x00, 0x00, 0x00, 0x00, 0x00, 0x00, 0x00, 0x00, 0x00, 0x00, 0x00, 0x00, 0x00, 0x00,
    0x00, 0x00, 0x00, 0x00, 0x00, 0x00, 0x00, 0x00, 0x00, 0x00, 0x00, 0x00, 0x00, 0x00, 0x00, 0x00, 0x00, 0x00, 0x00, 0x00, 0x00, 0x00, 0x00, 0x00,
    0x00, 0x00, 0x00, 0x00, 0x00, 0x00, 0x00, 0x02, 0x00, 0x00, 0x7F, 0x02, 0x78, 0x5A, 0x1E, 0x11, 0x5F, 0x5F, 0x5E, 0xC5, 0x73, 0x74, 0x74, 0xFF,
    0x80, 0x80, 0x80, 0xFF, 0x81, 0x82, 0x81, 0xFF, 0x7E, 0x7E, 0x7E, 0xFF, 0x05, 0x05, 0x05, 0xFC, 0x14, 0x12, 0x14, 0xFE, 0x3D, 0x3F, 0x3D, 0xFF,
    0x56, 0x56, 0x56, 0xFF, 0x4C, 0x4C, 0x4C, 0xFF, 0x33, 0x33, 0x32, 0xFF, 0x42, 0x41, 0x42, 0xFF, 0x20, 0x1F, 0x20, 0xFF, 0x10, 0x0F, 0x11, 0xFF,
    0x45, 0x43, 0x45, 0xFF, 0x75, 0x75, 0x74, 0xFF, 0x76, 0x75, 0x75, 0xFF, 0x72, 0x72, 0x71, 0xFF, 0x20, 0x1F, 0x20, 0xFF, 0x27, 0x27, 0x25, 0xFF,
    0x70, 0x71, 0x6F, 0xFF, 0xAD, 0xAE, 0xAD, 0xFF, 0xC1, 0xC1, 0xC1, 0xFF, 0x95, 0x94, 0x94, 0xFF, 0x74, 0x74, 0x74, 0xFC, 0x8A, 0x8C, 0x8A, 0xFF,
    0x5C, 0x5D, 0x5C, 0xFF, 0x3B, 0x3B, 0x3B, 0xFF, 0x8E, 0x90, 0x8E, 0xBF, 0xED, 0xE7, 0xED, 0x2B, 0x00, 0x00, 0x00, 0x00, 0xFF, 0xFF, 0xFF, 0x02,
    0x00, 0x00, 0x00, 0x00, 0x00, 0x00, 0x00, 0x00, 0x00, 0x00, 0x00, 0x00, 0x00, 0x00, 0x00, 0x00, 0x00, 0x00, 0x00, 0x00, 0x00, 0x00, 0x00, 0x00,
    0x00, 0x00, 0x00, 0x00, 0x00, 0x00, 0x00, 0x00, 0x00, 0x00, 0x00, 0x00, 0x00, 0x00, 0x00, 0x00, 0x00, 0x00, 0x00, 0x00, 0x00, 0x00, 0x00, 0x00,
    0x00, 0x00, 0x00, 0x00, 0x55, 0x55, 0x55, 0x03, 0x00, 0x00, 0x00, 0x00, 0x39, 0x4A, 0x73, 0x8D, 0x42, 0x41, 0x46, 0xFF, 0x68, 0x6A, 0x68, 0xF9,
    0x87, 0x88, 0x87, 0xFC, 0x7D, 0x7D, 0x7D, 0xFD, 0x9C, 0x9C, 0x9C, 0xFE, 0x32, 0x31, 0x32, 0xFF, 0x12, 0x12, 0x11, 0xFF, 0x2A, 0x2A, 0x2A, 0xFF,
    0x63, 0x63, 0x63, 0xFF, 0xB6, 0xB8, 0xB6, 0xFF, 0xAB, 0xAB, 0xAB, 0xFF, 0x9D, 0x9E, 0x9D, 0xFF, 0x74, 0x74, 0x74, 0xFF, 0x4D, 0x4F, 0x4D, 0xFF,
    0x46, 0x45, 0x46, 0xFF, 0x2A, 0x29, 0x2A, 0xFF, 0x4F, 0x4E, 0x4F, 0xFF, 0xAB, 0xAA, 0xAB, 0xFF, 0x78, 0x77, 0x76, 0xFF, 0x03, 0x03, 0x03, 0xFF,
    0x74, 0x72, 0x73, 0xFF, 0xC8, 0xC9, 0xC8, 0xFF, 0xAC, 0xAD, 0xAC, 0xFF, 0x34, 0x32, 0x32, 0xFF, 0x42, 0x41, 0x40, 0xFF, 0x83, 0x83, 0x83, 0xFE,
    0xC0, 0xC0, 0xC0, 0xFC, 0x8C, 0x8C, 0x8B, 0xFD, 0x7C, 0x7D, 0x7C, 0xFF, 0xC4, 0xC3, 0xC3, 0xED, 0xAF, 0xAF, 0xAF, 0x3A, 0x00, 0x00, 0x00, 0x00,
    0xFF, 0x7F, 0xFF, 0x02, 0x00, 0x00, 0x00, 0x00, 0x00, 0x00, 0x00, 0x00, 0x00, 0x00, 0x00, 0x00, 0x00, 0x00, 0x00, 0x00, 0x00, 0x00, 0x00, 0x00,
    0x00, 0x00, 0x00, 0x00, 0x00, 0x00, 0x00, 0x00, 0x00, 0x00, 0x00, 0x00, 0x00, 0x00, 0x00, 0x00, 0x00, 0x00, 0x00, 0x00, 0x00, 0x00, 0x00, 0x00,
    0x7F, 0x7F, 0x7F, 0x02, 0x00, 0x00, 0x00, 0x00, 0x6E, 0x6E, 0x6A, 0x86, 0x4A, 0x50, 0x5E, 0xFF, 0x31, 0x31, 0x35, 0xFA, 0x71, 0x71, 0x71, 0xFF,
    0x8A, 0x8B, 0x8A, 0xFF, 0x85, 0x85, 0x84, 0xFF, 0x9F, 0xA0, 0x9F, 0xFF, 0x50, 0x50, 0x50, 0xFF, 0x04, 0x04, 0x03, 0xFF, 0x27, 0x27, 0x27, 0xFF,
    0x4C, 0x4C, 0x4C, 0xFF, 0xA2, 0xA2, 0xA2, 0xFF, 0x9E, 0x9E, 0x9E, 0xFF, 0xA6, 0xA5, 0xA6, 0xFF, 0xA2, 0xA3, 0xA2, 0xFF, 0x8F, 0x92, 0x8F, 0xFF,
    0xA2, 0xA2, 0xA2, 0xFF, 0x7D, 0x7C, 0x7D, 0xFF, 0x53, 0x52, 0x53, 0xFF, 0x50, 0x51, 0x50, 0xFF, 0x3E, 0x3D, 0x3D, 0xFF, 0x02, 0x02, 0x02, 0xFF,
    0x3E, 0x3C, 0x3D, 0xFF, 0x53, 0x52, 0x53, 0xFF, 0x29, 0x29, 0x28, 0xFF, 0x74, 0x74, 0x72, 0xFF, 0xB8, 0xB8, 0xB8, 0xFF, 0xBB, 0xBD, 0xBB, 0xFF,
    0xA5, 0xA6, 0xA6, 0xFF, 0xAE, 0xAE, 0xAE, 0xFF, 0x9A, 0x97, 0x9A, 0xFA, 0xAA, 0xAA, 0xAA, 0xFF, 0xB7, 0xB8, 0xB7, 0xD6, 0x62, 0x75, 0x75, 0x0D,
    0xFF, 0xFF, 0xFF, 0x01, 0x00, 0x00, 0x00, 0x01, 0x00, 0x00, 0x00, 0x00, 0x00, 0x00, 0x00, 0x00, 0x00, 0x00, 0x00, 0x00, 0x00, 0x00, 0x00, 0x00,
    0x00, 0x00, 0x00, 0x00, 0x00, 0x00, 0x00, 0x00, 0x00, 0x00, 0x00, 0x00, 0x00, 0x00, 0x00, 0x00, 0x00, 0x00, 0x00, 0x00, 0x7F, 0x7F, 0x7F, 0x02,
    0x00, 0x00, 0x00, 0x00, 0x9E, 0x9E, 0x9E, 0x25, 0x5D, 0x5D, 0x5D, 0xFD, 0x41, 0x40, 0x3D, 0xFE, 0x2A, 0x2A, 0x29, 0xFE, 0x6C, 0x6B, 0x6C, 0xFF,
    0x88, 0x89, 0x88, 0xFF, 0x82, 0x83, 0x82, 0xFF, 0x9D, 0x9E, 0x9D, 0xFF, 0x6F, 0x6F, 0x6F, 0xFF, 0x00, 0x00, 0x00, 0xFF, 0x2E, 0x2F, 0x2D, 0xFF,
    0x4F, 0x4E, 0x4F, 0xFF, 0x9A, 0x9C, 0x9A, 0xFF, 0x9A, 0x9A, 0x9A, 0xFF, 0x8C, 0x8C, 0x8C, 0xFF, 0x95, 0x96, 0x95, 0xFF, 0x7F, 0x7F, 0x7F, 0xFF,
    0xAE, 0xAE, 0xAE, 0xFF, 0xCB, 0xC9, 0xC9, 0xFF, 0xB9, 0xB8, 0xB9, 0xFF, 0x90, 0x91, 0x92, 0xFF, 0x86, 0x85, 0x86, 0xFF, 0x6C, 0x6A, 0x6C, 0xFF,
    0x05, 0x05, 0x05, 0xFF, 0x60, 0x61, 0x60, 0xFF, 0xB4, 0xB4, 0xB3, 0xFF, 0xB7, 0xB7, 0xB7, 0xFF, 0xC1, 0xC0, 0xC1, 0xFF, 0xEE, 0xEC, 0xEE, 0xFF,
    0xCE, 0xCD, 0xCE, 0xFF, 0x9F, 0x9F, 0x9F, 0xFF, 0xAB, 0xAB, 0xAB, 0xFF, 0x9C, 0x9C, 0x9C, 0xFB, 0xC6, 0xC7, 0xC5, 0xFF, 0x95, 0x95, 0x97, 0x5E,
    0x00, 0x00, 0x00, 0x00, 0x7F, 0x7F, 0x7F, 0x04, 0x00, 0x00, 0x00, 0x00, 0x00, 0x00, 0x00, 0x00, 0x00, 0x00, 0x00, 0x00, 0x00, 0x00, 0x00, 0x00,
    0x00, 0x00, 0x00, 0x00, 0x00, 0x00, 0x00, 0x00, 0x00, 0x00, 0x00, 0x00, 0x00, 0x00, 0x00, 0x00, 0x00, 0x00, 0x00, 0x00, 0x3F, 0x3F, 0x3F, 0x04,
    0x00, 0x00, 0x00, 0x00, 0x66, 0x63, 0x66, 0x69, 0x58, 0x58, 0x59, 0xFF, 0x37, 0x36, 0x36, 0xFB, 0x29, 0x26, 0x28, 0xFF, 0x69, 0x68, 0x69, 0xFF,
    0x8A, 0x8A, 0x8A, 0xFF, 0x89, 0x89, 0x89, 0xFF, 0x8D, 0x8C, 0x8D, 0xFF, 0x70, 0x71, 0x6F, 0xFF, 0x00, 0x00, 0x00, 0xFF, 0x20, 0x21, 0x1F, 0xFF,
    0x4C, 0x4B, 0x4C, 0xFF, 0x99, 0x99, 0x99, 0xFF, 0x9A, 0x9A, 0x9B, 0xFF, 0x8D, 0x8D, 0x8D, 0xFF, 0x8A, 0x8A, 0x8A, 0xFF, 0x84, 0x84, 0x84, 0xFF,
    0x79, 0x77, 0x78, 0xFF, 0x8A, 0x8D, 0x93, 0xFF, 0xA4, 0xA5, 0xA2, 0xFF, 0xB8, 0xB7, 0xB1, 0xFF, 0xBE, 0xBF, 0xBF, 0xFF, 0xC5, 0xC4, 0xC5, 0xFF,
    0x4B, 0x4D, 0x4B, 0xFF, 0xA2, 0xA4, 0xA2, 0xFF, 0xBB, 0xBC, 0xBA, 0xFF, 0xC6, 0xC6, 0xC6, 0xFF, 0xF5, 0xF5, 0xF5, 0xFF, 0xF0, 0xF0, 0xF1, 0xFF,
    0xDE, 0xDF, 0xDE, 0xFF, 0x87, 0x87, 0x87, 0xFF, 0xB0, 0xB0, 0xB0, 0xFF, 0x99, 0x9A, 0x99, 0xFC, 0xC9, 0xC9, 0xC9, 0xFE, 0xA3, 0xA1, 0xA3, 0xAC,
    0x00, 0x00, 0x00, 0x00, 0xFF, 0xFF, 0xFF, 0x02, 0x00, 0x00, 0x00, 0x00, 0x00, 0x00, 0x00, 0x00, 0x00, 0x00, 0x00, 0x00, 0x00, 0x00, 0x00, 0x00,
    0x00, 0x00, 0x00, 0x00, 0x00, 0x00, 0x00, 0x00, 0x00, 0x00, 0x00, 0x00, 0x00, 0x00, 0x00, 0x00, 0x00, 0x00, 0x00, 0x00, 0x55, 0x55, 0x55, 0x03,
    0x00, 0x00, 0x00, 0x00, 0x58, 0x5B, 0x5B, 0xA5, 0x54, 0x4F, 0x49, 0xFE, 0x4C, 0x6C, 0x85, 0xFB, 0x30, 0x54, 0x78, 0xFF, 0x67, 0x62, 0x5D, 0xFF,
    0x67, 0x68, 0x69, 0xFF, 0x6F, 0x6E, 0x6F, 0xFF, 0x65, 0x65, 0x65, 0xFF, 0x35, 0x35, 0x34, 0xFF, 0x01, 0x00, 0x01, 0xFF, 0x19, 0x1A, 0x19, 0xFF,
    0x49, 0x4B, 0x49, 0xFF, 0x76, 0x75, 0x75, 0xFF, 0x8F, 0x8E, 0x8C, 0xFF, 0x97, 0x97, 0x96, 0xFF, 0x9D, 0x9C, 0x9C, 0xFF, 0x91, 0x90, 0x92, 0xFF,
    0x81, 0x80, 0x7F, 0xFF, 0x73, 0x77, 0x80, 0xFF, 0x71, 0x8D, 0xBB, 0xFF, 0x96, 0xA0, 0xB1, 0xFF, 0xB3, 0xB1, 0xAF, 0xFF, 0xB2, 0xB2, 0xB3, 0xFF,
    0x3E, 0x3D, 0x3E, 0xFF, 0x63, 0x64, 0x63, 0xFF, 0xD2, 0xD1, 0xD1, 0xFF, 0xEC, 0xED, 0xEC, 0xFF, 0xC3, 0xC2, 0xC0, 0xFF, 0xC9, 0xC8, 0xC6, 0xFF,
    0x91, 0x91, 0x91, 0xFF, 0x97, 0x97, 0x97, 0xFF, 0xB1, 0xB1, 0xB1, 0xFF, 0x9B, 0x9B, 0x9B, 0xFE, 0x99, 0x9A, 0x99, 0xFF, 0xA7, 0xA6, 0xA7, 0xEE,
    0x8A, 0x94, 0x94, 0x18, 0x00, 0x00, 0x00, 0x00, 0xFF, 0xFF, 0xFF, 0x01, 0x00, 0x00, 0x00, 0x00, 0x00, 0x00, 0x00, 0x00, 0x00, 0x00, 0x00, 0x00,
    0x00, 0x00, 0x00, 0x00, 0x00, 0x00, 0x00, 0x00, 0x00, 0x00, 0x00, 0x00, 0x00, 0x00, 0x00, 0x00, 0x00, 0x00, 0x00, 0x01, 0x00, 0x00, 0x00, 0x00,
    0x6D, 0x6D, 0x6D, 0x07, 0x5C, 0x5D, 0x5E, 0xD7, 0x64, 0x5E, 0x57, 0xFF, 0x52, 0x75, 0x95, 0xFD, 0x30, 0x4E, 0x6B, 0xFF, 0x6F, 0x6B, 0x65, 0xFF,
    0x6E, 0x6F, 0x70, 0xFF, 0x64, 0x64, 0x63, 0xFF, 0x6F, 0x70, 0x6F, 0xFF, 0x2C, 0x2B, 0x2C, 0xFF, 0x00, 0x00, 0x00, 0xFF, 0x1B, 0x1A, 0x1B, 0xFF,
    0x55, 0x55, 0x55, 0xFF, 0x74, 0x73, 0x73, 0xFF, 0x73, 0x73, 0x72, 0xFF, 0x70, 0x6F, 0x6D, 0xFF, 0x7F, 0x7D, 0x81, 0xFF, 0xA5, 0xA5, 0xA4, 0xFF,
    0x9F, 0x9F, 0x9F, 0xFF, 0x98, 0x97, 0x93, 0xFF, 0x8A, 0x8F, 0x94, 0xFF, 0x74, 0x79, 0x87, 0xFF, 0x94, 0x94, 0x92, 0xFF, 0xBB, 0xBC, 0xBB, 0xFF,
    0x41, 0x41, 0x40, 0xFF, 0x38, 0x38, 0x38, 0xFF, 0xAA, 0xAB, 0xAB, 0xFF, 0xC4, 0xC2, 0xC3, 0xFF, 0xB2, 0xAF, 0xAD, 0xFF, 0x89, 0x89, 0x89, 0xFF,
    0x9C, 0x9B, 0x9C, 0xFF, 0xB0, 0xAF, 0xB0, 0xFF, 0xB0, 0xAF, 0xAF, 0xFF, 0xA5, 0xA6, 0xA4, 0xFF, 0x84, 0x85, 0x84, 0xFE, 0xAD, 0xAD, 0xAD, 0xFF,
    0x8C, 0x8C, 0x8C, 0x3A, 0x00, 0x00, 0x00, 0x00, 0xAA, 0xAA, 0xAA, 0x03, 0x00, 0x00, 0x00, 0x00, 0x00, 0x00, 0x00, 0x00, 0x00, 0x00, 0x00, 0x00,
    0x00, 0x00, 0x00, 0x00, 0x00, 0x00, 0x00, 0x00, 0x00, 0x00, 0x00, 0x00, 0x00, 0x00, 0x00, 0x00, 0x7F, 0x7F, 0x7F, 0x02, 0x00, 0x00, 0x00, 0x00,
    0x6B, 0x64, 0x64, 0x26, 0x51, 0x51, 0x51, 0xFC, 0x42, 0x43, 0x42, 0xFF, 0x35, 0x32, 0x32, 0xFE, 0x18, 0x16, 0x17, 0xFF, 0x2C, 0x2C, 0x2B, 0xFF,
    0x6A, 0x6C, 0x6A, 0xFF, 0x80, 0x80, 0x80, 0xFF, 0x76, 0x76, 0x77, 0xFF, 0x2E, 0x2F, 0x2D, 0xFF, 0x01, 0x01, 0x01, 0xFF, 0x0E, 0x0E, 0x0E, 0xFF,
    0x4E, 0x4D, 0x4E, 0xFF, 0x7B, 0x7B, 0x7B, 0xFF, 0x78, 0x78, 0x79, 0xFF, 0x79, 0x79, 0x78, 0xFF, 0x65, 0x65, 0x70, 0xFF, 0x3C, 0x40, 0x56, 0xFF,
    0x9E, 0x9F, 0x9E, 0xFF, 0xA3, 0xA3, 0xA4, 0xFF, 0x9C, 0x9C, 0x9A, 0xFF, 0x9B, 0x9A, 0x97, 0xFF, 0x8C, 0x8D, 0x8D, 0xFF, 0xAB, 0xAC, 0xAB, 0xFF,
    0x4C, 0x4D, 0x4B, 0xFF, 0x2C, 0x2B, 0x2C, 0xFF, 0xA6, 0xA5, 0xA6, 0xFF, 0xA0, 0xA0, 0x9F, 0xFF, 0x92, 0x91, 0x92, 0xFF, 0xA5, 0xA7, 0xA6, 0xFF,
    0xB1, 0xB1, 0xB1, 0xFF, 0xA8, 0xA6, 0xA7, 0xFF, 0xB4, 0xB1, 0xB0, 0xFF, 0xAE, 0xAE, 0xAD, 0xFF, 0x99, 0x97, 0x9A, 0xFF, 0xA0, 0x9E, 0xA0, 0xE7,
    0x6A, 0x6A, 0x5F, 0x18, 0x00, 0x00, 0x00, 0x00, 0xFF, 0xFF, 0xFF, 0x01, 0x00, 0x00, 0x00, 0x00, 0x00, 0x00, 0x00, 0x00, 0x00, 0x00, 0x00, 0x00,
    0x00, 0x00, 0x00, 0x00, 0x00, 0x00, 0x00, 0x00, 0x00, 0x00, 0x00, 0x00, 0x00, 0x00, 0x00, 0x00, 0x00, 0x00, 0x00, 0x01, 0x00, 0x00, 0x00, 0x02,
    0x6D, 0x6D, 0x6D, 0x07, 0x58, 0x58, 0x57, 0xC6, 0x32, 0x32, 0x31, 0xFF, 0x08, 0x08, 0x09, 0xFC, 0x05, 0x05, 0x06, 0xFF, 0x02, 0x02, 0x01, 0xFF,
    0x10, 0x11, 0x10, 0xFF, 0x4D, 0x4D, 0x4C, 0xFF, 0x39, 0x3A, 0x39, 0xFF, 0x0A, 0x09, 0x09, 0xFF, 0x02, 0x02, 0x02, 0xFF, 0x02, 0x02, 0x02, 0xFF,
    0x38, 0x37, 0x38, 0xFF, 0x6A, 0x69, 0x6A, 0xFF, 0x62, 0x61, 0x61, 0xFF, 0x69, 0x69, 0x69, 0xFF, 0x8C, 0x8B, 0x88, 0xFF, 0x53, 0x57, 0x6B, 0xFF,
    0x33, 0x36, 0x47, 0xFF, 0xAE, 0xAE, 0xAA, 0xFF, 0xA0, 0xA1, 0xA2, 0xFF, 0xA4, 0xA4, 0xA5, 0xFF, 0x91, 0x92, 0x91, 0xFF, 0xA2, 0xA2, 0xA2, 0xFF,
    0x50, 0x50, 0x50, 0xFF, 0x1C, 0x1C, 0x1D, 0xFF, 0xA9, 0xA9, 0xA9, 0xFF, 0x76, 0x77, 0x75, 0xFF, 0x8C, 0x8B, 0x8B, 0xFF, 0xB3, 0xB3, 0xB4, 0xFF,
    0xAF, 0xAE, 0xAD, 0xFF, 0x92, 0x96, 0xA4, 0xFF, 0xA9, 0xAB, 0xAC, 0xFF, 0x9C, 0x9C, 0x9C, 0xF9, 0x62, 0x60, 0x61, 0xF7, 0x8C, 0x8B, 0x87, 0xFC,
    0x93, 0x90, 0x90, 0x53, 0x00, 0x00, 0x00, 0x01, 0x7F, 0x7F, 0x7F, 0x04, 0x00, 0x00, 0x00, 0x00, 0x00, 0x00, 0x00, 0x00, 0x00, 0x00, 0x00, 0x00,
    0x00, 0x00, 0x00, 0x00, 0x00, 0x00, 0x00, 0x00, 0x00, 0x00, 0x00, 0x00, 0x00, 0x00, 0x00, 0x00, 0x7F, 0x7F, 0x7F, 0x02, 0x00, 0x00, 0x00, 0x00,
    0x88, 0x88, 0x88, 0x74, 0x7D, 0x7E, 0x7D, 0xE9, 0x2F, 0x2E, 0x2E, 0xFD, 0x01, 0x00, 0x00, 0xFE, 0x0E, 0x0D, 0x0E, 0xFF, 0x08, 0x08, 0x08, 0xFF,
    0x08, 0x08, 0x08, 0xFF, 0x02, 0x01, 0x02, 0xFF, 0x00, 0x00, 0x00, 0xFF, 0x00, 0x00, 0x00, 0xFF, 0x01, 0x01, 0x01, 0xFF, 0x01, 0x01, 0x01, 0xFF,
    0x19, 0x18, 0x19, 0xFF, 0x43, 0x42, 0x43, 0xFF, 0x5C, 0x5B, 0x5C, 0xFF, 0x60, 0x60, 0x60, 0xFF, 0x73, 0x72, 0x73, 0xFF, 0x8D, 0x8D, 0x8A, 0xFF,
    0x34, 0x38, 0x56, 0xFF, 0x55, 0x55, 0x5A, 0xFF, 0xB4, 0xB4, 0xB1, 0xFF, 0xA4, 0xA4, 0xA4, 0xFF, 0x91, 0x93, 0x91, 0xFF, 0x9E, 0x9D, 0x9E, 0xFF,
    0x47, 0x48, 0x47, 0xFF, 0x15, 0x14, 0x14, 0xFF, 0xA1, 0xA2, 0xA1, 0xFF, 0x6E, 0x6E, 0x6D, 0xFF, 0x94, 0x94, 0x94, 0xFF, 0xB3, 0xB3, 0xB2, 0xFF,
    0xA5, 0xA7, 0xA9, 0xFF, 0x87, 0x88, 0x91, 0xFF, 0xB5, 0xB5, 0xB4, 0xFF, 0x90, 0x90, 0x90, 0xFB, 0x4E, 0x4E, 0x4C, 0xF7, 0x65, 0x65, 0x62, 0xFF,
    0x9E, 0x9E, 0x9E, 0x9E, 0x00, 0x00, 0x00, 0x00, 0xAA, 0xAA, 0xAA, 0x03, 0x00, 0x00, 0x00, 0x00, 0x00, 0x00, 0x00, 0x00, 0x00, 0x00, 0x00, 0x00,
    0x00, 0x00, 0x00, 0x00, 0x00, 0x00, 0x00, 0x00, 0x00, 0x00, 0x00, 0x00, 0x00, 0x00, 0x00, 0x01, 0x00, 0x00, 0x00, 0x00, 0x89, 0x89, 0x89, 0x0D,
    0x74, 0x75, 0x74, 0xEA, 0x9C, 0x9D, 0x9C, 0xFF, 0x4E, 0x4C, 0x4D, 0xFD, 0x00, 0x00, 0x00, 0xFF, 0x0C, 0x0C, 0x0C, 0xFF, 0x0C, 0x0C, 0x0B, 0xFF,
    0x05, 0x06, 0x05, 0xFF, 0x09, 0x09, 0x09, 0xFF, 0x1A, 0x1A, 0x1A, 0xFF, 0x05, 0x04, 0x05, 0xFF, 0x01, 0x01, 0x01, 0xFF, 0x02, 0x02, 0x02, 0xFF,
    0x12, 0x13, 0x12, 0xFF, 0x1A, 0x1A, 0x1A, 0xFF, 0x31, 0x31, 0x31, 0xFF, 0x62, 0x64, 0x62, 0xFF, 0x77, 0x77, 0x78, 0xFF, 0x87, 0x86, 0x84, 0xFF,
    0x89, 0x8D, 0x98, 0xFF, 0x1C, 0x2F, 0x5A, 0xFF, 0x88, 0x85, 0x86, 0xFF, 0xB0, 0xB0, 0xB0, 0xFF, 0x9F, 0x9F, 0x9F, 0xFF, 0x79, 0x79, 0x79, 0xFF,
    0x1F, 0x1F, 0x1F, 0xFF, 0x10, 0x0F, 0x10, 0xFF, 0x94, 0x94, 0x94, 0xFF, 0x70, 0x6F, 0x6F, 0xFF, 0x99, 0x98, 0x99, 0xFF, 0xB9, 0xB9, 0xB8, 0xFF,
    0x71, 0x71, 0x77, 0xFF, 0x8D, 0x8D, 0x8C, 0xFF, 0xBB, 0xBB, 0xBB, 0xFF, 0x6A, 0x6A, 0x6A, 0xFF, 0x42, 0x43, 0x40, 0xFE, 0x6B, 0x6B, 0x67, 0xFF,
    0x9F, 0xA1, 0x9F, 0xE2, 0x88, 0x88, 0x88, 0x0F, 0x00, 0x00, 0x00, 0x00, 0x00, 0x00, 0x00, 0x00, 0x00, 0x00, 0x00, 0x00, 0x00, 0x00, 0x00, 0x00,
    0x00, 0x00, 0x00, 0x00, 0x00, 0x00, 0x00, 0x00, 0x00, 0x00, 0x00, 0x00, 0xAA, 0xAA, 0xAA, 0x03, 0x00, 0x00, 0x00, 0x00, 0x6B, 0x6B, 0x6B, 0x4E,
    0x8C, 0x8B, 0x8C, 0xFF, 0x81, 0x81, 0x81, 0xFC, 0x67, 0x66, 0x66, 0xFF, 0x33, 0x33, 0x33, 0xFF, 0x04, 0x04, 0x04, 0xFF, 0x0A, 0x0A, 0x09, 0xFF,
    0x2A, 0x2A, 0x2A, 0xFF, 0x59, 0x57, 0x58, 0xFF, 0x2A, 0x2A, 0x2A, 0xFF, 0x0D, 0x0C, 0x0D, 0xFF, 0x0B, 0x0B, 0x0B, 0xFF, 0x02, 0x03, 0x02, 0xFF,
    0x05, 0x05, 0x05, 0xFF, 0x0A, 0x09, 0x0A, 0xFF, 0x0E, 0x0E, 0x0E, 0xFF, 0x24, 0x25, 0x24, 0xFF, 0x56, 0x55, 0x56, 0xFF, 0x8F, 0x91, 0x92, 0xFF,
    0xA8, 0x9E, 0x98, 0xFF, 0x53, 0x9A, 0xBD, 0xFF, 0x38, 0x70, 0x84, 0xFF, 0xB7, 0xAD, 0xAA, 0xFF, 0x81, 0x83, 0x84, 0xFF, 0x48, 0x48, 0x48, 0xFF,
    0x3B, 0x3B, 0x3B, 0xFF, 0x33, 0x34, 0x33, 0xFF, 0x4A, 0x49, 0x4A, 0xFF, 0x76, 0x75, 0x76, 0xFF, 0xAF, 0xAE, 0xAD, 0xFF, 0x8C, 0x8B, 0x90, 0xFF,
    0x48, 0x48, 0x4C, 0xFF, 0xB1, 0xB2, 0xB1, 0xFF, 0xAB, 0xAC, 0xAB, 0xFF, 0x3C, 0x3D, 0x3C, 0xFF, 0x87, 0x85, 0x86, 0xFE, 0x9D, 0x9D, 0x98, 0xFF,
    0x8D, 0x8C, 0x8C, 0xFF, 0x9B, 0x9B, 0x9B, 0x2E, 0x00, 0x00, 0x00, 0x00, 0x00, 0x00, 0x00, 0x00, 0x00, 0x00, 0x00, 0x00, 0x00, 0x00, 0x00, 0x00,
    0x00, 0x00, 0x00, 0x00, 0x00, 0x00, 0x00, 0x00, 0x00, 0x00, 0x00, 0x00, 0xAA, 0x55, 0xAA, 0x03, 0x00, 0x00, 0x00, 0x00, 0x6D, 0x6B, 0x6D, 0xA3,
    0x88, 0x87, 0x88, 0xFF, 0x52, 0x4F, 0x52, 0xFB, 0x8D, 0x8C, 0x8D, 0xFF, 0x71, 0x71, 0x71, 0xFF, 0x00, 0x00, 0x00, 0xFF, 0x25, 0x25, 0x24, 0xFF,
    0x52, 0x52, 0x51, 0xFF, 0x54, 0x53, 0x54, 0xFF, 0x44, 0x43, 0x44, 0xFF, 0x0E, 0x10, 0x0E, 0xFF, 0x10, 0x0F, 0x10, 0xFF, 0x03, 0x03, 0x03, 0xFF,
    0x07, 0x07, 0x07, 0xFF, 0x03, 0x03, 0x03, 0xFF, 0x06, 0x07, 0x06, 0xFF, 0x16, 0x16, 0x16, 0xFF, 0x21, 0x1F, 0x21, 0xFF, 0x4C, 0x4B, 0x4D, 0xFF,
    0x90, 0x8D, 0x8A, 0xFF, 0x87, 0x96, 0x9D, 0xFF, 0x12, 0x3A, 0x55, 0xFF, 0x36, 0x30, 0x2D, 0xFF, 0x4B, 0x4D, 0x4D, 0xFF, 0x90, 0x92, 0x90, 0xFF,
    0x5A, 0x5A, 0x5A, 0xFF, 0x90, 0x8F, 0x90, 0xFF, 0x80, 0x80, 0x80, 0xFF, 0x3D, 0x3F, 0x3D, 0xFF, 0x5A, 0x5A, 0x5D, 0xFF, 0x31, 0x33, 0x41, 0xFF,
    0x87, 0x88, 0x88, 0xFF, 0xBD, 0xBB, 0xBC, 0xFF, 0x5B, 0x5A, 0x57, 0xFF, 0x1C, 0x1B, 0x19, 0xFF, 0x6C, 0x6A, 0x6D, 0xFF, 0x9D, 0x9D, 0x9B, 0xFC,
    0x6F, 0x6E, 0x6D, 0xFE, 0xAC, 0xAC, 0xAC, 0x63, 0x00, 0x00, 0x00, 0x00, 0x00, 0x00, 0x00, 0x00, 0x00, 0x00, 0x00, 0x00, 0x00, 0x00, 0x00, 0x00,
    0x00, 0x00, 0x00, 0x00, 0x00, 0x00, 0x00, 0x00, 0x00, 0x00, 0x00, 0x00, 0x7F, 0x7F, 0x7F, 0x02, 0x00, 0x00, 0x00, 0x00, 0x64, 0x66, 0x64, 0xAF,
    0x6B, 0x6B, 0x6B, 0xFF, 0x68, 0x67, 0x68, 0xFC, 0x69, 0x6A, 0x69, 0xFF, 0x17, 0x16, 0x17, 0xFF, 0x03, 0x03, 0x03, 0xFF, 0x24, 0x22, 0x24, 0xFF,
    0x4F, 0x4F, 0x4F, 0xFF, 0x72, 0x71, 0x72, 0xFF, 0x6D, 0x6C, 0x6D, 0xFF, 0x29, 0x29, 0x29, 0xFF, 0x0C, 0x0C, 0x0C, 0xFF, 0x04, 0x03, 0x04, 0xFF,
    0x0B, 0x0B, 0x0A, 0xFF, 0x17, 0x18, 0x17, 0xFF, 0x09, 0x09, 0x09, 0xFF, 0x07, 0x07, 0x07, 0xFF, 0x0F, 0x0F, 0x0F, 0xFF, 0x1C, 0x1B, 0x1B, 0xFF,
    0x2B, 0x2C, 0x2B, 0xFF, 0x2F, 0x2C, 0x2C, 0xFF, 0x1A, 0x14, 0x12, 0xFF, 0x1E, 0x1E, 0x1E, 0xFF, 0x63, 0x62, 0x63, 0xFF, 0xB1, 0xB2, 0xB1, 0xFF,
    0x52, 0x53, 0x52, 0xFF, 0x85, 0x85, 0x85, 0xFF, 0xAA, 0xAB, 0xAA, 0xFF, 0x6A, 0x69, 0x69, 0xFF, 0x45, 0x44, 0x46, 0xFF, 0x16, 0x17, 0x18, 0xFF,
    0x96, 0x96, 0x96, 0xFD, 0x6E, 0x6C, 0x67, 0xFF, 0x1D, 0x20, 0x28, 0xFF, 0x42, 0x4A, 0x61, 0xFF, 0x7F, 0x7D, 0x7C, 0xFF, 0x9E, 0x9E, 0x9D, 0xFC,
    0x56, 0x58, 0x52, 0xFF, 0x8B, 0x8B, 0x8C, 0xC6, 0x00, 0x00, 0x00, 0x00, 0x00, 0x00, 0x00, 0x00, 0x00, 0x00, 0x00, 0x00, 0x00, 0x00, 0x00, 0x00,
    0x00, 0x00, 0x00, 0x00, 0x00, 0x00, 0x00, 0x00, 0x00, 0x00, 0x00, 0x00, 0x00, 0x00, 0x00, 0x00, 0xB6, 0xDA, 0xB6, 0x07, 0x4E, 0x4F, 0x4E, 0xD9,
    0x58, 0x59, 0x58, 0xFF, 0x74, 0x76, 0x74, 0xFD, 0x2E, 0x2E, 0x2E, 0xFF, 0x04, 0x03, 0x04, 0xFF, 0x09, 0x0A, 0x09, 0xFF, 0x32, 0x32, 0x32, 0xFF,
    0x6D, 0x6D, 0x6D, 0xFF, 0x8C, 0x8C, 0x8C, 0xFF, 0x91, 0x91, 0x91, 0xFF, 0x41, 0x40, 0x41, 0xFF, 0x0F, 0x0F, 0x0F, 0xFF, 0x0C, 0x0C, 0x0C, 0xFF,
    0x0B, 0x0A, 0x0A, 0xFF, 0x16, 0x17, 0x16, 0xFF, 0x21, 0x22, 0x21, 0xFF, 0x0B, 0x0B, 0x0B, 0xFF, 0x08, 0x08, 0x08, 0xFF, 0x14, 0x16, 0x14, 0xFF,
    0x2F, 0x30, 0x2F, 0xFF, 0x13, 0x13, 0x14, 0xFF, 0x45, 0x47, 0x47, 0xFF, 0x55, 0x56, 0x54, 0xFF, 0x5C, 0x5C, 0x5C, 0xFF, 0xB6, 0xB5, 0xB6, 0xFF,
    0x6A, 0x6A, 0x6A, 0xFF, 0x83, 0x82, 0x83, 0xFF, 0xBA, 0xBB, 0xBA, 0xFF, 0x6A, 0x6B, 0x6A, 0xFF, 0x6B, 0x6A, 0x6A, 0xFF, 0x61, 0x5E, 0x60, 0xFF,
    0x80, 0x80, 0x7F, 0xFF, 0x0A, 0x09, 0x06, 0xFF, 0x14, 0x1F, 0x2B, 0xFF, 0x3D, 0x6D, 0x9D, 0xFF, 0x7E, 0x79, 0x74, 0xFF, 0xAB, 0xAC, 0xAD, 0xFF,
    0x61, 0x60, 0x5D, 0xFE, 0x71, 0x70, 0x70, 0xFC, 0xCE, 0xCE, 0xCE, 0x45, 0x00, 0x00, 0x00, 0x00, 0x00, 0x00, 0x00, 0x00, 0x00, 0x00, 0x00, 0x00,
    0x00, 0x00, 0x00, 0x00, 0x00, 0x00, 0x00, 0x00, 0x00, 0x00, 0x00, 0x00, 0x00, 0x00, 0x00, 0x00, 0x67, 0x67, 0x67, 0x36, 0x4B, 0x49, 0x4B, 0xFE,
    0x78, 0x78, 0x78, 0xFE, 0x5B, 0x5C, 0x5B, 0xFF, 0x04, 0x03, 0x04, 0xFF, 0x07, 0x08, 0x07, 0xFF, 0x0D, 0x0C, 0x0D, 0xFF, 0x4C, 0x4C, 0x4C, 0xFF,
    0x68, 0x6A, 0x68, 0xFF, 0x94, 0x94, 0x94, 0xFF, 0x97, 0x96, 0x97, 0xFF, 0x4A, 0x49, 0x4A, 0xFF, 0x0C, 0x0C, 0x0C, 0xFC, 0x06, 0x07, 0x06, 0xFB,
    0x17, 0x16, 0x17, 0xFF, 0x1A, 0x19, 0x1A, 0xFF, 0x1B, 0x1B, 0x1B, 0xFF, 0x24, 0x24, 0x24, 0xFF, 0x15, 0x15, 0x15, 0xFF, 0x0D, 0x0F, 0x0D, 0xFF,
    0x10, 0x11, 0x10, 0xFF, 0x02, 0x03, 0x02, 0xFF, 0x3D, 0x3D, 0x3D, 0xFF, 0x5C, 0x5C, 0x5C, 0xFF, 0x5A, 0x59, 0x59, 0xFF, 0xBD, 0xBC, 0xBD, 0xFF,
    0x65, 0x65, 0x65, 0xFF, 0x4B, 0x4C, 0x4B, 0xFF, 0xBD, 0xBD, 0xBD, 0xFF, 0x7A, 0x7A, 0x7A, 0xFF, 0x7B, 0x7B, 0x7C, 0xFF, 0x71, 0x70, 0x71, 0xF2,
    0x31, 0x32, 0x31, 0xD3, 0x04, 0x04, 0x04, 0xFF, 0x12, 0x15, 0x14, 0xFE, 0x2C, 0x7D, 0x9B, 0xFF, 0x6F, 0x71, 0x74, 0xFF, 0xA0, 0x9F, 0x9F, 0xFF,
    0x86, 0x85, 0x85, 0xFE, 0x54, 0x55, 0x52, 0xFD, 0x8C, 0x8E, 0x89, 0x5B, 0x00, 0x00, 0x00, 0x00, 0x00, 0x00, 0x00, 0x00, 0x00, 0x00, 0x00, 0x00,
    0x00, 0x00, 0x00, 0x00, 0x00, 0x00, 0x00, 0x00, 0x00, 0x00, 0x00, 0x00, 0x00, 0x00, 0x00, 0x00, 0x45, 0x45, 0x43, 0x7C, 0x71, 0x6F, 0x71, 0xFF,
    0x85, 0x85, 0x85, 0xFB, 0x11, 0x11, 0x11, 0xFF, 0x05, 0x04, 0x05, 0xFF, 0x09, 0x08, 0x09, 0xFF, 0x20, 0x21, 0x20, 0xFF, 0x55, 0x55, 0x55, 0xFF,
    0x5C, 0x5D, 0x5C, 0xFF, 0x96, 0x96, 0x96, 0xFF, 0x90, 0x8E, 0x90, 0xFE, 0x47, 0x46, 0x47, 0xFF, 0x16, 0x14, 0x16, 0xD0, 0x09, 0x0B, 0x09, 0xCD,
    0x0B, 0x0B, 0x0B, 0xFF, 0x22, 0x21, 0x22, 0xFD, 0x1B, 0x1B, 0x1B, 0xFF, 0x20, 0x21, 0x20, 0xFF, 0x1A, 0x1B, 0x1A, 0xFF, 0x14, 0x14, 0x14, 0xFF,
    0x0A, 0x0A, 0x0A, 0xFF, 0x07, 0x08, 0x07, 0xFF, 0x5A, 0x5A, 0x5A, 0xFF, 0x4F, 0x4C, 0x4F, 0xFF, 0x67, 0x66, 0x67, 0xFF, 0x90, 0x8F, 0x90, 0xFF,
    0x51, 0x4F, 0x51, 0xFF, 0x19, 0x1A, 0x19, 0xFF, 0x76, 0x75, 0x77, 0xFF, 0x83, 0x81, 0x83, 0xFE, 0x8C, 0x8A, 0x8A, 0xFF, 0x9F, 0xA0, 0x9F, 0xE9,
    0x36, 0x33, 0x33, 0x71, 0x0D, 0x0F, 0x0F, 0xFD, 0x16, 0x0D, 0x08, 0xFE, 0x28, 0x5E, 0x7B, 0xFF, 0x5C, 0x73, 0x86, 0xFF, 0x95, 0x91, 0x8C, 0xFF,
    0x9A, 0x9B, 0x9B, 0xFE, 0x53, 0x54, 0x52, 0xFF, 0x3F, 0x3F, 0x3F, 0x4C, 0x00, 0x00, 0x00, 0x00, 0x00, 0x00, 0x00, 0x00, 0x00, 0x00, 0x00, 0x00,
    0x00, 0x00, 0x00, 0x00, 0x00, 0x00, 0x00, 0x00, 0x00, 0x00, 0x00, 0x00, 0xFF, 0xFF, 0xFF, 0x01, 0x4E, 0x4E, 0x4E, 0xBA, 0x80, 0x81, 0x81, 0xFF,
    0x30, 0x2F, 0x2F, 0xFC, 0x02, 0x01, 0x02, 0xFF, 0x0D, 0x0D, 0x0E, 0xFF, 0x05, 0x04, 0x04, 0xFF, 0x32, 0x31, 0x31, 0xFF, 0x5B, 0x5D, 0x5B, 0xFF,
    0x6B, 0x6C, 0x6B, 0xFF, 0x92, 0x92, 0x92, 0xFF, 0x81, 0x81, 0x81, 0xFC, 0x43, 0x42, 0x43, 0xFE, 0x33, 0x33, 0x33, 0xA0, 0x02, 0x02, 0x02, 0xB7,
    0x19, 0x18, 0x19, 0xFF, 0x1A, 0x19, 0x1A, 0xFC, 0x2C, 0x2B, 0x2C, 0xFF, 0x1F, 0x1F, 0x1F, 0xFF, 0x14, 0x13, 0x14, 0xFF, 0x0E, 0x0E, 0x0E, 0xFF,
    0x01, 0x01, 0x01, 0xFF, 0x23, 0x24, 0x24, 0xFF, 0x5D, 0x58, 0x57, 0xFF, 0x35, 0x33, 0x35, 0xFF, 0x79, 0x7A, 0x79, 0xFF, 0x61, 0x60, 0x61, 0xFF,
    0x5B, 0x5A, 0x5B, 0xFF, 0x51, 0x51, 0x51, 0xFF, 0x58, 0x57, 0x57, 0xFF, 0x89, 0x8A, 0x8E, 0xFF, 0x68, 0x73, 0x80, 0xFF, 0x9C, 0x9C, 0x9B, 0xFD,
    0x73, 0x73, 0x73, 0x54, 0x06, 0x06, 0x07, 0xE8, 0x18, 0x15, 0x13, 0xFF, 0x1C, 0x25, 0x32, 0xFE, 0x4E, 0x5A, 0x67, 0xFF, 0x8D, 0x8B, 0x88, 0xFD,
    0xA4, 0xA5, 0xA5, 0xFE, 0x55, 0x53, 0x52, 0xCF, 0x48, 0x48, 0x48, 0x0E, 0x00, 0x00, 0x00, 0x00, 0x00, 0x00, 0x00, 0x00, 0x00, 0x00, 0x00, 0x00,
    0x00, 0x00, 0x00, 0x00, 0x00, 0x00, 0x00, 0x00, 0x00, 0x00, 0x00, 0x00, 0x00, 0x00, 0x00, 0x00, 0x53, 0x53, 0x53, 0x4F, 0x24, 0x25, 0x23, 0xFD,
    0x06, 0x06, 0x06, 0xFE, 0x0E, 0x0E, 0x0E, 0xFE, 0x0C, 0x0B, 0x0C, 0xFF, 0x01, 0x01, 0x01, 0xFF, 0x2D, 0x2B, 0x2C, 0xFF, 0x7D, 0x7D, 0x7D, 0xFF,
    0x8A, 0x8A, 0x8A, 0xFF, 0x85, 0x86, 0x85, 0xFF, 0x7E, 0x7E, 0x7E, 0xFC, 0x74, 0x75, 0x74, 0xFF, 0x37, 0x37, 0x37, 0x53, 0x10, 0x0F, 0x10, 0xC4,
    0x17, 0x17, 0x17, 0xFF, 0x24, 0x23, 0x24, 0xFD, 0x21, 0x21, 0x21, 0xFF, 0x23, 0x24, 0x23, 0xFF, 0x18, 0x18, 0x18, 0xFF, 0x0C, 0x0C, 0x0C, 0xFF,
    0x07, 0x08, 0x09, 0xFF, 0x2D, 0x2C, 0x26, 0xFF, 0x23, 0x48, 0x5F, 0xFF, 0x46, 0x4D, 0x59, 0xFF, 0x80, 0x7E, 0x7C, 0xFF, 0x62, 0x63, 0x63, 0xFF,
    0x7C, 0x7D, 0x7C, 0xFF, 0x8A, 0x8A, 0x8B, 0xFF, 0x4F, 0x4E, 0x4E, 0xFF, 0x9A, 0x9B, 0x9F, 0xFF, 0x5D, 0x77, 0x9C, 0xFE, 0x7B, 0x7E, 0x81, 0xFF,
    0xCA, 0xCA, 0xC5, 0x2C, 0x02, 0x04, 0x04, 0xBD, 0x16, 0x16, 0x17, 0xFF, 0x18, 0x17, 0x15, 0xFD, 0x3D, 0x3C, 0x39, 0xFF, 0x85, 0x85, 0x86, 0xFB,
    0x7E, 0x7E, 0x7D, 0xFF, 0x39, 0x39, 0x39, 0x6F, 0x00, 0x00, 0x00, 0x00, 0x00, 0x00, 0x00, 0x00, 0x00, 0x00, 0x00, 0x00, 0x00, 0x00, 0x00, 0x00,
    0x00, 0x00, 0x00, 0x00, 0x00, 0x00, 0x00, 0x00, 0x00, 0x00, 0x00, 0x00, 0x15, 0x15, 0x15, 0x0C, 0x01, 0x01, 0x01, 0xBD, 0x00, 0x00, 0x01, 0xFF,
    0x0C, 0x0C, 0x0C, 0xFD, 0x11, 0x10, 0x10, 0xFF, 0x11, 0x10, 0x10, 0xFF, 0x07, 0x07, 0x06, 0xFF, 0x17, 0x16, 0x16, 0xFF, 0x58, 0x57, 0x57, 0xFF,
    0x7A, 0x7A, 0x7A, 0xFF, 0x84, 0x84, 0x84, 0xFC, 0x91, 0x93, 0x91, 0xFF, 0x80, 0x82, 0x80, 0xC4, 0x29, 0x29, 0x29, 0x43, 0x11, 0x10, 0x10, 0xF9,
    0x21, 0x20, 0x21, 0xFE, 0x1D, 0x1D, 0x1D, 0xFF, 0x26, 0x25, 0x26, 0xFF, 0x1A, 0x1B, 0x1A, 0xFF, 0x14, 0x14, 0x14, 0xFF, 0x0A, 0x09, 0x0A, 0xFF,
    0x1C, 0x1D, 0x1A, 0xFF, 0x2D, 0x2C, 0x33, 0xFF, 0x27, 0x53, 0x7C, 0xFF, 0x6E, 0x6F, 0x6F, 0xFF, 0x77, 0x78, 0x77, 0xFF, 0x4D, 0x4E, 0x4E, 0xFF,
    0x95, 0x95, 0x95, 0xFF, 0xAA, 0xAA, 0xAB, 0xFF, 0x4F, 0x51, 0x50, 0xFF, 0x92, 0x91, 0x8E, 0xFF, 0x78, 0x83, 0x94, 0xFD, 0x72, 0x76, 0x83, 0xFF,
    0x97, 0x93, 0x8D, 0x85, 0x01, 0x02, 0x02, 0xB5, 0x0F, 0x0F, 0x0F, 0xFC, 0x16, 0x16, 0x17, 0xFC, 0x49, 0x49, 0x4A, 0xFE, 0x68, 0x6A, 0x68, 0xFC,
    0x28, 0x27, 0x28, 0xFA, 0x2D, 0x2D, 0x2D, 0x2D, 0x00, 0x00, 0x00, 0x01, 0x00, 0x00, 0x00, 0x00, 0x00, 0x00, 0x00, 0x00, 0x00, 0x00, 0x00, 0x00,
    0x00, 0x00, 0x00, 0x00, 0x00, 0x00, 0x00, 0x00, 0x00, 0x00, 0x00, 0x00, 0x0A, 0x0A, 0x0A, 0x62, 0x04, 0x04, 0x04, 0xFF, 0x03, 0x03, 0x03, 0xFE,
    0x01, 0x01, 0x01, 0xFF, 0x02, 0x02, 0x02, 0xFF, 0x05, 0x04, 0x04, 0xFF, 0x10, 0x0F, 0x10, 0xFF, 0x04, 0x04, 0x04, 0xFF, 0x06, 0x05, 0x06, 0xFF,
    0x2C, 0x2C, 0x2C, 0xFD, 0x58, 0x58, 0x58, 0xFC, 0x70, 0x70, 0x6F, 0xE3, 0x5A, 0x5A, 0x55, 0x30, 0x20, 0x1F, 0x20, 0xDB, 0x15, 0x15, 0x14, 0xFF,
    0x1C, 0x1C, 0x1C, 0xFD, 0x1E, 0x1D, 0x1E, 0xFF, 0x21, 0x21, 0x21, 0xFF, 0x19, 0x1A, 0x19, 0xFF, 0x08, 0x06, 0x08, 0xFF, 0x16, 0x18, 0x19, 0xFF,
    0x1B, 0x12, 0x0E, 0xFF, 0x13, 0x49, 0x60, 0xFF, 0x36, 0x4A, 0x5D, 0xFF, 0x54, 0x4D, 0x4A, 0xFF, 0x5F, 0x5F, 0x60, 0xFF, 0x50, 0x51, 0x50, 0xFF,
    0x8F, 0x8F, 0x8F, 0xFF, 0x92, 0x92, 0x92, 0xFF, 0x62, 0x62, 0x63, 0xFF, 0x83, 0x80, 0x7E, 0xFF, 0x86, 0x91, 0x9B, 0xFF, 0x72, 0x87, 0xA3, 0xFF,
    0x6E, 0x6B, 0x67, 0xFC, 0x21, 0x21, 0x20, 0xEF, 0x0F, 0x0E, 0x0F, 0xFF, 0x10, 0x0F, 0x0F, 0xFD, 0x2E, 0x30, 0x2E, 0xF9, 0x1C, 0x1C, 0x1B, 0xFF,
    0x25, 0x22, 0x22, 0x7C, 0x00, 0x00, 0x00, 0x00, 0x00, 0x00, 0x00, 0x03, 0x00, 0x00, 0x00, 0x00, 0x00, 0x00, 0x00, 0x00, 0x00, 0x00, 0x00, 0x00,
    0x00, 0x00, 0x00, 0x00, 0x00, 0x00, 0x00, 0x00, 0x00, 0x00, 0x00, 0x00, 0x09, 0x09, 0x09, 0x36, 0x04, 0x04, 0x04, 0xEE, 0x03, 0x03, 0x02, 0xFE,
    0x03, 0x03, 0x03, 0xFE, 0x03, 0x03, 0x03, 0xFF, 0x00, 0x00, 0x00, 0xFF, 0x08, 0x08, 0x08, 0xFF, 0x15, 0x14, 0x14, 0xFF, 0x08, 0x09, 0x08, 0xFF,
    0x00, 0x00, 0x00, 0xFA, 0x08, 0x07, 0x07, 0xFF, 0x09, 0x09, 0x09, 0x6F, 0x16, 0x0B, 0x16, 0x17, 0x0F, 0x0F, 0x0F, 0xFF, 0x18, 0x19, 0x18, 0xFF,
    0x12, 0x11, 0x13, 0xFE, 0x17, 0x17, 0x17, 0xFF, 0x15, 0x16, 0x15, 0xFF, 0x09, 0x09, 0x09, 0xFF, 0x0B, 0x0B, 0x0D, 0xFF, 0x21, 0x1C, 0x1C, 0xFF,
    0x1E, 0x2A, 0x2D, 0xFF, 0x19, 0x86, 0x9B, 0xFF, 0x4D, 0x50, 0x51, 0xFF, 0x4F, 0x50, 0x4F, 0xFF, 0x2E, 0x2E, 0x2E, 0xFF, 0x4F, 0x4E, 0x4F, 0xFF,
    0x6A, 0x6A, 0x6A, 0xFF, 0x64, 0x65, 0x64, 0xFF, 0x50, 0x4E, 0x50, 0xFF, 0x5A, 0x59, 0x5A, 0xFF, 0xA6, 0xA8, 0xA9, 0xFF, 0x6D, 0x82, 0xA0, 0xFD,
    0x7F, 0x7E, 0x7D, 0xFF, 0x6B, 0x6E, 0x6A, 0xD0, 0x15, 0x14, 0x15, 0xBB, 0x1F, 0x1E, 0x1E, 0xFF, 0x0B, 0x0B, 0x0B, 0xFF, 0x0A, 0x09, 0x09, 0xC0,
    0x3F, 0x3F, 0x3F, 0x08, 0x00, 0x00, 0x00, 0x02, 0x00, 0x00, 0x00, 0x01, 0x00, 0x00, 0x00, 0x00, 0x00, 0x00, 0x00, 0x00, 0x00, 0x00, 0x00, 0x00,
    0x00, 0x00, 0x00, 0x00, 0x00, 0x00, 0x00, 0x00, 0x00, 0x00, 0x00, 0x00, 0x00, 0x00, 0x00, 0x00, 0x06, 0x06, 0x06, 0x9F, 0x04, 0x03, 0x03, 0xFF,
    0x03, 0x03, 0x02, 0xFB, 0x03, 0x03, 0x03, 0xFF, 0x03, 0x03, 0x03, 0xFF, 0x00, 0x00, 0x01, 0xFF, 0x06, 0x05, 0x05, 0xFD, 0x0F, 0x0E, 0x0E, 0xF9,
    0x0F, 0x0E, 0x0F, 0xFF, 0x18, 0x18, 0x18, 0xAA, 0xFF, 0xFF, 0xFF, 0x04, 0x1F, 0x1B, 0x1F, 0x49, 0x18, 0x18, 0x18, 0xFE, 0x13, 0x14, 0x13, 0xFD,
    0x31, 0x30, 0x31, 0xFF, 0x1A, 0x1C, 0x1A, 0xFF, 0x04, 0x05, 0x04, 0xFF, 0x0A, 0x08, 0x0A, 0xFF, 0x2F, 0x31, 0x33, 0xFF, 0x2F, 0x24, 0x1E, 0xFF,
    0x12, 0x33, 0x6B, 0xFF, 0x34, 0x52, 0x75, 0xFF, 0x69, 0x63, 0x5C, 0xFF, 0x5D, 0x5E, 0x5F, 0xFF, 0x25, 0x24, 0x25, 0xFF, 0x31, 0x30, 0x31, 0xFF,
    0x6D, 0x6D, 0x6D, 0xFF, 0x65, 0x65, 0x65, 0xFF, 0x64, 0x63, 0x64, 0xFF, 0x5E, 0x5C, 0x5F, 0xFF, 0xA5, 0xA1, 0x9E, 0xFF, 0x7A, 0x94, 0xA5, 0xFC,
    0x82, 0x94, 0xA1, 0xFE, 0x9F, 0x98, 0x96, 0xBA, 0x00, 0x00, 0x00, 0x00, 0x21, 0x21, 0x21, 0x45, 0x22, 0x22, 0x22, 0x60, 0x1F, 0x1F, 0x1F, 0x08,
    0x00, 0x00, 0x00, 0x00, 0x00, 0x00, 0x00, 0x01, 0x00, 0x00, 0x00, 0x00, 0x00, 0x00, 0x00, 0x00, 0x00, 0x00, 0x00, 0x00, 0x00, 0x00, 0x00, 0x00,
    0x00, 0x00, 0x00, 0x00, 0x00, 0x00, 0x00, 0x00, 0x00, 0x00, 0x00, 0x00, 0x00, 0x00, 0x00, 0x01, 0x07, 0x07, 0x07, 0x6A, 0x04, 0x04, 0x04, 0xFD,
    0x04, 0x04, 0x04, 0xF8, 0x04, 0x03, 0x03, 0xFD, 0x04, 0x03, 0x03, 0xFC, 0x02, 0x02, 0x02, 0xFD, 0x01, 0x01, 0x01, 0xFF, 0x03, 0x01, 0x01, 0xFF,
    0x04, 0x04, 0x04, 0xF0, 0x0A, 0x0F, 0x0F, 0x30, 0x00, 0x00, 0x00, 0x00, 0x1A, 0x1D, 0x1A, 0x5F, 0x28, 0x29, 0x28, 0xFF, 0x18, 0x17, 0x18, 0xFC,
    0x28, 0x28, 0x28, 0xFF, 0x55, 0x57, 0x55, 0xFF, 0x20, 0x20, 0x20, 0xFF, 0x1B, 0x1C, 0x1C, 0xFF, 0x24, 0x1F, 0x1D, 0xFF, 0x14, 0x25, 0x27, 0xFF,
    0x1C, 0x44, 0x71, 0xFF, 0x4A, 0x44, 0x43, 0xFF, 0x58, 0x59, 0x59, 0xFF, 0x69, 0x69, 0x69, 0xFF, 0x31, 0x30, 0x31, 0xFF, 0x39, 0x3B, 0x39, 0xFF,
    0xA6, 0xA7, 0xA6, 0xFF, 0xA5, 0xA4, 0xA5, 0xFF, 0x85, 0x85, 0x85, 0xFF, 0x60, 0x5F, 0x61, 0xFF, 0x94, 0x8D, 0x8C, 0xFF, 0x8C, 0xAA, 0xB8, 0xFD,
    0x6A, 0x88, 0x9A, 0xFF, 0x7E, 0x75, 0x73, 0xE2, 0x00, 0x00, 0x00, 0x09, 0x00, 0x00, 0x00, 0x00, 0x00, 0x00, 0x00, 0x00, 0x00, 0x00, 0x00, 0x00,
    0x00, 0x00, 0x00, 0x01, 0x00, 0x00, 0x00, 0x00, 0x00, 0x00, 0x00, 0x00, 0x00, 0x00, 0x00, 0x00, 0x00, 0x00, 0x00, 0x00, 0x00, 0x00, 0x00, 0x00,
    0x00, 0x00, 0x00, 0x00, 0x00, 0x00, 0x00, 0x00, 0x00, 0x00, 0x00, 0x00, 0x00, 0x00, 0x00, 0x00, 0x0B, 0x0B, 0x0B, 0x43, 0x05, 0x05, 0x05, 0xFF,
    0x04, 0x04, 0x05, 0xFF, 0x04, 0x04, 0x04, 0xFF, 0x05, 0x05, 0x05, 0xFF, 0x06, 0x06, 0x06, 0xFF, 0x07, 0x05, 0x07, 0xD9, 0x05, 0x05, 0x05, 0x82,
    0x07, 0x07, 0x07, 0x20, 0x00, 0x00, 0x00, 0x00, 0x00, 0x00, 0x00, 0x01, 0x2D, 0x2D, 0x2D, 0x27, 0x24, 0x24, 0x24, 0xF2, 0x1A, 0x1B, 0x1A, 0xFD,
    0x23, 0x22, 0x23, 0xFE, 0x24, 0x24, 0x24, 0xFF, 0x3E, 0x3E, 0x3E, 0xFF, 0x36, 0x39, 0x38, 0xFF, 0x21, 0x17, 0x14, 0xFF, 0x14, 0x68, 0x8F, 0xFF,
    0x27, 0x4D, 0x5D, 0xFF, 0x36, 0x2E, 0x29, 0xFF, 0x24, 0x26, 0x26, 0xFF, 0x46, 0x46, 0x46, 0xFF, 0x40, 0x40, 0x40, 0xFF, 0x41, 0x42, 0x41, 0xFF,
    0xA7, 0xA8, 0xA7, 0xFF, 0x9C, 0x9B, 0x9C, 0xFF, 0x7E, 0x7F, 0x7E, 0xFF, 0x46, 0x45, 0x46, 0xFF, 0x87, 0x87, 0x87, 0xFF, 0xA0, 0x9F, 0x9F, 0xFB,
    0x74, 0x75, 0x75, 0xFE, 0x77, 0x77, 0x77, 0xB8, 0x00, 0x00, 0x00, 0x02, 0x66, 0x66, 0x66, 0x05, 0x00, 0x00, 0x00, 0x04, 0x00, 0x00, 0x00, 0x01,
    0x00, 0x00, 0x00, 0x00, 0x00, 0x00, 0x00, 0x00, 0x00, 0x00, 0x00, 0x00, 0x00, 0x00, 0x00, 0x00, 0x00, 0x00, 0x00, 0x00, 0x00, 0x00, 0x00, 0x00,
    0x00, 0x00, 0x00, 0x00, 0x00, 0x00, 0x00, 0x00, 0x00, 0x00, 0x00, 0x00, 0x00, 0x00, 0x00, 0x01, 0x00, 0x00, 0x00, 0x02, 0x08, 0x08, 0x08, 0x57,
    0x06, 0x06, 0x06, 0xA5, 0x06, 0x06, 0x06, 0xC7, 0x07, 0x07, 0x07, 0xA8, 0x09, 0x09, 0x09, 0x4E, 0x19, 0x19, 0x19, 0x0A, 0x00, 0x00, 0x00, 0x00,
    0x00, 0x00, 0x00, 0x00, 0x00, 0x00, 0x00, 0x01, 0x55, 0x55, 0x55, 0x03, 0x00, 0x00, 0x00, 0x00, 0x2E, 0x2E, 0x2E, 0x93, 0x32, 0x32, 0x32, 0xFF,
    0x2D, 0x2E, 0x2D, 0xFA, 0x23, 0x23, 0x23, 0xFF, 0x13, 0x14, 0x14, 0xFF, 0x31, 0x30, 0x2B, 0xFF, 0x2F, 0x37, 0x49, 0xFF, 0x1D, 0x44, 0x86, 0xFF,
    0x4B, 0x46, 0x42, 0xFF, 0x43, 0x44, 0x45, 0xFF, 0x41, 0x40, 0x41, 0xFF, 0x2F, 0x2F, 0x2F, 0xFF, 0x42, 0x42, 0x42, 0xFF, 0x64, 0x64, 0x64, 0xFF,
    0x85, 0x86, 0x85, 0xFF, 0x90, 0x90, 0x90, 0xFF, 0x7C, 0x7E, 0x7C, 0xFF, 0x51, 0x52, 0x51, 0xFF, 0x8A, 0x8B, 0x8A, 0xFF, 0x8F, 0x8F, 0x8F, 0xFC,
    0x7A, 0x79, 0x79, 0xFF, 0x90, 0x90, 0x90, 0x58, 0x00, 0x00, 0x00, 0x00, 0xAA, 0xAA, 0xAA, 0x03, 0x00, 0x00, 0x00, 0x00, 0x00, 0x00, 0x00, 0x00,
    0x00, 0x00, 0x00, 0x00, 0x00, 0x00, 0x00, 0x00, 0x00, 0x00, 0x00, 0x00, 0x00, 0x00, 0x00, 0x00, 0x00, 0x00, 0x00, 0x00, 0x00, 0x00, 0x00, 0x00,
    0x00, 0x00, 0x00, 0x00, 0x00, 0x00, 0x00, 0x00, 0x00, 0x00, 0x00, 0x00, 0x00, 0x00, 0x00, 0x00, 0x00, 0x00, 0x00, 0x00, 0x00, 0x00, 0x00, 0x00,
    0x00, 0x00, 0x00, 0x00, 0x00, 0x00, 0x00, 0x00, 0x00, 0x00, 0x00, 0x00, 0x00, 0x00, 0x00, 0x00, 0x00, 0x00, 0x00, 0x00, 0x00, 0x00, 0x00, 0x03,
    0x00, 0x00, 0x00, 0x02, 0x00, 0x00, 0x00, 0x00, 0x00, 0x00, 0x00, 0x01, 0x00, 0x00, 0x00, 0x02, 0x51, 0x51, 0x51, 0x16, 0x3D, 0x3D, 0x3D, 0xDF,
    0x38, 0x39, 0x38, 0xFF, 0x23, 0x22, 0x23, 0xFA, 0x26, 0x27, 0x27, 0xFE, 0x0E, 0x0E, 0x0D, 0xFF, 0x25, 0x28, 0x2D, 0xFF, 0x24, 0x23, 0x24, 0xFF,
    0x41, 0x42, 0x40, 0xFF, 0x4F, 0x50, 0x4F, 0xFF, 0x4D, 0x4C, 0x4D, 0xFF, 0x52, 0x53, 0x52, 0xFF, 0x2D, 0x2D, 0x2D, 0xFF, 0x65, 0x64, 0x65, 0xFF,
    0x79, 0x79, 0x79, 0xFF, 0x71, 0x73, 0x71, 0xFF, 0x90, 0x92, 0x90, 0xFF, 0x65, 0x64, 0x65, 0xFF, 0x6D, 0x6D, 0x6D, 0xFD, 0x8B, 0x8A, 0x8B, 0xFE,
    0x85, 0x84, 0x85, 0xD9, 0x6A, 0x6A, 0x6A, 0x0C, 0xFF, 0xFF, 0xFF, 0x01, 0x00, 0x00, 0x00, 0x01, 0x00, 0x00, 0x00, 0x00, 0x00, 0x00, 0x00, 0x00,
    0x00, 0x00, 0x00, 0x00, 0x00, 0x00, 0x00, 0x00, 0x00, 0x00, 0x00, 0x00, 0x00, 0x00, 0x00, 0x00, 0x00, 0x00, 0x00, 0x00, 0x00, 0x00, 0x00, 0x00,
    0x00, 0x00, 0x00, 0x00, 0x00, 0x00, 0x00, 0x00, 0x00, 0x00, 0x00, 0x00, 0x00, 0x00, 0x00, 0x00, 0x00, 0x00, 0x00, 0x00, 0x00, 0x00, 0x00, 0x03,
    0x00, 0x00, 0x00, 0x03, 0x00, 0x00, 0x00, 0x00, 0x00, 0x00, 0x00, 0x03, 0x00, 0x00, 0x00, 0x03, 0x00, 0x00, 0x00, 0x01, 0x00, 0x00, 0x00, 0x00,
    0x00, 0x00, 0x00, 0x00, 0x00, 0x00, 0x00, 0x00, 0x00, 0x00, 0x00, 0x00, 0x00, 0x00, 0x00, 0x02, 0x00, 0x00, 0x00, 0x00, 0x3C, 0x42, 0x3C, 0x2E,
    0x35, 0x36, 0x35, 0xD1, 0x29, 0x2A, 0x29, 0xFF, 0x26, 0x28, 0x26, 0xFF, 0x1C, 0x1B, 0x1C, 0xFB, 0x23, 0x23, 0x22, 0xFE, 0x37, 0x37, 0x37, 0xFF,
    0x26, 0x26, 0x26, 0xFF, 0x21, 0x21, 0x21, 0xFF, 0x47, 0x47, 0x47, 0xFF, 0x5E, 0x5D, 0x5E, 0xFF, 0x5F, 0x5F, 0x5F, 0xFF, 0x7F, 0x7E, 0x7F, 0xFF,
    0x94, 0x94, 0x94, 0xFF, 0x96, 0x97, 0x96, 0xFF, 0xA8, 0xA9, 0xA8, 0xFF, 0x7B, 0x7D, 0x7B, 0xFF, 0x65, 0x64, 0x65, 0xFB, 0x9D, 0x9C, 0x9D, 0xFF,
    0xA2, 0x9F, 0xA2, 0x60, 0x00, 0x00, 0x00, 0x00, 0xAA, 0xAA, 0xAA, 0x03, 0x00, 0x00, 0x00, 0x00, 0x00, 0x00, 0x00, 0x00, 0x00, 0x00, 0x00, 0x00,
    0x00, 0x00, 0x00, 0x00, 0x00, 0x00, 0x00, 0x00, 0x00, 0x00, 0x00, 0x00, 0x00, 0x00, 0x00, 0x00, 0x00, 0x00, 0x00, 0x00, 0x00, 0x00, 0x00, 0x00,
    0x00, 0x00, 0x00, 0x00, 0x00, 0x00, 0x00, 0x00, 0x00, 0x00, 0x00, 0x00, 0x00, 0x00, 0x00, 0x00, 0x00, 0x00, 0x00, 0x00, 0x00, 0x00, 0x00, 0x00,
    0x00, 0x00, 0x00, 0x00, 0x00, 0x00, 0x00, 0x00, 0x00, 0x00, 0x00, 0x00, 0x00, 0x00, 0x00, 0x00, 0x00, 0x00, 0x00, 0x00, 0x00, 0x00, 0x00, 0x00,
    0x00, 0x00, 0x00, 0x00, 0x00, 0x00, 0x00, 0x00, 0x00, 0x00, 0x00, 0x00, 0x00, 0x00, 0x00, 0x00, 0x00, 0x00, 0x00, 0x02, 0x00, 0x00, 0x00, 0x00,
    0x1C, 0x1C, 0x1C, 0x09, 0x33, 0x33, 0x33, 0x73, 0x27, 0x29, 0x27, 0xE8, 0x2F, 0x2E, 0x2F, 0xFF, 0x40, 0x3F, 0x40, 0xFF, 0x48, 0x48, 0x48, 0xFB,
    0x1A, 0x1A, 0x1A, 0xFE, 0x22, 0x22, 0x22, 0xFF, 0x3F, 0x3E, 0x3F, 0xFF, 0x61, 0x60, 0x61, 0xFF, 0x89, 0x8A, 0x89, 0xFF, 0x97, 0x97, 0x97, 0xFF,
    0xA4, 0xA5, 0xA4, 0xFF, 0xA1, 0xA0, 0xA1, 0xFF, 0x89, 0x8B, 0x89, 0xFF, 0x66, 0x67, 0x66, 0xFB, 0x79, 0x78, 0x79, 0xFF, 0xA0, 0xA0, 0xA0, 0xC2,
    0xBF, 0xBF, 0xBF, 0x04, 0x7F, 0x7F, 0x7F, 0x02, 0x00, 0x00, 0x00, 0x00, 0x00, 0x00, 0x00, 0x00, 0x00, 0x00, 0x00, 0x00, 0x00, 0x00, 0x00, 0x00,
    0x00, 0x00, 0x00, 0x00, 0x00, 0x00, 0x00, 0x00, 0x00, 0x00, 0x00, 0x00, 0x00, 0x00, 0x00, 0x00, 0x00, 0x00, 0x00, 0x00, 0x00, 0x00, 0x00, 0x00,
    0x00, 0x00, 0x00, 0x00, 0x00, 0x00, 0x00, 0x00, 0x00, 0x00, 0x00, 0x00, 0x00, 0x00, 0x00, 0x00, 0x00, 0x00, 0x00, 0x00, 0x00, 0x00, 0x00, 0x00,
    0x00, 0x00, 0x00, 0x00, 0x00, 0x00, 0x00, 0x00, 0x00, 0x00, 0x00, 0x00, 0x00, 0x00, 0x00, 0x00, 0x00, 0x00, 0x00, 0x00, 0x00, 0x00, 0x00, 0x00,
    0x00, 0x00, 0x00, 0x00, 0x00, 0x00, 0x00, 0x00, 0x00, 0x00, 0x00, 0x00, 0x00, 0x00, 0x00, 0x00, 0x00, 0x00, 0x00, 0x00, 0x00, 0x00, 0x00, 0x02,
    0x00, 0x00, 0x00, 0x00, 0x00, 0x00, 0x00, 0x00, 0x3F, 0x3F, 0x3F, 0x1C, 0x35, 0x35, 0x33, 0x8F, 0x41, 0x41, 0x41, 0xF6, 0x57, 0x56, 0x57, 0xFF,
    0x4C, 0x4C, 0x4C, 0xFF, 0x3F, 0x3E, 0x3F, 0xFC, 0x4E, 0x4E, 0x4E, 0xFC, 0x48, 0x45, 0x48, 0xFE, 0x69, 0x68, 0x69, 0xFF, 0x85, 0x86, 0x85, 0xFF,
    0x91, 0x93, 0x91, 0xFF, 0x8B, 0x8D, 0x8B, 0xFF, 0x6E, 0x6D, 0x6E, 0xFE, 0x85, 0x84, 0x85, 0xFF, 0x54, 0x53, 0x54, 0xD9, 0x7F, 0x77, 0x7F, 0x20,
    0x00, 0x00, 0x00, 0x00, 0x7F, 0x7F, 0x7F, 0x02, 0x00, 0x00, 0x00, 0x00, 0x00, 0x00, 0x00, 0x00, 0x00, 0x00, 0x00, 0x00, 0x00, 0x00, 0x00, 0x00,
    0x00, 0x00, 0x00, 0x00, 0x00, 0x00, 0x00, 0x00, 0x00, 0x00, 0x00, 0x00, 0x00, 0x00, 0x00, 0x00, 0x00, 0x00, 0x00, 0x00, 0x00, 0x00, 0x00, 0x00,
    0x00, 0x00, 0x00, 0x00, 0x00, 0x00, 0x00, 0x00, 0x00, 0x00, 0x00, 0x00, 0x00, 0x00, 0x00, 0x00, 0x00, 0x00, 0x00, 0x00, 0x00, 0x00, 0x00, 0x00,
    0x00, 0x00, 0x00, 0x00, 0x00, 0x00, 0x00, 0x00, 0x00, 0x00, 0x00, 0x00, 0x00, 0x00, 0x00, 0x00, 0x00, 0x00, 0x00, 0x00, 0x00, 0x00, 0x00, 0x00,
    0x00, 0x00, 0x00, 0x00, 0x00, 0x00, 0x00, 0x00, 0x00, 0x00, 0x00, 0x00, 0x00, 0x00, 0x00, 0x00, 0x00, 0x00, 0x00, 0x00, 0x00, 0x00, 0x00, 0x00,
    0x00, 0x00, 0x00, 0x01, 0x3F, 0x3F, 0x3F, 0x04, 0x00, 0x00, 0x00, 0x00, 0x00, 0x00, 0x00, 0x00, 0x36, 0x36, 0x36, 0x2A, 0x41, 0x41, 0x41, 0x95,
    0x5D, 0x5D, 0x5D, 0xF1, 0x5E, 0x5E, 0x5E, 0xFF, 0x60, 0x60, 0x60, 0xFF, 0x53, 0x51, 0x53, 0xFF, 0x59, 0x58, 0x59, 0xFF, 0x76, 0x76, 0x76, 0xFF,
    0x6F, 0x70, 0x6F, 0xFF, 0x69, 0x68, 0x69, 0xFC, 0x98, 0x96, 0x98, 0xFE, 0x82, 0x82, 0x82, 0xB8, 0x22, 0x22, 0x11, 0x0F, 0x00, 0x00, 0x00, 0x00,
    0x00, 0x00, 0x00, 0x01, 0x00, 0x00, 0x00, 0x00, 0x00, 0x00, 0x00, 0x00, 0x00, 0x00, 0x00, 0x00, 0x00, 0x00, 0x00, 0x00, 0x00, 0x00, 0x00, 0x00,
    0x00, 0x00, 0x00, 0x00, 0x00, 0x00, 0x00, 0x00, 0x00, 0x00, 0x00, 0x00, 0x00, 0x00, 0x00, 0x00, 0x00, 0x00, 0x00, 0x00, 0x00, 0x00, 0x00, 0x00,
    0x00, 0x00, 0x00, 0x00, 0x00, 0x00, 0x00, 0x00, 0x00, 0x00, 0x00, 0x00, 0x00, 0x00, 0x00, 0x00, 0x00, 0x00, 0x00, 0x00, 0x00, 0x00, 0x00, 0x00,
    0x00, 0x00, 0x00, 0x00, 0x00, 0x00, 0x00, 0x00, 0x00, 0x00, 0x00, 0x00, 0x00, 0x00, 0x00, 0x00, 0x00, 0x00, 0x00, 0x00, 0x00, 0x00, 0x00, 0x00,
    0x00, 0x00, 0x00, 0x00, 0x00, 0x00, 0x00, 0x00, 0x00, 0x00, 0x00, 0x00, 0x00, 0x00, 0x00, 0x00, 0x00, 0x00, 0x00, 0x00, 0x00, 0x00, 0x00, 0x00,
    0x00, 0x00, 0x00, 0x00, 0x00, 0x00, 0x00, 0x00, 0x00, 0x00, 0x00, 0x01, 0x55, 0x55, 0x55, 0x03, 0x00, 0x00, 0x00, 0x00, 0x00, 0x00, 0x00, 0x00,
    0x43, 0x43, 0x43, 0x22, 0x50, 0x4E, 0x50, 0x89, 0x58, 0x58, 0x58, 0xB0, 0x53, 0x53, 0x53, 0xF2, 0x64, 0x62, 0x64, 0xFE, 0x69, 0x6A, 0x69, 0xFE,
    0x6F, 0x70, 0x6F, 0xFF, 0x88, 0x88, 0x88, 0xFD, 0x9D, 0x9C, 0x9D, 0xFF, 0x58, 0x55, 0x58, 0x42, 0x00, 0x00, 0x00, 0x00, 0x7F, 0x7F, 0x7F, 0x04,
    0x00, 0x00, 0x00, 0x00, 0x00, 0x00, 0x00, 0x00, 0x00, 0x00, 0x00, 0x00, 0x00, 0x00, 0x00, 0x00, 0x00, 0x00, 0x00, 0x00, 0x00, 0x00, 0x00, 0x00,
    0x00, 0x00, 0x00, 0x00, 0x00, 0x00, 0x00, 0x00, 0x00, 0x00, 0x00, 0x00, 0x00, 0x00, 0x00, 0x00, 0x00, 0x00, 0x00, 0x00, 0x00, 0x00, 0x00, 0x00,
    0x00, 0x00, 0x00, 0x00, 0x00, 0x00, 0x00, 0x00, 0x00, 0x00, 0x00, 0x00, 0x00, 0x00, 0x00, 0x00, 0x00, 0x00, 0x00, 0x00, 0x00, 0x00, 0x00, 0x00,
    0x00, 0x00, 0x00, 0x00, 0x00, 0x00, 0x00, 0x00, 0x00, 0x00, 0x00, 0x00, 0x00, 0x00, 0x00, 0x00, 0x00, 0x00, 0x00, 0x00, 0x00, 0x00, 0x00, 0x00,
    0x00, 0x00, 0x00, 0x00, 0x00, 0x00, 0x00, 0x00, 0x00, 0x00, 0x00, 0x00, 0x00, 0x00, 0x00, 0x00, 0x00, 0x00, 0x00, 0x00, 0x00, 0x00, 0x00, 0x00,
    0x00, 0x00, 0x00, 0x00, 0x00, 0x00, 0x00, 0x00, 0x00, 0x00, 0x00, 0x00, 0x00, 0x00, 0x00, 0x00, 0x00, 0x00, 0x00, 0x02, 0x55, 0x55, 0x55, 0x03,
    0x00, 0x00, 0x00, 0x00, 0x00, 0x00, 0x00, 0x00, 0x00, 0x00, 0x00, 0x00, 0x64, 0x64, 0x64, 0x5E, 0x5A, 0x5B, 0x5A, 0xFF, 0x6B, 0x6C, 0x6B, 0xFB,
    0x95, 0x95, 0x95, 0xFA, 0xA5, 0xA5, 0xA5, 0xFF, 0x77, 0x79, 0x77, 0xE6, 0x00, 0x00, 0x00, 0x0C, 0xFF, 0xFF, 0xFF, 0x01, 0x00, 0x00, 0x00, 0x01,
    0x00, 0x00, 0x00, 0x00, 0x00, 0x00, 0x00, 0x00, 0x00, 0x00, 0x00, 0x00, 0x00, 0x00, 0x00, 0x00, 0x00, 0x00, 0x00, 0x00, 0x00, 0x00, 0x00, 0x00,
    0x00, 0x00, 0x00, 0x00, 0x00, 0x00, 0x00, 0x00, 0x00, 0x00, 0x00, 0x00, 0x00, 0x00, 0x00, 0x00, 0x00, 0x00, 0x00, 0x00, 0x00, 0x00, 0x00, 0x00,
    0x00, 0x00, 0x00, 0x00, 0x00, 0x00, 0x00, 0x00, 0x00, 0x00, 0x00, 0x00, 0x00, 0x00, 0x00, 0x00, 0x00, 0x00, 0x00, 0x00, 0x00, 0x00, 0x00, 0x00,
    0x00, 0x00, 0x00, 0x00, 0x00, 0x00, 0x00, 0x00, 0x00, 0x00, 0x00, 0x00, 0x00, 0x00, 0x00, 0x00, 0x00, 0x00, 0x00, 0x00, 0x00, 0x00, 0x00, 0x00,
    0x00, 0x00, 0x00, 0x00, 0x00, 0x00, 0x00, 0x00, 0x00, 0x00, 0x00, 0x00, 0x00, 0x00, 0x00, 0x00, 0x00, 0x00, 0x00, 0x00, 0x00, 0x00, 0x00, 0x00,
    0x00, 0x00, 0x00, 0x00, 0x00, 0x00, 0x00, 0x00, 0x00, 0x00, 0x00, 0x00, 0x00, 0x00, 0x00, 0x00, 0x00, 0x00, 0x00, 0x00, 0x00, 0x00, 0x00, 0x00,
    0x7F, 0x7F, 0x7F, 0x02, 0x3F, 0x3F, 0x3F, 0x04, 0x55, 0x55, 0x55, 0x03, 0x3F, 0x3F, 0x3F, 0x04, 0x5D, 0x5C, 0x5D, 0xD2, 0x74, 0x75, 0x74, 0xFF,
    0x7A, 0x7B, 0x7A, 0xFF, 0x73, 0x71, 0x73, 0xFF, 0x5F, 0x5F, 0x5F, 0x83, 0x00, 0x00, 0x00, 0x00, 0x55, 0x55, 0x55, 0x03, 0x00, 0x00, 0x00, 0x00,
    0x00, 0x00, 0x00, 0x00, 0x00, 0x00, 0x00, 0x00, 0x00, 0x00, 0x00, 0x00, 0x00, 0x00, 0x00, 0x00, 0x00, 0x00, 0x00, 0x00, 0x00, 0x00, 0x00, 0x00,
    0x00, 0x00, 0x00, 0x00, 0x00, 0x00, 0x00, 0x00, 0x00, 0x00, 0x00, 0x00, 0x00, 0x00, 0x00, 0x00, 0x00, 0x00, 0x00, 0x00, 0x00, 0x00, 0x00, 0x00,
    0x00, 0x00, 0x00, 0x00, 0x00, 0x00, 0x00, 0x00, 0x00, 0x00, 0x00, 0x00, 0x00, 0x00, 0x00, 0x00, 0x00, 0x00, 0x00, 0x00, 0x00, 0x00, 0x00, 0x00,
    0x00, 0x00, 0x00, 0x00, 0x00, 0x00, 0x00, 0x00, 0x00, 0x00, 0x00, 0x00, 0x00, 0x00, 0x00, 0x00, 0x00, 0x00, 0x00, 0x00, 0x00, 0x00, 0x00, 0x00,
    0x00, 0x00, 0x00, 0x00, 0x00, 0x00, 0x00, 0x00, 0x00, 0x00, 0x00, 0x00, 0x00, 0x00, 0x00, 0x00, 0x00, 0x00, 0x00, 0x00, 0x00, 0x00, 0x00, 0x00,
    0x00, 0x00, 0x00, 0x00, 0x00, 0x00, 0x00, 0x00, 0x00, 0x00, 0x00, 0x00, 0x00, 0x00, 0x00, 0x00, 0x00, 0x00, 0x00, 0x00, 0x00, 0x00, 0x00, 0x00,
    0x00, 0x00, 0x00, 0x00, 0x00, 0x00, 0x00, 0x00, 0x7F, 0x7F, 0x7F, 0x02, 0x00, 0x00, 0x00, 0x00, 0x5C, 0x58, 0x5C, 0x48, 0x5B, 0x5B, 0x5B, 0xC3,
    0x4E, 0x4E, 0x4E, 0x85, 0x49, 0x49, 0x49, 0x45, 0x55, 0x55, 0x55, 0x03, 0x00, 0x00, 0x00, 0x01, 0x00, 0x00, 0x00, 0x01, 0x00, 0x00, 0x00, 0x00,
    0x00, 0x00, 0x00, 0x00, 0x00, 0x00, 0x00, 0x00, 0x00, 0x00, 0x00, 0x00, 0x00, 0x00, 0x00, 0x00, 0x00, 0x00, 0x00, 0x00, 0x00, 0x00, 0x00, 0x00,
    0x00, 0x00, 0x00, 0x00, 0x00, 0x00, 0x00, 0x00, 0x00, 0x00, 0x00, 0x00, 0x00, 0x00, 0x00, 0x00, 0x00, 0x00, 0x00, 0x00, 0x00, 0x00, 0x00, 0x00,
    0x00, 0x00, 0x00, 0x00, 0x00, 0x00, 0x00, 0x00, 0x00, 0x00, 0x00, 0x00, 0x00, 0x00, 0x00, 0x00, 0x00, 0x00, 0x00, 0x00, 0x00, 0x00, 0x00, 0x00,
    0x00, 0x00, 0x00, 0x00, 0x00, 0x00, 0x00, 0x00, 0x00, 0x00, 0x00, 0x00, 0x00, 0x00, 0x00, 0x00, 0x00, 0x00, 0x00, 0x00, 0x00, 0x00, 0x00, 0x00,
    0x00, 0x00, 0x00, 0x00, 0x00, 0x00, 0x00, 0x00, 0x00, 0x00, 0x00, 0x00, 0x00, 0x00, 0x00, 0x00, 0x00, 0x00, 0x00, 0x00, 0x00, 0x00, 0x00, 0x00,
    0x00, 0x00, 0x00, 0x00, 0x00, 0x00, 0x00, 0x00, 0x00, 0x00, 0x00, 0x00, 0x00, 0x00, 0x00, 0x00, 0x00, 0x00, 0x00, 0x00, 0x00, 0x00, 0x00, 0x00,
    0x00, 0x00, 0x00, 0x00, 0x00, 0x00, 0x00, 0x00, 0x00, 0x00, 0x00, 0x00, 0x00, 0x00, 0x00, 0x00, 0x00, 0x00, 0x00, 0x00, 0x00, 0x00, 0x00, 0x00,
    0x00, 0x00, 0x00, 0x00, 0x00, 0x00, 0x00, 0x00, 0x00, 0x00, 0x00, 0x00, 0x00, 0x00, 0x00, 0x00, 0x00, 0x00, 0x00, 0x00, 0x00, 0x00, 0x00, 0x00,
    0x00, 0x00, 0x00, 0x00, 0x00, 0x00, 0x00, 0x00, 0x00, 0x00, 0x00, 0x00, 0x00, 0x00, 0x00, 0x00, 0x00, 0x00, 0x00, 0x00, 0x00, 0x00, 0x00, 0x00,
    0x00, 0x00, 0x00, 0x00, 0x00, 0x00, 0x00, 0x00, 0x00, 0x00, 0x00, 0x00, 0x00, 0x00, 0x00, 0x00, 0x00, 0x00, 0x00, 0x00, 0x00, 0x00, 0x00, 0x00,
    0x00, 0x00, 0x00, 0x00, 0x00, 0x00, 0x00, 0x00, 0x00, 0x00, 0x00, 0x00, 0x00, 0x00, 0x00, 0x00, 0x00, 0x00, 0x00, 0x00, 0x00, 0x00, 0x00, 0x00,
    0x00, 0x00, 0x00, 0x00, 0x00, 0x00, 0x00, 0x00, 0x00, 0x00, 0x00, 0x00, 0x00, 0x00, 0x00, 0x00, 0x00, 0x00, 0x00, 0x00, 0x00, 0x00, 0x00, 0x00,
    0x00, 0x00, 0x00, 0x00, 0x00, 0x00, 0x00, 0x00, 0x00, 0x00, 0x00, 0x00, 0x00, 0x00, 0x00, 0x00, 0x00, 0x00, 0x00, 0x00, 0x00, 0x00, 0x00, 0x00,
    0x00, 0x00, 0x00, 0x00, 0x00, 0x00, 0x00, 0x00, 0x00, 0x00, 0x00, 0x00, 0x00, 0x00, 0x00, 0x00, 0x00, 0x00, 0x00, 0x00, 0x00, 0x00, 0x00, 0x00,
    0x00, 0x00, 0x00, 0x00, 0x00, 0x00, 0x00, 0x00, 0x00, 0x00, 0x00, 0x00, 0x00, 0x00, 0x00, 0x00, 0x00, 0x00, 0x00, 0x00, 0x00, 0x00, 0x00, 0x00,
    0x00, 0x00, 0x00, 0x00, 0x00, 0x00, 0x00, 0x00, 0x00, 0x00, 0x00, 0x00, 0x00, 0x00, 0x00, 0x00, 0x00, 0x00, 0x00, 0x00, 0x00, 0x00, 0x00, 0x00,
    0x00, 0x00, 0x00, 0x00, 0x00, 0x00, 0x00, 0x00, 0x00, 0x00, 0x00, 0x00, 0x00, 0x00, 0x00, 0x00, 0x00, 0x00, 0x00, 0x00, 0x00, 0x00, 0x00, 0x00,
    0x00, 0x00, 0x00, 0x00, 0x00, 0x00, 0x00, 0x00, 0x00, 0x00, 0x00, 0x00, 0x00, 0x00, 0x00, 0x00, 0x00, 0x00, 0x00, 0x00, 0x00, 0x00, 0x00, 0x00,
    0x00, 0x00, 0x00, 0x00, 0x00, 0x00, 0x00, 0x00, 0x00, 0x00, 0x00, 0x00, 0x00, 0x00, 0x00, 0x00, 0x00, 0x00, 0x00, 0x00, 0x00, 0x00, 0x00, 0x00,
    0x00, 0x00, 0x00, 0x00, 0x00, 0x00, 0x00, 0x00, 0x00, 0x00, 0x00, 0x00, 0x00, 0x00, 0x00, 0x00, 0x00, 0x00, 0x00, 0x00, 0x00, 0x00, 0x00, 0x00,
    0x00, 0x00, 0x00, 0x00, 0x00, 0x00, 0x00, 0x00, 0x00, 0x00, 0x00, 0x00, 0x00, 0x00, 0x00, 0x00, 0x00, 0x00, 0x00, 0x00, 0x00, 0x00, 0x00, 0x00,
    0x00, 0x00, 0x00, 0x00, 0x00, 0x00, 0x00, 0x00, 0x00, 0x00, 0x00, 0x00, 0x00, 0x00, 0x00, 0x00, 0x00, 0x00, 0x00, 0x00, 0x00, 0x00, 0x00, 0x00,
    0x00, 0x00, 0x00, 0x00, 0x00, 0x00, 0x00, 0x00, 0x00, 0x00, 0x00, 0x00, 0x00, 0x00, 0x00, 0x00, 0x00, 0x00, 0x00, 0x00, 0x00, 0x00, 0x00, 0x00,
    0x00, 0x00, 0x00, 0x00, 0x00, 0x00, 0x00, 0x00, 0x00, 0x00, 0x00, 0x00, 0x00, 0x00, 0x00, 0x00, 0x00, 0x00, 0x00, 0x00, 0x00, 0x00, 0x00, 0x00,
    0x00, 0x00, 0x00, 0x00, 0x00, 0x00, 0x00, 0x00, 0x00, 0x00, 0x00, 0x00, 0x00, 0x00, 0x00, 0x00, 0x00, 0x00, 0x00, 0x00, 0x00, 0x00, 0x00, 0x00,
    0x00, 0x00, 0x00, 0x00, 0x00, 0x00, 0x00, 0x00, 0x00, 0x00, 0x00, 0x00, 0x00, 0x00, 0x00, 0x00, 0x00, 0x00, 0x00, 0x00, 0x00, 0x00, 0x00, 0x00,
};
inline constexpr std::array<std::uint8_t, 9216> exo_gauntlets = {
    0x00, 0x00, 0x00, 0x00, 0x00, 0x00, 0x00, 0x00, 0x00, 0x00, 0x00, 0x00, 0x00, 0x00, 0x00, 0x00, 0x00, 0x00, 0x00, 0x00, 0x00, 0x00, 0x00, 0x00,
    0x00, 0x00, 0x00, 0x00, 0x00, 0x00, 0x00, 0x00, 0x00, 0x00, 0x00, 0x00, 0x00, 0x00, 0x00, 0x00, 0x00, 0x00, 0x00, 0x00, 0x00, 0x00, 0x00, 0x00,
    0x00, 0x00, 0x00, 0x00, 0x00, 0x00, 0x00, 0x00, 0x00, 0x00, 0x00, 0x00, 0x00, 0x00, 0x00, 0x00, 0x00, 0x00, 0x00, 0x00, 0x00, 0x00, 0x00, 0x00,
    0x00, 0x00, 0x00, 0x00, 0x00, 0x00, 0x00, 0x00, 0x00, 0x00, 0x00, 0x00, 0x00, 0x00, 0x00, 0x00, 0x00, 0x00, 0x00, 0x00, 0x00, 0x00, 0x00, 0x00,
    0x00, 0x00, 0x00, 0x00, 0x00, 0x00, 0x00, 0x00, 0x00, 0x00, 0x00, 0x00, 0x00, 0x00, 0x00, 0x00, 0x00, 0x00, 0x00, 0x00, 0x00, 0x00, 0x00, 0x00,
    0x00, 0x00, 0x00, 0x00, 0x00, 0x00, 0x00, 0x00, 0x00, 0x00, 0x00, 0x00, 0x00, 0x00, 0x00, 0x00, 0x00, 0x00, 0x00, 0x00, 0x00, 0x00, 0x00, 0x00,
    0x00, 0x00, 0x00, 0x00, 0x00, 0x00, 0x00, 0x00, 0x00, 0x00, 0x00, 0x00, 0x00, 0x00, 0x00, 0x00, 0x00, 0x00, 0x00, 0x00, 0x00, 0x00, 0x00, 0x00,
    0x00, 0x00, 0x00, 0x00, 0x00, 0x00, 0x00, 0x00, 0x00, 0x00, 0x00, 0x00, 0x00, 0x00, 0x00, 0x00, 0x00, 0x00, 0x00, 0x00, 0x00, 0x00, 0x00, 0x00,
    0x00, 0x00, 0x00, 0x00, 0x00, 0x00, 0x00, 0x00, 0x00, 0x00, 0x00, 0x00, 0x00, 0x00, 0x00, 0x00, 0x00, 0x00, 0x00, 0x00, 0x00, 0x00, 0x00, 0x00,
    0x00, 0x00, 0x00, 0x00, 0x00, 0x00, 0x00, 0x00, 0x00, 0x00, 0x00, 0x00, 0x00, 0x00, 0x00, 0x00, 0x00, 0x00, 0x00, 0x00, 0x00, 0x00, 0x00, 0x00,
    0x00, 0x00, 0x00, 0x00, 0x00, 0x00, 0x00, 0x00, 0x00, 0x00, 0x00, 0x00, 0x00, 0x00, 0x00, 0x00, 0x00, 0x00, 0x00, 0x00, 0x00, 0x00, 0x00, 0x00,
    0x00, 0x00, 0x00, 0x00, 0x00, 0x00, 0x00, 0x00, 0x00, 0x00, 0x00, 0x00, 0x00, 0x00, 0x00, 0x00, 0x00, 0x00, 0x00, 0x00, 0x00, 0x00, 0x00, 0x00,
    0x00, 0x00, 0x00, 0x00, 0x00, 0x00, 0x00, 0x00, 0x00, 0x00, 0x00, 0x00, 0x00, 0x00, 0x00, 0x00, 0x00, 0x00, 0x00, 0x00, 0x00, 0x00, 0x00, 0x00,
    0x00, 0x00, 0x00, 0x00, 0x00, 0x00, 0x00, 0x00, 0x00, 0x00, 0x00, 0x00, 0x00, 0x00, 0x00, 0x00, 0x00, 0x00, 0x00, 0x00, 0x00, 0x00, 0x00, 0x00,
    0x00, 0x00, 0x00, 0x00, 0x00, 0x00, 0x00, 0x00, 0x00, 0x00, 0x00, 0x00, 0x00, 0x00, 0x00, 0x00, 0x00, 0x00, 0x00, 0x00, 0x00, 0x00, 0x00, 0x00,
    0x00, 0x00, 0x00, 0x00, 0x00, 0x00, 0x00, 0x00, 0x00, 0x00, 0x00, 0x00, 0x00, 0x00, 0x00, 0x00, 0x00, 0x00, 0x00, 0x00, 0x00, 0x00, 0x00, 0x00,
    0x00, 0x00, 0x00, 0x00, 0x00, 0x00, 0x00, 0x00, 0x00, 0x00, 0x00, 0x00, 0x00, 0x00, 0x00, 0x00, 0x00, 0x00, 0x00, 0x00, 0x00, 0x00, 0x00, 0x00,
    0x00, 0x00, 0x00, 0x00, 0x00, 0x00, 0x00, 0x00, 0x00, 0x00, 0x00, 0x00, 0x00, 0x00, 0x00, 0x00, 0x00, 0x00, 0x00, 0x00, 0x00, 0x00, 0x00, 0x00,
    0x00, 0x00, 0x00, 0x00, 0x00, 0x00, 0x00, 0x00, 0x00, 0x00, 0x00, 0x00, 0x00, 0x00, 0x00, 0x00, 0x00, 0x00, 0x00, 0x00, 0x00, 0x00, 0x00, 0x00,
    0x00, 0x00, 0x00, 0x00, 0x00, 0x00, 0x00, 0x00, 0x00, 0x00, 0x00, 0x00, 0x00, 0x00, 0x00, 0x00, 0x00, 0x00, 0x00, 0x00, 0x00, 0x00, 0x00, 0x00,
    0x00, 0x00, 0x00, 0x00, 0x00, 0x00, 0x00, 0x00, 0x00, 0x00, 0x00, 0x00, 0x00, 0x00, 0x00, 0x00, 0x00, 0x00, 0x00, 0x00, 0x00, 0x00, 0x00, 0x00,
    0x00, 0x00, 0x00, 0x00, 0x00, 0x00, 0x00, 0x00, 0x00, 0x00, 0x00, 0x00, 0x00, 0x00, 0x00, 0x00, 0x00, 0x00, 0x00, 0x00, 0x00, 0x00, 0x00, 0x00,
    0x00, 0x00, 0x00, 0x00, 0x00, 0x00, 0x00, 0x00, 0x00, 0x00, 0x00, 0x00, 0x00, 0x00, 0x00, 0x00, 0x00, 0x00, 0x00, 0x00, 0x00, 0x00, 0x00, 0x00,
    0x00, 0x00, 0x00, 0x00, 0x00, 0x00, 0x00, 0x00, 0x00, 0x00, 0x00, 0x00, 0x00, 0x00, 0x00, 0x00, 0x00, 0x00, 0x00, 0x00, 0x00, 0x00, 0x00, 0x00,
    0x00, 0x00, 0x00, 0x00, 0x00, 0x00, 0x00, 0x00, 0x00, 0x00, 0x00, 0x00, 0x00, 0x00, 0x00, 0x00, 0x00, 0x00, 0x00, 0x00, 0x00, 0x00, 0x00, 0x00,
    0x00, 0x00, 0x00, 0x00, 0x00, 0x00, 0x00, 0x00, 0x00, 0x00, 0x00, 0x00, 0x00, 0x00, 0x00, 0x00, 0x00, 0x00, 0x00, 0x00, 0x00, 0x00, 0x00, 0x00,
    0x00, 0x00, 0x00, 0x00, 0x00, 0x00, 0x00, 0x00, 0x00, 0x00, 0x00, 0x00, 0x00, 0x00, 0x00, 0x00, 0x7F, 0x7F, 0x7F, 0x02, 0xFF, 0xFF, 0xFF, 0x01,
    0x00, 0x00, 0x00, 0x00, 0x0C, 0x0C, 0x0C, 0x28, 0x21, 0x1A, 0x1D, 0x4D, 0x30, 0x1C, 0x18, 0x35, 0x5C, 0x00, 0x00, 0x0B, 0x00, 0x00, 0x00, 0x00,
    0x00, 0xFF, 0xFF, 0x01, 0x00, 0x00, 0x00, 0x00, 0x00, 0x00, 0x00, 0x00, 0x00, 0x00, 0x00, 0x00, 0x00, 0x00, 0x00, 0x00, 0x00, 0x00, 0x00, 0x00,
    0x00, 0x00, 0x00, 0x00, 0x00, 0x00, 0x00, 0x00, 0x00, 0x00, 0x00, 0x00, 0x00, 0x00, 0x00, 0x00, 0x00, 0x00, 0x00, 0x00, 0x00, 0x00, 0x00, 0x00,
    0x00, 0x00, 0x00, 0x00, 0x00, 0x00, 0x00, 0x00, 0x00, 0x00, 0x00, 0x00, 0x00, 0x00, 0x00, 0x00, 0x00, 0x00, 0x00, 0x00, 0x00, 0x00, 0x00, 0x00,
    0x00, 0x00, 0x00, 0x00, 0x00, 0x00, 0x00, 0x00, 0x00, 0x00, 0x00, 0x00, 0x00, 0x00, 0x00, 0x00, 0x00, 0x00, 0x00, 0x00, 0x00, 0x00, 0x00, 0x00,
    0x00, 0x00, 0x00, 0x00, 0x00, 0x00, 0x00, 0x00, 0x00, 0x00, 0x00, 0x00, 0x00, 0x00, 0x00, 0x00, 0x00, 0x00, 0x00, 0x00, 0x00, 0x00, 0x00, 0x00,
    0x00, 0x00, 0x00, 0x00, 0x00, 0x00, 0x00, 0x00, 0x00, 0x00, 0x00, 0x00, 0x00, 0x00, 0x00, 0x00, 0x00, 0x00, 0x00, 0x00, 0x00, 0x00, 0x00, 0x00,
    0x00, 0x00, 0x00, 0x00, 0x00, 0x00, 0x00, 0x00, 0x00, 0x00, 0x00, 0x00, 0x7F, 0x7F, 0x7F, 0x02, 0x00, 0x00, 0x00, 0x00, 0x00, 0x00, 0x00, 0x00,
    0x3E, 0x3E, 0x3E, 0x5A, 0x2E, 0x28, 0x29, 0xF0, 0x15, 0x33, 0x33, 0xFF, 0x0B, 0x52, 0x4F, 0xF7, 0x1B, 0x5A, 0x54, 0xD9, 0x31, 0x39, 0x39, 0x5D,
    0x00, 0x00, 0x00, 0x00, 0x00, 0x7F, 0x7F, 0x02, 0x00, 0x00, 0x00, 0x00, 0x00, 0x00, 0x00, 0x00, 0x00, 0x00, 0x00, 0x00, 0x00, 0x00, 0x00, 0x00,
    0x00, 0x00, 0x00, 0x00, 0x00, 0x00, 0x00, 0x00, 0x00, 0x00, 0x00, 0x00, 0x00, 0x00, 0x00, 0x00, 0x00, 0x00, 0x00, 0x00, 0x00, 0x00, 0x00, 0x00,
    0x00, 0x00, 0x00, 0x00, 0x00, 0x00, 0x00, 0x00, 0x00, 0x00, 0x00, 0x00, 0x00, 0x00, 0x00, 0x00, 0x00, 0x00, 0x00, 0x00, 0x00, 0x00, 0x00, 0x00,
    0x00, 0x00, 0x00, 0x00, 0x00, 0x00, 0x00, 0x00, 0x00, 0x00, 0x00, 0x00, 0x00, 0x00, 0x00, 0x00, 0x00, 0x00, 0x00, 0x00, 0x00, 0x00, 0x00, 0x00,
    0x00, 0x00, 0x00, 0x00, 0x00, 0x00, 0x00, 0x00, 0x00, 0x00, 0x00, 0x00, 0x00, 0x00, 0x00, 0x00, 0x00, 0x00, 0x00, 0x00, 0x00, 0x00, 0x00, 0x00,
    0x00, 0x00, 0x00, 0x00, 0x00, 0x00, 0x00, 0x00, 0x00, 0x00, 0x00, 0x00, 0x00, 0x00, 0x00, 0x00, 0x00, 0x00, 0x00, 0x00, 0x00, 0x00, 0x00, 0x00,
    0x00, 0x00, 0x00, 0x00, 0x00, 0x00, 0x00, 0x00, 0x7F, 0x7F, 0x7F, 0x02, 0x00, 0x00, 0x00, 0x00, 0x63, 0x5D, 0x5D, 0x29, 0x70, 0x6C, 0x6A, 0xC5,
    0x70, 0x6D, 0x6A, 0xFF, 0x73, 0x6D, 0x69, 0xFF, 0x2E, 0x3A, 0x39, 0xFD, 0x00, 0x57, 0x57, 0xFF, 0x00, 0x8C, 0x87, 0xFF, 0x0E, 0x95, 0x91, 0xFF,
    0x36, 0x47, 0x45, 0x8C, 0x00, 0x00, 0x00, 0x00, 0x00, 0x7F, 0x7F, 0x02, 0x00, 0x00, 0x00, 0x00, 0x00, 0x00, 0x00, 0x00, 0x00, 0x00, 0x00, 0x00,
    0x00, 0x00, 0x00, 0x00, 0x00, 0x00, 0x00, 0x00, 0x00, 0x00, 0x00, 0x00, 0x00, 0x00, 0x00, 0x00, 0x00, 0x00, 0x00, 0x00, 0x00, 0x00, 0x00, 0x00,
    0x00, 0x00, 0x00, 0x00, 0x00, 0x00, 0x00, 0x00, 0x00, 0x00, 0x00, 0x00, 0x00, 0x00, 0x00, 0x00, 0x00, 0x00, 0x00, 0x00, 0x00, 0x00, 0x00, 0x00,
    0x00, 0x00, 0x00, 0x00, 0x00, 0x00, 0x00, 0x00, 0x00, 0x00, 0x00, 0x00, 0x00, 0x00, 0x00, 0x00, 0x00, 0x00, 0x00, 0x00, 0x00, 0x00, 0x00, 0x00,
    0x00, 0x00, 0x00, 0x00, 0x00, 0x00, 0x00, 0x00, 0x00, 0x00, 0x00, 0x00, 0x00, 0x00, 0x00, 0x00, 0x00, 0x00, 0x00, 0x00, 0x00, 0x00, 0x00, 0x00,
    0x00, 0x00, 0x00, 0x00, 0x00, 0x00, 0x00, 0x00, 0x00, 0x00, 0x00, 0x00, 0x00, 0x00, 0x00, 0x00, 0x00, 0x00, 0x00, 0x00, 0x00, 0x00, 0x00, 0x00,
    0x00, 0x00, 0x00, 0x00, 0x7F, 0x7F, 0x7F, 0x02, 0xFF, 0xFF, 0xFF, 0x01, 0x4C, 0x4C, 0x44, 0x1E, 0x72, 0x6F, 0x6C, 0xE0, 0x83, 0x81, 0x7D, 0xFF,
    0x79, 0x77, 0x74, 0xFC, 0x74, 0x71, 0x6F, 0xFE, 0x63, 0x58, 0x54, 0xFF, 0x11, 0x41, 0x41, 0xFF, 0x00, 0x81, 0x7A, 0xFC, 0x00, 0xB1, 0xAC, 0xFE,
    0x2F, 0x5D, 0x5C, 0xF9, 0x4B, 0x00, 0x00, 0x1B, 0x00, 0x00, 0x00, 0x01, 0x00, 0x00, 0x00, 0x02, 0x00, 0x00, 0x00, 0x00, 0x00, 0x00, 0x00, 0x00,
    0x00, 0x00, 0x00, 0x00, 0x00, 0x00, 0x00, 0x00, 0x00, 0x00, 0x00, 0x00, 0x00, 0x00, 0x00, 0x00, 0x00, 0x00, 0x00, 0x00, 0x00, 0x00, 0x00, 0x00,
    0x00, 0x00, 0x00, 0x00, 0x00, 0x00, 0x00, 0x00, 0x00, 0x00, 0x00, 0x00, 0x00, 0x00, 0x00, 0x00, 0x00, 0x00, 0x00, 0x00, 0x00, 0x00, 0x00, 0x00,
    0x00, 0x00, 0x00, 0x00, 0x00, 0x00, 0x00, 0x00, 0x00, 0x00, 0x00, 0x00, 0x00, 0x00, 0x00, 0x00, 0x00, 0x00, 0x00, 0x00, 0x00, 0x00, 0x00, 0x00,
    0x00, 0x00, 0x00, 0x00, 0x00, 0x00, 0x00, 0x00, 0x00, 0x00, 0x00, 0x00, 0x00, 0x00, 0x00, 0x00, 0x00, 0x00, 0x00, 0x00, 0x00, 0x00, 0x00, 0x00,
    0x00, 0x00, 0x00, 0x00, 0x00, 0x00, 0x00, 0x00, 0x00, 0x00, 0x00, 0x00, 0x00, 0x00, 0x00, 0x00, 0x00, 0x00, 0x00, 0x00, 0x00, 0x00, 0x00, 0x00,
    0x00, 0x00, 0x00, 0x00, 0x7F, 0x7F, 0x7F, 0x02, 0x00, 0x00, 0x00, 0x02, 0x64, 0x5F, 0x5D, 0xB9, 0x7F, 0x7B, 0x78, 0xFF, 0x80, 0x7D, 0x7A, 0xFA,
    0x72, 0x6E, 0x69, 0xFF, 0x79, 0x75, 0x73, 0xFF, 0x77, 0x73, 0x6E, 0xFF, 0x4D, 0x4A, 0x47, 0xFF, 0x10, 0x70, 0x6C, 0xFF, 0x00, 0xB0, 0xAA, 0xFC,
    0x21, 0x82, 0x7E, 0xFF, 0x3F, 0x20, 0x1E, 0x75, 0x00, 0x00, 0x00, 0x00, 0x3F, 0x3F, 0x3F, 0x04, 0x00, 0x00, 0x00, 0x00, 0x00, 0x00, 0x00, 0x00,
    0x00, 0x00, 0x00, 0x00, 0x00, 0x00, 0x00, 0x00, 0x00, 0x00, 0x00, 0x00, 0x00, 0x00, 0x00, 0x00, 0x00, 0x00, 0x00, 0x00, 0x00, 0x00, 0x00, 0x00,
    0x00, 0x00, 0x00, 0x00, 0x00, 0x00, 0x00, 0x00, 0x00, 0x00, 0x00, 0x00, 0x00, 0x00, 0x00, 0x00, 0x00, 0x00, 0x00, 0x00, 0x00, 0x00, 0x00, 0x00,
    0x00, 0x00, 0x00, 0x00, 0x00, 0x00, 0x00, 0x00, 0x00, 0x00, 0x00, 0x00, 0x00, 0x00, 0x00, 0x00, 0x00, 0x00, 0x00, 0x00, 0x00, 0x00, 0x00, 0x00,
    0x00, 0x00, 0x00, 0x00, 0x00, 0x00, 0x00, 0x00, 0x00, 0x00, 0x00, 0x00, 0x00, 0x00, 0x00, 0x00, 0x00, 0x00, 0x00, 0x00, 0x00, 0x00, 0x00, 0x00,
    0x00, 0x00, 0x00, 0x00, 0x00, 0x00, 0x00, 0x00, 0x00, 0x00, 0x00, 0x00, 0x00, 0x00, 0x00, 0x00, 0x00, 0x00, 0x00, 0x00, 0x00, 0x00, 0x00, 0x00,
    0x7F, 0x7F, 0x7F, 0x02, 0x00, 0x00, 0x00, 0x00, 0x53, 0x53, 0x4E, 0x31, 0x6E, 0x6B, 0x67, 0xFE, 0x7F, 0x7C, 0x78, 0xFC, 0x7E, 0x7B, 0x76, 0xFF,
    0x70, 0x6C, 0x66, 0xFF, 0x82, 0x80, 0x7C, 0xFF, 0x7D, 0x7D, 0x7A, 0xFF, 0x7D, 0x74, 0x6F, 0xFF, 0x57, 0x6E, 0x6B, 0xFF, 0x03, 0x96, 0x8F, 0xFE,
    0x02, 0x96, 0x8E, 0xFD, 0x26, 0x5D, 0x59, 0xF0, 0x44, 0x18, 0x18, 0x29, 0x00, 0x00, 0x00, 0x00, 0x00, 0x00, 0x00, 0x02, 0x00, 0x00, 0x00, 0x00,
    0x00, 0x00, 0x00, 0x00, 0x00, 0x00, 0x00, 0x00, 0x00, 0x00, 0x00, 0x00, 0x00, 0x00, 0x00, 0x00, 0x00, 0x00, 0x00, 0x00, 0x00, 0x00, 0x00, 0x00,
    0x00, 0x00, 0x00, 0x01, 0x00, 0x00, 0x00, 0x01, 0x00, 0x00, 0x00, 0x00, 0x00, 0x00, 0x00, 0x00, 0x00, 0x00, 0x00, 0x00, 0x00, 0x00, 0x00, 0x00,
    0x00, 0x00, 0x00, 0x00, 0x00, 0x00, 0x00, 0x00, 0x00, 0x00, 0x00, 0x00, 0x00, 0x00, 0x00, 0x00, 0x00, 0x00, 0x00, 0x00, 0x00, 0x00, 0x00, 0x00,
    0x00, 0x00, 0x00, 0x00, 0x00, 0x00, 0x00, 0x00, 0x00, 0x00, 0x00, 0x00, 0x00, 0x00, 0x00, 0x00, 0x00, 0x00, 0x00, 0x00, 0x00, 0x00, 0x00, 0x00,
    0x00, 0x00, 0x00, 0x00, 0x00, 0x00, 0x00, 0x00, 0x00, 0x00, 0x00, 0x00, 0x00, 0x00, 0x00, 0x00, 0x00, 0x00, 0x00, 0x00, 0x00, 0x00, 0x00, 0x00,
    0x3F, 0x3F, 0x3F, 0x04, 0x00, 0x00, 0x00, 0x00, 0x5E, 0x5A, 0x53, 0x84, 0x7D, 0x79, 0x74, 0xFF, 0x80, 0x7D, 0x79, 0xFB, 0x75, 0x70, 0x6B, 0xFF,
    0x78, 0x75, 0x71, 0xFF, 0x82, 0x7E, 0x7C, 0xFF, 0x77, 0x74, 0x73, 0xFF, 0x86, 0x84, 0x82, 0xFF, 0xB8, 0xAE, 0xAC, 0xFF, 0x42, 0x83, 0x7D, 0xFF,
    0x00, 0x86, 0x7D, 0xFD, 0x13, 0x70, 0x6C, 0xFF, 0x2F, 0x3D, 0x3B, 0xCA, 0x3F, 0x00, 0x00, 0x04, 0x7F, 0x7F, 0x7F, 0x02, 0x00, 0x00, 0x00, 0x00,
    0x00, 0x00, 0x00, 0x00, 0x00, 0x00, 0x00, 0x00, 0x00, 0x00, 0x00, 0x00, 0x00, 0x00, 0x00, 0x00, 0x00, 0x00, 0x00, 0x02, 0x00, 0x00, 0x00, 0x02,
    0x00, 0x00, 0x00, 0x00, 0x00, 0x00, 0x00, 0x00, 0x00, 0x00, 0x00, 0x00, 0x00, 0x00, 0x00, 0x00, 0x00, 0x00, 0x00, 0x00, 0x00, 0x00, 0x00, 0x00,
    0x00, 0x00, 0x00, 0x00, 0x00, 0x00, 0x00, 0x00, 0x00, 0x00, 0x00, 0x00, 0x00, 0x00, 0x00, 0x00, 0x00, 0x00, 0x00, 0x00, 0x00, 0x00, 0x00, 0x00,
    0x00, 0x00, 0x00, 0x00, 0x00, 0x00, 0x00, 0x00, 0x00, 0x00, 0x00, 0x00, 0x00, 0x00, 0x00, 0x00, 0x00, 0x00, 0x00, 0x00, 0x00, 0x00, 0x00, 0x00,
    0x00, 0x00, 0x00, 0x00, 0x00, 0x00, 0x00, 0x00, 0x00, 0x00, 0x00, 0x00, 0x00, 0x00, 0x00, 0x00, 0x00, 0x00, 0x00, 0x00, 0x00, 0x00, 0x00, 0x01,
    0x00, 0x00, 0x00, 0x01, 0x66, 0x66, 0x66, 0x05, 0x6B, 0x67, 0x61, 0xD4, 0x7D, 0x7A, 0x74, 0xFF, 0x76, 0x70, 0x6B, 0xFD, 0x77, 0x72, 0x6D, 0xFF,
    0x80, 0x7D, 0x7A, 0xFF, 0x84, 0x81, 0x7E, 0xFF, 0x71, 0x6E, 0x6B, 0xFF, 0x97, 0x95, 0x91, 0xFF, 0xB5, 0xB4, 0xB1, 0xFF, 0x5B, 0x54, 0x52, 0xFF,
    0x23, 0x5B, 0x55, 0xFF, 0x16, 0x57, 0x55, 0xFC, 0x2E, 0x49, 0x47, 0xFF, 0x30, 0x2B, 0x2B, 0x69, 0x00, 0x00, 0x00, 0x00, 0x55, 0x55, 0x55, 0x03,
    0x00, 0x00, 0x00, 0x00, 0x00, 0x00, 0x00, 0x00, 0x00, 0x00, 0x00, 0x00, 0x00, 0x00, 0x00, 0x03, 0x00, 0x00, 0x00, 0x00, 0x00, 0x00, 0x00, 0x00,
    0x0B, 0x17, 0x17, 0x16, 0x35, 0x0D, 0x00, 0x13, 0xFF, 0x00, 0x00, 0x01, 0x00, 0x00, 0x00, 0x01, 0x00, 0x00, 0x00, 0x00, 0x00, 0x00, 0x00, 0x00,
    0x00, 0x00, 0x00, 0x00, 0x00, 0x00, 0x00, 0x00, 0x00, 0x00, 0x00, 0x00, 0x00, 0x00, 0x00, 0x00, 0x00, 0x00, 0x00, 0x00, 0x00, 0x00, 0x00, 0x00,
    0x00, 0x00, 0x00, 0x00, 0x00, 0x00, 0x00, 0x00, 0x00, 0x00, 0x00, 0x00, 0x00, 0x00, 0x00, 0x00, 0x00, 0x00, 0x00, 0x00, 0x00, 0x00, 0x00, 0x00,
    0x00, 0x00, 0x00, 0x00, 0x00, 0x00, 0x00, 0x00, 0x00, 0x00, 0x00, 0x00, 0x00, 0x00, 0x00, 0x00, 0x00, 0x00, 0x00, 0x00, 0x55, 0x55, 0x55, 0x03,
    0x00, 0x00, 0x00, 0x01, 0x65, 0x5D, 0x5A, 0x44, 0x6C, 0x67, 0x62, 0xFF, 0x6B, 0x67, 0x62, 0xFD, 0x7A, 0x76, 0x71, 0xFF, 0x7D, 0x79, 0x75, 0xFF,
    0x81, 0x7F, 0x7B, 0xFF, 0x82, 0x80, 0x7E, 0xFF, 0x7F, 0x7A, 0x75, 0xFF, 0xBA, 0xB8, 0xB4, 0xFF, 0x84, 0x82, 0x81, 0xFF, 0x30, 0x2D, 0x2D, 0xFF,
    0x36, 0x32, 0x31, 0xFF, 0x29, 0x45, 0x44, 0xFE, 0x22, 0x45, 0x45, 0xFB, 0x34, 0x3D, 0x3C, 0xF9, 0x30, 0x2D, 0x2D, 0x5A, 0x00, 0x7F, 0x7F, 0x02,
    0x2A, 0x55, 0x55, 0x06, 0x3F, 0x3F, 0x3F, 0x04, 0x00, 0x00, 0x00, 0x01, 0x00, 0x00, 0x00, 0x00, 0x1F, 0x23, 0x1F, 0x40, 0x1E, 0x21, 0x20, 0xAF,
    0x31, 0x2C, 0x2B, 0xEF, 0x21, 0x37, 0x34, 0xAA, 0x00, 0x00, 0x00, 0x00, 0x00, 0x00, 0x00, 0x02, 0x00, 0x00, 0x00, 0x00, 0x00, 0x00, 0x00, 0x00,
    0x00, 0x00, 0x00, 0x00, 0x00, 0x00, 0x00, 0x00, 0x00, 0x00, 0x00, 0x00, 0x00, 0x00, 0x00, 0x00, 0x00, 0x00, 0x00, 0x00, 0x00, 0x00, 0x00, 0x00,
    0x00, 0x00, 0x00, 0x00, 0x00, 0x00, 0x00, 0x00, 0x00, 0x00, 0x00, 0x00, 0x00, 0x00, 0x00, 0x00, 0x00, 0x00, 0x00, 0x00, 0x00, 0x00, 0x00, 0x00,
    0x00, 0x00, 0x00, 0x00, 0x00, 0x00, 0x00, 0x00, 0x00, 0x00, 0x00, 0x00, 0x00, 0x00, 0x00, 0x00, 0x00, 0x00, 0x00, 0x00, 0x7F, 0x3F, 0x3F, 0x04,
    0x00, 0x00, 0x00, 0x00, 0x64, 0x5F, 0x5A, 0x90, 0x88, 0x82, 0x7B, 0xFF, 0x7D, 0x79, 0x74, 0xFB, 0x6E, 0x6C, 0x69, 0xFF, 0x7B, 0x77, 0x72, 0xFF,
    0x7D, 0x7A, 0x77, 0xFF, 0x7C, 0x78, 0x73, 0xFF, 0xA4, 0x9E, 0x96, 0xFF, 0xA9, 0xA7, 0xA4, 0xFF, 0x4C, 0x4B, 0x4A, 0xFF, 0x27, 0x27, 0x27, 0xFF,
    0x57, 0x55, 0x53, 0xFF, 0x6B, 0x66, 0x64, 0xFE, 0x31, 0x42, 0x42, 0xFE, 0x23, 0x3F, 0x3E, 0xF6, 0x2F, 0x3B, 0x3B, 0x2B, 0x00, 0x00, 0x00, 0x00,
    0x00, 0x00, 0x00, 0x00, 0x00, 0x00, 0x00, 0x00, 0x00, 0x7F, 0x7F, 0x02, 0x20, 0x26, 0x24, 0x7D, 0x25, 0x23, 0x22, 0xFD, 0x34, 0x23, 0x23, 0xFF,
    0x25, 0x44, 0x40, 0xFF, 0x10, 0x5B, 0x57, 0xE5, 0x91, 0x61, 0x55, 0x15, 0x00, 0x00, 0x00, 0x00, 0x00, 0x00, 0x00, 0x00, 0x00, 0x00, 0x00, 0x00,
    0x00, 0x00, 0x00, 0x00, 0x00, 0x00, 0x00, 0x00, 0x00, 0x00, 0x00, 0x00, 0x00, 0x00, 0x00, 0x00, 0x00, 0x00, 0x00, 0x00, 0x00, 0x00, 0x00, 0x00,
    0x00, 0x00, 0x00, 0x00, 0x00, 0x00, 0x00, 0x00, 0x00, 0x00, 0x00, 0x00, 0x00, 0x00, 0x00, 0x00, 0x00, 0x00, 0x00, 0x00, 0x00, 0x00, 0x00, 0x00,
    0x00, 0x00, 0x00, 0x00, 0x00, 0x00, 0x00, 0x00, 0x00, 0x00, 0x00, 0x00, 0x00, 0x00, 0x00, 0x00, 0x00, 0x00, 0x00, 0x01, 0xFF, 0xFF, 0xFF, 0x01,
    0x62, 0x4E, 0x4E, 0x0D, 0x79, 0x74, 0x6E, 0xD2, 0x7E, 0x7B, 0x76, 0xFF, 0x71, 0x6C, 0x66, 0xFD, 0x73, 0x6E, 0x69, 0xFF, 0x6B, 0x67, 0x62, 0xFF,
    0x76, 0x71, 0x6D, 0xFF, 0x99, 0x94, 0x8D, 0xFF, 0xB6, 0xB1, 0xAE, 0xFF, 0x74, 0x72, 0x70, 0xFF, 0x2C, 0x2C, 0x2D, 0xFF, 0x3B, 0x3A, 0x39, 0xFF,
    0x70, 0x6F, 0x6B, 0xFF, 0x82, 0x80, 0x7A, 0xFD, 0x7B, 0x7A, 0x77, 0xFF, 0x3E, 0x46, 0x46, 0xBF, 0x21, 0x23, 0x23, 0x7A, 0x23, 0x38, 0x33, 0xB9,
    0x32, 0x3B, 0x38, 0xA6, 0x3C, 0x1A, 0x17, 0x61, 0x2D, 0x21, 0x1E, 0xB7, 0x34, 0x28, 0x27, 0xFF, 0x34, 0x34, 0x31, 0xFE, 0x25, 0x5B, 0x56, 0xFB,
    0x02, 0x72, 0x6A, 0xFA, 0x2A, 0x66, 0x5F, 0xFF, 0x8C, 0x81, 0x78, 0x9A, 0x00, 0x00, 0x00, 0x00, 0x00, 0x00, 0x00, 0x00, 0x00, 0x00, 0x00, 0x00,
    0x00, 0x00, 0x00, 0x00, 0x00, 0x00, 0x00, 0x00, 0x00, 0x00, 0x00, 0x00, 0x00, 0x00, 0x00, 0x00, 0x00, 0x00, 0x00, 0x00, 0x00, 0x00, 0x00, 0x00,
    0x00, 0x00, 0x00, 0x00, 0x00, 0x00, 0x00, 0x00, 0x00, 0x00, 0x00, 0x00, 0x00, 0x00, 0x00, 0x00, 0x00, 0x00, 0x00, 0x00, 0x00, 0x00, 0x00, 0x00,
    0x00, 0x00, 0x00, 0x00, 0x00, 0x00, 0x00, 0x00, 0x00, 0x00, 0x00, 0x00, 0x00, 0x00, 0x00, 0x00, 0x7F, 0x3F, 0x3F, 0x04, 0x00, 0x00, 0x00, 0x00,
    0x76, 0x6C, 0x63, 0x6E, 0x88, 0x82, 0x7B, 0xFF, 0x7F, 0x7B, 0x75, 0xFC, 0x7C, 0x78, 0x73, 0xFF, 0x70, 0x6B, 0x66, 0xFF, 0x6F, 0x6A, 0x67, 0xFF,
    0x7E, 0x7A, 0x77, 0xFF, 0x89, 0x84, 0x80, 0xFF, 0x7D, 0x74, 0x6F, 0xFF, 0x48, 0x40, 0x3F, 0xFF, 0x29, 0x28, 0x29, 0xFF, 0x5B, 0x58, 0x55, 0xFF,
    0x74, 0x73, 0x6E, 0xFF, 0x64, 0x61, 0x5D, 0xFF, 0x7A, 0x75, 0x72, 0xFF, 0x5B, 0x59, 0x57, 0xFD, 0x22, 0x3E, 0x3D, 0xFF, 0x1D, 0x48, 0x45, 0xFF,
    0x0D, 0x7E, 0x78, 0xFF, 0x26, 0x65, 0x61, 0xFF, 0x32, 0x5E, 0x58, 0xFF, 0x1C, 0x72, 0x6C, 0xFC, 0x09, 0x85, 0x7D, 0xFE, 0x00, 0x8E, 0x85, 0xFF,
    0x00, 0x65, 0x5F, 0xFC, 0x48, 0x66, 0x61, 0xFE, 0x90, 0x85, 0x81, 0xC1, 0x00, 0x00, 0x00, 0x00, 0x00, 0x00, 0x00, 0x00, 0x00, 0x00, 0x00, 0x00,
    0x00, 0x00, 0x00, 0x00, 0x00, 0x00, 0x00, 0x00, 0x00, 0x00, 0x00, 0x00, 0x00, 0x00, 0x00, 0x00, 0x00, 0x00, 0x00, 0x00, 0x00, 0x00, 0x00, 0x00,
    0x00, 0x00, 0x00, 0x00, 0x00, 0x00, 0x00, 0x00, 0x00, 0x00, 0x00, 0x00, 0x00, 0x00, 0x00, 0x00, 0x00, 0x00, 0x00, 0x00, 0x00, 0x00, 0x00, 0x00,
    0x00, 0x00, 0x00, 0x00, 0x00, 0x00, 0x00, 0x00, 0x00, 0x00, 0x00, 0x00, 0x00, 0x00, 0x00, 0x00, 0xFF, 0xFF, 0xFF, 0x01, 0x2A, 0x2A, 0x2A, 0x06,
    0x7B, 0x75, 0x6D, 0xD3, 0x78, 0x73, 0x6B, 0xFE, 0x7B, 0x78, 0x74, 0xFD, 0x7F, 0x7C, 0x78, 0xFF, 0x5A, 0x56, 0x52, 0xFF, 0x6A, 0x66, 0x62, 0xFF,
    0x6B, 0x67, 0x64, 0xFF, 0x67, 0x63, 0x60, 0xFF, 0x45, 0x5D, 0x58, 0xFF, 0x29, 0x45, 0x43, 0xFF, 0x3E, 0x42, 0x43, 0xFF, 0x6A, 0x67, 0x65, 0xFF,
    0x69, 0x66, 0x62, 0xFF, 0x5F, 0x5C, 0x59, 0xFE, 0x59, 0x56, 0x52, 0xFD, 0x36, 0x36, 0x35, 0xFF, 0x1C, 0x2D, 0x2E, 0xFB, 0x22, 0x2D, 0x2D, 0xFC,
    0x16, 0x4F, 0x4C, 0xFC, 0x00, 0x87, 0x82, 0xFC, 0x00, 0x92, 0x8A, 0xFD, 0x00, 0x8F, 0x86, 0xFF, 0x00, 0x8B, 0x82, 0xFF, 0x0E, 0x79, 0x71, 0xFF,
    0x2F, 0x4C, 0x4A, 0xFC, 0x87, 0x7F, 0x7A, 0xFF, 0x84, 0x7E, 0x76, 0xC1, 0x00, 0x00, 0x00, 0x00, 0x00, 0x00, 0x00, 0x00, 0x00, 0x00, 0x00, 0x00,
    0x00, 0x00, 0x00, 0x00, 0x00, 0x00, 0x00, 0x00, 0x00, 0x00, 0x00, 0x00, 0x00, 0x00, 0x00, 0x00, 0x00, 0x00, 0x00, 0x00, 0x00, 0x00, 0x00, 0x00,
    0x00, 0x00, 0x00, 0x00, 0x00, 0x00, 0x00, 0x00, 0x00, 0x00, 0x00, 0x00, 0x00, 0x00, 0x00, 0x00, 0x00, 0x00, 0x00, 0x00, 0x00, 0x00, 0x00, 0x00,
    0x00, 0x00, 0x00, 0x00, 0x00, 0x00, 0x00, 0x00, 0x00, 0x00, 0x00, 0x00, 0x55, 0x55, 0x55, 0x03, 0x00, 0x00, 0x00, 0x01, 0x6B, 0x6B, 0x60, 0x47,
    0x81, 0x7C, 0x75, 0xFF, 0x6E, 0x69, 0x62, 0xFD, 0x84, 0x81, 0x7E, 0xFF, 0x67, 0x61, 0x5D, 0xFF, 0x5F, 0x5C, 0x57, 0xFF, 0x73, 0x6E, 0x69, 0xFF,
    0x69, 0x69, 0x64, 0xFF, 0x21, 0x6B, 0x63, 0xFF, 0x03, 0x76, 0x6F, 0xFF, 0x01, 0x56, 0x53, 0xFF, 0x1B, 0x43, 0x44, 0xFF, 0x5B, 0x56, 0x55, 0xFF,
    0x64, 0x61, 0x5D, 0xFF, 0x53, 0x51, 0x4E, 0xFF, 0x4C, 0x4B, 0x4A, 0xFF, 0x42, 0x41, 0x40, 0xFD, 0x50, 0x4A, 0x49, 0xFF, 0x5D, 0x59, 0x57, 0xFF,
    0x6B, 0x66, 0x63, 0xFF, 0x6A, 0x69, 0x66, 0xFF, 0x6C, 0x73, 0x6F, 0xFF, 0x63, 0x75, 0x70, 0xFF, 0x60, 0x76, 0x72, 0xFF, 0x42, 0x48, 0x45, 0xFF,
    0x44, 0x3E, 0x3A, 0xFD, 0x87, 0x83, 0x7E, 0xFF, 0x63, 0x5F, 0x5A, 0xC6, 0x00, 0x00, 0x00, 0x00, 0x00, 0x00, 0x00, 0x00, 0x00, 0x00, 0x00, 0x00,
    0x00, 0x00, 0x00, 0x00, 0x00, 0x00, 0x00, 0x00, 0x00, 0x00, 0x00, 0x00, 0x00, 0x00, 0x00, 0x00, 0x00, 0x00, 0x00, 0x00, 0x00, 0x00, 0x00, 0x00,
    0x00, 0x00, 0x00, 0x00, 0x00, 0x00, 0x00, 0x00, 0x00, 0x00, 0x00, 0x00, 0x00, 0x00, 0x00, 0x00, 0x00, 0x00, 0x00, 0x00, 0x00, 0x00, 0x00, 0x00,
    0x00, 0x00, 0x00, 0x00, 0x00, 0x00, 0x00, 0x00, 0x00, 0x00, 0x00, 0x00, 0x7F, 0x7F, 0x7F, 0x02, 0x00, 0x00, 0x00, 0x00, 0x71, 0x6E, 0x66, 0xA9,
    0x7A, 0x75, 0x6E, 0xFF, 0x76, 0x73, 0x6E, 0xFC, 0x81, 0x7E, 0x79, 0xFF, 0x5D, 0x58, 0x53, 0xFF, 0x70, 0x6E, 0x69, 0xFF, 0x7A, 0x6F, 0x6D, 0xFF,
    0x38, 0x61, 0x5D, 0xFF, 0x02, 0x85, 0x7C, 0xFF, 0x02, 0x72, 0x6C, 0xFF, 0x06, 0x41, 0x40, 0xFF, 0x09, 0x39, 0x38, 0xFF, 0x4A, 0x4C, 0x4B, 0xFD,
    0x63, 0x60, 0x5C, 0xFE, 0x4E, 0x4C, 0x48, 0xE7, 0x42, 0x42, 0x42, 0xC0, 0x4F, 0x4E, 0x4C, 0xFE, 0x67, 0x64, 0x5F, 0xFD, 0x6F, 0x6D, 0x6A, 0xFF,
    0x7A, 0x79, 0x75, 0xFF, 0x83, 0x7F, 0x7E, 0xFF, 0x88, 0x84, 0x82, 0xFF, 0x86, 0x81, 0x7E, 0xFF, 0x8E, 0x88, 0x84, 0xFF, 0x58, 0x57, 0x53, 0xFF,
    0x36, 0x36, 0x34, 0xFC, 0x7C, 0x79, 0x75, 0xFF, 0x5F, 0x5B, 0x58, 0xC0, 0x00, 0x00, 0x00, 0x00, 0x00, 0x00, 0x00, 0x00, 0x00, 0x00, 0x00, 0x00,
    0x00, 0x00, 0x00, 0x00, 0x00, 0x00, 0x00, 0x00, 0x00, 0x00, 0x00, 0x00, 0x00, 0x00, 0x00, 0x00, 0x00, 0x00, 0x00, 0x00, 0x00, 0x00, 0x00, 0x00,
    0x00, 0x00, 0x00, 0x00, 0x00, 0x00, 0x00, 0x00, 0x00, 0x00, 0x00, 0x00, 0x00, 0x00, 0x00, 0x00, 0x00, 0x00, 0x00, 0x00, 0x00, 0x00, 0x00, 0x00,
    0x00, 0x00, 0x00, 0x00, 0x00, 0x00, 0x00, 0x00, 0x7F, 0x7F, 0x7F, 0x02, 0x00, 0x00, 0x00, 0x00, 0x57, 0x50, 0x48, 0x23, 0x71, 0x6C, 0x66, 0xF4,
    0x75, 0x6F, 0x69, 0xFE, 0x84, 0x81, 0x7E, 0xFE, 0x6F, 0x6A, 0x66, 0xFF, 0x6D, 0x68, 0x62, 0xFF, 0x81, 0x7C, 0x76, 0xFF, 0x5B, 0x5E, 0x5A, 0xFF,
    0x0D, 0x76, 0x6F, 0xFF, 0x06, 0x7B, 0x73, 0xFF, 0x1F, 0x41, 0x3F, 0xFF, 0x21, 0x26, 0x25, 0xFF, 0x35, 0x35, 0x34, 0xFE, 0x46, 0x44, 0x45, 0xFC,
    0x4B, 0x4B, 0x4A, 0xFF, 0x41, 0x44, 0x41, 0x4E, 0x3B, 0x3E, 0x3E, 0x45, 0x4C, 0x4B, 0x4A, 0xFF, 0x62, 0x5F, 0x5C, 0xFD, 0x65, 0x62, 0x5E, 0xFF,
    0x6C, 0x6A, 0x68, 0xFF, 0x77, 0x75, 0x72, 0xFF, 0x7B, 0x7B, 0x7A, 0xFF, 0x72, 0x71, 0x6E, 0xFF, 0x78, 0x77, 0x75, 0xFF, 0x63, 0x64, 0x5F, 0xFF,
    0x39, 0x38, 0x36, 0xFC, 0x77, 0x73, 0x6E, 0xFF, 0x63, 0x5E, 0x5C, 0xC0, 0x00, 0x00, 0x00, 0x00, 0x00, 0x00, 0x00, 0x00, 0x00, 0x00, 0x00, 0x00,
    0x00, 0x00, 0x00, 0x00, 0x00, 0x00, 0x00, 0x00, 0x00, 0x00, 0x00, 0x00, 0x00, 0x00, 0x00, 0x00, 0x00, 0x00, 0x00, 0x00, 0x00, 0x00, 0x00, 0x00,
    0x00, 0x00, 0x00, 0x00, 0x00, 0x00, 0x00, 0x00, 0x00, 0x00, 0x00, 0x00, 0x00, 0x00, 0x00, 0x00, 0x00, 0x00, 0x00, 0x00, 0x00, 0x00, 0x00, 0x00,
    0x00, 0x00, 0x00, 0x00, 0x00, 0x00, 0x00, 0x00, 0x7F, 0x3F, 0x3F, 0x04, 0x00, 0x00, 0x00, 0x00, 0x5F, 0x57, 0x51, 0x83, 0x7E, 0x77, 0x71, 0xFF,
    0x83, 0x80, 0x7B, 0xFB, 0x7C, 0x78, 0x73, 0xFF, 0x65, 0x60, 0x5A, 0xFF, 0x73, 0x72, 0x6C, 0xFF, 0x75, 0x6C, 0x66, 0xFF, 0x29, 0x69, 0x64, 0xFF,
    0x00, 0x89, 0x82, 0xFF, 0x1B, 0x4C, 0x47, 0xFF, 0x30, 0x20, 0x1E, 0xFF, 0x26, 0x27, 0x27, 0xFE, 0x5F, 0x5D, 0x5C, 0xFB, 0x4F, 0x4C, 0x4C, 0xFF,
    0x3F, 0x3F, 0x3C, 0x71, 0x00, 0x00, 0x00, 0x00, 0x3F, 0x3F, 0x3F, 0x10, 0x42, 0x44, 0x42, 0xDD, 0x61, 0x60, 0x5D, 0xFE, 0x70, 0x6E, 0x6B, 0xFD,
    0x69, 0x68, 0x67, 0xFF, 0x73, 0x72, 0x6F, 0xFF, 0x6A, 0x67, 0x64, 0xFF, 0x6C, 0x6A, 0x66, 0xFF, 0x7A, 0x79, 0x77, 0xFF, 0x6F, 0x6A, 0x67, 0xFF,
    0x3C, 0x3B, 0x38, 0xFC, 0x72, 0x6F, 0x6C, 0xFF, 0x5E, 0x5A, 0x58, 0xBF, 0x00, 0x00, 0x00, 0x00, 0x00, 0x00, 0x00, 0x00, 0x00, 0x00, 0x00, 0x00,
    0x00, 0x00, 0x00, 0x00, 0x00, 0x00, 0x00, 0x00, 0x00, 0x00, 0x00, 0x00, 0x00, 0x00, 0x00, 0x00, 0x00, 0x00, 0x00, 0x00, 0x00, 0x00, 0x00, 0x00,
    0x00, 0x00, 0x00, 0x00, 0x00, 0x00, 0x00, 0x00, 0x00, 0x00, 0x00, 0x00, 0x00, 0x00, 0x00, 0x00, 0x00, 0x00, 0x00, 0x00, 0x00, 0x00, 0x00, 0x00,
    0x00, 0x00, 0x00, 0x00, 0x00, 0x00, 0x00, 0x00, 0x7F, 0x7F, 0x3F, 0x04, 0x00, 0x00, 0x00, 0x00, 0x59, 0x53, 0x50, 0x8F, 0x7A, 0x73, 0x6C, 0xFE,
    0x7E, 0x7B, 0x75, 0xFB, 0x63, 0x5E, 0x5A, 0xFF, 0x64, 0x63, 0x5F, 0xFF, 0x73, 0x6C, 0x67, 0xFF, 0x4D, 0x66, 0x61, 0xFF, 0x05, 0x86, 0x80, 0xFF,
    0x07, 0x74, 0x6E, 0xFF, 0x2B, 0x2E, 0x2D, 0xFF, 0x20, 0x1F, 0x20, 0xFD, 0x39, 0x39, 0x38, 0xFB, 0x63, 0x63, 0x61, 0xFF, 0x3E, 0x3C, 0x3A, 0x7F,
    0x00, 0x00, 0x00, 0x00, 0x48, 0x48, 0x48, 0x07, 0x00, 0x00, 0x00, 0x00, 0x3B, 0x3D, 0x3B, 0x5F, 0x4F, 0x50, 0x4E, 0xFF, 0x6E, 0x6D, 0x68, 0xFB,
    0x6D, 0x6D, 0x68, 0xFF, 0x67, 0x64, 0x63, 0xFF, 0x68, 0x65, 0x63, 0xFF, 0x6D, 0x6C, 0x68, 0xFF, 0x7D, 0x77, 0x74, 0xFF, 0x57, 0x5F, 0x5D, 0xFF,
    0x37, 0x38, 0x37, 0xFB, 0x6E, 0x69, 0x68, 0xFF, 0x5C, 0x59, 0x56, 0xA3, 0x00, 0x00, 0x00, 0x00, 0x00, 0x00, 0x00, 0x00, 0x00, 0x00, 0x00, 0x00,
    0x00, 0x00, 0x00, 0x00, 0x00, 0x00, 0x00, 0x00, 0x00, 0x00, 0x00, 0x00, 0x00, 0x00, 0x00, 0x00, 0x00, 0x00, 0x00, 0x00, 0x00, 0x00, 0x00, 0x00,
    0x00, 0x00, 0x00, 0x00, 0x00, 0x00, 0x00, 0x00, 0x00, 0x00, 0x00, 0x00, 0x00, 0x00, 0x00, 0x00, 0x00, 0x00, 0x00, 0x00, 0x00, 0x00, 0x00, 0x00,
    0x00, 0x00, 0x00, 0x00, 0x00, 0x00, 0x00, 0x00, 0x3F, 0x3F, 0x3F, 0x04, 0x00, 0x00, 0x00, 0x00, 0x44, 0x44, 0x40, 0x9D, 0x62, 0x5E, 0x59, 0xFF,
    0x74, 0x6C, 0x66, 0xFB, 0x79, 0x72, 0x6C, 0xFF, 0x7E, 0x73, 0x6F, 0xFF, 0x60, 0x59, 0x57, 0xFF, 0x1C, 0x75, 0x72, 0xFF, 0x00, 0x91, 0x8A, 0xFF,
    0x15, 0x55, 0x51, 0xFF, 0x2E, 0x24, 0x22, 0xFE, 0x29, 0x2A, 0x2A, 0xFF, 0x5E, 0x5C, 0x5B, 0xFF, 0x56, 0x54, 0x54, 0x85, 0x00, 0x00, 0x00, 0x00,
    0x55, 0x55, 0x55, 0x03, 0x00, 0x00, 0x00, 0x01, 0x7F, 0x7F, 0x7F, 0x02, 0x00, 0x00, 0x00, 0x02, 0x3C, 0x3C, 0x3A, 0xBB, 0x63, 0x62, 0x60, 0xFF,
    0x70, 0x6E, 0x6B, 0xFC, 0x73, 0x73, 0x70, 0xFF, 0x6C, 0x6C, 0x6A, 0xFF, 0x67, 0x63, 0x5F, 0xFF, 0x48, 0x6A, 0x67, 0xFF, 0x13, 0x7B, 0x77, 0xFF,
    0x1D, 0x58, 0x56, 0xFC, 0x5D, 0x5E, 0x5D, 0xFF, 0x6B, 0x66, 0x63, 0xBB, 0x00, 0x00, 0x00, 0x00, 0x00, 0x00, 0x00, 0x00, 0x00, 0x00, 0x00, 0x00,
    0x00, 0x00, 0x00, 0x00, 0x00, 0x00, 0x00, 0x00, 0x00, 0x00, 0x00, 0x00, 0x00, 0x00, 0x00, 0x00, 0x00, 0x00, 0x00, 0x00, 0x00, 0x00, 0x00, 0x00,
    0x00, 0x00, 0x00, 0x00, 0x00, 0x00, 0x00, 0x00, 0x00, 0x00, 0x00, 0x00, 0x00, 0x00, 0x00, 0x00, 0x00, 0x00, 0x00, 0x00, 0x00, 0x00, 0x00, 0x00,
    0x00, 0x00, 0x00, 0x00, 0x00, 0x00, 0x00, 0x00, 0xFF, 0xFF, 0xFF, 0x01, 0x00, 0x00, 0x00, 0x00, 0x50, 0x45, 0x40, 0xB5, 0x52, 0x47, 0x45, 0xFF,
    0x69, 0x68, 0x65, 0xFC, 0x8B, 0x8C, 0x85, 0xFF, 0x4F, 0x84, 0x81, 0xFF, 0x32, 0x59, 0x54, 0xFF, 0x16, 0x78, 0x71, 0xFF, 0x06, 0x7E, 0x77, 0xFF,
    0x29, 0x3A, 0x37, 0xFE, 0x24, 0x20, 0x20, 0xFE, 0x34, 0x34, 0x34, 0xE5, 0x61, 0x5E, 0x5E, 0x69, 0x00, 0x00, 0x00, 0x00, 0x7F, 0x7F, 0x7F, 0x02,
    0x00, 0x00, 0x00, 0x01, 0x00, 0x00, 0x00, 0x00, 0x00, 0x00, 0x00, 0x02, 0x00, 0x00, 0x00, 0x00, 0x2F, 0x2F, 0x2F, 0x1B, 0x45, 0x45, 0x44, 0xEA,
    0x5D, 0x5D, 0x5B, 0xFE, 0x66, 0x65, 0x62, 0xFD, 0x64, 0x63, 0x61, 0xFF, 0x69, 0x68, 0x65, 0xFF, 0x3F, 0x55, 0x53, 0xFF, 0x23, 0x5B, 0x5A, 0xFF,
    0x1F, 0x63, 0x62, 0xFD, 0x54, 0x5D, 0x5C, 0xFF, 0x5A, 0x56, 0x55, 0xC3, 0x00, 0x00, 0x00, 0x00, 0x00, 0x00, 0x00, 0x00, 0x00, 0x00, 0x00, 0x00,
    0x00, 0x00, 0x00, 0x00, 0x00, 0x00, 0x00, 0x00, 0x00, 0x00, 0x00, 0x00, 0x00, 0x00, 0x00, 0x00, 0x00, 0x00, 0x00, 0x00, 0x00, 0x00, 0x00, 0x00,
    0x00, 0x00, 0x00, 0x00, 0x00, 0x00, 0x00, 0x00, 0x00, 0x00, 0x00, 0x00, 0x00, 0x00, 0x00, 0x00, 0x00, 0x00, 0x00, 0x00, 0x00, 0x00, 0x00, 0x00,
    0x00, 0x00, 0x00, 0x00, 0x00, 0x00, 0x00, 0x00, 0x00, 0x7F, 0x7F, 0x04, 0xFF, 0x00, 0x00, 0x01, 0x25, 0x72, 0x6E, 0x81, 0x17, 0x7F, 0x7A, 0xFF,
    0x16, 0x76, 0x72, 0xFB, 0x15, 0x79, 0x74, 0xFF, 0x00, 0x8F, 0x8B, 0xFF, 0x2B, 0x65, 0x61, 0xFF, 0x1D, 0x73, 0x6D, 0xFF, 0x12, 0x6A, 0x65, 0xFF,
    0x2F, 0x29, 0x29, 0xFE, 0x24, 0x24, 0x25, 0xFD, 0x1E, 0x1E, 0x22, 0x3B, 0x00, 0x00, 0x00, 0x00, 0x3F, 0x3F, 0x3F, 0x04, 0x00, 0x00, 0x00, 0x00,
    0x00, 0x00, 0x00, 0x00, 0x00, 0x00, 0x00, 0x00, 0x00, 0x00, 0x00, 0x00, 0x55, 0x55, 0x55, 0x03, 0x00, 0x00, 0x00, 0x00, 0x36, 0x36, 0x36, 0x4F,
    0x4C, 0x4D, 0x4A, 0xFF, 0x5D, 0x5C, 0x59, 0xFC, 0x5B, 0x59, 0x58, 0xFE, 0x5F, 0x60, 0x5E, 0xFF, 0x43, 0x41, 0x3E, 0xFF, 0x3E, 0x32, 0x31, 0xFF,
    0x34, 0x4A, 0x49, 0xFD, 0x4E, 0x60, 0x5E, 0xFF, 0x58, 0x55, 0x52, 0xCC, 0x00, 0x7F, 0x7F, 0x02, 0x00, 0x00, 0x00, 0x00, 0x00, 0x00, 0x00, 0x00,
    0x00, 0x00, 0x00, 0x00, 0x00, 0x00, 0x00, 0x00, 0x00, 0x00, 0x00, 0x00, 0x00, 0x00, 0x00, 0x00, 0x00, 0x00, 0x00, 0x00, 0x00, 0x00, 0x00, 0x00,
    0x00, 0x00, 0x00, 0x00, 0x00, 0x00, 0x00, 0x00, 0x00, 0x00, 0x00, 0x00, 0x00, 0x00, 0x00, 0x00, 0x00, 0x00, 0x00, 0x00, 0x00, 0x00, 0x00, 0x00,
    0x00, 0x00, 0x00, 0x00, 0x00, 0x00, 0x00, 0x00, 0x00, 0x7F, 0x7F, 0x04, 0x00, 0x00, 0x00, 0x00, 0x1A, 0x78, 0x74, 0x9C, 0x26, 0x82, 0x7D, 0xFF,
    0x2F, 0x60, 0x5D, 0xFB, 0x30, 0x62, 0x5F, 0xFF, 0x30, 0x73, 0x70, 0xFF, 0x3B, 0x54, 0x50, 0xFF, 0x10, 0x7B, 0x74, 0xFF, 0x11, 0x6E, 0x69, 0xFC,
    0x34, 0x2E, 0x2E, 0xFF, 0x23, 0x23, 0x22, 0xB2, 0x00, 0x00, 0x00, 0x00, 0x33, 0x33, 0x33, 0x05, 0x00, 0x00, 0x00, 0x00, 0x00, 0x00, 0x00, 0x00,
    0x00, 0x00, 0x00, 0x00, 0x00, 0x00, 0x00, 0x00, 0x00, 0x00, 0x00, 0x00, 0x00, 0x00, 0x00, 0x00, 0x3F, 0x3F, 0x3F, 0x04, 0x00, 0x00, 0x00, 0x00,
    0x3A, 0x3D, 0x3A, 0x88, 0x4C, 0x4C, 0x4B, 0xFF, 0x5A, 0x5A, 0x58, 0xFC, 0x44, 0x44, 0x42, 0xFF, 0x32, 0x33, 0x32, 0xFF, 0x3E, 0x3B, 0x38, 0xFF,
    0x31, 0x46, 0x44, 0xFD, 0x49, 0x63, 0x60, 0xFF, 0x59, 0x54, 0x51, 0xCB, 0x00, 0xFF, 0x7F, 0x02, 0x00, 0x00, 0x00, 0x00, 0x00, 0x00, 0x00, 0x00,
    0x00, 0x00, 0x00, 0x00, 0x00, 0x00, 0x00, 0x00, 0x00, 0x00, 0x00, 0x00, 0x00, 0x00, 0x00, 0x00, 0x00, 0x00, 0x00, 0x00, 0x00, 0x00, 0x00, 0x00,
    0x00, 0x00, 0x00, 0x00, 0x00, 0x00, 0x00, 0x00, 0x00, 0x00, 0x00, 0x00, 0x00, 0x00, 0x00, 0x00, 0x00, 0x00, 0x00, 0x00, 0x00, 0x00, 0x00, 0x00,
    0x00, 0x00, 0x00, 0x00, 0x00, 0x00, 0x00, 0x00, 0xFF, 0xFF, 0xFF, 0x01, 0x45, 0x45, 0x45, 0x0B, 0x4F, 0x4A, 0x4A, 0xCB, 0x65, 0x58, 0x56, 0xFF,
    0x66, 0x5E, 0x5A, 0xFD, 0x70, 0x68, 0x65, 0xFF, 0x79, 0x6F, 0x6B, 0xFF, 0x79, 0x75, 0x6F, 0xFF, 0x28, 0x78, 0x73, 0xFF, 0x00, 0x82, 0x7A, 0xFC,
    0x26, 0x4C, 0x49, 0xFF, 0x27, 0x1E, 0x21, 0x54, 0x00, 0x00, 0x00, 0x00, 0x3F, 0x3F, 0x3F, 0x04, 0x00, 0x00, 0x00, 0x00, 0x00, 0x00, 0x00, 0x00,
    0x00, 0x00, 0x00, 0x00, 0x00, 0x00, 0x00, 0x00, 0x00, 0x00, 0x00, 0x00, 0x00, 0x00, 0x00, 0x00, 0x00, 0x00, 0x00, 0x00, 0x3F, 0x3F, 0x3F, 0x04,
    0x00, 0x00, 0x00, 0x00, 0x37, 0x35, 0x35, 0x7D, 0x38, 0x38, 0x38, 0xFF, 0x2D, 0x2D, 0x2E, 0xFC, 0x31, 0x31, 0x31, 0xFF, 0x3D, 0x38, 0x38, 0xFF,
    0x30, 0x45, 0x45, 0xFC, 0x3C, 0x5F, 0x5F, 0xFF, 0x50, 0x49, 0x49, 0xBC, 0x00, 0x00, 0x00, 0x00, 0x00, 0x00, 0x00, 0x00, 0x00, 0x00, 0x00, 0x00,
    0x00, 0x00, 0x00, 0x00, 0x00, 0x00, 0x00, 0x00, 0x00, 0x00, 0x00, 0x00, 0x00, 0x00, 0x00, 0x00, 0x00, 0x00, 0x00, 0x00, 0x00, 0x00, 0x00, 0x00,
    0x00, 0x00, 0x00, 0x00, 0x00, 0x00, 0x00, 0x00, 0x00, 0x00, 0x00, 0x00, 0x00, 0x00, 0x00, 0x00, 0x00, 0x00, 0x00, 0x00, 0x00, 0x00, 0x00, 0x00,
    0x00, 0x00, 0x00, 0x00, 0x00, 0x00, 0x00, 0x00, 0x00, 0x00, 0x00, 0x00, 0x58, 0x56, 0x52, 0x73, 0x67, 0x64, 0x62, 0xFF, 0x63, 0x61, 0x5F, 0xFC,
    0x72, 0x71, 0x6F, 0xFF, 0x81, 0x80, 0x7E, 0xFF, 0x7F, 0x7E, 0x7B, 0xFF, 0x80, 0x7C, 0x7A, 0xFF, 0x82, 0x78, 0x74, 0xFF, 0x51, 0x7B, 0x74, 0xFD,
    0x42, 0x65, 0x61, 0xFE, 0x52, 0x52, 0x50, 0xB1, 0x30, 0x30, 0x30, 0x15, 0x00, 0x00, 0x00, 0x01, 0x00, 0x00, 0x00, 0x01, 0x00, 0x00, 0x00, 0x00,
    0x00, 0x00, 0x00, 0x00, 0x00, 0x00, 0x00, 0x00, 0x00, 0x00, 0x00, 0x00, 0x00, 0x00, 0x00, 0x00, 0x00, 0x00, 0x00, 0x00, 0x00, 0x00, 0x00, 0x01,
    0x00, 0x00, 0x00, 0x01, 0x00, 0x00, 0x00, 0x07, 0x28, 0x29, 0x28, 0xD7, 0x28, 0x28, 0x28, 0xFF, 0x2B, 0x2C, 0x2C, 0xFD, 0x39, 0x36, 0x35, 0xFF,
    0x35, 0x3D, 0x3C, 0xFC, 0x38, 0x5A, 0x59, 0xFF, 0x50, 0x48, 0x48, 0x69, 0x00, 0x00, 0x00, 0x00, 0x00, 0x00, 0x00, 0x00, 0x00, 0x00, 0x00, 0x00,
    0x00, 0x00, 0x00, 0x00, 0x00, 0x00, 0x00, 0x00, 0x00, 0x00, 0x00, 0x00, 0x00, 0x00, 0x00, 0x00, 0x00, 0x00, 0x00, 0x00, 0x00, 0x00, 0x00, 0x00,
    0x00, 0x00, 0x00, 0x00, 0x00, 0x00, 0x00, 0x00, 0x00, 0x00, 0x00, 0x00, 0x00, 0x00, 0x00, 0x00, 0x00, 0x00, 0x00, 0x00, 0x00, 0x00, 0x00, 0x00,
    0x00, 0x00, 0x00, 0x00, 0x00, 0x00, 0x00, 0x00, 0x00, 0x00, 0x00, 0x00, 0x5A, 0x58, 0x53, 0xA4, 0x7B, 0x77, 0x74, 0xFE, 0x64, 0x62, 0x5F, 0xFB,
    0x68, 0x67, 0x64, 0xFF, 0x80, 0x7E, 0x7D, 0xFF, 0x80, 0x7E, 0x7C, 0xFF, 0x80, 0x7F, 0x7D, 0xFF, 0x82, 0x82, 0x7F, 0xFF, 0x7D, 0x76, 0x71, 0xFF,
    0x6C, 0x66, 0x64, 0xFD, 0x87, 0x87, 0x85, 0xFF, 0x6A, 0x6A, 0x68, 0xC9, 0x2A, 0x2A, 0x2A, 0x06, 0xFF, 0xFF, 0xFF, 0x01, 0x00, 0x00, 0x00, 0x01,
    0x00, 0x00, 0x00, 0x00, 0x00, 0x00, 0x00, 0x00, 0x00, 0x00, 0x00, 0x00, 0x00, 0x00, 0x00, 0x00, 0x00, 0x00, 0x00, 0x00, 0x00, 0x00, 0x00, 0x00,
    0x00, 0x00, 0x00, 0x03, 0x00, 0x00, 0x00, 0x00, 0x2C, 0x2D, 0x2C, 0xB3, 0x25, 0x25, 0x25, 0xFF, 0x26, 0x26, 0x27, 0xFC, 0x32, 0x33, 0x33, 0xFF,
    0x2D, 0x4D, 0x4B, 0xFC, 0x33, 0x52, 0x54, 0xFF, 0x52, 0x4D, 0x4F, 0x76, 0x00, 0x00, 0x00, 0x00, 0x00, 0x00, 0x00, 0x00, 0x00, 0x00, 0x00, 0x00,
    0x00, 0x00, 0x00, 0x00, 0x00, 0x00, 0x00, 0x00, 0x00, 0x00, 0x00, 0x00, 0x00, 0x00, 0x00, 0x00, 0x00, 0x00, 0x00, 0x00, 0x00, 0x00, 0x00, 0x00,
    0x00, 0x00, 0x00, 0x00, 0x00, 0x00, 0x00, 0x00, 0x00, 0x00, 0x00, 0x00, 0x00, 0x00, 0x00, 0x00, 0x00, 0x00, 0x00, 0x00, 0x00, 0x00, 0x00, 0x00,
    0x00, 0x00, 0x00, 0x00, 0x00, 0x00, 0x00, 0x00, 0x00, 0x00, 0x00, 0x00, 0x50, 0x4F, 0x4B, 0xBB, 0x61, 0x5F, 0x5A, 0xFF, 0x58, 0x57, 0x53, 0xFC,
    0x62, 0x61, 0x5D, 0xFF, 0x7A, 0x79, 0x79, 0xFF, 0x80, 0x7F, 0x7E, 0xFF, 0x80, 0x7E, 0x7D, 0xFF, 0x7F, 0x7E, 0x7B, 0xFF, 0x77, 0x76, 0x71, 0xFF,
    0x6A, 0x6A, 0x69, 0xFF, 0x8C, 0x8C, 0x8B, 0xFA, 0x78, 0x76, 0x77, 0xFF, 0x6A, 0x67, 0x6A, 0x60, 0x00, 0x00, 0x00, 0x00, 0x55, 0x55, 0x55, 0x03,
    0x00, 0x00, 0x00, 0x00, 0x00, 0x00, 0x00, 0x00, 0x00, 0x00, 0x00, 0x00, 0x00, 0x00, 0x00, 0x00, 0x00, 0x00, 0x00, 0x00, 0x7F, 0x7F, 0x7F, 0x02,
    0x00, 0x00, 0x00, 0x00, 0x52, 0x59, 0x59, 0x28, 0x33, 0x32, 0x32, 0xF9, 0x36, 0x37, 0x37, 0xFF, 0x4B, 0x4A, 0x4B, 0xFE, 0x33, 0x47, 0x46, 0xFF,
    0x2D, 0x6A, 0x69, 0xFD, 0x52, 0x5E, 0x5F, 0xFF, 0x68, 0x65, 0x66, 0xDA, 0x7F, 0x7F, 0x7F, 0x08, 0x00, 0x00, 0x00, 0x00, 0x00, 0x00, 0x00, 0x00,
    0x00, 0x00, 0x00, 0x00, 0x00, 0x00, 0x00, 0x00, 0x00, 0x00, 0x00, 0x00, 0x00, 0x00, 0x00, 0x00, 0x00, 0x00, 0x00, 0x00, 0x00, 0x00, 0x00, 0x00,
    0x00, 0x00, 0x00, 0x00, 0x00, 0x00, 0x00, 0x00, 0x00, 0x00, 0x00, 0x00, 0x00, 0x00, 0x00, 0x00, 0x00, 0x00, 0x00, 0x00, 0x00, 0x00, 0x00, 0x00,
    0x00, 0x00, 0x00, 0x00, 0x00, 0x00, 0x00, 0x00, 0x00, 0x00, 0x00, 0x00, 0x4C, 0x4B, 0x4A, 0xC4, 0x5C, 0x5B, 0x57, 0xFF, 0x71, 0x6E, 0x6B, 0xFD,
    0x6A, 0x68, 0x65, 0xFF, 0x7A, 0x79, 0x78, 0xFF, 0x7F, 0x7F, 0x7D, 0xFF, 0x80, 0x81, 0x7D, 0xFF, 0x99, 0x95, 0x92, 0xFF, 0x8D, 0x8B, 0x87, 0xFF,
    0x5A, 0x59, 0x57, 0xFF, 0xA1, 0xA1, 0xA0, 0xFC, 0x81, 0x7F, 0x80, 0xFE, 0x6D, 0x6B, 0x6B, 0xC8, 0x55, 0x55, 0x55, 0x03, 0x00, 0x00, 0x00, 0x01,
    0x00, 0x00, 0x00, 0x00, 0x00, 0x00, 0x00, 0x00, 0x00, 0x00, 0x00, 0x00, 0x00, 0x00, 0x00, 0x00, 0x00, 0x00, 0x00, 0x00, 0x7F, 0x7F, 0x7F, 0x02,
    0x00, 0x00, 0x00, 0x00, 0x4E, 0x4E, 0x4A, 0x37, 0x2B, 0x30, 0x30, 0xFF, 0x36, 0x34, 0x34, 0xFF, 0x55, 0x52, 0x54, 0xFE, 0x64, 0x61, 0x63, 0xFF,
    0x77, 0x72, 0x72, 0xFE, 0x7B, 0x7C, 0x7A, 0xFF, 0x72, 0x73, 0x72, 0xEA, 0x55, 0x55, 0x55, 0x15, 0x00, 0x00, 0x00, 0x00, 0x00, 0x00, 0x00, 0x00,
    0x00, 0x00, 0x00, 0x00, 0x00, 0x00, 0x00, 0x00, 0x00, 0x00, 0x00, 0x00, 0x00, 0x00, 0x00, 0x00, 0x00, 0x00, 0x00, 0x00, 0x00, 0x00, 0x00, 0x00,
    0x00, 0x00, 0x00, 0x00, 0x00, 0x00, 0x00, 0x00, 0x00, 0x00, 0x00, 0x00, 0x00, 0x00, 0x00, 0x00, 0x00, 0x00, 0x00, 0x00, 0x00, 0x00, 0x00, 0x00,
    0x00, 0x00, 0x00, 0x00, 0x00, 0x00, 0x00, 0x00, 0x00, 0x00, 0x00, 0x00, 0x4D, 0x4A, 0x49, 0xC2, 0x62, 0x61, 0x60, 0xFF, 0x76, 0x75, 0x72, 0xFD,
    0x69, 0x68, 0x66, 0xFF, 0x72, 0x72, 0x70, 0xFF, 0x8E, 0x8D, 0x8B, 0xFF, 0x9C, 0x9B, 0x9A, 0xFF, 0x77, 0x79, 0x76, 0xFF, 0x50, 0x51, 0x50, 0xFF,
    0x3C, 0x3C, 0x39, 0xFF, 0x61, 0x62, 0x5E, 0xFD, 0x8A, 0x8C, 0x8A, 0xFF, 0x4D, 0x4C, 0x4B, 0xCC, 0x00, 0x00, 0x00, 0x00, 0x00, 0x00, 0x00, 0x00,
    0x00, 0x00, 0x00, 0x00, 0x00, 0x00, 0x00, 0x00, 0x00, 0x00, 0x00, 0x00, 0x00, 0x00, 0x00, 0x00, 0x00, 0x00, 0x00, 0x00, 0x00, 0x00, 0x00, 0x02,
    0x00, 0x00, 0x00, 0x00, 0x55, 0x36, 0x36, 0x21, 0x20, 0x3B, 0x3A, 0xF3, 0x08, 0x3A, 0x3A, 0xFF, 0x2A, 0x32, 0x32, 0xFE, 0x5F, 0x5E, 0x5E, 0xFF,
    0x77, 0x79, 0x79, 0xFE, 0x75, 0x76, 0x76, 0xFF, 0x63, 0x64, 0x65, 0xE9, 0x55, 0x61, 0x61, 0x15, 0x00, 0x00, 0x00, 0x00, 0x00, 0x00, 0x00, 0x00,
    0x00, 0x00, 0x00, 0x00, 0x00, 0x00, 0x00, 0x00, 0x00, 0x00, 0x00, 0x00, 0x00, 0x00, 0x00, 0x00, 0x00, 0x00, 0x00, 0x00, 0x00, 0x00, 0x00, 0x00,
    0x00, 0x00, 0x00, 0x00, 0x00, 0x00, 0x00, 0x00, 0x00, 0x00, 0x00, 0x00, 0x00, 0x00, 0x00, 0x00, 0x00, 0x00, 0x00, 0x00, 0x00, 0x00, 0x00, 0x00,
    0x00, 0x00, 0x00, 0x00, 0x00, 0x00, 0x00, 0x00, 0x00, 0x00, 0x00, 0x01, 0x49, 0x4A, 0x46, 0xCE, 0x5B, 0x5B, 0x5A, 0xFF, 0x56, 0x56, 0x56, 0xFD,
    0x4F, 0x50, 0x4F, 0xFF, 0x7E, 0x7D, 0x7A, 0xFF, 0x8F, 0x98, 0x95, 0xFF, 0x48, 0x5A, 0x58, 0xFF, 0x39, 0x36, 0x36, 0xFF, 0x3E, 0x3F, 0x3F, 0xFF,
    0x43, 0x44, 0x42, 0xFF, 0x38, 0x37, 0x36, 0xFE, 0x3F, 0x3F, 0x3E, 0xFE, 0x48, 0x48, 0x48, 0xE8, 0x4B, 0x4D, 0x4B, 0x5F, 0x00, 0x00, 0x00, 0x00,
    0xFF, 0xFF, 0xFF, 0x01, 0x00, 0x00, 0x00, 0x00, 0x00, 0x00, 0x00, 0x00, 0x00, 0x00, 0x00, 0x00, 0x00, 0x00, 0x00, 0x00, 0x00, 0x00, 0x00, 0x01,
    0x00, 0x00, 0x00, 0x02, 0x33, 0x33, 0x33, 0x05, 0x1E, 0x1F, 0x1E, 0xD9, 0x13, 0x35, 0x35, 0xFE, 0x11, 0x32, 0x32, 0xFD, 0x35, 0x31, 0x31, 0xFF,
    0x6F, 0x71, 0x6F, 0xFC, 0x4E, 0x4E, 0x4E, 0xFF, 0x42, 0x42, 0x42, 0xBF, 0xFF, 0xFF, 0xFF, 0x01, 0x00, 0x00, 0x00, 0x00, 0x00, 0x00, 0x00, 0x00,
    0x00, 0x00, 0x00, 0x00, 0x00, 0x00, 0x00, 0x00, 0x00, 0x00, 0x00, 0x00, 0x00, 0x00, 0x00, 0x00, 0x00, 0x00, 0x00, 0x00, 0x00, 0x00, 0x00, 0x00,
    0x00, 0x00, 0x00, 0x00, 0x00, 0x00, 0x00, 0x00, 0x00, 0x00, 0x00, 0x00, 0x00, 0x00, 0x00, 0x00, 0x00, 0x00, 0x00, 0x00, 0x00, 0x00, 0x00, 0x00,
    0x00, 0x00, 0x00, 0x00, 0x00, 0x00, 0x00, 0x00, 0x00, 0x00, 0x00, 0x00, 0x4E, 0x52, 0x4F, 0xA6, 0x67, 0x68, 0x65, 0xFF, 0x53, 0x52, 0x51, 0xFC,
    0x64, 0x67, 0x65, 0xFF, 0x8E, 0x83, 0x80, 0xFF, 0x2D, 0x6C, 0x69, 0xFF, 0x36, 0x4F, 0x4D, 0xFF, 0x42, 0x3E, 0x3D, 0xFF, 0x3A, 0x3B, 0x3B, 0xFE,
    0x3E, 0x3D, 0x3C, 0xFC, 0x43, 0x43, 0x43, 0xFE, 0x40, 0x40, 0x40, 0xFE, 0x69, 0x68, 0x69, 0xFF, 0x6F, 0x70, 0x6F, 0xFF, 0x5F, 0x5F, 0x5F, 0x28,
    0x00, 0x00, 0x00, 0x00, 0x7F, 0x7F, 0x7F, 0x02, 0x00, 0x00, 0x00, 0x00, 0x00, 0x00, 0x00, 0x00, 0x00, 0x00, 0x00, 0x00, 0x00, 0x00, 0x00, 0x02,
    0x00, 0x00, 0x00, 0x00, 0x18, 0x18, 0x18, 0x2A, 0x1F, 0x1E, 0x1E, 0xFE, 0x22, 0x1E, 0x1E, 0xFF, 0x21, 0x21, 0x22, 0xFE, 0x4D, 0x4B, 0x4E, 0xFF,
    0x68, 0x68, 0x69, 0xFC, 0x37, 0x36, 0x37, 0xFF, 0x48, 0x48, 0x48, 0x74, 0x00, 0x00, 0x00, 0x00, 0x00, 0x00, 0x00, 0x00, 0x00, 0x00, 0x00, 0x00,
    0x00, 0x00, 0x00, 0x00, 0x00, 0x00, 0x00, 0x00, 0x00, 0x00, 0x00, 0x00, 0x00, 0x00, 0x00, 0x00, 0x00, 0x00, 0x00, 0x00, 0x00, 0x00, 0x00, 0x00,
    0x00, 0x00, 0x00, 0x00, 0x00, 0x00, 0x00, 0x00, 0x00, 0x00, 0x00, 0x00, 0x00, 0x00, 0x00, 0x00, 0x00, 0x00, 0x00, 0x00, 0x00, 0x00, 0x00, 0x00,
    0x00, 0x00, 0x00, 0x00, 0x00, 0x00, 0x00, 0x00, 0x33, 0x33, 0x33, 0x05, 0x52, 0x52, 0x50, 0xBA, 0x4D, 0x4E, 0x4D, 0xFF, 0x5A, 0x5C, 0x5A, 0xFD,
    0x6D, 0x69, 0x66, 0xFF, 0x41, 0x72, 0x6D, 0xFF, 0x16, 0x6E, 0x6F, 0xFF, 0x4B, 0x3E, 0x3E, 0xFF, 0x3A, 0x3D, 0x3C, 0xFF, 0x38, 0x38, 0x38, 0xFF,
    0x38, 0x37, 0x37, 0xFF, 0x3E, 0x3E, 0x3E, 0xFF, 0x6F, 0x6F, 0x6E, 0xFE, 0x72, 0x72, 0x71, 0xFB, 0x85, 0x85, 0x85, 0xFE, 0x71, 0x71, 0x71, 0x73,
    0x00, 0x00, 0x00, 0x00, 0x7F, 0x7F, 0x7F, 0x04, 0x00, 0x00, 0x00, 0x00, 0x00, 0x00, 0x00, 0x00, 0x00, 0x00, 0x00, 0x01, 0x00, 0x00, 0x00, 0x00,
    0x26, 0x26, 0x26, 0x3B, 0x29, 0x28, 0x29, 0xEE, 0x23, 0x24, 0x23, 0xD6, 0x19, 0x1A, 0x1A, 0xE4, 0x2E, 0x2D, 0x2C, 0xFF, 0x72, 0x72, 0x70, 0xFE,
    0x84, 0x84, 0x83, 0xFB, 0x59, 0x58, 0x59, 0xFF, 0x4D, 0x4D, 0x4F, 0xA4, 0x00, 0x00, 0x00, 0x00, 0x00, 0x00, 0x00, 0x00, 0x00, 0x00, 0x00, 0x00,
    0x00, 0x00, 0x00, 0x00, 0x00, 0x00, 0x00, 0x00, 0x00, 0x00, 0x00, 0x00, 0x00, 0x00, 0x00, 0x00, 0x00, 0x00, 0x00, 0x00, 0x00, 0x00, 0x00, 0x00,
    0x00, 0x00, 0x00, 0x00, 0x00, 0x00, 0x00, 0x00, 0x00, 0x00, 0x00, 0x00, 0x00, 0x00, 0x00, 0x00, 0x00, 0x00, 0x00, 0x00, 0x00, 0x00, 0x00, 0x00,
    0x00, 0x00, 0x00, 0x00, 0x00, 0x00, 0x00, 0x00, 0x33, 0x33, 0x33, 0x14, 0x4C, 0x4D, 0x4B, 0xF2, 0x4F, 0x50, 0x4E, 0xFF, 0x3A, 0x3C, 0x3A, 0xFE,
    0x55, 0x51, 0x52, 0xFF, 0x3F, 0x65, 0x66, 0xFF, 0x0B, 0x8D, 0x8D, 0xFF, 0x2D, 0x5A, 0x59, 0xFD, 0x3B, 0x36, 0x36, 0xFE, 0x2E, 0x30, 0x30, 0xD1,
    0x2D, 0x2F, 0x2D, 0x66, 0x34, 0x35, 0x35, 0xDB, 0x76, 0x79, 0x78, 0xFF, 0x74, 0x74, 0x73, 0xF9, 0x6C, 0x6B, 0x6B, 0xFE, 0x62, 0x62, 0x60, 0xA1,
    0x00, 0x00, 0x00, 0x00, 0x7F, 0x7F, 0x7F, 0x04, 0x00, 0x00, 0x00, 0x00, 0x00, 0x00, 0x00, 0x02, 0x00, 0x00, 0x00, 0x00, 0x2E, 0x2E, 0x2E, 0x3C,
    0x2E, 0x2E, 0x2E, 0xFD, 0x28, 0x28, 0x28, 0x98, 0x1F, 0x1F, 0x1F, 0x72, 0x24, 0x21, 0x22, 0xEE, 0x24, 0x2E, 0x2E, 0xFE, 0x65, 0x75, 0x72, 0xFE,
    0x62, 0x63, 0x62, 0xFD, 0x47, 0x48, 0x47, 0xF6, 0x47, 0x47, 0x47, 0x59, 0x00, 0x00, 0x00, 0x00, 0x00, 0x00, 0x00, 0x00, 0x00, 0x00, 0x00, 0x00,
    0x00, 0x00, 0x00, 0x00, 0x00, 0x00, 0x00, 0x00, 0x00, 0x00, 0x00, 0x00, 0x00, 0x00, 0x00, 0x00, 0x00, 0x00, 0x00, 0x00, 0x00, 0x00, 0x00, 0x00,
    0x00, 0x00, 0x00, 0x00, 0x00, 0x00, 0x00, 0x00, 0x00, 0x00, 0x00, 0x00, 0x00, 0x00, 0x00, 0x00, 0x00, 0x00, 0x00, 0x00, 0x00, 0x00, 0x00, 0x00,
    0x00, 0x00, 0x00, 0x00, 0x00, 0x00, 0x00, 0x00, 0x00, 0x00, 0x00, 0x02, 0x4E, 0x4F, 0x4E, 0xB0, 0x5E, 0x61, 0x5F, 0xFF, 0x4B, 0x4F, 0x4E, 0xFC,
    0x6A, 0x6C, 0x6B, 0xFF, 0x82, 0x75, 0x74, 0xFF, 0x18, 0x8C, 0x88, 0xFF, 0x18, 0x68, 0x67, 0xFC, 0x3A, 0x32, 0x31, 0xFF, 0x22, 0x2A, 0x27, 0x60,
    0x00, 0x00, 0x00, 0x00, 0x16, 0x16, 0x16, 0x2D, 0x54, 0x55, 0x55, 0xEE, 0x83, 0x80, 0x81, 0xFC, 0x59, 0x5D, 0x5C, 0xFF, 0x47, 0x4E, 0x4C, 0x9C,
    0x00, 0x00, 0x00, 0x00, 0x55, 0x55, 0x55, 0x03, 0x00, 0x00, 0x00, 0x00, 0x00, 0x00, 0x00, 0x01, 0x00, 0x00, 0x00, 0x00, 0x26, 0x26, 0x26, 0x14,
    0x24, 0x29, 0x24, 0x31, 0x18, 0x18, 0x18, 0x5C, 0x2A, 0x2B, 0x2B, 0xF7, 0x2D, 0x2B, 0x2C, 0xFF, 0x45, 0x54, 0x54, 0xFE, 0x42, 0x81, 0x7F, 0xFE,
    0x34, 0x47, 0x45, 0xFE, 0x60, 0x5C, 0x5C, 0xEB, 0x7F, 0x94, 0x94, 0x0C, 0x00, 0x00, 0x00, 0x00, 0x00, 0x00, 0x00, 0x00, 0x00, 0x00, 0x00, 0x00,
    0x00, 0x00, 0x00, 0x00, 0x00, 0x00, 0x00, 0x00, 0x00, 0x00, 0x00, 0x00, 0x00, 0x00, 0x00, 0x00, 0x00, 0x00, 0x00, 0x00, 0x00, 0x00, 0x00, 0x00,
    0x00, 0x00, 0x00, 0x00, 0x00, 0x00, 0x00, 0x00, 0x00, 0x00, 0x00, 0x00, 0x00, 0x00, 0x00, 0x00, 0x00, 0x00, 0x00, 0x00, 0x00, 0x00, 0x00, 0x00,
    0x00, 0x00, 0x00, 0x00, 0x00, 0x00, 0x00, 0x00, 0x00, 0x00, 0x00, 0x00, 0x58, 0x58, 0x58, 0x42, 0x58, 0x5D, 0x5B, 0xFF, 0x50, 0x54, 0x53, 0xFD,
    0x76, 0x77, 0x76, 0xFF, 0x83, 0x82, 0x81, 0xFF, 0x3E, 0x5B, 0x5A, 0xFE, 0x3B, 0x39, 0x39, 0xFF, 0x2E, 0x2D, 0x2D, 0xEF, 0x23, 0x23, 0x23, 0x1D,
    0x33, 0x33, 0x33, 0x05, 0x00, 0x00, 0x00, 0x00, 0x40, 0x3A, 0x39, 0x8F, 0x4E, 0x6B, 0x6C, 0xFF, 0x4D, 0x68, 0x68, 0xFF, 0x50, 0x50, 0x50, 0xDE,
    0x15, 0x15, 0x15, 0x0C, 0x00, 0x00, 0x00, 0x00, 0x00, 0x00, 0x00, 0x01, 0x00, 0x00, 0x00, 0x00, 0x55, 0x55, 0x55, 0x03, 0x00, 0x00, 0x00, 0x00,
    0x20, 0x22, 0x22, 0x5F, 0x29, 0x2A, 0x2A, 0xFD, 0x22, 0x22, 0x22, 0xD1, 0x29, 0x2A, 0x2A, 0xF8, 0x84, 0x85, 0x84, 0xFF, 0x6B, 0x6A, 0x68, 0xF9,
    0x51, 0x52, 0x52, 0xFF, 0x71, 0x71, 0x71, 0xAD, 0xAA, 0xAA, 0xAA, 0x03, 0x7F, 0x7F, 0x7F, 0x02, 0x00, 0x00, 0x00, 0x00, 0x00, 0x00, 0x00, 0x00,
    0x00, 0x00, 0x00, 0x00, 0x00, 0x00, 0x00, 0x00, 0x00, 0x00, 0x00, 0x00, 0x00, 0x00, 0x00, 0x00, 0x00, 0x00, 0x00, 0x00, 0x00, 0x00, 0x00, 0x00,
    0x00, 0x00, 0x00, 0x00, 0x00, 0x00, 0x00, 0x00, 0x00, 0x00, 0x00, 0x00, 0x00, 0x00, 0x00, 0x00, 0x00, 0x00, 0x00, 0x00, 0x00, 0x00, 0x00, 0x00,
    0x00, 0x00, 0x00, 0x00, 0x00, 0x00, 0x00, 0x00, 0x00, 0x00, 0x00, 0x01, 0x7F, 0x5F, 0x5F, 0x08, 0x4E, 0x53, 0x52, 0xDC, 0x3C, 0x40, 0x40, 0xFF,
    0x61, 0x61, 0x60, 0xFD, 0x63, 0x67, 0x67, 0xFF, 0x2E, 0x55, 0x56, 0xFC, 0x38, 0x44, 0x43, 0xFF, 0x2E, 0x31, 0x2E, 0xAB, 0x00, 0x00, 0x00, 0x00,
    0x33, 0x33, 0x33, 0x05, 0x00, 0x00, 0x00, 0x01, 0x35, 0x35, 0x35, 0x43, 0x52, 0x5A, 0x59, 0xFF, 0x6B, 0x6E, 0x6C, 0xFA, 0x5E, 0x5E, 0x5D, 0xFE,
    0x48, 0x48, 0x48, 0x3F, 0x00, 0x00, 0x00, 0x00, 0x55, 0x55, 0x55, 0x03, 0x00, 0x00, 0x00, 0x00, 0x00, 0x00, 0x00, 0x01, 0x00, 0x00, 0x00, 0x02,
    0x2A, 0x22, 0x2A, 0x1E, 0x25, 0x26, 0x26, 0xB2, 0x29, 0x28, 0x29, 0xFB, 0x2B, 0x2B, 0x2B, 0xF9, 0x35, 0x43, 0x43, 0xFB, 0x50, 0x54, 0x52, 0xFF,
    0x6B, 0x6C, 0x6B, 0xE8, 0x58, 0x58, 0x58, 0x1A, 0x00, 0x00, 0x00, 0x00, 0x00, 0x00, 0x00, 0x02, 0x00, 0x00, 0x00, 0x00, 0x00, 0x00, 0x00, 0x00,
    0x00, 0x00, 0x00, 0x00, 0x00, 0x00, 0x00, 0x00, 0x00, 0x00, 0x00, 0x00, 0x00, 0x00, 0x00, 0x00, 0x00, 0x00, 0x00, 0x00, 0x00, 0x00, 0x00, 0x00,
    0x00, 0x00, 0x00, 0x00, 0x00, 0x00, 0x00, 0x00, 0x00, 0x00, 0x00, 0x00, 0x00, 0x00, 0x00, 0x00, 0x00, 0x00, 0x00, 0x00, 0x00, 0x00, 0x00, 0x00,
    0x00, 0x00, 0x00, 0x00, 0x00, 0x00, 0x00, 0x00, 0x3F, 0x3F, 0x3F, 0x04, 0x00, 0x00, 0x00, 0x00, 0x4F, 0x55, 0x55, 0x84, 0x4A, 0x50, 0x50, 0xFF,
    0x43, 0x40, 0x3F, 0xFC, 0x2D, 0x4A, 0x48, 0xFF, 0x40, 0x73, 0x74, 0xFE, 0x5C, 0x6A, 0x6A, 0xFF, 0x36, 0x3F, 0x3E, 0xE5, 0x16, 0x0B, 0x0B, 0x17,
    0x00, 0x7F, 0x7F, 0x02, 0x55, 0x55, 0x55, 0x03, 0x00, 0x00, 0x00, 0x05, 0x57, 0x57, 0x56, 0xC3, 0x7A, 0x7B, 0x7A, 0xFF, 0x64, 0x64, 0x64, 0xFF,
    0x49, 0x4D, 0x49, 0x45, 0x00, 0x00, 0x00, 0x00, 0x55, 0x55, 0x55, 0x03, 0x00, 0x00, 0x00, 0x00, 0x00, 0x00, 0x00, 0x00, 0x00, 0x00, 0x00, 0x01,
    0x00, 0x00, 0x00, 0x00, 0x28, 0x2B, 0x2B, 0x70, 0x2F, 0x2F, 0x2F, 0xBB, 0x32, 0x32, 0x32, 0xFF, 0x43, 0x42, 0x42, 0xFF, 0x71, 0x71, 0x71, 0xBD,
    0x8E, 0x8E, 0x8E, 0x32, 0x00, 0x00, 0x00, 0x00, 0x7F, 0x7F, 0x7F, 0x02, 0x00, 0x00, 0x00, 0x00, 0x00, 0x00, 0x00, 0x00, 0x00, 0x00, 0x00, 0x00,
    0x00, 0x00, 0x00, 0x00, 0x00, 0x00, 0x00, 0x00, 0x00, 0x00, 0x00, 0x00, 0x00, 0x00, 0x00, 0x00, 0x00, 0x00, 0x00, 0x00, 0x00, 0x00, 0x00, 0x00,
    0x00, 0x00, 0x00, 0x00, 0x00, 0x00, 0x00, 0x00, 0x00, 0x00, 0x00, 0x00, 0x00, 0x00, 0x00, 0x00, 0x00, 0x00, 0x00, 0x00, 0x00, 0x00, 0x00, 0x00,
    0x00, 0x00, 0x00, 0x00, 0x00, 0x00, 0x00, 0x00, 0x7F, 0x7F, 0x7F, 0x02, 0x00, 0x00, 0x00, 0x00, 0x59, 0x60, 0x60, 0x25, 0x68, 0x6A, 0x6A, 0xFE,
    0x6A, 0x6B, 0x6B, 0xFD, 0x6B, 0x6F, 0x70, 0xFE, 0x81, 0x7C, 0x7C, 0xFF, 0x7B, 0x7A, 0x79, 0xFC, 0x4F, 0x4B, 0x4B, 0xFF, 0x25, 0x1F, 0x1F, 0x58,
    0x00, 0x00, 0x00, 0x00, 0x3F, 0x3F, 0x3F, 0x08, 0x00, 0x00, 0x00, 0x00, 0x51, 0x51, 0x51, 0x1C, 0x68, 0x6A, 0x69, 0xAE, 0x5A, 0x5C, 0x5A, 0x82,
    0x00, 0x00, 0x00, 0x03, 0x00, 0x00, 0x00, 0x01, 0x00, 0x00, 0x00, 0x00, 0x00, 0x00, 0x00, 0x00, 0x00, 0x00, 0x00, 0x00, 0x00, 0x00, 0x00, 0x00,
    0x55, 0x55, 0x55, 0x03, 0x00, 0x00, 0x00, 0x00, 0x23, 0x23, 0x23, 0x1D, 0x3E, 0x40, 0x3E, 0x97, 0x6D, 0x70, 0x6D, 0x54, 0x00, 0x00, 0x00, 0x00,
    0x00, 0x00, 0x00, 0x00, 0x7F, 0x7F, 0x7F, 0x02, 0x00, 0x00, 0x00, 0x00, 0x00, 0x00, 0x00, 0x00, 0x00, 0x00, 0x00, 0x00, 0x00, 0x00, 0x00, 0x00,
    0x00, 0x00, 0x00, 0x00, 0x00, 0x00, 0x00, 0x00, 0x00, 0x00, 0x00, 0x00, 0x00, 0x00, 0x00, 0x00, 0x00, 0x00, 0x00, 0x00, 0x00, 0x00, 0x00, 0x00,
    0x00, 0x00, 0x00, 0x00, 0x00, 0x00, 0x00, 0x00, 0x00, 0x00, 0x00, 0x00, 0x00, 0x00, 0x00, 0x00, 0x00, 0x00, 0x00, 0x00, 0x00, 0x00, 0x00, 0x00,
    0x00, 0x00, 0x00, 0x00, 0x00, 0x00, 0x00, 0x00, 0x00, 0x00, 0x00, 0x00, 0x7F, 0x7F, 0x7F, 0x02, 0x00, 0x00, 0x00, 0x00, 0x57, 0x5B, 0x5B, 0x7D,
    0x4F, 0x51, 0x50, 0xFF, 0x64, 0x67, 0x67, 0xFA, 0x89, 0x8B, 0x8B, 0xFD, 0x82, 0x7B, 0x7D, 0xFD, 0x4D, 0x5E, 0x5D, 0xFD, 0x2A, 0x3F, 0x3E, 0xDD,
    0x30, 0x1E, 0x1E, 0x2A, 0x00, 0x00, 0x00, 0x00, 0x00, 0x00, 0x00, 0x02, 0x00, 0x00, 0x00, 0x00, 0x00, 0x00, 0x00, 0x00, 0x00, 0x00, 0x00, 0x00,
    0x00, 0x00, 0x00, 0x00, 0x00, 0x00, 0x00, 0x00, 0x00, 0x00, 0x00, 0x00, 0x00, 0x00, 0x00, 0x00, 0x00, 0x00, 0x00, 0x00, 0x00, 0x00, 0x00, 0x00,
    0x00, 0x00, 0x00, 0x00, 0x00, 0x00, 0x00, 0x03, 0x00, 0x00, 0x00, 0x00, 0x00, 0x00, 0x00, 0x00, 0x00, 0x00, 0x00, 0x00, 0x00, 0x00, 0x00, 0x01,
    0x7F, 0x7F, 0x7F, 0x02, 0x00, 0x00, 0x00, 0x00, 0x00, 0x00, 0x00, 0x00, 0x00, 0x00, 0x00, 0x00, 0x00, 0x00, 0x00, 0x00, 0x00, 0x00, 0x00, 0x00,
    0x00, 0x00, 0x00, 0x00, 0x00, 0x00, 0x00, 0x00, 0x00, 0x00, 0x00, 0x00, 0x00, 0x00, 0x00, 0x00, 0x00, 0x00, 0x00, 0x00, 0x00, 0x00, 0x00, 0x00,
    0x00, 0x00, 0x00, 0x00, 0x00, 0x00, 0x00, 0x00, 0x00, 0x00, 0x00, 0x00, 0x00, 0x00, 0x00, 0x00, 0x00, 0x00, 0x00, 0x00, 0x00, 0x00, 0x00, 0x00,
    0x00, 0x00, 0x00, 0x00, 0x00, 0x00, 0x00, 0x00, 0x00, 0x00, 0x00, 0x00, 0x00, 0x00, 0x00, 0x01, 0xFF, 0xFF, 0xFF, 0x01, 0x19, 0x19, 0x19, 0x0A,
    0x55, 0x56, 0x55, 0xD6, 0x63, 0x64, 0x64, 0xFF, 0x61, 0x61, 0x61, 0xFF, 0x4D, 0x62, 0x62, 0xFD, 0x40, 0x70, 0x6F, 0xFB, 0x53, 0x5F, 0x5E, 0xFF,
    0x36, 0x32, 0x32, 0xEC, 0x31, 0x33, 0x31, 0x6D, 0x00, 0x00, 0x00, 0x01, 0x55, 0x55, 0x55, 0x03, 0x55, 0x55, 0x55, 0x03, 0x55, 0x55, 0x55, 0x03,
    0x00, 0x00, 0x00, 0x00, 0x00, 0x00, 0x00, 0x00, 0x00, 0x00, 0x00, 0x00, 0x00, 0x00, 0x00, 0x00, 0x00, 0x00, 0x00, 0x00, 0x00, 0x00, 0x00, 0x00,
    0x00, 0x00, 0x00, 0x00, 0x00, 0x00, 0x00, 0x00, 0x00, 0x00, 0x00, 0x01, 0x55, 0x55, 0x55, 0x03, 0x55, 0x55, 0x55, 0x03, 0x00, 0x00, 0x00, 0x00,
    0x00, 0x00, 0x00, 0x00, 0x00, 0x00, 0x00, 0x00, 0x00, 0x00, 0x00, 0x00, 0x00, 0x00, 0x00, 0x00, 0x00, 0x00, 0x00, 0x00, 0x00, 0x00, 0x00, 0x00,
    0x00, 0x00, 0x00, 0x00, 0x00, 0x00, 0x00, 0x00, 0x00, 0x00, 0x00, 0x00, 0x00, 0x00, 0x00, 0x00, 0x00, 0x00, 0x00, 0x00, 0x00, 0x00, 0x00, 0x00,
    0x00, 0x00, 0x00, 0x00, 0x00, 0x00, 0x00, 0x00, 0x00, 0x00, 0x00, 0x00, 0x00, 0x00, 0x00, 0x00, 0x00, 0x00, 0x00, 0x00, 0x00, 0x00, 0x00, 0x00,
    0x00, 0x00, 0x00, 0x00, 0x00, 0x00, 0x00, 0x00, 0x00, 0x00, 0x00, 0x00, 0x00, 0x00, 0x00, 0x00, 0x00, 0x00, 0x00, 0x01, 0xFF, 0xFF, 0xFF, 0x01,
    0xD2, 0xC3, 0xD2, 0x11, 0x90, 0x92, 0x90, 0x7D, 0x5A, 0x5B, 0x5A, 0xD4, 0x73, 0x7E, 0x7F, 0xFF, 0x95, 0x99, 0x98, 0xFF, 0x8C, 0x89, 0x88, 0xFF,
    0x4B, 0x5D, 0x5D, 0xFF, 0x3C, 0x40, 0x3F, 0xFF, 0x3B, 0x3B, 0x3D, 0x6C, 0x00, 0x00, 0x00, 0x00, 0x55, 0x55, 0x55, 0x03, 0x00, 0x00, 0x00, 0x00,
    0x00, 0x00, 0x00, 0x00, 0x00, 0x00, 0x00, 0x00, 0x00, 0x00, 0x00, 0x00, 0x00, 0x00, 0x00, 0x00, 0x00, 0x00, 0x00, 0x00, 0x00, 0x00, 0x00, 0x00,
    0x00, 0x00, 0x00, 0x00, 0x00, 0x00, 0x00, 0x00, 0x00, 0x00, 0x00, 0x00, 0x00, 0x00, 0x00, 0x00, 0x00, 0x00, 0x00, 0x00, 0x00, 0x00, 0x00, 0x00,
    0x00, 0x00, 0x00, 0x00, 0x00, 0x00, 0x00, 0x00, 0x00, 0x00, 0x00, 0x00, 0x00, 0x00, 0x00, 0x00, 0x00, 0x00, 0x00, 0x00, 0x00, 0x00, 0x00, 0x00,
    0x00, 0x00, 0x00, 0x00, 0x00, 0x00, 0x00, 0x00, 0x00, 0x00, 0x00, 0x00, 0x00, 0x00, 0x00, 0x00, 0x00, 0x00, 0x00, 0x00, 0x00, 0x00, 0x00, 0x00,
    0x00, 0x00, 0x00, 0x00, 0x00, 0x00, 0x00, 0x00, 0x00, 0x00, 0x00, 0x00, 0x00, 0x00, 0x00, 0x00, 0x00, 0x00, 0x00, 0x00, 0x00, 0x00, 0x00, 0x00,
    0x00, 0x00, 0x00, 0x00, 0x00, 0x00, 0x00, 0x00, 0x00, 0x00, 0x00, 0x00, 0x00, 0x00, 0x00, 0x00, 0x00, 0x00, 0x00, 0x00, 0x00, 0x00, 0x00, 0x01,
    0x00, 0x00, 0x00, 0x00, 0x00, 0x00, 0x00, 0x00, 0xFF, 0xFF, 0xFF, 0x05, 0xB0, 0xAA, 0xA6, 0x4E, 0xA7, 0xA8, 0xA8, 0xB1, 0x7C, 0x81, 0x81, 0xEF,
    0x6D, 0x78, 0x79, 0xFF, 0x7D, 0x7E, 0x7F, 0xFC, 0x6B, 0x69, 0x6B, 0x79, 0x00, 0x00, 0x00, 0x00, 0xAA, 0xAA, 0xAA, 0x03, 0x00, 0x00, 0x00, 0x00,
    0x00, 0x00, 0x00, 0x00, 0x00, 0x00, 0x00, 0x00, 0x00, 0x00, 0x00, 0x00, 0x00, 0x00, 0x00, 0x00, 0x00, 0x00, 0x00, 0x00, 0x00, 0x00, 0x00, 0x00,
    0x00, 0x00, 0x00, 0x00, 0x00, 0x00, 0x00, 0x00, 0x00, 0x00, 0x00, 0x00, 0x00, 0x00, 0x00, 0x00, 0x00, 0x00, 0x00, 0x00, 0x00, 0x00, 0x00, 0x00,
    0x00, 0x00, 0x00, 0x00, 0x00, 0x00, 0x00, 0x00, 0x00, 0x00, 0x00, 0x00, 0x00, 0x00, 0x00, 0x00, 0x00, 0x00, 0x00, 0x00, 0x00, 0x00, 0x00, 0x00,
    0x00, 0x00, 0x00, 0x00, 0x00, 0x00, 0x00, 0x00, 0x00, 0x00, 0x00, 0x00, 0x00, 0x00, 0x00, 0x00, 0x00, 0x00, 0x00, 0x00, 0x00, 0x00, 0x00, 0x00,
    0x00, 0x00, 0x00, 0x00, 0x00, 0x00, 0x00, 0x00, 0x00, 0x00, 0x00, 0x00, 0x00, 0x00, 0x00, 0x00, 0x00, 0x00, 0x00, 0x00, 0x00, 0x00, 0x00, 0x00,
    0x00, 0x00, 0x00, 0x00, 0x00, 0x00, 0x00, 0x00, 0x00, 0x00, 0x00, 0x00, 0x00, 0x00, 0x00, 0x00, 0x00, 0x00, 0x00, 0x00, 0x00, 0x00, 0x00, 0x00,
    0xFF, 0xFF, 0xFF, 0x01, 0xAA, 0xAA, 0xAA, 0x03, 0x00, 0x00, 0x00, 0x00, 0x00, 0x00, 0x00, 0x00, 0x00, 0x00, 0x00, 0x00, 0x43, 0x43, 0x43, 0x22,
    0x86, 0x86, 0x86, 0x48, 0x85, 0x89, 0x85, 0x3F, 0x00, 0x00, 0x00, 0x00, 0x00, 0x00, 0x00, 0x00, 0x00, 0x00, 0x00, 0x00, 0x00, 0x00, 0x00, 0x00,
    0x00, 0x00, 0x00, 0x00, 0x00, 0x00, 0x00, 0x00, 0x00, 0x00, 0x00, 0x00, 0x00, 0x00, 0x00, 0x00, 0x00, 0x00, 0x00, 0x00, 0x00, 0x00, 0x00, 0x00,
    0x00, 0x00, 0x00, 0x00, 0x00, 0x00, 0x00, 0x00, 0x00, 0x00, 0x00, 0x00, 0x00, 0x00, 0x00, 0x00, 0x00, 0x00, 0x00, 0x00, 0x00, 0x00, 0x00, 0x00,
    0x00, 0x00, 0x00, 0x00, 0x00, 0x00, 0x00, 0x00, 0x00, 0x00, 0x00, 0x00, 0x00, 0x00, 0x00, 0x00, 0x00, 0x00, 0x00, 0x00, 0x00, 0x00, 0x00, 0x00,
    0x00, 0x00, 0x00, 0x00, 0x00, 0x00, 0x00, 0x00, 0x00, 0x00, 0x00, 0x00, 0x00, 0x00, 0x00, 0x00, 0x00, 0x00, 0x00, 0x00, 0x00, 0x00, 0x00, 0x00,
    0x00, 0x00, 0x00, 0x00, 0x00, 0x00, 0x00, 0x00, 0x00, 0x00, 0x00, 0x00, 0x00, 0x00, 0x00, 0x00, 0x00, 0x00, 0x00, 0x00, 0x00, 0x00, 0x00, 0x00,
    0x00, 0x00, 0x00, 0x00, 0x00, 0x00, 0x00, 0x00, 0x00, 0x00, 0x00, 0x00, 0x00, 0x00, 0x00, 0x00, 0x00, 0x00, 0x00, 0x00, 0x00, 0x00, 0x00, 0x00,
    0x00, 0x00, 0x00, 0x00, 0x00, 0x00, 0x00, 0x00, 0x00, 0x00, 0x00, 0x00, 0x00, 0x00, 0x00, 0x00, 0x00, 0x00, 0x00, 0x00, 0x00, 0x00, 0x00, 0x00,
    0x00, 0x00, 0x00, 0x00, 0x00, 0x00, 0x00, 0x00, 0x00, 0x00, 0x00, 0x00, 0x00, 0x00, 0x00, 0x00, 0x00, 0x00, 0x00, 0x00, 0x00, 0x00, 0x00, 0x00,
    0x00, 0x00, 0x00, 0x00, 0x00, 0x00, 0x00, 0x00, 0x00, 0x00, 0x00, 0x00, 0x00, 0x00, 0x00, 0x00, 0x00, 0x00, 0x00, 0x00, 0x00, 0x00, 0x00, 0x00,
    0x00, 0x00, 0x00, 0x00, 0x00, 0x00, 0x00, 0x00, 0x00, 0x00, 0x00, 0x00, 0x00, 0x00, 0x00, 0x00, 0x00, 0x00, 0x00, 0x00, 0x00, 0x00, 0x00, 0x00,
    0x00, 0x00, 0x00, 0x00, 0x00, 0x00, 0x00, 0x00, 0x00, 0x00, 0x00, 0x00, 0x00, 0x00, 0x00, 0x00, 0x00, 0x00, 0x00, 0x00, 0x00, 0x00, 0x00, 0x00,
    0x00, 0x00, 0x00, 0x00, 0x00, 0x00, 0x00, 0x00, 0x00, 0x00, 0x00, 0x00, 0x00, 0x00, 0x00, 0x00, 0x00, 0x00, 0x00, 0x00, 0x00, 0x00, 0x00, 0x00,
    0x00, 0x00, 0x00, 0x00, 0x00, 0x00, 0x00, 0x00, 0x00, 0x00, 0x00, 0x00, 0x00, 0x00, 0x00, 0x00, 0x00, 0x00, 0x00, 0x00, 0x00, 0x00, 0x00, 0x00,
    0x00, 0x00, 0x00, 0x00, 0x00, 0x00, 0x00, 0x00, 0x00, 0x00, 0x00, 0x00, 0x00, 0x00, 0x00, 0x00, 0x00, 0x00, 0x00, 0x00, 0x00, 0x00, 0x00, 0x00,
    0x00, 0x00, 0x00, 0x00, 0x00, 0x00, 0x00, 0x00, 0x00, 0x00, 0x00, 0x00, 0x00, 0x00, 0x00, 0x00, 0x00, 0x00, 0x00, 0x00, 0x00, 0x00, 0x00, 0x00,
    0x00, 0x00, 0x00, 0x00, 0x00, 0x00, 0x00, 0x00, 0x00, 0x00, 0x00, 0x00, 0x00, 0x00, 0x00, 0x00, 0x00, 0x00, 0x00, 0x00, 0x00, 0x00, 0x00, 0x00,
    0x00, 0x00, 0x00, 0x00, 0x00, 0x00, 0x00, 0x00, 0x00, 0x00, 0x00, 0x00, 0x00, 0x00, 0x00, 0x00, 0x00, 0x00, 0x00, 0x00, 0x00, 0x00, 0x00, 0x00,
    0x00, 0x00, 0x00, 0x00, 0x00, 0x00, 0x00, 0x00, 0x00, 0x00, 0x00, 0x00, 0x00, 0x00, 0x00, 0x00, 0x00, 0x00, 0x00, 0x00, 0x00, 0x00, 0x00, 0x00,
    0x00, 0x00, 0x00, 0x00, 0x00, 0x00, 0x00, 0x00, 0x00, 0x00, 0x00, 0x00, 0x00, 0x00, 0x00, 0x00, 0x00, 0x00, 0x00, 0x00, 0x00, 0x00, 0x00, 0x00,
    0x00, 0x00, 0x00, 0x00, 0x00, 0x00, 0x00, 0x00, 0x00, 0x00, 0x00, 0x00, 0x00, 0x00, 0x00, 0x00, 0x00, 0x00, 0x00, 0x00, 0x00, 0x00, 0x00, 0x00,
    0x00, 0x00, 0x00, 0x00, 0x00, 0x00, 0x00, 0x00, 0x00, 0x00, 0x00, 0x00, 0x00, 0x00, 0x00, 0x00, 0x00, 0x00, 0x00, 0x00, 0x00, 0x00, 0x00, 0x00,
    0x00, 0x00, 0x00, 0x00, 0x00, 0x00, 0x00, 0x00, 0x00, 0x00, 0x00, 0x00, 0x00, 0x00, 0x00, 0x00, 0x00, 0x00, 0x00, 0x00, 0x00, 0x00, 0x00, 0x00,
    0x00, 0x00, 0x00, 0x00, 0x00, 0x00, 0x00, 0x00, 0x00, 0x00, 0x00, 0x00, 0x00, 0x00, 0x00, 0x00, 0x00, 0x00, 0x00, 0x00, 0x00, 0x00, 0x00, 0x00,
    0x00, 0x00, 0x00, 0x00, 0x00, 0x00, 0x00, 0x00, 0x00, 0x00, 0x00, 0x00, 0x00, 0x00, 0x00, 0x00, 0x00, 0x00, 0x00, 0x00, 0x00, 0x00, 0x00, 0x00,
    0x00, 0x00, 0x00, 0x00, 0x00, 0x00, 0x00, 0x00, 0x00, 0x00, 0x00, 0x00, 0x00, 0x00, 0x00, 0x00, 0x00, 0x00, 0x00, 0x00, 0x00, 0x00, 0x00, 0x00,
    0x00, 0x00, 0x00, 0x00, 0x00, 0x00, 0x00, 0x00, 0x00, 0x00, 0x00, 0x00, 0x00, 0x00, 0x00, 0x00, 0x00, 0x00, 0x00, 0x00, 0x00, 0x00, 0x00, 0x00,
    0x00, 0x00, 0x00, 0x00, 0x00, 0x00, 0x00, 0x00, 0x00, 0x00, 0x00, 0x00, 0x00, 0x00, 0x00, 0x00, 0x00, 0x00, 0x00, 0x00, 0x00, 0x00, 0x00, 0x00,
    0x00, 0x00, 0x00, 0x00, 0x00, 0x00, 0x00, 0x00, 0x00, 0x00, 0x00, 0x00, 0x00, 0x00, 0x00, 0x00, 0x00, 0x00, 0x00, 0x00, 0x00, 0x00, 0x00, 0x00,
};
}
